Timestamp,Time_Offset_s,Direction,CAN_ID,DLC,Data_Hex,Data_ASCII,Extended,Remote,Error
2026-01-21T17:30:54.202775,352.201105,RX,0x123,8,E6 E7 E8 E9 00 04 9C E6,........,False,False,False
2026-01-21T17:30:54.203525,352.201856,RX,0x123,8,E7 E8 E9 EA 00 04 9C E7,........,False,False,False
2026-01-21T17:30:54.205314,352.203645,RX,0x123,8,E8 E9 EA EB 00 04 9C E8,........,False,False,False
2026-01-21T17:30:54.207905,352.206236,RX,0x123,8,E9 EA EB EC 00 04 9C E9,........,False,False,False
2026-01-21T17:30:54.209421,352.207751,RX,0x123,8,EA EB EC ED 00 04 9C EA,........,False,False,False
2026-01-21T17:30:54.210433,352.208763,RX,0x123,8,EB EC ED EE 00 04 9C EB,........,False,False,False
2026-01-21T17:30:54.212696,352.211027,RX,0x123,8,EC ED EE EF 00 04 9C EC,........,False,False,False
2026-01-21T17:30:54.214297,352.212628,RX,0x123,8,ED EE EF F0 00 04 9C ED,........,False,False,False
2026-01-21T17:30:54.216243,352.214574,RX,0x123,8,EE EF F0 F1 00 04 9C EE,........,False,False,False
2026-01-21T17:30:54.218283,352.216614,RX,0x123,8,EF F0 F1 F2 00 04 9C EF,........,False,False,False
2026-01-21T17:30:54.220004,352.218334,RX,0x123,8,F0 F1 F2 F3 00 04 9C F0,........,False,False,False
2026-01-21T17:30:54.221333,352.219663,RX,0x123,8,F1 F2 F3 F4 00 04 9C F1,........,False,False,False
2026-01-21T17:30:54.222338,352.220669,RX,0x123,8,F2 F3 F4 F5 00 04 9C F2,........,False,False,False
2026-01-21T17:30:54.224485,352.222816,RX,0x123,8,F3 F4 F5 F6 00 04 9C F3,........,False,False,False
2026-01-21T17:30:54.225916,352.224247,RX,0x123,8,F4 F5 F6 F7 00 04 9C F4,........,False,False,False
2026-01-21T17:30:54.227280,352.225610,RX,0x123,8,F5 F6 F7 F8 00 04 9C F5,........,False,False,False
2026-01-21T17:30:54.229003,352.227334,RX,0x123,8,F6 F7 F8 F9 00 04 9C F6,........,False,False,False
2026-01-21T17:30:54.230371,352.228702,RX,0x123,8,F7 F8 F9 FA 00 04 9C F7,........,False,False,False
2026-01-21T17:30:54.231383,352.229713,RX,0x123,8,F8 F9 FA FB 00 04 9C F8,........,False,False,False
2026-01-21T17:30:54.233137,352.231468,RX,0x123,8,F9 FA FB FC 00 04 9C F9,........,False,False,False
2026-01-21T17:30:54.235387,352.233717,RX,0x123,8,FA FB FC FD 00 04 9C FA,........,False,False,False
2026-01-21T17:30:54.236754,352.235085,RX,0x123,8,FB FC FD FE 00 04 9C FB,........,False,False,False
2026-01-21T17:30:54.238107,352.236438,RX,0x123,8,FC FD FE FF 00 04 9C FC,........,False,False,False
2026-01-21T17:30:54.240132,352.238031,RX,0x123,8,FD FE FF 00 00 04 9C FD,........,False,False,False
2026-01-21T17:30:54.241838,352.240168,RX,0x123,8,FE FF 00 01 00 04 9C FE,........,False,False,False
2026-01-21T17:30:54.243419,352.241750,RX,0x123,8,FF 00 01 02 00 04 9C FF,........,False,False,False
2026-01-21T17:30:54.244773,352.243104,RX,0x123,8,00 01 02 03 00 04 9D 00,........,False,False,False
2026-01-21T17:30:54.246191,352.244522,RX,0x123,8,01 02 03 04 00 04 9D 01,........,False,False,False
2026-01-21T17:30:54.247848,352.246178,RX,0x123,8,02 03 04 05 00 04 9D 02,........,False,False,False
2026-01-21T17:30:54.249741,352.248071,RX,0x123,8,03 04 05 06 00 04 9D 03,........,False,False,False
2026-01-21T17:30:54.251891,352.250222,RX,0x123,8,04 05 06 07 00 04 9D 04,........,False,False,False
2026-01-21T17:30:54.253830,352.252161,RX,0x123,8,05 06 07 08 00 04 9D 05,........,False,False,False
2026-01-21T17:30:54.255210,352.253541,RX,0x123,8,06 07 08 09 00 04 9D 06,........,False,False,False
2026-01-21T17:30:54.256715,352.255046,RX,0x123,8,07 08 09 0A 00 04 9D 07,........,False,False,False
2026-01-21T17:30:54.258392,352.256722,RX,0x123,8,08 09 0A 0B 00 04 9D 08,........,False,False,False
2026-01-21T17:30:54.260372,352.258703,RX,0x123,8,09 0A 0B 0C 00 04 9D 09,........,False,False,False
2026-01-21T17:30:54.261918,352.260248,RX,0x123,8,0A 0B 0C 0D 00 04 9D 0A,........,False,False,False
2026-01-21T17:30:54.262925,352.261255,RX,0x123,8,0B 0C 0D 0E 00 04 9D 0B,........,False,False,False
2026-01-21T17:30:54.264936,352.263267,RX,0x123,8,0C 0D 0E 0F 00 04 9D 0C,........,False,False,False
2026-01-21T17:30:54.266378,352.264709,RX,0x123,8,0D 0E 0F 10 00 04 9D 0D,........,False,False,False
2026-01-21T17:30:54.267961,352.266292,RX,0x123,8,0E 0F 10 11 00 04 9D 0E,........,False,False,False
2026-01-21T17:30:54.269459,352.267789,RX,0x123,8,0F 10 11 12 00 04 9D 0F,........,False,False,False
2026-01-21T17:30:54.270977,352.269307,RX,0x123,8,10 11 12 13 00 04 9D 10,........,False,False,False
2026-01-21T17:30:54.272463,352.270793,RX,0x123,8,11 12 13 14 00 04 9D 11,........,False,False,False
2026-01-21T17:30:54.273783,352.272113,RX,0x123,8,12 13 14 15 00 04 9D 12,........,False,False,False
2026-01-21T17:30:54.275235,352.273566,RX,0x123,8,13 14 15 16 00 04 9D 13,........,False,False,False
2026-01-21T17:30:54.276556,352.274886,RX,0x123,8,14 15 16 17 00 04 9D 14,........,False,False,False
2026-01-21T17:30:54.278151,352.276482,RX,0x123,8,15 16 17 18 00 04 9D 15,........,False,False,False
2026-01-21T17:30:54.280091,352.278422,RX,0x123,8,16 17 18 19 00 04 9D 16,........,False,False,False
2026-01-21T17:30:54.282072,352.280402,RX,0x123,8,17 18 19 1A 00 04 9D 17,........,False,False,False
2026-01-21T17:30:54.283527,352.281858,RX,0x123,8,18 19 1A 1B 00 04 9D 18,........,False,False,False
2026-01-21T17:30:54.284534,352.282864,RX,0x123,8,19 1A 1B 1C 00 04 9D 19,........,False,False,False
2026-01-21T17:30:54.286348,352.284678,RX,0x123,8,1A 1B 1C 1D 00 04 9D 1A,........,False,False,False
2026-01-21T17:30:54.288876,352.287206,RX,0x123,8,1B 1C 1D 1E 00 04 9D 1B,........,False,False,False
2026-01-21T17:30:54.290455,352.288785,RX,0x123,8,1C 1D 1E 1F 00 04 9D 1C,........,False,False,False
2026-01-21T17:30:54.292424,352.290754,RX,0x123,8,1D 1E 1F 20 00 04 9D 1D,... ....,False,False,False
2026-01-21T17:30:54.294754,352.293084,RX,0x123,8,1E 1F 20 21 00 04 9D 1E,.. !....,False,False,False
2026-01-21T17:30:54.296608,352.294939,RX,0x123,8,1F 20 21 22 00 04 9D 1F,". !""....",False,False,False
2026-01-21T17:30:54.298744,352.297075,RX,0x123,8,20 21 22 23 00 04 9D 20," !""#... ",False,False,False
2026-01-21T17:30:54.300069,352.298399,RX,0x123,8,21 22 23 24 00 04 9D 21,"!""#$...!",False,False,False
2026-01-21T17:30:54.301078,352.299409,RX,0x123,8,22 23 24 25 00 04 9D 22,"""#$%...""",False,False,False
2026-01-21T17:30:54.303917,352.301915,RX,0x123,8,23 24 25 26 00 04 9D 23,#$%&...#,False,False,False
2026-01-21T17:30:54.305272,352.303603,RX,0x123,8,24 25 26 27 00 04 9D 24,$%&'...$,False,False,False
2026-01-21T17:30:54.306278,352.304609,RX,0x123,8,25 26 27 28 00 04 9D 25,%&'(...%,False,False,False
2026-01-21T17:30:54.308917,352.307247,RX,0x123,8,26 27 28 29 00 04 9D 26,&'()...&,False,False,False
2026-01-21T17:30:54.310720,352.309051,RX,0x123,8,27 28 29 2A 00 04 9D 27,'()*...',False,False,False
2026-01-21T17:30:54.312064,352.310395,RX,0x123,8,28 29 2A 2B 00 04 9D 28,()*+...(,False,False,False
2026-01-21T17:30:54.313785,352.312116,RX,0x123,8,29 2A 2B 2C 00 04 9D 29,")*+,...)",False,False,False
2026-01-21T17:30:54.315572,352.313902,RX,0x123,8,2A 2B 2C 2D 00 04 9D 2A,"*+,-...*",False,False,False
2026-01-21T17:30:54.317009,352.315339,RX,0x123,8,2B 2C 2D 2E 00 04 9D 2B,"+,-....+",False,False,False
2026-01-21T17:30:54.318446,352.316777,RX,0x123,8,2C 2D 2E 2F 00 04 9D 2C,",-./...,",False,False,False
2026-01-21T17:30:54.319910,352.318240,RX,0x123,8,2D 2E 2F 30 00 04 9D 2D,-./0...-,False,False,False
2026-01-21T17:30:54.321365,352.319696,RX,0x123,8,2E 2F 30 31 00 04 9D 2E,./01....,False,False,False
2026-01-21T17:30:54.322861,352.321191,RX,0x123,8,2F 30 31 32 00 04 9D 2F,/012.../,False,False,False
2026-01-21T17:30:54.324340,352.322671,RX,0x123,8,30 31 32 33 00 04 9D 30,0123...0,False,False,False
2026-01-21T17:30:54.325929,352.324260,RX,0x123,8,31 32 33 34 00 04 9D 31,1234...1,False,False,False
2026-01-21T17:30:54.327890,352.326220,RX,0x123,8,32 33 34 35 00 04 9D 32,2345...2,False,False,False
2026-01-21T17:30:54.330416,352.328747,RX,0x123,8,33 34 35 36 00 04 9D 33,3456...3,False,False,False
2026-01-21T17:30:54.332150,352.330480,RX,0x123,8,34 35 36 37 00 04 9D 34,4567...4,False,False,False
2026-01-21T17:30:54.334425,352.332756,RX,0x123,8,35 36 37 38 00 04 9D 35,5678...5,False,False,False
2026-01-21T17:30:54.336830,352.334730,RX,0x123,8,36 37 38 39 00 04 9D 36,6789...6,False,False,False
2026-01-21T17:30:54.338566,352.336896,RX,0x123,8,37 38 39 3A 00 04 9D 37,789:...7,False,False,False
2026-01-21T17:30:54.340135,352.338466,RX,0x123,8,38 39 3A 3B 00 04 9D 38,89:;...8,False,False,False
2026-01-21T17:30:54.342125,352.340456,RX,0x123,8,39 3A 3B 3C 00 04 9D 39,9:;<...9,False,False,False
2026-01-21T17:30:54.343845,352.342176,RX,0x123,8,3A 3B 3C 3D 00 04 9D 3A,:;<=...:,False,False,False
2026-01-21T17:30:54.345676,352.344007,RX,0x123,8,3B 3C 3D 3E 00 04 9D 3B,;<=>...;,False,False,False
2026-01-21T17:30:54.348237,352.346567,RX,0x123,8,3C 3D 3E 3F 00 04 9D 3C,<=>?...<,False,False,False
2026-01-21T17:30:54.349882,352.348212,RX,0x123,8,3D 3E 3F 40 00 04 9D 3D,=>?@...=,False,False,False
2026-01-21T17:30:54.352152,352.350483,RX,0x123,8,3E 3F 40 41 00 04 9D 3E,>?@A...>,False,False,False
2026-01-21T17:30:54.354149,352.352479,RX,0x123,8,3F 40 41 42 00 04 9D 3F,?@AB...?,False,False,False
2026-01-21T17:30:54.355752,352.354083,RX,0x123,8,40 41 42 43 00 04 9D 40,@ABC...@,False,False,False
2026-01-21T17:30:54.357951,352.356282,RX,0x123,8,41 42 43 44 00 04 9D 41,ABCD...A,False,False,False
2026-01-21T17:30:54.360230,352.358561,RX,0x123,8,42 43 44 45 00 04 9D 42,BCDE...B,False,False,False
2026-01-21T17:30:54.361786,352.360117,RX,0x123,8,43 44 45 46 00 04 9D 43,CDEF...C,False,False,False
2026-01-21T17:30:54.363783,352.362113,RX,0x123,8,44 45 46 47 00 04 9D 44,DEFG...D,False,False,False
2026-01-21T17:30:54.366267,352.364598,RX,0x123,8,45 46 47 48 00 04 9D 45,EFGH...E,False,False,False
2026-01-21T17:30:54.368411,352.366742,RX,0x123,8,46 47 48 49 00 04 9D 46,FGHI...F,False,False,False
2026-01-21T17:30:54.370274,352.368605,RX,0x123,8,47 48 49 4A 00 04 9D 47,GHIJ...G,False,False,False
2026-01-21T17:30:54.372043,352.370374,RX,0x123,8,48 49 4A 4B 00 04 9D 48,HIJK...H,False,False,False
2026-01-21T17:30:54.373827,352.372157,RX,0x123,8,49 4A 4B 4C 00 04 9D 49,IJKL...I,False,False,False
2026-01-21T17:30:54.378511,352.376842,RX,0x123,8,4A 4B 4C 4D 00 04 9D 4A,JKLM...J,False,False,False
2026-01-21T17:30:54.378511,352.376842,RX,0x123,8,4B 4C 4D 4E 00 04 9D 4B,KLMN...K,False,False,False
2026-01-21T17:30:54.380295,352.378626,RX,0x123,8,4C 4D 4E 4F 00 04 9D 4C,LMNO...L,False,False,False
2026-01-21T17:30:54.382134,352.380465,RX,0x123,8,4D 4E 4F 50 00 04 9D 4D,MNOP...M,False,False,False
2026-01-21T17:30:54.383709,352.382040,RX,0x123,8,4E 4F 50 51 00 04 9D 4E,NOPQ...N,False,False,False
2026-01-21T17:30:54.385192,352.383523,RX,0x123,8,4F 50 51 52 00 04 9D 4F,OPQR...O,False,False,False
2026-01-21T17:30:54.387008,352.385338,RX,0x123,8,50 51 52 53 00 04 9D 50,PQRS...P,False,False,False
2026-01-21T17:30:54.388020,352.386350,RX,0x123,8,51 52 53 54 00 04 9D 51,QRST...Q,False,False,False
2026-01-21T17:30:54.390385,352.388716,RX,0x123,8,52 53 54 55 00 04 9D 52,RSTU...R,False,False,False
2026-01-21T17:30:54.391881,352.390212,RX,0x123,8,53 54 55 56 00 04 9D 53,STUV...S,False,False,False
2026-01-21T17:30:54.393714,352.392044,RX,0x123,8,54 55 56 57 00 04 9D 54,TUVW...T,False,False,False
2026-01-21T17:30:54.395234,352.393564,RX,0x123,8,55 56 57 58 00 04 9D 55,UVWX...U,False,False,False
2026-01-21T17:30:54.396877,352.395207,RX,0x123,8,56 57 58 59 00 04 9D 56,VWXY...V,False,False,False
2026-01-21T17:30:54.398828,352.397159,RX,0x123,8,57 58 59 5A 00 04 9D 57,WXYZ...W,False,False,False
2026-01-21T17:30:54.400583,352.398914,RX,0x123,8,58 59 5A 5B 00 04 9D 58,XYZ[...X,False,False,False
2026-01-21T17:30:54.402114,352.400445,RX,0x123,8,59 5A 5B 5C 00 04 9D 59,YZ[\...Y,False,False,False
2026-01-21T17:30:54.404058,352.402389,RX,0x123,8,5A 5B 5C 5D 00 04 9D 5A,Z[\]...Z,False,False,False
2026-01-21T17:30:54.405726,352.404057,RX,0x123,8,5B 5C 5D 5E 00 04 9D 5B,[\]^...[,False,False,False
2026-01-21T17:30:54.407768,352.406098,RX,0x123,8,5C 5D 5E 5F 00 04 9D 5C,\]^_...\,False,False,False
2026-01-21T17:30:54.409253,352.407584,RX,0x123,8,5D 5E 5F 60 00 04 9D 5D,]^_`...],False,False,False
2026-01-21T17:30:54.410702,352.409033,RX,0x123,8,5E 5F 60 61 00 04 9D 5E,^_`a...^,False,False,False
2026-01-21T17:30:54.412194,352.410524,RX,0x123,8,5F 60 61 62 00 04 9D 5F,_`ab..._,False,False,False
2026-01-21T17:30:54.413714,352.412044,RX,0x123,8,60 61 62 63 00 04 9D 60,`abc...`,False,False,False
2026-01-21T17:30:54.415229,352.413560,RX,0x123,8,61 62 63 64 00 04 9D 61,abcd...a,False,False,False
2026-01-21T17:30:54.416707,352.415037,RX,0x123,8,62 63 64 65 00 04 9D 62,bcde...b,False,False,False
2026-01-21T17:30:54.418144,352.416474,RX,0x123,8,63 64 65 66 00 04 9D 63,cdef...c,False,False,False
2026-01-21T17:30:54.419461,352.417792,RX,0x123,8,64 65 66 67 00 04 9D 64,defg...d,False,False,False
2026-01-21T17:30:54.421003,352.419334,RX,0x123,8,65 66 67 68 00 04 9D 65,efgh...e,False,False,False
2026-01-21T17:30:54.422480,352.420810,RX,0x123,8,66 67 68 69 00 04 9D 66,fghi...f,False,False,False
2026-01-21T17:30:54.424004,352.422334,RX,0x123,8,67 68 69 6A 00 04 9D 67,ghij...g,False,False,False
2026-01-21T17:30:54.425392,352.423723,RX,0x123,8,68 69 6A 6B 00 04 9D 68,hijk...h,False,False,False
2026-01-21T17:30:54.426925,352.425255,RX,0x123,8,69 6A 6B 6C 00 04 9D 69,ijkl...i,False,False,False
2026-01-21T17:30:54.428382,352.426712,RX,0x123,8,6A 6B 6C 6D 00 04 9D 6A,jklm...j,False,False,False
2026-01-21T17:30:54.430132,352.428463,RX,0x123,8,6B 6C 6D 6E 00 04 9D 6B,klmn...k,False,False,False
2026-01-21T17:30:54.431934,352.430265,RX,0x123,8,6C 6D 6E 6F 00 04 9D 6C,lmno...l,False,False,False
2026-01-21T17:30:54.433861,352.432192,RX,0x123,8,6D 6E 6F 70 00 04 9D 6D,mnop...m,False,False,False
2026-01-21T17:30:54.435348,352.433678,RX,0x123,8,6E 6F 70 71 00 04 9D 6E,nopq...n,False,False,False
2026-01-21T17:30:54.437028,352.435358,RX,0x123,8,6F 70 71 72 00 04 9D 6F,opqr...o,False,False,False
2026-01-21T17:30:54.438960,352.437291,RX,0x123,8,70 71 72 73 00 04 9D 70,pqrs...p,False,False,False
2026-01-21T17:30:54.440459,352.438789,RX,0x123,8,71 72 73 74 00 04 9D 71,qrst...q,False,False,False
2026-01-21T17:30:54.441799,352.440130,RX,0x123,8,72 73 74 75 00 04 9D 72,rstu...r,False,False,False
2026-01-21T17:30:54.443131,352.441462,RX,0x123,8,73 74 75 76 00 04 9D 73,stuv...s,False,False,False
2026-01-21T17:30:54.444458,352.442789,RX,0x123,8,74 75 76 77 00 04 9D 74,tuvw...t,False,False,False
2026-01-21T17:30:54.445790,352.444120,RX,0x123,8,75 76 77 78 00 04 9D 75,uvwx...u,False,False,False
2026-01-21T17:30:54.447308,352.445639,RX,0x123,8,76 77 78 79 00 04 9D 76,vwxy...v,False,False,False
2026-01-21T17:30:54.449359,352.447690,RX,0x123,8,77 78 79 7A 00 04 9D 77,wxyz...w,False,False,False
2026-01-21T17:30:54.450871,352.449202,RX,0x123,8,78 79 7A 7B 00 04 9D 78,xyz{...x,False,False,False
2026-01-21T17:30:54.453542,352.451455,RX,0x123,8,79 7A 7B 7C 00 04 9D 79,yz{|...y,False,False,False
2026-01-21T17:30:54.455056,352.453387,RX,0x123,8,7A 7B 7C 7D 00 04 9D 7A,z{|}...z,False,False,False
2026-01-21T17:30:54.456647,352.454977,RX,0x123,8,7B 7C 7D 7E 00 04 9D 7B,{|}~...{,False,False,False
2026-01-21T17:30:54.458615,352.456946,RX,0x123,8,7C 7D 7E 7F 00 04 9D 7C,|}~....|,False,False,False
2026-01-21T17:30:54.460133,352.458463,RX,0x123,8,7D 7E 7F 80 00 04 9D 7D,}~.....},False,False,False
2026-01-21T17:30:54.461705,352.460035,RX,0x123,8,7E 7F 80 81 00 04 9D 7E,~......~,False,False,False
2026-01-21T17:30:54.463765,352.462095,RX,0x123,8,7F 80 81 82 00 04 9D 7F,........,False,False,False
2026-01-21T17:30:54.465100,352.463430,RX,0x123,8,80 81 82 83 00 04 9D 80,........,False,False,False
2026-01-21T17:30:54.466587,352.464917,RX,0x123,8,81 82 83 84 00 04 9D 81,........,False,False,False
2026-01-21T17:30:54.467922,352.466252,RX,0x123,8,82 83 84 85 00 04 9D 82,........,False,False,False
2026-01-21T17:30:54.469277,352.467607,RX,0x123,8,83 84 85 86 00 04 9D 83,........,False,False,False
2026-01-21T17:30:54.471060,352.469391,RX,0x123,8,84 85 86 87 00 04 9D 84,........,False,False,False
2026-01-21T17:30:54.472902,352.471233,RX,0x123,8,85 86 87 88 00 04 9D 85,........,False,False,False
2026-01-21T17:30:54.474796,352.473127,RX,0x123,8,86 87 88 89 00 04 9D 86,........,False,False,False
2026-01-21T17:30:54.476299,352.474630,RX,0x123,8,87 88 89 8A 00 04 9D 87,........,False,False,False
2026-01-21T17:30:54.477883,352.476214,RX,0x123,8,88 89 8A 8B 00 04 9D 88,........,False,False,False
2026-01-21T17:30:54.480034,352.478365,RX,0x123,8,89 8A 8B 8C 00 04 9D 89,........,False,False,False
2026-01-21T17:30:54.481585,352.479915,RX,0x123,8,8A 8B 8C 8D 00 04 9D 8A,........,False,False,False
2026-01-21T17:30:54.483132,352.481462,RX,0x123,8,8B 8C 8D 8E 00 04 9D 8B,........,False,False,False
2026-01-21T17:30:54.485071,352.483402,RX,0x123,8,8C 8D 8E 8F 00 04 9D 8C,........,False,False,False
2026-01-21T17:30:54.486512,352.484843,RX,0x123,8,8D 8E 8F 90 00 04 9D 8D,........,False,False,False
2026-01-21T17:30:54.488073,352.486403,RX,0x123,8,8E 8F 90 91 00 04 9D 8E,........,False,False,False
2026-01-21T17:30:54.490058,352.488389,RX,0x123,8,8F 90 91 92 00 04 9D 8F,........,False,False,False
2026-01-21T17:30:54.492359,352.490689,RX,0x123,8,90 91 92 93 00 04 9D 90,........,False,False,False
2026-01-21T17:30:54.494349,352.492679,RX,0x123,8,91 92 93 94 00 04 9D 91,........,False,False,False
2026-01-21T17:30:54.496319,352.494650,RX,0x123,8,92 93 94 95 00 04 9D 92,........,False,False,False
2026-01-21T17:30:54.497935,352.496266,RX,0x123,8,93 94 95 96 00 04 9D 93,........,False,False,False
2026-01-21T17:30:54.499578,352.497909,RX,0x123,8,94 95 96 97 00 04 9D 94,........,False,False,False
2026-01-21T17:30:54.501137,352.499468,RX,0x123,8,95 96 97 98 00 04 9D 95,........,False,False,False
2026-01-21T17:30:54.502565,352.500896,RX,0x123,8,96 97 98 99 00 04 9D 96,........,False,False,False
2026-01-21T17:30:54.503927,352.502257,RX,0x123,8,97 98 99 9A 00 04 9D 97,........,False,False,False
2026-01-21T17:30:54.505246,352.503577,RX,0x123,8,98 99 9A 9B 00 04 9D 98,........,False,False,False
2026-01-21T17:30:54.506850,352.505181,RX,0x123,8,99 9A 9B 9C 00 04 9D 99,........,False,False,False
2026-01-21T17:30:54.508187,352.506517,RX,0x123,8,9A 9B 9C 9D 00 04 9D 9A,........,False,False,False
2026-01-21T17:30:54.509719,352.508049,RX,0x123,8,9B 9C 9D 9E 00 04 9D 9B,........,False,False,False
2026-01-21T17:30:54.511642,352.509055,RX,0x123,8,9C 9D 9E 9F 00 04 9D 9C,........,False,False,False
2026-01-21T17:30:54.513434,352.511765,RX,0x123,8,9D 9E 9F A0 00 04 9D 9D,........,False,False,False
2026-01-21T17:30:54.515193,352.513524,RX,0x123,8,9E 9F A0 A1 00 04 9D 9E,........,False,False,False
2026-01-21T17:30:54.517613,352.515944,RX,0x123,8,9F A0 A1 A2 00 04 9D 9F,........,False,False,False
2026-01-21T17:30:54.519561,352.517892,RX,0x123,8,A0 A1 A2 A3 00 04 9D A0,........,False,False,False
2026-01-21T17:30:54.521095,352.519426,RX,0x123,8,A1 A2 A3 A4 00 04 9D A1,........,False,False,False
2026-01-21T17:30:54.522570,352.520901,RX,0x123,8,A2 A3 A4 A5 00 04 9D A2,........,False,False,False
2026-01-21T17:30:54.524084,352.522415,RX,0x123,8,A3 A4 A5 A6 00 04 9D A3,........,False,False,False
2026-01-21T17:30:54.525993,352.524323,RX,0x123,8,A4 A5 A6 A7 00 04 9D A4,........,False,False,False
2026-01-21T17:30:54.527462,352.525793,RX,0x123,8,A5 A6 A7 A8 00 04 9D A5,........,False,False,False
2026-01-21T17:30:54.529221,352.527552,RX,0x123,8,A6 A7 A8 A9 00 04 9D A6,........,False,False,False
2026-01-21T17:30:54.531378,352.529709,RX,0x123,8,A7 A8 A9 AA 00 04 9D A7,........,False,False,False
2026-01-21T17:30:54.533139,352.531469,RX,0x123,8,A8 A9 AA AB 00 04 9D A8,........,False,False,False
2026-01-21T17:30:54.534935,352.533266,RX,0x123,8,A9 AA AB AC 00 04 9D A9,........,False,False,False
2026-01-21T17:30:54.537642,352.535973,RX,0x123,8,AA AB AC AD 00 04 9D AA,........,False,False,False
2026-01-21T17:30:54.539261,352.537591,RX,0x123,8,AB AC AD AE 00 04 9D AB,........,False,False,False
2026-01-21T17:30:54.541652,352.539983,RX,0x123,8,AC AD AE AF 00 04 9D AC,........,False,False,False
2026-01-21T17:30:54.543620,352.541951,RX,0x123,8,AD AE AF B0 00 04 9D AD,........,False,False,False
2026-01-21T17:30:54.546158,352.544489,RX,0x123,8,AE AF B0 B1 00 04 9D AE,........,False,False,False
2026-01-21T17:30:54.548555,352.546886,RX,0x123,8,AF B0 B1 B2 00 04 9D AF,........,False,False,False
2026-01-21T17:30:54.550805,352.548340,RX,0x123,8,B0 B1 B2 B3 00 04 9D B0,........,False,False,False
2026-01-21T17:30:54.552663,352.550994,RX,0x123,8,B1 B2 B3 B4 00 04 9D B1,........,False,False,False
2026-01-21T17:30:54.554899,352.553230,RX,0x123,8,B2 B3 B4 B5 00 04 9D B2,........,False,False,False
2026-01-21T17:30:54.556643,352.554973,RX,0x123,8,B3 B4 B5 B6 00 04 9D B3,........,False,False,False
2026-01-21T17:30:54.558593,352.556923,RX,0x123,8,B4 B5 B6 B7 00 04 9D B4,........,False,False,False
2026-01-21T17:30:54.560859,352.559190,RX,0x123,8,B5 B6 B7 B8 00 04 9D B5,........,False,False,False
2026-01-21T17:30:54.561938,352.560268,RX,0x123,8,B6 B7 B8 B9 00 04 9D B6,........,False,False,False
2026-01-21T17:30:54.564823,352.563154,RX,0x123,8,B7 B8 B9 BA 00 04 9D B7,........,False,False,False
2026-01-21T17:30:54.566615,352.564946,RX,0x123,8,B8 B9 BA BB 00 04 9D B8,........,False,False,False
2026-01-21T17:30:54.568899,352.567230,RX,0x123,8,B9 BA BB BC 00 04 9D B9,........,False,False,False
2026-01-21T17:30:54.570656,352.568986,RX,0x123,8,BA BB BC BD 00 04 9D BA,........,False,False,False
2026-01-21T17:30:54.571615,352.569945,RX,0x123,8,BB BC BD BE 00 04 9D BB,........,False,False,False
2026-01-21T17:30:54.573877,352.572207,RX,0x123,8,BC BD BE BF 00 04 9D BC,........,False,False,False
2026-01-21T17:30:54.575286,352.573617,RX,0x123,8,BD BE BF C0 00 04 9D BD,........,False,False,False
2026-01-21T17:30:54.576677,352.575007,RX,0x123,8,BE BF C0 C1 00 04 9D BE,........,False,False,False
2026-01-21T17:30:54.578188,352.576519,RX,0x123,8,BF C0 C1 C2 00 04 9D BF,........,False,False,False
2026-01-21T17:30:54.579893,352.578223,RX,0x123,8,C0 C1 C2 C3 00 04 9D C0,........,False,False,False
2026-01-21T17:30:54.581741,352.580071,RX,0x123,8,C1 C2 C3 C4 00 04 9D C1,........,False,False,False
2026-01-21T17:30:54.583114,352.581445,RX,0x123,8,C2 C3 C4 C5 00 04 9D C2,........,False,False,False
2026-01-21T17:30:54.584671,352.583002,RX,0x123,8,C3 C4 C5 C6 00 04 9D C3,........,False,False,False
2026-01-21T17:30:54.586555,352.584885,RX,0x123,8,C4 C5 C6 C7 00 04 9D C4,........,False,False,False
2026-01-21T17:30:54.588074,352.586404,RX,0x123,8,C5 C6 C7 C8 00 04 9D C5,........,False,False,False
2026-01-21T17:30:54.589571,352.587902,RX,0x123,8,C6 C7 C8 C9 00 04 9D C6,........,False,False,False
2026-01-21T17:30:54.591230,352.589560,RX,0x123,8,C7 C8 C9 CA 00 04 9D C7,........,False,False,False
2026-01-21T17:30:54.592689,352.591020,RX,0x123,8,C8 C9 CA CB 00 04 9D C8,........,False,False,False
2026-01-21T17:30:54.594034,352.592364,RX,0x123,8,C9 CA CB CC 00 04 9D C9,........,False,False,False
2026-01-21T17:30:54.595045,352.593375,RX,0x123,8,CA CB CC CD 00 04 9D CA,........,False,False,False
2026-01-21T17:30:54.596769,352.595100,RX,0x123,8,CB CC CD CE 00 04 9D CB,........,False,False,False
2026-01-21T17:30:54.598866,352.597197,RX,0x123,8,CC CD CE CF 00 04 9D CC,........,False,False,False
2026-01-21T17:30:54.599878,352.598208,RX,0x123,8,CD CE CF D0 00 04 9D CD,........,False,False,False
2026-01-21T17:30:54.601602,352.599933,RX,0x123,8,CE CF D0 D1 00 04 9D CE,........,False,False,False
2026-01-21T17:30:54.604007,352.602337,RX,0x123,8,CF D0 D1 D2 00 04 9D CF,........,False,False,False
2026-01-21T17:30:54.605925,352.604255,RX,0x123,8,D0 D1 D2 D3 00 04 9D D0,........,False,False,False
2026-01-21T17:30:54.607970,352.606301,RX,0x123,8,D1 D2 D3 D4 00 04 9D D1,........,False,False,False
2026-01-21T17:30:54.609433,352.607764,RX,0x123,8,D2 D3 D4 D5 00 04 9D D2,........,False,False,False
2026-01-21T17:30:54.611079,352.609410,RX,0x123,8,D3 D4 D5 D6 00 04 9D D3,........,False,False,False
2026-01-21T17:30:54.613240,352.611570,RX,0x123,8,D4 D5 D6 D7 00 04 9D D4,........,False,False,False
2026-01-21T17:30:54.614827,352.613157,RX,0x123,8,D5 D6 D7 D8 00 04 9D D5,........,False,False,False
2026-01-21T17:30:54.616260,352.614591,RX,0x123,8,D6 D7 D8 D9 00 04 9D D6,........,False,False,False
2026-01-21T17:30:54.617744,352.616074,RX,0x123,8,D7 D8 D9 DA 00 04 9D D7,........,False,False,False
2026-01-21T17:30:54.619197,352.617527,RX,0x123,8,D8 D9 DA DB 00 04 9D D8,........,False,False,False
2026-01-21T17:30:54.620811,352.619142,RX,0x123,8,D9 DA DB DC 00 04 9D D9,........,False,False,False
2026-01-21T17:30:54.622577,352.620907,RX,0x123,8,DA DB DC DD 00 04 9D DA,........,False,False,False
2026-01-21T17:30:54.624367,352.622697,RX,0x123,8,DB DC DD DE 00 04 9D DB,........,False,False,False
2026-01-21T17:30:54.626500,352.624831,RX,0x123,8,DC DD DE DF 00 04 9D DC,........,False,False,False
2026-01-21T17:30:54.628487,352.626818,RX,0x123,8,DD DE DF E0 00 04 9D DD,........,False,False,False
2026-01-21T17:30:54.630223,352.628554,RX,0x123,8,DE DF E0 E1 00 04 9D DE,........,False,False,False
2026-01-21T17:30:54.631663,352.629994,RX,0x123,8,DF E0 E1 E2 00 04 9D DF,........,False,False,False
2026-01-21T17:30:54.633141,352.631471,RX,0x123,8,E0 E1 E2 E3 00 04 9D E0,........,False,False,False
2026-01-21T17:30:54.634560,352.632890,RX,0x123,8,E1 E2 E3 E4 00 04 9D E1,........,False,False,False
2026-01-21T17:30:54.636006,352.634336,RX,0x123,8,E2 E3 E4 E5 00 04 9D E2,........,False,False,False
2026-01-21T17:30:54.637713,352.636044,RX,0x123,8,E3 E4 E5 E6 00 04 9D E3,........,False,False,False
2026-01-21T17:30:54.639734,352.638064,RX,0x123,8,E4 E5 E6 E7 00 04 9D E4,........,False,False,False
2026-01-21T17:30:54.641201,352.639531,RX,0x123,8,E5 E6 E7 E8 00 04 9D E5,........,False,False,False
2026-01-21T17:30:54.642640,352.640970,RX,0x123,8,E6 E7 E8 E9 00 04 9D E6,........,False,False,False
2026-01-21T17:30:54.644183,352.642514,RX,0x123,8,E7 E8 E9 EA 00 04 9D E7,........,False,False,False
2026-01-21T17:30:54.645658,352.643988,RX,0x123,8,E8 E9 EA EB 00 04 9D E8,........,False,False,False
2026-01-21T17:30:54.647501,352.645832,RX,0x123,8,E9 EA EB EC 00 04 9D E9,........,False,False,False
2026-01-21T17:30:54.649192,352.647522,RX,0x123,8,EA EB EC ED 00 04 9D EA,........,False,False,False
2026-01-21T17:30:54.650658,352.648989,RX,0x123,8,EB EC ED EE 00 04 9D EB,........,False,False,False
2026-01-21T17:30:54.652230,352.650561,RX,0x123,8,EC ED EE EF 00 04 9D EC,........,False,False,False
2026-01-21T17:30:54.654118,352.652448,RX,0x123,8,ED EE EF F0 00 04 9D ED,........,False,False,False
2026-01-21T17:30:54.655893,352.654224,RX,0x123,8,EE EF F0 F1 00 04 9D EE,........,False,False,False
2026-01-21T17:30:54.657417,352.655748,RX,0x123,8,EF F0 F1 F2 00 04 9D EF,........,False,False,False
2026-01-21T17:30:54.658842,352.657172,RX,0x123,8,F0 F1 F2 F3 00 04 9D F0,........,False,False,False
2026-01-21T17:30:54.659849,352.658180,RX,0x123,8,F1 F2 F3 F4 00 04 9D F1,........,False,False,False
2026-01-21T17:30:54.661584,352.659914,RX,0x123,8,F2 F3 F4 F5 00 04 9D F2,........,False,False,False
2026-01-21T17:30:54.663876,352.662206,RX,0x123,8,F3 F4 F5 F6 00 04 9D F3,........,False,False,False
2026-01-21T17:30:54.665394,352.663724,RX,0x123,8,F4 F5 F6 F7 00 04 9D F4,........,False,False,False
2026-01-21T17:30:54.666916,352.665247,RX,0x123,8,F5 F6 F7 F8 00 04 9D F5,........,False,False,False
2026-01-21T17:30:54.668478,352.666809,RX,0x123,8,F6 F7 F8 F9 00 04 9D F6,........,False,False,False
2026-01-21T17:30:54.670391,352.668722,RX,0x123,8,F7 F8 F9 FA 00 04 9D F7,........,False,False,False
2026-01-21T17:30:54.672320,352.670650,RX,0x123,8,F8 F9 FA FB 00 04 9D F8,........,False,False,False
2026-01-21T17:30:54.673883,352.672214,RX,0x123,8,F9 FA FB FC 00 04 9D F9,........,False,False,False
2026-01-21T17:30:54.675441,352.673772,RX,0x123,8,FA FB FC FD 00 04 9D FA,........,False,False,False
2026-01-21T17:30:54.676959,352.675290,RX,0x123,8,FB FC FD FE 00 04 9D FB,........,False,False,False
2026-01-21T17:30:54.678321,352.676652,RX,0x123,8,FC FD FE FF 00 04 9D FC,........,False,False,False
2026-01-21T17:30:54.679654,352.677984,RX,0x123,8,FD FE FF 00 00 04 9D FD,........,False,False,False
2026-01-21T17:30:54.681033,352.679363,RX,0x123,8,FE FF 00 01 00 04 9D FE,........,False,False,False
2026-01-21T17:30:54.682890,352.681220,RX,0x123,8,FF 00 01 02 00 04 9D FF,........,False,False,False
2026-01-21T17:30:54.684971,352.683301,RX,0x123,8,00 01 02 03 00 04 9E 00,........,False,False,False
2026-01-21T17:30:54.686900,352.684433,RX,0x123,8,01 02 03 04 00 04 9E 01,........,False,False,False
2026-01-21T17:30:54.688596,352.686926,RX,0x123,8,02 03 04 05 00 04 9E 02,........,False,False,False
2026-01-21T17:30:54.690218,352.688549,RX,0x123,8,03 04 05 06 00 04 9E 03,........,False,False,False
2026-01-21T17:30:54.691843,352.690174,RX,0x123,8,04 05 06 07 00 04 9E 04,........,False,False,False
2026-01-21T17:30:54.693475,352.691805,RX,0x123,8,05 06 07 08 00 04 9E 05,........,False,False,False
2026-01-21T17:30:54.694999,352.693330,RX,0x123,8,06 07 08 09 00 04 9E 06,........,False,False,False
2026-01-21T17:30:54.696644,352.694975,RX,0x123,8,07 08 09 0A 00 04 9E 07,........,False,False,False
2026-01-21T17:30:54.698350,352.696681,RX,0x123,8,08 09 0A 0B 00 04 9E 08,........,False,False,False
2026-01-21T17:30:54.700335,352.698665,RX,0x123,8,09 0A 0B 0C 00 04 9E 09,........,False,False,False
2026-01-21T17:30:54.701995,352.700326,RX,0x123,8,0A 0B 0C 0D 00 04 9E 0A,........,False,False,False
2026-01-21T17:30:54.703059,352.701390,RX,0x123,8,0B 0C 0D 0E 00 04 9E 0B,........,False,False,False
2026-01-21T17:30:54.705927,352.704258,RX,0x123,8,0C 0D 0E 0F 00 04 9E 0C,........,False,False,False
2026-01-21T17:30:54.708005,352.706335,RX,0x123,8,0D 0E 0F 10 00 04 9E 0D,........,False,False,False
2026-01-21T17:30:54.709870,352.708201,RX,0x123,8,0E 0F 10 11 00 04 9E 0E,........,False,False,False
2026-01-21T17:30:54.711296,352.709627,RX,0x123,8,0F 10 11 12 00 04 9E 0F,........,False,False,False
2026-01-21T17:30:54.712788,352.711119,RX,0x123,8,10 11 12 13 00 04 9E 10,........,False,False,False
2026-01-21T17:30:54.714520,352.712850,RX,0x123,8,11 12 13 14 00 04 9E 11,........,False,False,False
2026-01-21T17:30:54.716330,352.714661,RX,0x123,8,12 13 14 15 00 04 9E 12,........,False,False,False
2026-01-21T17:30:54.717803,352.716134,RX,0x123,8,13 14 15 16 00 04 9E 13,........,False,False,False
2026-01-21T17:30:54.719201,352.717531,RX,0x123,8,14 15 16 17 00 04 9E 14,........,False,False,False
2026-01-21T17:30:54.720827,352.719157,RX,0x123,8,15 16 17 18 00 04 9E 15,........,False,False,False
2026-01-21T17:30:54.722725,352.721056,RX,0x123,8,16 17 18 19 00 04 9E 16,........,False,False,False
2026-01-21T17:30:54.724995,352.723326,RX,0x123,8,17 18 19 1A 00 04 9E 17,........,False,False,False
2026-01-21T17:30:54.726905,352.725235,RX,0x123,8,18 19 1A 1B 00 04 9E 18,........,False,False,False
2026-01-21T17:30:54.729191,352.727521,RX,0x123,8,19 1A 1B 1C 00 04 9E 19,........,False,False,False
2026-01-21T17:30:54.730938,352.729269,RX,0x123,8,1A 1B 1C 1D 00 04 9E 1A,........,False,False,False
2026-01-21T17:30:54.732729,352.731059,RX,0x123,8,1B 1C 1D 1E 00 04 9E 1B,........,False,False,False
2026-01-21T17:30:54.735028,352.733358,RX,0x123,8,1C 1D 1E 1F 00 04 9E 1C,........,False,False,False
2026-01-21T17:30:54.737156,352.735487,RX,0x123,8,1D 1E 1F 20 00 04 9E 1D,... ....,False,False,False
2026-01-21T17:30:54.739184,352.737151,RX,0x123,8,1E 1F 20 21 00 04 9E 1E,.. !....,False,False,False
2026-01-21T17:30:54.740875,352.739206,RX,0x123,8,1F 20 21 22 00 04 9E 1F,". !""....",False,False,False
2026-01-21T17:30:54.743365,352.741696,RX,0x123,8,20 21 22 23 00 04 9E 20," !""#... ",False,False,False
2026-01-21T17:30:54.745525,352.743856,RX,0x123,8,21 22 23 24 00 04 9E 21,"!""#$...!",False,False,False
2026-01-21T17:30:54.746607,352.744937,RX,0x123,8,22 23 24 25 00 04 9E 22,"""#$%...""",False,False,False
2026-01-21T17:30:54.749410,352.747741,RX,0x123,8,23 24 25 26 00 04 9E 23,#$%&...#,False,False,False
2026-01-21T17:30:54.751296,352.749627,RX,0x123,8,24 25 26 27 00 04 9E 24,$%&'...$,False,False,False
2026-01-21T17:30:54.752795,352.751125,RX,0x123,8,25 26 27 28 00 04 9E 25,%&'(...%,False,False,False
2026-01-21T17:30:54.754261,352.752591,RX,0x123,8,26 27 28 29 00 04 9E 26,&'()...&,False,False,False
2026-01-21T17:30:54.755588,352.753918,RX,0x123,8,27 28 29 2A 00 04 9E 27,'()*...',False,False,False
2026-01-21T17:30:54.757036,352.755366,RX,0x123,8,28 29 2A 2B 00 04 9E 28,()*+...(,False,False,False
2026-01-21T17:30:54.759077,352.757093,RX,0x123,8,29 2A 2B 2C 00 04 9E 29,")*+,...)",False,False,False
2026-01-21T17:30:54.760614,352.758945,RX,0x123,8,2A 2B 2C 2D 00 04 9E 2A,"*+,-...*",False,False,False
2026-01-21T17:30:54.762656,352.759958,RX,0x123,8,2B 2C 2D 2E 00 04 9E 2B,"+,-....+",False,False,False
2026-01-21T17:30:54.764588,352.762918,RX,0x123,8,2C 2D 2E 2F 00 04 9E 2C,",-./...,",False,False,False
2026-01-21T17:30:54.765964,352.764294,RX,0x123,8,2D 2E 2F 30 00 04 9E 2D,-./0...-,False,False,False
2026-01-21T17:30:54.767495,352.765825,RX,0x123,8,2E 2F 30 31 00 04 9E 2E,./01....,False,False,False
2026-01-21T17:30:54.768826,352.767157,RX,0x123,8,2F 30 31 32 00 04 9E 2F,/012.../,False,False,False
2026-01-21T17:30:54.770169,352.768499,RX,0x123,8,30 31 32 33 00 04 9E 30,0123...0,False,False,False
2026-01-21T17:30:54.771549,352.769880,RX,0x123,8,31 32 33 34 00 04 9E 31,1234...1,False,False,False
2026-01-21T17:30:54.773142,352.771473,RX,0x123,8,32 33 34 35 00 04 9E 32,2345...2,False,False,False
2026-01-21T17:30:54.775217,352.773548,RX,0x123,8,33 34 35 36 00 04 9E 33,3456...3,False,False,False
2026-01-21T17:30:54.777094,352.775425,RX,0x123,8,34 35 36 37 00 04 9E 34,4567...4,False,False,False
2026-01-21T17:30:54.778963,352.777293,RX,0x123,8,35 36 37 38 00 04 9E 35,5678...5,False,False,False
2026-01-21T17:30:54.781387,352.779718,RX,0x123,8,36 37 38 39 00 04 9E 36,6789...6,False,False,False
2026-01-21T17:30:54.783246,352.781576,RX,0x123,8,37 38 39 3A 00 04 9E 37,789:...7,False,False,False
2026-01-21T17:30:54.784607,352.782937,RX,0x123,8,38 39 3A 3B 00 04 9E 38,89:;...8,False,False,False
2026-01-21T17:30:54.785926,352.784256,RX,0x123,8,39 3A 3B 3C 00 04 9E 39,9:;<...9,False,False,False
2026-01-21T17:30:54.787549,352.785880,RX,0x123,8,3A 3B 3C 3D 00 04 9E 3A,:;<=...:,False,False,False
2026-01-21T17:30:54.789354,352.787684,RX,0x123,8,3B 3C 3D 3E 00 04 9E 3B,;<=>...;,False,False,False
2026-01-21T17:30:54.790912,352.789242,RX,0x123,8,3C 3D 3E 3F 00 04 9E 3C,<=>?...<,False,False,False
2026-01-21T17:30:54.792426,352.790757,RX,0x123,8,3D 3E 3F 40 00 04 9E 3D,=>?@...=,False,False,False
2026-01-21T17:30:54.793910,352.792241,RX,0x123,8,3E 3F 40 41 00 04 9E 3E,>?@A...>,False,False,False
2026-01-21T17:30:54.795505,352.793835,RX,0x123,8,3F 40 41 42 00 04 9E 3F,?@AB...?,False,False,False
2026-01-21T17:30:54.797471,352.795802,RX,0x123,8,40 41 42 43 00 04 9E 40,@ABC...@,False,False,False
2026-01-21T17:30:54.799616,352.797947,RX,0x123,8,41 42 43 44 00 04 9E 41,ABCD...A,False,False,False
2026-01-21T17:30:54.801023,352.799353,RX,0x123,8,42 43 44 45 00 04 9E 42,BCDE...B,False,False,False
2026-01-21T17:30:54.802826,352.801157,RX,0x123,8,43 44 45 46 00 04 9E 43,CDEF...C,False,False,False
2026-01-21T17:30:54.804982,352.803312,RX,0x123,8,44 45 46 47 00 04 9E 44,DEFG...D,False,False,False
2026-01-21T17:30:54.806590,352.804920,RX,0x123,8,45 46 47 48 00 04 9E 45,EFGH...E,False,False,False
2026-01-21T17:30:54.808345,352.806675,RX,0x123,8,46 47 48 49 00 04 9E 46,FGHI...F,False,False,False
2026-01-21T17:30:54.809767,352.808097,RX,0x123,8,47 48 49 4A 00 04 9E 47,GHIJ...G,False,False,False
2026-01-21T17:30:54.811188,352.809519,RX,0x123,8,48 49 4A 4B 00 04 9E 48,HIJK...H,False,False,False
2026-01-21T17:30:54.812587,352.810917,RX,0x123,8,49 4A 4B 4C 00 04 9E 49,IJKL...I,False,False,False
2026-01-21T17:30:54.814157,352.812488,RX,0x123,8,4A 4B 4C 4D 00 04 9E 4A,JKLM...J,False,False,False
2026-01-21T17:30:54.815195,352.813526,RX,0x123,8,4B 4C 4D 4E 00 04 9E 4B,KLMN...K,False,False,False
2026-01-21T17:30:54.816961,352.815292,RX,0x123,8,4C 4D 4E 4F 00 04 9E 4C,LMNO...L,False,False,False
2026-01-21T17:30:54.819154,352.817484,RX,0x123,8,4D 4E 4F 50 00 04 9E 4D,MNOP...M,False,False,False
2026-01-21T17:30:54.820639,352.818969,RX,0x123,8,4E 4F 50 51 00 04 9E 4E,NOPQ...N,False,False,False
2026-01-21T17:30:54.822269,352.820600,RX,0x123,8,4F 50 51 52 00 04 9E 4F,OPQR...O,False,False,False
2026-01-21T17:30:54.823902,352.822233,RX,0x123,8,50 51 52 53 00 04 9E 50,PQRS...P,False,False,False
2026-01-21T17:30:54.825463,352.823794,RX,0x123,8,51 52 53 54 00 04 9E 51,QRST...Q,False,False,False
2026-01-21T17:30:54.826891,352.825221,RX,0x123,8,52 53 54 55 00 04 9E 52,RSTU...R,False,False,False
2026-01-21T17:30:54.827896,352.826227,RX,0x123,8,53 54 55 56 00 04 9E 53,STUV...S,False,False,False
2026-01-21T17:30:54.830249,352.828580,RX,0x123,8,54 55 56 57 00 04 9E 54,TUVW...T,False,False,False
2026-01-21T17:30:54.831714,352.830045,RX,0x123,8,55 56 57 58 00 04 9E 55,UVWX...U,False,False,False
2026-01-21T17:30:54.833519,352.831850,RX,0x123,8,56 57 58 59 00 04 9E 56,VWXY...V,False,False,False
2026-01-21T17:30:54.835252,352.833583,RX,0x123,8,57 58 59 5A 00 04 9E 57,WXYZ...W,False,False,False
2026-01-21T17:30:54.837697,352.836028,RX,0x123,8,58 59 5A 5B 00 04 9E 58,XYZ[...X,False,False,False
2026-01-21T17:30:54.839096,352.837426,RX,0x123,8,59 5A 5B 5C 00 04 9E 59,YZ[\...Y,False,False,False
2026-01-21T17:30:54.840618,352.838949,RX,0x123,8,5A 5B 5C 5D 00 04 9E 5A,Z[\]...Z,False,False,False
2026-01-21T17:30:54.842104,352.840435,RX,0x123,8,5B 5C 5D 5E 00 04 9E 5B,[\]^...[,False,False,False
2026-01-21T17:30:54.843461,352.841791,RX,0x123,8,5C 5D 5E 5F 00 04 9E 5C,\]^_...\,False,False,False
2026-01-21T17:30:54.844534,352.842865,RX,0x123,8,5D 5E 5F 60 00 04 9E 5D,]^_`...],False,False,False
2026-01-21T17:30:54.846750,352.845080,RX,0x123,8,5E 5F 60 61 00 04 9E 5E,^_`a...^,False,False,False
2026-01-21T17:30:54.848159,352.846490,RX,0x123,8,5F 60 61 62 00 04 9E 5F,_`ab..._,False,False,False
2026-01-21T17:30:54.849774,352.848104,RX,0x123,8,60 61 62 63 00 04 9E 60,`abc...`,False,False,False
2026-01-21T17:30:54.851299,352.849629,RX,0x123,8,61 62 63 64 00 04 9E 61,abcd...a,False,False,False
2026-01-21T17:30:54.853168,352.851499,RX,0x123,8,62 63 64 65 00 04 9E 62,bcde...b,False,False,False
2026-01-21T17:30:54.855026,352.853357,RX,0x123,8,63 64 65 66 00 04 9E 63,cdef...c,False,False,False
2026-01-21T17:30:54.856493,352.854823,RX,0x123,8,64 65 66 67 00 04 9E 64,defg...d,False,False,False
2026-01-21T17:30:54.857500,352.855831,RX,0x123,8,65 66 67 68 00 04 9E 65,efgh...e,False,False,False
2026-01-21T17:30:54.859691,352.858021,RX,0x123,8,66 67 68 69 00 04 9E 66,fghi...f,False,False,False
2026-01-21T17:30:54.861214,352.859545,RX,0x123,8,67 68 69 6A 00 04 9E 67,ghij...g,False,False,False
2026-01-21T17:30:54.862228,352.860558,RX,0x123,8,68 69 6A 6B 00 04 9E 68,hijk...h,False,False,False
2026-01-21T17:30:54.864310,352.862640,RX,0x123,8,69 6A 6B 6C 00 04 9E 69,ijkl...i,False,False,False
2026-01-21T17:30:54.865889,352.864219,RX,0x123,8,6A 6B 6C 6D 00 04 9E 6A,jklm...j,False,False,False
2026-01-21T17:30:54.868297,352.866628,RX,0x123,8,6B 6C 6D 6E 00 04 9E 6B,klmn...k,False,False,False
2026-01-21T17:30:54.869806,352.868136,RX,0x123,8,6C 6D 6E 6F 00 04 9E 6C,lmno...l,False,False,False
2026-01-21T17:30:54.871433,352.869764,RX,0x123,8,6D 6E 6F 70 00 04 9E 6D,mnop...m,False,False,False
2026-01-21T17:30:54.873380,352.871710,RX,0x123,8,6E 6F 70 71 00 04 9E 6E,nopq...n,False,False,False
2026-01-21T17:30:54.874827,352.873158,RX,0x123,8,6F 70 71 72 00 04 9E 6F,opqr...o,False,False,False
2026-01-21T17:30:54.876265,352.874596,RX,0x123,8,70 71 72 73 00 04 9E 70,pqrs...p,False,False,False
2026-01-21T17:30:54.877709,352.876040,RX,0x123,8,71 72 73 74 00 04 9E 71,qrst...q,False,False,False
2026-01-21T17:30:54.879103,352.877433,RX,0x123,8,72 73 74 75 00 04 9E 72,rstu...r,False,False,False
2026-01-21T17:30:54.880115,352.878445,RX,0x123,8,73 74 75 76 00 04 9E 73,stuv...s,False,False,False
2026-01-21T17:30:54.882449,352.880779,RX,0x123,8,74 75 76 77 00 04 9E 74,tuvw...t,False,False,False
2026-01-21T17:30:54.884033,352.882363,RX,0x123,8,75 76 77 78 00 04 9E 75,uvwx...u,False,False,False
2026-01-21T17:30:54.885572,352.883903,RX,0x123,8,76 77 78 79 00 04 9E 76,vwxy...v,False,False,False
2026-01-21T17:30:54.887179,352.885510,RX,0x123,8,77 78 79 7A 00 04 9E 77,wxyz...w,False,False,False
2026-01-21T17:30:54.888195,352.886525,RX,0x123,8,78 79 7A 7B 00 04 9E 78,xyz{...x,False,False,False
2026-01-21T17:30:54.890348,352.888678,RX,0x123,8,79 7A 7B 7C 00 04 9E 79,yz{|...y,False,False,False
2026-01-21T17:30:54.891360,352.889691,RX,0x123,8,7A 7B 7C 7D 00 04 9E 7A,z{|}...z,False,False,False
2026-01-21T17:30:54.893474,352.891805,RX,0x123,8,7B 7C 7D 7E 00 04 9E 7B,{|}~...{,False,False,False
2026-01-21T17:30:54.894791,352.893121,RX,0x123,8,7C 7D 7E 7F 00 04 9E 7C,|}~....|,False,False,False
2026-01-21T17:30:54.896422,352.894753,RX,0x123,8,7D 7E 7F 80 00 04 9E 7D,}~.....},False,False,False
2026-01-21T17:30:54.898344,352.896675,RX,0x123,8,7E 7F 80 81 00 04 9E 7E,~......~,False,False,False
2026-01-21T17:30:54.899892,352.898223,RX,0x123,8,7F 80 81 82 00 04 9E 7F,........,False,False,False
2026-01-21T17:30:54.901289,352.899620,RX,0x123,8,80 81 82 83 00 04 9E 80,........,False,False,False
2026-01-21T17:30:54.902752,352.901082,RX,0x123,8,81 82 83 84 00 04 9E 81,........,False,False,False
2026-01-21T17:30:54.904104,352.902435,RX,0x123,8,82 83 84 85 00 04 9E 82,........,False,False,False
2026-01-21T17:30:54.905699,352.904030,RX,0x123,8,83 84 85 86 00 04 9E 83,........,False,False,False
2026-01-21T17:30:54.907101,352.905431,RX,0x123,8,84 85 86 87 00 04 9E 84,........,False,False,False
2026-01-21T17:30:54.908480,352.906810,RX,0x123,8,85 86 87 88 00 04 9E 85,........,False,False,False
2026-01-21T17:30:54.909811,352.908142,RX,0x123,8,86 87 88 89 00 04 9E 86,........,False,False,False
2026-01-21T17:30:54.911326,352.909657,RX,0x123,8,87 88 89 8A 00 04 9E 87,........,False,False,False
2026-01-21T17:30:54.912924,352.911254,RX,0x123,8,88 89 8A 8B 00 04 9E 88,........,False,False,False
2026-01-21T17:30:54.914817,352.913148,RX,0x123,8,89 8A 8B 8C 00 04 9E 89,........,False,False,False
2026-01-21T17:30:54.916178,352.914508,RX,0x123,8,8A 8B 8C 8D 00 04 9E 8A,........,False,False,False
2026-01-21T17:30:54.917680,352.916011,RX,0x123,8,8B 8C 8D 8E 00 04 9E 8B,........,False,False,False
2026-01-21T17:30:54.919077,352.917408,RX,0x123,8,8C 8D 8E 8F 00 04 9E 8C,........,False,False,False
2026-01-21T17:30:54.920758,352.919088,RX,0x123,8,8D 8E 8F 90 00 04 9E 8D,........,False,False,False
2026-01-21T17:30:54.922698,352.921029,RX,0x123,8,8E 8F 90 91 00 04 9E 8E,........,False,False,False
2026-01-21T17:30:54.924195,352.922526,RX,0x123,8,8F 90 91 92 00 04 9E 8F,........,False,False,False
2026-01-21T17:30:54.925535,352.923865,RX,0x123,8,90 91 92 93 00 04 9E 90,........,False,False,False
2026-01-21T17:30:54.926897,352.925227,RX,0x123,8,91 92 93 94 00 04 9E 91,........,False,False,False
2026-01-21T17:30:54.928501,352.926832,RX,0x123,8,92 93 94 95 00 04 9E 92,........,False,False,False
2026-01-21T17:30:54.930504,352.928834,RX,0x123,8,93 94 95 96 00 04 9E 93,........,False,False,False
2026-01-21T17:30:54.932087,352.930417,RX,0x123,8,94 95 96 97 00 04 9E 94,........,False,False,False
2026-01-21T17:30:54.933604,352.931935,RX,0x123,8,95 96 97 98 00 04 9E 95,........,False,False,False
2026-01-21T17:30:54.935138,352.933468,RX,0x123,8,96 97 98 99 00 04 9E 96,........,False,False,False
2026-01-21T17:30:54.936717,352.935048,RX,0x123,8,97 98 99 9A 00 04 9E 97,........,False,False,False
2026-01-21T17:30:54.938113,352.936443,RX,0x123,8,98 99 9A 9B 00 04 9E 98,........,False,False,False
2026-01-21T17:30:54.939568,352.937899,RX,0x123,8,99 9A 9B 9C 00 04 9E 99,........,False,False,False
2026-01-21T17:30:54.941373,352.939703,RX,0x123,8,9A 9B 9C 9D 00 04 9E 9A,........,False,False,False
2026-01-21T17:30:54.943116,352.941447,RX,0x123,8,9B 9C 9D 9E 00 04 9E 9B,........,False,False,False
2026-01-21T17:30:54.945139,352.943470,RX,0x123,8,9C 9D 9E 9F 00 04 9E 9C,........,False,False,False
2026-01-21T17:30:54.946971,352.945302,RX,0x123,8,9D 9E 9F A0 00 04 9E 9D,........,False,False,False
2026-01-21T17:30:54.948566,352.946897,RX,0x123,8,9E 9F A0 A1 00 04 9E 9E,........,False,False,False
2026-01-21T17:30:54.950198,352.948528,RX,0x123,8,9F A0 A1 A2 00 04 9E 9F,........,False,False,False
2026-01-21T17:30:54.952103,352.950433,RX,0x123,8,A0 A1 A2 A3 00 04 9E A0,........,False,False,False
2026-01-21T17:30:54.954244,352.952575,RX,0x123,8,A1 A2 A3 A4 00 04 9E A1,........,False,False,False
2026-01-21T17:30:54.956222,352.954553,RX,0x123,8,A2 A3 A4 A5 00 04 9E A2,........,False,False,False
2026-01-21T17:30:54.957658,352.955988,RX,0x123,8,A3 A4 A5 A6 00 04 9E A3,........,False,False,False
2026-01-21T17:30:54.959279,352.957609,RX,0x123,8,A4 A5 A6 A7 00 04 9E A4,........,False,False,False
2026-01-21T17:30:54.961209,352.959539,RX,0x123,8,A5 A6 A7 A8 00 04 9E A5,........,False,False,False
2026-01-21T17:30:54.962220,352.960550,RX,0x123,8,A6 A7 A8 A9 00 04 9E A6,........,False,False,False
2026-01-21T17:30:54.964423,352.962754,RX,0x123,8,A7 A8 A9 AA 00 04 9E A7,........,False,False,False
2026-01-21T17:30:54.966024,352.964355,RX,0x123,8,A8 A9 AA AB 00 04 9E A8,........,False,False,False
2026-01-21T17:30:54.967368,352.965698,RX,0x123,8,A9 AA AB AC 00 04 9E A9,........,False,False,False
2026-01-21T17:30:54.969150,352.967481,RX,0x123,8,AA AB AC AD 00 04 9E AA,........,False,False,False
2026-01-21T17:30:54.970906,352.969236,RX,0x123,8,AB AC AD AE 00 04 9E AB,........,False,False,False
2026-01-21T17:30:54.973055,352.971386,RX,0x123,8,AC AD AE AF 00 04 9E AC,........,False,False,False
2026-01-21T17:30:54.974067,352.972397,RX,0x123,8,AD AE AF B0 00 04 9E AD,........,False,False,False
2026-01-21T17:30:54.976487,352.974818,RX,0x123,8,AE AF B0 B1 00 04 9E AE,........,False,False,False
2026-01-21T17:30:54.977879,352.976209,RX,0x123,8,AF B0 B1 B2 00 04 9E AF,........,False,False,False
2026-01-21T17:30:54.979438,352.977768,RX,0x123,8,B0 B1 B2 B3 00 04 9E B0,........,False,False,False
2026-01-21T17:30:54.981110,352.979441,RX,0x123,8,B1 B2 B3 B4 00 04 9E B1,........,False,False,False
2026-01-21T17:30:54.982505,352.980835,RX,0x123,8,B2 B3 B4 B5 00 04 9E B2,........,False,False,False
2026-01-21T17:30:54.984713,352.983044,RX,0x123,8,B3 B4 B5 B6 00 04 9E B3,........,False,False,False
2026-01-21T17:30:54.986223,352.984554,RX,0x123,8,B4 B5 B6 B7 00 04 9E B4,........,False,False,False
2026-01-21T17:30:54.988260,352.986254,RX,0x123,8,B5 B6 B7 B8 00 04 9E B5,........,False,False,False
2026-01-21T17:30:54.989778,352.988108,RX,0x123,8,B6 B7 B8 B9 00 04 9E B6,........,False,False,False
2026-01-21T17:30:54.991318,352.989649,RX,0x123,8,B7 B8 B9 BA 00 04 9E B7,........,False,False,False
2026-01-21T17:30:54.992732,352.991063,RX,0x123,8,B8 B9 BA BB 00 04 9E B8,........,False,False,False
2026-01-21T17:30:54.994128,352.992459,RX,0x123,8,B9 BA BB BC 00 04 9E B9,........,False,False,False
2026-01-21T17:30:54.995854,352.994184,RX,0x123,8,BA BB BC BD 00 04 9E BA,........,False,False,False
2026-01-21T17:30:54.997233,352.995563,RX,0x123,8,BB BC BD BE 00 04 9E BB,........,False,False,False
2026-01-21T17:30:54.998697,352.997027,RX,0x123,8,BC BD BE BF 00 04 9E BC,........,False,False,False
2026-01-21T17:30:55.000155,352.998485,RX,0x123,8,BD BE BF C0 00 04 9E BD,........,False,False,False
2026-01-21T17:30:55.001694,353.000025,RX,0x123,8,BE BF C0 C1 00 04 9E BE,........,False,False,False
2026-01-21T17:30:55.003164,353.001494,RX,0x123,8,BF C0 C1 C2 00 04 9E BF,........,False,False,False
2026-01-21T17:30:55.004704,353.003035,RX,0x123,8,C0 C1 C2 C3 00 04 9E C0,........,False,False,False
2026-01-21T17:30:55.006089,353.004419,RX,0x123,8,C1 C2 C3 C4 00 04 9E C1,........,False,False,False
2026-01-21T17:30:55.007887,353.006218,RX,0x123,8,C2 C3 C4 C5 00 04 9E C2,........,False,False,False
2026-01-21T17:30:55.009501,353.007831,RX,0x123,8,C3 C4 C5 C6 00 04 9E C3,........,False,False,False
2026-01-21T17:30:55.011045,353.009376,RX,0x123,8,C4 C5 C6 C7 00 04 9E C4,........,False,False,False
2026-01-21T17:30:55.012419,353.010749,RX,0x123,8,C5 C6 C7 C8 00 04 9E C5,........,False,False,False
2026-01-21T17:30:55.013936,353.012266,RX,0x123,8,C6 C7 C8 C9 00 04 9E C6,........,False,False,False
2026-01-21T17:30:55.015406,353.013736,RX,0x123,8,C7 C8 C9 CA 00 04 9E C7,........,False,False,False
2026-01-21T17:30:55.016865,353.015196,RX,0x123,8,C8 C9 CA CB 00 04 9E C8,........,False,False,False
2026-01-21T17:30:55.018215,353.016546,RX,0x123,8,C9 CA CB CC 00 04 9E C9,........,False,False,False
2026-01-21T17:30:55.019577,353.017908,RX,0x123,8,CA CB CC CD 00 04 9E CA,........,False,False,False
2026-01-21T17:30:55.021105,353.019435,RX,0x123,8,CB CC CD CE 00 04 9E CB,........,False,False,False
2026-01-21T17:30:55.022896,353.021227,RX,0x123,8,CC CD CE CF 00 04 9E CC,........,False,False,False
2026-01-21T17:30:55.023903,353.022233,RX,0x123,8,CD CE CF D0 00 04 9E CD,........,False,False,False
2026-01-21T17:30:55.026018,353.024349,RX,0x123,8,CE CF D0 D1 00 04 9E CE,........,False,False,False
2026-01-21T17:30:55.027443,353.025774,RX,0x123,8,CF D0 D1 D2 00 04 9E CF,........,False,False,False
2026-01-21T17:30:55.028454,353.026784,RX,0x123,8,D0 D1 D2 D3 00 04 9E D0,........,False,False,False
2026-01-21T17:30:55.030568,353.028898,RX,0x123,8,D1 D2 D3 D4 00 04 9E D1,........,False,False,False
2026-01-21T17:30:55.031576,353.029907,RX,0x123,8,D2 D3 D4 D5 00 04 9E D2,........,False,False,False
2026-01-21T17:30:55.033329,353.031660,RX,0x123,8,D3 D4 D5 D6 00 04 9E D3,........,False,False,False
2026-01-21T17:30:55.035110,353.033441,RX,0x123,8,D4 D5 D6 D7 00 04 9E D4,........,False,False,False
2026-01-21T17:30:55.037777,353.036108,RX,0x123,8,D5 D6 D7 D8 00 04 9E D5,........,False,False,False
2026-01-21T17:30:55.039304,353.037634,RX,0x123,8,D6 D7 D8 D9 00 04 9E D6,........,False,False,False
2026-01-21T17:30:55.040742,353.039072,RX,0x123,8,D7 D8 D9 DA 00 04 9E D7,........,False,False,False
2026-01-21T17:30:55.042390,353.040720,RX,0x123,8,D8 D9 DA DB 00 04 9E D8,........,False,False,False
2026-01-21T17:30:55.044276,353.042607,RX,0x123,8,D9 DA DB DC 00 04 9E D9,........,False,False,False
2026-01-21T17:30:55.046988,353.045318,RX,0x123,8,DA DB DC DD 00 04 9E DA,........,False,False,False
2026-01-21T17:30:55.048521,353.046852,RX,0x123,8,DB DC DD DE 00 04 9E DB,........,False,False,False
2026-01-21T17:30:55.050685,353.049016,RX,0x123,8,DC DD DE DF 00 04 9E DC,........,False,False,False
2026-01-21T17:30:55.052669,353.050999,RX,0x123,8,DD DE DF E0 00 04 9E DD,........,False,False,False
2026-01-21T17:30:55.054518,353.052848,RX,0x123,8,DE DF E0 E1 00 04 9E DE,........,False,False,False
2026-01-21T17:30:55.055533,353.053864,RX,0x123,8,DF E0 E1 E2 00 04 9E DF,........,False,False,False
2026-01-21T17:30:55.057837,353.056168,RX,0x123,8,E0 E1 E2 E3 00 04 9E E0,........,False,False,False
2026-01-21T17:30:55.059643,353.057974,RX,0x123,8,E1 E2 E3 E4 00 04 9E E1,........,False,False,False
2026-01-21T17:30:55.061255,353.059586,RX,0x123,8,E2 E3 E4 E5 00 04 9E E2,........,False,False,False
2026-01-21T17:30:55.062259,353.060590,RX,0x123,8,E3 E4 E5 E6 00 04 9E E3,........,False,False,False
2026-01-21T17:30:55.065165,353.063495,RX,0x123,8,E4 E5 E6 E7 00 04 9E E4,........,False,False,False
2026-01-21T17:30:55.066721,353.065052,RX,0x123,8,E5 E6 E7 E8 00 04 9E E5,........,False,False,False
2026-01-21T17:30:55.068320,353.066650,RX,0x123,8,E6 E7 E8 E9 00 04 9E E6,........,False,False,False
2026-01-21T17:30:55.069823,353.068154,RX,0x123,8,E7 E8 E9 EA 00 04 9E E7,........,False,False,False
2026-01-21T17:30:55.071487,353.069817,RX,0x123,8,E8 E9 EA EB 00 04 9E E8,........,False,False,False
2026-01-21T17:30:55.073097,353.071428,RX,0x123,8,E9 EA EB EC 00 04 9E E9,........,False,False,False
2026-01-21T17:30:55.075048,353.073378,RX,0x123,8,EA EB EC ED 00 04 9E EA,........,False,False,False
2026-01-21T17:30:55.076959,353.075289,RX,0x123,8,EB EC ED EE 00 04 9E EB,........,False,False,False
2026-01-21T17:30:55.078778,353.077108,RX,0x123,8,EC ED EE EF 00 04 9E EC,........,False,False,False
2026-01-21T17:30:55.080698,353.079029,RX,0x123,8,ED EE EF F0 00 04 9E ED,........,False,False,False
2026-01-21T17:30:55.083314,353.081644,RX,0x123,8,EE EF F0 F1 00 04 9E EE,........,False,False,False
2026-01-21T17:30:55.085225,353.083556,RX,0x123,8,EF F0 F1 F2 00 04 9E EF,........,False,False,False
2026-01-21T17:30:55.086750,353.085081,RX,0x123,8,F0 F1 F2 F3 00 04 9E F0,........,False,False,False
2026-01-21T17:30:55.088286,353.086616,RX,0x123,8,F1 F2 F3 F4 00 04 9E F1,........,False,False,False
2026-01-21T17:30:55.089952,353.088282,RX,0x123,8,F2 F3 F4 F5 00 04 9E F2,........,False,False,False
2026-01-21T17:30:55.091835,353.090166,RX,0x123,8,F3 F4 F5 F6 00 04 9E F3,........,False,False,False
2026-01-21T17:30:55.094105,353.092436,RX,0x123,8,F4 F5 F6 F7 00 04 9E F4,........,False,False,False
2026-01-21T17:30:55.095930,353.094261,RX,0x123,8,F5 F6 F7 F8 00 04 9E F5,........,False,False,False
2026-01-21T17:30:55.098258,353.096588,RX,0x123,8,F6 F7 F8 F9 00 04 9E F6,........,False,False,False
2026-01-21T17:30:55.100227,353.098558,RX,0x123,8,F7 F8 F9 FA 00 04 9E F7,........,False,False,False
2026-01-21T17:30:55.102107,353.100438,RX,0x123,8,F8 F9 FA FB 00 04 9E F8,........,False,False,False
2026-01-21T17:30:55.104528,353.102859,RX,0x123,8,F9 FA FB FC 00 04 9E F9,........,False,False,False
2026-01-21T17:30:55.106130,353.104460,RX,0x123,8,FA FB FC FD 00 04 9E FA,........,False,False,False
2026-01-21T17:30:55.107529,353.105859,RX,0x123,8,FB FC FD FE 00 04 9E FB,........,False,False,False
2026-01-21T17:30:55.109638,353.106940,RX,0x123,8,FC FD FE FF 00 04 9E FC,........,False,False,False
2026-01-21T17:30:55.111449,353.109780,RX,0x123,8,FD FE FF 00 00 04 9E FD,........,False,False,False
2026-01-21T17:30:55.113378,353.111709,RX,0x123,8,FE FF 00 01 00 04 9E FE,........,False,False,False
2026-01-21T17:30:55.115314,353.113644,RX,0x123,8,FF 00 01 02 00 04 9E FF,........,False,False,False
2026-01-21T17:30:55.117821,353.116152,RX,0x123,8,00 01 02 03 00 04 9F 00,........,False,False,False
2026-01-21T17:30:55.119706,353.118037,RX,0x123,8,01 02 03 04 00 04 9F 01,........,False,False,False
2026-01-21T17:30:55.121745,353.120075,RX,0x123,8,02 03 04 05 00 04 9F 02,........,False,False,False
2026-01-21T17:30:55.123383,353.121713,RX,0x123,8,03 04 05 06 00 04 9F 03,........,False,False,False
2026-01-21T17:30:55.125242,353.123573,RX,0x123,8,04 05 06 07 00 04 9F 04,........,False,False,False
2026-01-21T17:30:55.126947,353.125278,RX,0x123,8,05 06 07 08 00 04 9F 05,........,False,False,False
2026-01-21T17:30:55.129196,353.127527,RX,0x123,8,06 07 08 09 00 04 9F 06,........,False,False,False
2026-01-21T17:30:55.130887,353.129218,RX,0x123,8,07 08 09 0A 00 04 9F 07,........,False,False,False
2026-01-21T17:30:55.132418,353.130749,RX,0x123,8,08 09 0A 0B 00 04 9F 08,........,False,False,False
2026-01-21T17:30:55.133775,353.132106,RX,0x123,8,09 0A 0B 0C 00 04 9F 09,........,False,False,False
2026-01-21T17:30:55.134785,353.133115,RX,0x123,8,0A 0B 0C 0D 00 04 9F 0A,........,False,False,False
2026-01-21T17:30:55.137021,353.135351,RX,0x123,8,0B 0C 0D 0E 00 04 9F 0B,........,False,False,False
2026-01-21T17:30:55.138423,353.136753,RX,0x123,8,0C 0D 0E 0F 00 04 9F 0C,........,False,False,False
2026-01-21T17:30:55.139842,353.138173,RX,0x123,8,0D 0E 0F 10 00 04 9F 0D,........,False,False,False
2026-01-21T17:30:55.141262,353.139593,RX,0x123,8,0E 0F 10 11 00 04 9F 0E,........,False,False,False
2026-01-21T17:30:55.142658,353.140988,RX,0x123,8,0F 10 11 12 00 04 9F 0F,........,False,False,False
2026-01-21T17:30:55.144022,353.142353,RX,0x123,8,10 11 12 13 00 04 9F 10,........,False,False,False
2026-01-21T17:30:55.145436,353.143767,RX,0x123,8,11 12 13 14 00 04 9F 11,........,False,False,False
2026-01-21T17:30:55.146808,353.145139,RX,0x123,8,12 13 14 15 00 04 9F 12,........,False,False,False
2026-01-21T17:30:55.148420,353.146751,RX,0x123,8,13 14 15 16 00 04 9F 13,........,False,False,False
2026-01-21T17:30:55.150337,353.148668,RX,0x123,8,14 15 16 17 00 04 9F 14,........,False,False,False
2026-01-21T17:30:55.152020,353.150350,RX,0x123,8,15 16 17 18 00 04 9F 15,........,False,False,False
2026-01-21T17:30:55.153559,353.151889,RX,0x123,8,16 17 18 19 00 04 9F 16,........,False,False,False
2026-01-21T17:30:55.155175,353.153505,RX,0x123,8,17 18 19 1A 00 04 9F 17,........,False,False,False
2026-01-21T17:30:55.157138,353.155469,RX,0x123,8,18 19 1A 1B 00 04 9F 18,........,False,False,False
2026-01-21T17:30:55.159052,353.157382,RX,0x123,8,19 1A 1B 1C 00 04 9F 19,........,False,False,False
2026-01-21T17:30:55.160678,353.159009,RX,0x123,8,1A 1B 1C 1D 00 04 9F 1A,........,False,False,False
2026-01-21T17:30:55.162621,353.160951,RX,0x123,8,1B 1C 1D 1E 00 04 9F 1B,........,False,False,False
2026-01-21T17:30:55.164827,353.163157,RX,0x123,8,1C 1D 1E 1F 00 04 9F 1C,........,False,False,False
2026-01-21T17:30:55.167391,353.165721,RX,0x123,8,1D 1E 1F 20 00 04 9F 1D,... ....,False,False,False
2026-01-21T17:30:55.167805,353.166136,RX,0x123,8,1E 1F 20 21 00 04 9F 1E,.. !....,False,False,False
2026-01-21T17:30:55.169202,353.167532,RX,0x123,8,1F 20 21 22 00 04 9F 1F,". !""....",False,False,False
2026-01-21T17:30:55.170837,353.169168,RX,0x123,8,20 21 22 23 00 04 9F 20," !""#... ",False,False,False
2026-01-21T17:30:55.172388,353.170718,RX,0x123,8,21 22 23 24 00 04 9F 21,"!""#$...!",False,False,False
2026-01-21T17:30:55.173997,353.172327,RX,0x123,8,22 23 24 25 00 04 9F 22,"""#$%...""",False,False,False
2026-01-21T17:30:55.175003,353.173333,RX,0x123,8,23 24 25 26 00 04 9F 23,#$%&...#,False,False,False
2026-01-21T17:30:55.176785,353.175115,RX,0x123,8,24 25 26 27 00 04 9F 24,$%&'...$,False,False,False
2026-01-21T17:30:55.178571,353.176901,RX,0x123,8,25 26 27 28 00 04 9F 25,%&'(...%,False,False,False
2026-01-21T17:30:55.181094,353.179425,RX,0x123,8,26 27 28 29 00 04 9F 26,&'()...&,False,False,False
2026-01-21T17:30:55.182630,353.180961,RX,0x123,8,27 28 29 2A 00 04 9F 27,'()*...',False,False,False
2026-01-21T17:30:55.184177,353.182508,RX,0x123,8,28 29 2A 2B 00 04 9F 28,()*+...(,False,False,False
2026-01-21T17:30:55.185590,353.183921,RX,0x123,8,29 2A 2B 2C 00 04 9F 29,")*+,...)",False,False,False
2026-01-21T17:30:55.186963,353.185293,RX,0x123,8,2A 2B 2C 2D 00 04 9F 2A,"*+,-...*",False,False,False
2026-01-21T17:30:55.188545,353.186875,RX,0x123,8,2B 2C 2D 2E 00 04 9F 2B,"+,-....+",False,False,False
2026-01-21T17:30:55.190081,353.188412,RX,0x123,8,2C 2D 2E 2F 00 04 9F 2C,",-./...,",False,False,False
2026-01-21T17:30:55.191532,353.189863,RX,0x123,8,2D 2E 2F 30 00 04 9F 2D,-./0...-,False,False,False
2026-01-21T17:30:55.192860,353.191191,RX,0x123,8,2E 2F 30 31 00 04 9F 2E,./01....,False,False,False
2026-01-21T17:30:55.193873,353.192203,RX,0x123,8,2F 30 31 32 00 04 9F 2F,/012.../,False,False,False
2026-01-21T17:30:55.196234,353.194564,RX,0x123,8,30 31 32 33 00 04 9F 30,0123...0,False,False,False
2026-01-21T17:30:55.197854,353.196185,RX,0x123,8,31 32 33 34 00 04 9F 31,1234...1,False,False,False
2026-01-21T17:30:55.199419,353.197750,RX,0x123,8,32 33 34 35 00 04 9F 32,2345...2,False,False,False
2026-01-21T17:30:55.200861,353.199192,RX,0x123,8,33 34 35 36 00 04 9F 33,3456...3,False,False,False
2026-01-21T17:30:55.201933,353.200263,RX,0x123,8,34 35 36 37 00 04 9F 34,4567...4,False,False,False
2026-01-21T17:30:55.204440,353.202770,RX,0x123,8,35 36 37 38 00 04 9F 35,5678...5,False,False,False
2026-01-21T17:30:55.205760,353.204091,RX,0x123,8,36 37 38 39 00 04 9F 36,6789...6,False,False,False
2026-01-21T17:30:55.206768,353.205098,RX,0x123,8,37 38 39 3A 00 04 9F 37,789:...7,False,False,False
2026-01-21T17:30:55.209087,353.207418,RX,0x123,8,38 39 3A 3B 00 04 9F 38,89:;...8,False,False,False
2026-01-21T17:30:55.210623,353.208954,RX,0x123,8,39 3A 3B 3C 00 04 9F 39,9:;<...9,False,False,False
2026-01-21T17:30:55.212276,353.210606,RX,0x123,8,3A 3B 3C 3D 00 04 9F 3A,:;<=...:,False,False,False
2026-01-21T17:30:55.213604,353.211935,RX,0x123,8,3B 3C 3D 3E 00 04 9F 3B,;<=>...;,False,False,False
2026-01-21T17:30:55.214978,353.213309,RX,0x123,8,3C 3D 3E 3F 00 04 9F 3C,<=>?...<,False,False,False
2026-01-21T17:30:55.215983,353.214314,RX,0x123,8,3D 3E 3F 40 00 04 9F 3D,=>?@...=,False,False,False
2026-01-21T17:30:55.217715,353.216045,RX,0x123,8,3E 3F 40 41 00 04 9F 3E,>?@A...>,False,False,False
2026-01-21T17:30:55.219513,353.217844,RX,0x123,8,3F 40 41 42 00 04 9F 3F,?@AB...?,False,False,False
2026-01-21T17:30:55.221765,353.220095,RX,0x123,8,40 41 42 43 00 04 9F 40,@ABC...@,False,False,False
2026-01-21T17:30:55.223167,353.221498,RX,0x123,8,41 42 43 44 00 04 9F 41,ABCD...A,False,False,False
2026-01-21T17:30:55.224894,353.223224,RX,0x123,8,42 43 44 45 00 04 9F 42,BCDE...B,False,False,False
2026-01-21T17:30:55.225899,353.224230,RX,0x123,8,43 44 45 46 00 04 9F 43,CDEF...C,False,False,False
2026-01-21T17:30:55.228115,353.226445,RX,0x123,8,44 45 46 47 00 04 9F 44,DEFG...D,False,False,False
2026-01-21T17:30:55.230766,353.229097,RX,0x123,8,45 46 47 48 00 04 9F 45,EFGH...E,False,False,False
2026-01-21T17:30:55.231527,353.229858,RX,0x123,8,46 47 48 49 00 04 9F 46,FGHI...F,False,False,False
2026-01-21T17:30:55.233266,353.231597,RX,0x123,8,47 48 49 4A 00 04 9F 47,GHIJ...G,False,False,False
2026-01-21T17:30:55.234275,353.232606,RX,0x123,8,48 49 4A 4B 00 04 9F 48,HIJK...H,False,False,False
2026-01-21T17:30:55.236515,353.234846,RX,0x123,8,49 4A 4B 4C 00 04 9F 49,IJKL...I,False,False,False
2026-01-21T17:30:55.238001,353.236332,RX,0x123,8,4A 4B 4C 4D 00 04 9F 4A,JKLM...J,False,False,False
2026-01-21T17:30:55.239363,353.237694,RX,0x123,8,4B 4C 4D 4E 00 04 9F 4B,KLMN...K,False,False,False
2026-01-21T17:30:55.240782,353.239113,RX,0x123,8,4C 4D 4E 4F 00 04 9F 4C,LMNO...L,False,False,False
2026-01-21T17:30:55.242128,353.240458,RX,0x123,8,4D 4E 4F 50 00 04 9F 4D,MNOP...M,False,False,False
2026-01-21T17:30:55.243563,353.241894,RX,0x123,8,4E 4F 50 51 00 04 9F 4E,NOPQ...N,False,False,False
2026-01-21T17:30:55.244969,353.243299,RX,0x123,8,4F 50 51 52 00 04 9F 4F,OPQR...O,False,False,False
2026-01-21T17:30:55.246478,353.244809,RX,0x123,8,50 51 52 53 00 04 9F 50,PQRS...P,False,False,False
2026-01-21T17:30:55.247921,353.246252,RX,0x123,8,51 52 53 54 00 04 9F 51,QRST...Q,False,False,False
2026-01-21T17:30:55.249259,353.247590,RX,0x123,8,52 53 54 55 00 04 9F 52,RSTU...R,False,False,False
2026-01-21T17:30:55.250709,353.249039,RX,0x123,8,53 54 55 56 00 04 9F 53,STUV...S,False,False,False
2026-01-21T17:30:55.252055,353.250386,RX,0x123,8,54 55 56 57 00 04 9F 54,TUVW...T,False,False,False
2026-01-21T17:30:55.253374,353.251704,RX,0x123,8,55 56 57 58 00 04 9F 55,UVWX...U,False,False,False
2026-01-21T17:30:55.254940,353.253271,RX,0x123,8,56 57 58 59 00 04 9F 56,VWXY...V,False,False,False
2026-01-21T17:30:55.255963,353.254294,RX,0x123,8,57 58 59 5A 00 04 9F 57,WXYZ...W,False,False,False
2026-01-21T17:30:55.258378,353.256709,RX,0x123,8,58 59 5A 5B 00 04 9F 58,XYZ[...X,False,False,False
2026-01-21T17:30:55.259813,353.258143,RX,0x123,8,59 5A 5B 5C 00 04 9F 59,YZ[\...Y,False,False,False
2026-01-21T17:30:55.261315,353.259646,RX,0x123,8,5A 5B 5C 5D 00 04 9F 5A,Z[\]...Z,False,False,False
2026-01-21T17:30:55.262326,353.260657,RX,0x123,8,5B 5C 5D 5E 00 04 9F 5B,[\]^...[,False,False,False
2026-01-21T17:30:55.264446,353.262777,RX,0x123,8,5C 5D 5E 5F 00 04 9F 5C,\]^_...\,False,False,False
2026-01-21T17:30:55.265909,353.264239,RX,0x123,8,5D 5E 5F 60 00 04 9F 5D,]^_`...],False,False,False
2026-01-21T17:30:55.267438,353.265769,RX,0x123,8,5E 5F 60 61 00 04 9F 5E,^_`a...^,False,False,False
2026-01-21T17:30:55.268761,353.267091,RX,0x123,8,5F 60 61 62 00 04 9F 5F,_`ab..._,False,False,False
2026-01-21T17:30:55.270106,353.268437,RX,0x123,8,60 61 62 63 00 04 9F 60,`abc...`,False,False,False
2026-01-21T17:30:55.271615,353.269945,RX,0x123,8,61 62 63 64 00 04 9F 61,abcd...a,False,False,False
2026-01-21T17:30:55.273160,353.271491,RX,0x123,8,62 63 64 65 00 04 9F 62,bcde...b,False,False,False
2026-01-21T17:30:55.274722,353.273053,RX,0x123,8,63 64 65 66 00 04 9F 63,cdef...c,False,False,False
2026-01-21T17:30:55.276686,353.275016,RX,0x123,8,64 65 66 67 00 04 9F 64,defg...d,False,False,False
2026-01-21T17:30:55.278671,353.277002,RX,0x123,8,65 66 67 68 00 04 9F 65,efgh...e,False,False,False
2026-01-21T17:30:55.280464,353.278794,RX,0x123,8,66 67 68 69 00 04 9F 66,fghi...f,False,False,False
2026-01-21T17:30:55.281537,353.279868,RX,0x123,8,67 68 69 6A 00 04 9F 67,ghij...g,False,False,False
2026-01-21T17:30:55.284291,353.282621,RX,0x123,8,68 69 6A 6B 00 04 9F 68,hijk...h,False,False,False
2026-01-21T17:30:55.285759,353.284090,RX,0x123,8,69 6A 6B 6C 00 04 9F 69,ijkl...i,False,False,False
2026-01-21T17:30:55.287402,353.285732,RX,0x123,8,6A 6B 6C 6D 00 04 9F 6A,jklm...j,False,False,False
2026-01-21T17:30:55.288776,353.287107,RX,0x123,8,6B 6C 6D 6E 00 04 9F 6B,klmn...k,False,False,False
2026-01-21T17:30:55.290543,353.288873,RX,0x123,8,6C 6D 6E 6F 00 04 9F 6C,lmno...l,False,False,False
2026-01-21T17:30:55.291597,353.289928,RX,0x123,8,6D 6E 6F 70 00 04 9F 6D,mnop...m,False,False,False
2026-01-21T17:30:55.294275,353.292606,RX,0x123,8,6E 6F 70 71 00 04 9F 6E,nopq...n,False,False,False
2026-01-21T17:30:55.295815,353.294145,RX,0x123,8,6F 70 71 72 00 04 9F 6F,opqr...o,False,False,False
2026-01-21T17:30:55.297140,353.295471,RX,0x123,8,70 71 72 73 00 04 9F 70,pqrs...p,False,False,False
2026-01-21T17:30:55.298597,353.296928,RX,0x123,8,71 72 73 74 00 04 9F 71,qrst...q,False,False,False
2026-01-21T17:30:55.299909,353.298239,RX,0x123,8,72 73 74 75 00 04 9F 72,rstu...r,False,False,False
2026-01-21T17:30:55.300917,353.299247,RX,0x123,8,73 74 75 76 00 04 9F 73,stuv...s,False,False,False
2026-01-21T17:30:55.303100,353.301431,RX,0x123,8,74 75 76 77 00 04 9F 74,tuvw...t,False,False,False
2026-01-21T17:30:55.304635,353.302966,RX,0x123,8,75 76 77 78 00 04 9F 75,uvwx...u,False,False,False
2026-01-21T17:30:55.306143,353.304474,RX,0x123,8,76 77 78 79 00 04 9F 76,vwxy...v,False,False,False
2026-01-21T17:30:55.307844,353.306175,RX,0x123,8,77 78 79 7A 00 04 9F 77,wxyz...w,False,False,False
2026-01-21T17:30:55.309512,353.307843,RX,0x123,8,78 79 7A 7B 00 04 9F 78,xyz{...x,False,False,False
2026-01-21T17:30:55.311140,353.309470,RX,0x123,8,79 7A 7B 7C 00 04 9F 79,yz{|...y,False,False,False
2026-01-21T17:30:55.312786,353.311116,RX,0x123,8,7A 7B 7C 7D 00 04 9F 7A,z{|}...z,False,False,False
2026-01-21T17:30:55.314386,353.312716,RX,0x123,8,7B 7C 7D 7E 00 04 9F 7B,{|}~...{,False,False,False
2026-01-21T17:30:55.316028,353.314359,RX,0x123,8,7C 7D 7E 7F 00 04 9F 7C,|}~....|,False,False,False
2026-01-21T17:30:55.317537,353.315867,RX,0x123,8,7D 7E 7F 80 00 04 9F 7D,}~.....},False,False,False
2026-01-21T17:30:55.319240,353.317570,RX,0x123,8,7E 7F 80 81 00 04 9F 7E,~......~,False,False,False
2026-01-21T17:30:55.320245,353.318575,RX,0x123,8,7F 80 81 82 00 04 9F 7F,........,False,False,False
2026-01-21T17:30:55.322530,353.320861,RX,0x123,8,80 81 82 83 00 04 9F 80,........,False,False,False
2026-01-21T17:30:55.324017,353.322347,RX,0x123,8,81 82 83 84 00 04 9F 81,........,False,False,False
2026-01-21T17:30:55.325355,353.323685,RX,0x123,8,82 83 84 85 00 04 9F 82,........,False,False,False
2026-01-21T17:30:55.326756,353.325087,RX,0x123,8,83 84 85 86 00 04 9F 83,........,False,False,False
2026-01-21T17:30:55.328473,353.326803,RX,0x123,8,84 85 86 87 00 04 9F 84,........,False,False,False
2026-01-21T17:30:55.330454,353.328784,RX,0x123,8,85 86 87 88 00 04 9F 85,........,False,False,False
2026-01-21T17:30:55.332864,353.331194,RX,0x123,8,86 87 88 89 00 04 9F 86,........,False,False,False
2026-01-21T17:30:55.334644,353.332975,RX,0x123,8,87 88 89 8A 00 04 9F 87,........,False,False,False
2026-01-21T17:30:55.335995,353.334326,RX,0x123,8,88 89 8A 8B 00 04 9F 88,........,False,False,False
2026-01-21T17:30:55.337741,353.336072,RX,0x123,8,89 8A 8B 8C 00 04 9F 89,........,False,False,False
2026-01-21T17:30:55.339640,353.337970,RX,0x123,8,8A 8B 8C 8D 00 04 9F 8A,........,False,False,False
2026-01-21T17:30:55.341693,353.340023,RX,0x123,8,8B 8C 8D 8E 00 04 9F 8B,........,False,False,False
2026-01-21T17:30:55.343246,353.341577,RX,0x123,8,8C 8D 8E 8F 00 04 9F 8C,........,False,False,False
2026-01-21T17:30:55.345071,353.343402,RX,0x123,8,8D 8E 8F 90 00 04 9F 8D,........,False,False,False
2026-01-21T17:30:55.346989,353.345319,RX,0x123,8,8E 8F 90 91 00 04 9F 8E,........,False,False,False
2026-01-21T17:30:55.347935,353.346265,RX,0x123,8,8F 90 91 92 00 04 9F 8F,........,False,False,False
2026-01-21T17:30:55.350663,353.348993,RX,0x123,8,90 91 92 93 00 04 9F 90,........,False,False,False
2026-01-21T17:30:55.352417,353.350748,RX,0x123,8,91 92 93 94 00 04 9F 91,........,False,False,False
2026-01-21T17:30:55.354772,353.353103,RX,0x123,8,92 93 94 95 00 04 9F 92,........,False,False,False
2026-01-21T17:30:55.356186,353.354516,RX,0x123,8,93 94 95 96 00 04 9F 93,........,False,False,False
2026-01-21T17:30:55.357757,353.356087,RX,0x123,8,94 95 96 97 00 04 9F 94,........,False,False,False
2026-01-21T17:30:55.359435,353.357766,RX,0x123,8,95 96 97 98 00 04 9F 95,........,False,False,False
2026-01-21T17:30:55.361320,353.359650,RX,0x123,8,96 97 98 99 00 04 9F 96,........,False,False,False
2026-01-21T17:30:55.362331,353.360662,RX,0x123,8,97 98 99 9A 00 04 9F 97,........,False,False,False
2026-01-21T17:30:55.364404,353.362734,RX,0x123,8,98 99 9A 9B 00 04 9F 98,........,False,False,False
2026-01-21T17:30:55.366341,353.364672,RX,0x123,8,99 9A 9B 9C 00 04 9F 99,........,False,False,False
2026-01-21T17:30:55.367775,353.366106,RX,0x123,8,9A 9B 9C 9D 00 04 9F 9A,........,False,False,False
2026-01-21T17:30:55.368786,353.367117,RX,0x123,8,9B 9C 9D 9E 00 04 9F 9B,........,False,False,False
2026-01-21T17:30:55.371115,353.369446,RX,0x123,8,9C 9D 9E 9F 00 04 9F 9C,........,False,False,False
2026-01-21T17:30:55.372110,353.370440,RX,0x123,8,9D 9E 9F A0 00 04 9F 9D,........,False,False,False
2026-01-21T17:30:55.374401,353.372731,RX,0x123,8,9E 9F A0 A1 00 04 9F 9E,........,False,False,False
2026-01-21T17:30:55.375834,353.374164,RX,0x123,8,9F A0 A1 A2 00 04 9F 9F,........,False,False,False
2026-01-21T17:30:55.377349,353.375679,RX,0x123,8,A0 A1 A2 A3 00 04 9F A0,........,False,False,False
2026-01-21T17:30:55.378710,353.377041,RX,0x123,8,A1 A2 A3 A4 00 04 9F A1,........,False,False,False
2026-01-21T17:30:55.380375,353.378706,RX,0x123,8,A2 A3 A4 A5 00 04 9F A2,........,False,False,False
2026-01-21T17:30:55.382421,353.380751,RX,0x123,8,A3 A4 A5 A6 00 04 9F A3,........,False,False,False
2026-01-21T17:30:55.383820,353.382151,RX,0x123,8,A4 A5 A6 A7 00 04 9F A4,........,False,False,False
2026-01-21T17:30:55.385199,353.383530,RX,0x123,8,A5 A6 A7 A8 00 04 9F A5,........,False,False,False
2026-01-21T17:30:55.386210,353.384541,RX,0x123,8,A6 A7 A8 A9 00 04 9F A6,........,False,False,False
2026-01-21T17:30:55.388392,353.386722,RX,0x123,8,A7 A8 A9 AA 00 04 9F A7,........,False,False,False
2026-01-21T17:30:55.389399,353.387729,RX,0x123,8,A8 A9 AA AB 00 04 9F A8,........,False,False,False
2026-01-21T17:30:55.391779,353.390109,RX,0x123,8,A9 AA AB AC 00 04 9F A9,........,False,False,False
2026-01-21T17:30:55.393199,353.391530,RX,0x123,8,AA AB AC AD 00 04 9F AA,........,False,False,False
2026-01-21T17:30:55.394579,353.392910,RX,0x123,8,AB AC AD AE 00 04 9F AB,........,False,False,False
2026-01-21T17:30:55.395962,353.394292,RX,0x123,8,AC AD AE AF 00 04 9F AC,........,False,False,False
2026-01-21T17:30:55.397584,353.395915,RX,0x123,8,AD AE AF B0 00 04 9F AD,........,False,False,False
2026-01-21T17:30:55.398592,353.396922,RX,0x123,8,AE AF B0 B1 00 04 9F AE,........,False,False,False
2026-01-21T17:30:55.401380,353.399711,RX,0x123,8,AF B0 B1 B2 00 04 9F AF,........,False,False,False
2026-01-21T17:30:55.402784,353.401114,RX,0x123,8,B0 B1 B2 B3 00 04 9F B0,........,False,False,False
2026-01-21T17:30:55.403795,353.402126,RX,0x123,8,B1 B2 B3 B4 00 04 9F B1,........,False,False,False
2026-01-21T17:30:55.406334,353.404665,RX,0x123,8,B2 B3 B4 B5 00 04 9F B2,........,False,False,False
2026-01-21T17:30:55.408159,353.406489,RX,0x123,8,B3 B4 B5 B6 00 04 9F B3,........,False,False,False
2026-01-21T17:30:55.409888,353.408219,RX,0x123,8,B4 B5 B6 B7 00 04 9F B4,........,False,False,False
2026-01-21T17:30:55.411331,353.409662,RX,0x123,8,B5 B6 B7 B8 00 04 9F B5,........,False,False,False
2026-01-21T17:30:55.413037,353.411367,RX,0x123,8,B6 B7 B8 B9 00 04 9F B6,........,False,False,False
2026-01-21T17:30:55.414910,353.413240,RX,0x123,8,B7 B8 B9 BA 00 04 9F B7,........,False,False,False
2026-01-21T17:30:55.416541,353.414871,RX,0x123,8,B8 B9 BA BB 00 04 9F B8,........,False,False,False
2026-01-21T17:30:55.418435,353.416765,RX,0x123,8,B9 BA BB BC 00 04 9F B9,........,False,False,False
2026-01-21T17:30:55.419895,353.418225,RX,0x123,8,BA BB BC BD 00 04 9F BA,........,False,False,False
2026-01-21T17:30:55.421747,353.420077,RX,0x123,8,BB BC BD BE 00 04 9F BB,........,False,False,False
2026-01-21T17:30:55.423617,353.421947,RX,0x123,8,BC BD BE BF 00 04 9F BC,........,False,False,False
2026-01-21T17:30:55.425070,353.423401,RX,0x123,8,BD BE BF C0 00 04 9F BD,........,False,False,False
2026-01-21T17:30:55.426509,353.424840,RX,0x123,8,BE BF C0 C1 00 04 9F BE,........,False,False,False
2026-01-21T17:30:55.427960,353.426291,RX,0x123,8,BF C0 C1 C2 00 04 9F BF,........,False,False,False
2026-01-21T17:30:55.429389,353.427719,RX,0x123,8,C0 C1 C2 C3 00 04 9F C0,........,False,False,False
2026-01-21T17:30:55.431437,353.429768,RX,0x123,8,C1 C2 C3 C4 00 04 9F C1,........,False,False,False
2026-01-21T17:30:55.432927,353.431257,RX,0x123,8,C2 C3 C4 C5 00 04 9F C2,........,False,False,False
2026-01-21T17:30:55.434450,353.432781,RX,0x123,8,C3 C4 C5 C6 00 04 9F C3,........,False,False,False
2026-01-21T17:30:55.436075,353.434406,RX,0x123,8,C4 C5 C6 C7 00 04 9F C4,........,False,False,False
2026-01-21T17:30:55.438266,353.436596,RX,0x123,8,C5 C6 C7 C8 00 04 9F C5,........,False,False,False
2026-01-21T17:30:55.439706,353.438037,RX,0x123,8,C6 C7 C8 C9 00 04 9F C6,........,False,False,False
2026-01-21T17:30:55.441389,353.439720,RX,0x123,8,C7 C8 C9 CA 00 04 9F C7,........,False,False,False
2026-01-21T17:30:55.443601,353.441932,RX,0x123,8,C8 C9 CA CB 00 04 9F C8,........,False,False,False
2026-01-21T17:30:55.445736,353.444066,RX,0x123,8,C9 CA CB CC 00 04 9F C9,........,False,False,False
2026-01-21T17:30:55.447501,353.445832,RX,0x123,8,CA CB CC CD 00 04 9F CA,........,False,False,False
2026-01-21T17:30:55.449547,353.447877,RX,0x123,8,CB CC CD CE 00 04 9F CB,........,False,False,False
2026-01-21T17:30:55.451249,353.449580,RX,0x123,8,CC CD CE CF 00 04 9F CC,........,False,False,False
2026-01-21T17:30:55.453313,353.451644,RX,0x123,8,CD CE CF D0 00 04 9F CD,........,False,False,False
2026-01-21T17:30:55.455099,353.453430,RX,0x123,8,CE CF D0 D1 00 04 9F CE,........,False,False,False
2026-01-21T17:30:55.457140,353.455471,RX,0x123,8,CF D0 D1 D2 00 04 9F CF,........,False,False,False
2026-01-21T17:30:55.458972,353.457303,RX,0x123,8,D0 D1 D2 D3 00 04 9F D0,........,False,False,False
2026-01-21T17:30:55.460834,353.459165,RX,0x123,8,D1 D2 D3 D4 00 04 9F D1,........,False,False,False
2026-01-21T17:30:55.462020,353.460351,RX,0x123,8,D2 D3 D4 D5 00 04 9F D2,........,False,False,False
2026-01-21T17:30:55.464350,353.462680,RX,0x123,8,D3 D4 D5 D6 00 04 9F D3,........,False,False,False
2026-01-21T17:30:55.465894,353.464225,RX,0x123,8,D4 D5 D6 D7 00 04 9F D4,........,False,False,False
2026-01-21T17:30:55.467774,353.466105,RX,0x123,8,D5 D6 D7 D8 00 04 9F D5,........,False,False,False
2026-01-21T17:30:55.469550,353.467880,RX,0x123,8,D6 D7 D8 D9 00 04 9F D6,........,False,False,False
2026-01-21T17:30:55.471324,353.469655,RX,0x123,8,D7 D8 D9 DA 00 04 9F D7,........,False,False,False
2026-01-21T17:30:55.472805,353.471135,RX,0x123,8,D8 D9 DA DB 00 04 9F D8,........,False,False,False
2026-01-21T17:30:55.474175,353.472506,RX,0x123,8,D9 DA DB DC 00 04 9F D9,........,False,False,False
2026-01-21T17:30:55.475578,353.473909,RX,0x123,8,DA DB DC DD 00 04 9F DA,........,False,False,False
2026-01-21T17:30:55.477147,353.475478,RX,0x123,8,DB DC DD DE 00 04 9F DB,........,False,False,False
2026-01-21T17:30:55.479269,353.477600,RX,0x123,8,DC DD DE DF 00 04 9F DC,........,False,False,False
2026-01-21T17:30:55.481089,353.479419,RX,0x123,8,DD DE DF E0 00 04 9F DD,........,False,False,False
2026-01-21T17:30:55.482520,353.480850,RX,0x123,8,DE DF E0 E1 00 04 9F DE,........,False,False,False
2026-01-21T17:30:55.484420,353.482751,RX,0x123,8,DF E0 E1 E2 00 04 9F DF,........,False,False,False
2026-01-21T17:30:55.485436,353.483767,RX,0x123,8,E0 E1 E2 E3 00 04 9F E0,........,False,False,False
2026-01-21T17:30:55.488315,353.486645,RX,0x123,8,E1 E2 E3 E4 00 04 9F E1,........,False,False,False
2026-01-21T17:30:55.489770,353.488100,RX,0x123,8,E2 E3 E4 E5 00 04 9F E2,........,False,False,False
2026-01-21T17:30:55.491242,353.489572,RX,0x123,8,E3 E4 E5 E6 00 04 9F E3,........,False,False,False
2026-01-21T17:30:55.492648,353.490979,RX,0x123,8,E4 E5 E6 E7 00 04 9F E4,........,False,False,False
2026-01-21T17:30:55.494488,353.492818,RX,0x123,8,E5 E6 E7 E8 00 04 9F E5,........,False,False,False
2026-01-21T17:30:55.496248,353.494579,RX,0x123,8,E6 E7 E8 E9 00 04 9F E6,........,False,False,False
2026-01-21T17:30:55.498114,353.496445,RX,0x123,8,E7 E8 E9 EA 00 04 9F E7,........,False,False,False
2026-01-21T17:30:55.499760,353.498090,RX,0x123,8,E8 E9 EA EB 00 04 9F E8,........,False,False,False
2026-01-21T17:30:55.501182,353.499513,RX,0x123,8,E9 EA EB EC 00 04 9F E9,........,False,False,False
2026-01-21T17:30:55.503259,353.501590,RX,0x123,8,EA EB EC ED 00 04 9F EA,........,False,False,False
2026-01-21T17:30:55.504707,353.503037,RX,0x123,8,EB EC ED EE 00 04 9F EB,........,False,False,False
2026-01-21T17:30:55.505718,353.504048,RX,0x123,8,EC ED EE EF 00 04 9F EC,........,False,False,False
2026-01-21T17:30:55.508059,353.506390,RX,0x123,8,ED EE EF F0 00 04 9F ED,........,False,False,False
2026-01-21T17:30:55.509066,353.507396,RX,0x123,8,EE EF F0 F1 00 04 9F EE,........,False,False,False
2026-01-21T17:30:55.511265,353.509596,RX,0x123,8,EF F0 F1 F2 00 04 9F EF,........,False,False,False
2026-01-21T17:30:55.512618,353.510949,RX,0x123,8,F0 F1 F2 F3 00 04 9F F0,........,False,False,False
2026-01-21T17:30:55.513963,353.512294,RX,0x123,8,F1 F2 F3 F4 00 04 9F F1,........,False,False,False
2026-01-21T17:30:55.514970,353.513301,RX,0x123,8,F2 F3 F4 F5 00 04 9F F2,........,False,False,False
2026-01-21T17:30:55.517057,353.515387,RX,0x123,8,F3 F4 F5 F6 00 04 9F F3,........,False,False,False
2026-01-21T17:30:55.518069,353.516400,RX,0x123,8,F4 F5 F6 F7 00 04 9F F4,........,False,False,False
2026-01-21T17:30:55.519804,353.518134,RX,0x123,8,F5 F6 F7 F8 00 04 9F F5,........,False,False,False
2026-01-21T17:30:55.521564,353.519894,RX,0x123,8,F6 F7 F8 F9 00 04 9F F6,........,False,False,False
2026-01-21T17:30:55.523769,353.522099,RX,0x123,8,F7 F8 F9 FA 00 04 9F F7,........,False,False,False
2026-01-21T17:30:55.525300,353.523631,RX,0x123,8,F8 F9 FA FB 00 04 9F F8,........,False,False,False
2026-01-21T17:30:55.526768,353.525098,RX,0x123,8,F9 FA FB FC 00 04 9F F9,........,False,False,False
2026-01-21T17:30:55.527785,353.526115,RX,0x123,8,FA FB FC FD 00 04 9F FA,........,False,False,False
2026-01-21T17:30:55.530058,353.528389,RX,0x123,8,FB FC FD FE 00 04 9F FB,........,False,False,False
2026-01-21T17:30:55.531575,353.529906,RX,0x123,8,FC FD FE FF 00 04 9F FC,........,False,False,False
2026-01-21T17:30:55.532967,353.531297,RX,0x123,8,FD FE FF 00 00 04 9F FD,........,False,False,False
2026-01-21T17:30:55.533978,353.532309,RX,0x123,8,FE FF 00 01 00 04 9F FE,........,False,False,False
2026-01-21T17:30:55.535788,353.534119,RX,0x123,8,FF 00 01 02 00 04 9F FF,........,False,False,False
2026-01-21T17:30:55.538299,353.536629,RX,0x123,8,00 01 02 03 00 04 A0 00,........,False,False,False
2026-01-21T17:30:55.539713,353.538044,RX,0x123,8,01 02 03 04 00 04 A0 01,........,False,False,False
2026-01-21T17:30:55.541738,353.540069,RX,0x123,8,02 03 04 05 00 04 A0 02,........,False,False,False
2026-01-21T17:30:55.543246,353.541577,RX,0x123,8,03 04 05 06 00 04 A0 03,........,False,False,False
2026-01-21T17:30:55.544692,353.543022,RX,0x123,8,04 05 06 07 00 04 A0 04,........,False,False,False
2026-01-21T17:30:55.546397,353.544727,RX,0x123,8,05 06 07 08 00 04 A0 05,........,False,False,False
2026-01-21T17:30:55.548429,353.546760,RX,0x123,8,06 07 08 09 00 04 A0 06,........,False,False,False
2026-01-21T17:30:55.549942,353.548272,RX,0x123,8,07 08 09 0A 00 04 A0 07,........,False,False,False
2026-01-21T17:30:55.552145,353.550475,RX,0x123,8,08 09 0A 0B 00 04 A0 08,........,False,False,False
2026-01-21T17:30:55.553210,353.551540,RX,0x123,8,09 0A 0B 0C 00 04 A0 09,........,False,False,False
2026-01-21T17:30:55.555145,353.553475,RX,0x123,8,0A 0B 0C 0D 00 04 A0 0A,........,False,False,False
2026-01-21T17:30:55.557012,353.555343,RX,0x123,8,0B 0C 0D 0E 00 04 A0 0B,........,False,False,False
2026-01-21T17:30:55.558539,353.556870,RX,0x123,8,0C 0D 0E 0F 00 04 A0 0C,........,False,False,False
2026-01-21T17:30:55.560312,353.558643,RX,0x123,8,0D 0E 0F 10 00 04 A0 0D,........,False,False,False
2026-01-21T17:30:55.561907,353.560237,RX,0x123,8,0E 0F 10 11 00 04 A0 0E,........,False,False,False
2026-01-21T17:30:55.562978,353.561309,RX,0x123,8,0F 10 11 12 00 04 A0 0F,........,False,False,False
2026-01-21T17:30:55.565111,353.563441,RX,0x123,8,10 11 12 13 00 04 A0 10,........,False,False,False
2026-01-21T17:30:55.566711,353.565042,RX,0x123,8,11 12 13 14 00 04 A0 11,........,False,False,False
2026-01-21T17:30:55.568425,353.566756,RX,0x123,8,12 13 14 15 00 04 A0 12,........,False,False,False
2026-01-21T17:30:55.570091,353.568422,RX,0x123,8,13 14 15 16 00 04 A0 13,........,False,False,False
2026-01-21T17:30:55.572058,353.570389,RX,0x123,8,14 15 16 17 00 04 A0 14,........,False,False,False
2026-01-21T17:30:55.573562,353.571893,RX,0x123,8,15 16 17 18 00 04 A0 15,........,False,False,False
2026-01-21T17:30:55.575057,353.573387,RX,0x123,8,16 17 18 19 00 04 A0 16,........,False,False,False
2026-01-21T17:30:55.576829,353.575159,RX,0x123,8,17 18 19 1A 00 04 A0 17,........,False,False,False
2026-01-21T17:30:55.578681,353.577012,RX,0x123,8,18 19 1A 1B 00 04 A0 18,........,False,False,False
2026-01-21T17:30:55.580715,353.579046,RX,0x123,8,19 1A 1B 1C 00 04 A0 19,........,False,False,False
2026-01-21T17:30:55.582230,353.580561,RX,0x123,8,1A 1B 1C 1D 00 04 A0 1A,........,False,False,False
2026-01-21T17:30:55.584755,353.583086,RX,0x123,8,1B 1C 1D 1E 00 04 A0 1B,........,False,False,False
2026-01-21T17:30:55.586508,353.584838,RX,0x123,8,1C 1D 1E 1F 00 04 A0 1C,........,False,False,False
2026-01-21T17:30:55.588694,353.587025,RX,0x123,8,1D 1E 1F 20 00 04 A0 1D,... ....,False,False,False
2026-01-21T17:30:55.590631,353.588961,RX,0x123,8,1E 1F 20 21 00 04 A0 1E,.. !....,False,False,False
2026-01-21T17:30:55.592147,353.590478,RX,0x123,8,1F 20 21 22 00 04 A0 1F,". !""....",False,False,False
2026-01-21T17:30:55.593842,353.592172,RX,0x123,8,20 21 22 23 00 04 A0 20," !""#... ",False,False,False
2026-01-21T17:30:55.596393,353.594724,RX,0x123,8,21 22 23 24 00 04 A0 21,"!""#$...!",False,False,False
2026-01-21T17:30:55.598004,353.596334,RX,0x123,8,22 23 24 25 00 04 A0 22,"""#$%...""",False,False,False
2026-01-21T17:30:55.600543,353.598874,RX,0x123,8,23 24 25 26 00 04 A0 23,#$%&...#,False,False,False
2026-01-21T17:30:55.601555,353.599885,RX,0x123,8,24 25 26 27 00 04 A0 24,$%&'...$,False,False,False
2026-01-21T17:30:55.604102,353.602433,RX,0x123,8,25 26 27 28 00 04 A0 25,%&'(...%,False,False,False
2026-01-21T17:30:55.606514,353.604844,RX,0x123,8,26 27 28 29 00 04 A0 26,&'()...&,False,False,False
2026-01-21T17:30:55.608334,353.606665,RX,0x123,8,27 28 29 2A 00 04 A0 27,'()*...',False,False,False
2026-01-21T17:30:55.610301,353.608632,RX,0x123,8,28 29 2A 2B 00 04 A0 28,()*+...(,False,False,False
2026-01-21T17:30:55.612234,353.610564,RX,0x123,8,29 2A 2B 2C 00 04 A0 29,")*+,...)",False,False,False
2026-01-21T17:30:55.614469,353.612800,RX,0x123,8,2A 2B 2C 2D 00 04 A0 2A,"*+,-...*",False,False,False
2026-01-21T17:30:55.616418,353.614749,RX,0x123,8,2B 2C 2D 2E 00 04 A0 2B,"+,-....+",False,False,False
2026-01-21T17:30:55.618779,353.617109,RX,0x123,8,2C 2D 2E 2F 00 04 A0 2C,",-./...,",False,False,False
2026-01-21T17:30:55.621193,353.618565,RX,0x123,8,2D 2E 2F 30 00 04 A0 2D,-./0...-,False,False,False
2026-01-21T17:30:55.622994,353.621325,RX,0x123,8,2E 2F 30 31 00 04 A0 2E,./01....,False,False,False
2026-01-21T17:30:55.625271,353.623602,RX,0x123,8,2F 30 31 32 00 04 A0 2F,/012.../,False,False,False
2026-01-21T17:30:55.627112,353.625442,RX,0x123,8,30 31 32 33 00 04 A0 30,0123...0,False,False,False
2026-01-21T17:30:55.629190,353.627521,RX,0x123,8,31 32 33 34 00 04 A0 31,1234...1,False,False,False
2026-01-21T17:30:55.630671,353.629002,RX,0x123,8,32 33 34 35 00 04 A0 32,2345...2,False,False,False
2026-01-21T17:30:55.632256,353.630587,RX,0x123,8,33 34 35 36 00 04 A0 33,3456...3,False,False,False
2026-01-21T17:30:55.633994,353.632325,RX,0x123,8,34 35 36 37 00 04 A0 34,4567...4,False,False,False
2026-01-21T17:30:55.635932,353.634263,RX,0x123,8,35 36 37 38 00 04 A0 35,5678...5,False,False,False
2026-01-21T17:30:55.638386,353.636717,RX,0x123,8,36 37 38 39 00 04 A0 36,6789...6,False,False,False
2026-01-21T17:30:55.640151,353.638482,RX,0x123,8,37 38 39 3A 00 04 A0 37,789:...7,False,False,False
2026-01-21T17:30:55.642170,353.640500,RX,0x123,8,38 39 3A 3B 00 04 A0 38,89:;...8,False,False,False
2026-01-21T17:30:55.643679,353.642009,RX,0x123,8,39 3A 3B 3C 00 04 A0 39,9:;<...9,False,False,False
2026-01-21T17:30:55.646067,353.644397,RX,0x123,8,3A 3B 3C 3D 00 04 A0 3A,:;<=...:,False,False,False
2026-01-21T17:30:55.647853,353.646184,RX,0x123,8,3B 3C 3D 3E 00 04 A0 3B,;<=>...;,False,False,False
2026-01-21T17:30:55.650278,353.648608,RX,0x123,8,3C 3D 3E 3F 00 04 A0 3C,<=>?...<,False,False,False
2026-01-21T17:30:55.652291,353.650621,RX,0x123,8,3D 3E 3F 40 00 04 A0 3D,=>?@...=,False,False,False
2026-01-21T17:30:55.653803,353.652134,RX,0x123,8,3E 3F 40 41 00 04 A0 3E,>?@A...>,False,False,False
2026-01-21T17:30:55.655517,353.653847,RX,0x123,8,3F 40 41 42 00 04 A0 3F,?@AB...?,False,False,False
2026-01-21T17:30:55.657080,353.655411,RX,0x123,8,40 41 42 43 00 04 A0 40,@ABC...@,False,False,False
2026-01-21T17:30:55.658734,353.657065,RX,0x123,8,41 42 43 44 00 04 A0 41,ABCD...A,False,False,False
2026-01-21T17:30:55.660638,353.658969,RX,0x123,8,42 43 44 45 00 04 A0 42,BCDE...B,False,False,False
2026-01-21T17:30:55.662111,353.660442,RX,0x123,8,43 44 45 46 00 04 A0 43,CDEF...C,False,False,False
2026-01-21T17:30:55.663123,353.661454,RX,0x123,8,44 45 46 47 00 04 A0 44,DEFG...D,False,False,False
2026-01-21T17:30:55.665292,353.663622,RX,0x123,8,45 46 47 48 00 04 A0 45,EFGH...E,False,False,False
2026-01-21T17:30:55.666881,353.665212,RX,0x123,8,46 47 48 49 00 04 A0 46,FGHI...F,False,False,False
2026-01-21T17:30:55.668603,353.666934,RX,0x123,8,47 48 49 4A 00 04 A0 47,GHIJ...G,False,False,False
2026-01-21T17:30:55.670445,353.668776,RX,0x123,8,48 49 4A 4B 00 04 A0 48,HIJK...H,False,False,False
2026-01-21T17:30:55.672083,353.670414,RX,0x123,8,49 4A 4B 4C 00 04 A0 49,IJKL...I,False,False,False
2026-01-21T17:30:55.673643,353.671973,RX,0x123,8,4A 4B 4C 4D 00 04 A0 4A,JKLM...J,False,False,False
2026-01-21T17:30:55.675422,353.673752,RX,0x123,8,4B 4C 4D 4E 00 04 A0 4B,KLMN...K,False,False,False
2026-01-21T17:30:55.677232,353.675563,RX,0x123,8,4C 4D 4E 4F 00 04 A0 4C,LMNO...L,False,False,False
2026-01-21T17:30:55.678739,353.677070,RX,0x123,8,4D 4E 4F 50 00 04 A0 4D,MNOP...M,False,False,False
2026-01-21T17:30:55.680416,353.678747,RX,0x123,8,4E 4F 50 51 00 04 A0 4E,NOPQ...N,False,False,False
2026-01-21T17:30:55.682224,353.680554,RX,0x123,8,4F 50 51 52 00 04 A0 4F,OPQR...O,False,False,False
2026-01-21T17:30:55.683746,353.682077,RX,0x123,8,50 51 52 53 00 04 A0 50,PQRS...P,False,False,False
2026-01-21T17:30:55.685292,353.683623,RX,0x123,8,51 52 53 54 00 04 A0 51,QRST...Q,False,False,False
2026-01-21T17:30:55.686610,353.684940,RX,0x123,8,52 53 54 55 00 04 A0 52,RSTU...R,False,False,False
2026-01-21T17:30:55.688295,353.686625,RX,0x123,8,53 54 55 56 00 04 A0 53,STUV...S,False,False,False
2026-01-21T17:30:55.689754,353.688084,RX,0x123,8,54 55 56 57 00 04 A0 54,TUVW...T,False,False,False
2026-01-21T17:30:55.691215,353.689545,RX,0x123,8,55 56 57 58 00 04 A0 55,UVWX...U,False,False,False
2026-01-21T17:30:55.692222,353.690553,RX,0x123,8,56 57 58 59 00 04 A0 56,VWXY...V,False,False,False
2026-01-21T17:30:55.694317,353.692648,RX,0x123,8,57 58 59 5A 00 04 A0 57,WXYZ...W,False,False,False
2026-01-21T17:30:55.696052,353.694383,RX,0x123,8,58 59 5A 5B 00 04 A0 58,XYZ[...X,False,False,False
2026-01-21T17:30:55.697881,353.696212,RX,0x123,8,59 5A 5B 5C 00 04 A0 59,YZ[\...Y,False,False,False
2026-01-21T17:30:55.700226,353.698557,RX,0x123,8,5A 5B 5C 5D 00 04 A0 5A,Z[\]...Z,False,False,False
2026-01-21T17:30:55.702244,353.700574,RX,0x123,8,5B 5C 5D 5E 00 04 A0 5B,[\]^...[,False,False,False
2026-01-21T17:30:55.703866,353.702197,RX,0x123,8,5C 5D 5E 5F 00 04 A0 5C,\]^_...\,False,False,False
2026-01-21T17:30:55.705811,353.704141,RX,0x123,8,5D 5E 5F 60 00 04 A0 5D,]^_`...],False,False,False
2026-01-21T17:30:55.708003,353.706333,RX,0x123,8,5E 5F 60 61 00 04 A0 5E,^_`a...^,False,False,False
2026-01-21T17:30:55.709936,353.708266,RX,0x123,8,5F 60 61 62 00 04 A0 5F,_`ab..._,False,False,False
2026-01-21T17:30:55.712637,353.710968,RX,0x123,8,60 61 62 63 00 04 A0 60,`abc...`,False,False,False
2026-01-21T17:30:55.713434,353.711765,RX,0x123,8,61 62 63 64 00 04 A0 61,abcd...a,False,False,False
2026-01-21T17:30:55.715598,353.713929,RX,0x123,8,62 63 64 65 00 04 A0 62,bcde...b,False,False,False
2026-01-21T17:30:55.717540,353.715870,RX,0x123,8,63 64 65 66 00 04 A0 63,cdef...c,False,False,False
2026-01-21T17:30:55.719317,353.717648,RX,0x123,8,64 65 66 67 00 04 A0 64,defg...d,False,False,False
2026-01-21T17:30:55.721390,353.719721,RX,0x123,8,65 66 67 68 00 04 A0 65,efgh...e,False,False,False
2026-01-21T17:30:55.722932,353.721262,RX,0x123,8,66 67 68 69 00 04 A0 66,fghi...f,False,False,False
2026-01-21T17:30:55.724493,353.722824,RX,0x123,8,67 68 69 6A 00 04 A0 67,ghij...g,False,False,False
2026-01-21T17:30:55.726259,353.724589,RX,0x123,8,68 69 6A 6B 00 04 A0 68,hijk...h,False,False,False
2026-01-21T17:30:55.728062,353.726392,RX,0x123,8,69 6A 6B 6C 00 04 A0 69,ijkl...i,False,False,False
2026-01-21T17:30:55.729709,353.728039,RX,0x123,8,6A 6B 6C 6D 00 04 A0 6A,jklm...j,False,False,False
2026-01-21T17:30:55.732000,353.730331,RX,0x123,8,6B 6C 6D 6E 00 04 A0 6B,klmn...k,False,False,False
2026-01-21T17:30:55.733720,353.732051,RX,0x123,8,6C 6D 6E 6F 00 04 A0 6C,lmno...l,False,False,False
2026-01-21T17:30:55.735552,353.733883,RX,0x123,8,6D 6E 6F 70 00 04 A0 6D,mnop...m,False,False,False
2026-01-21T17:30:55.738129,353.735679,RX,0x123,8,6E 6F 70 71 00 04 A0 6E,nopq...n,False,False,False
2026-01-21T17:30:55.739886,353.738216,RX,0x123,8,6F 70 71 72 00 04 A0 6F,opqr...o,False,False,False
2026-01-21T17:30:55.741275,353.739606,RX,0x123,8,70 71 72 73 00 04 A0 70,pqrs...p,False,False,False
2026-01-21T17:30:55.742884,353.741215,RX,0x123,8,71 72 73 74 00 04 A0 71,qrst...q,False,False,False
2026-01-21T17:30:55.744621,353.742951,RX,0x123,8,72 73 74 75 00 04 A0 72,rstu...r,False,False,False
2026-01-21T17:30:55.746679,353.745010,RX,0x123,8,73 74 75 76 00 04 A0 73,stuv...s,False,False,False
2026-01-21T17:30:55.748469,353.746799,RX,0x123,8,74 75 76 77 00 04 A0 74,tuvw...t,False,False,False
2026-01-21T17:30:55.750068,353.748399,RX,0x123,8,75 76 77 78 00 04 A0 75,uvwx...u,False,False,False
2026-01-21T17:30:55.751633,353.749964,RX,0x123,8,76 77 78 79 00 04 A0 76,vwxy...v,False,False,False
2026-01-21T17:30:55.753126,353.751456,RX,0x123,8,77 78 79 7A 00 04 A0 77,wxyz...w,False,False,False
2026-01-21T17:30:55.754798,353.753129,RX,0x123,8,78 79 7A 7B 00 04 A0 78,xyz{...x,False,False,False
2026-01-21T17:30:55.756145,353.754476,RX,0x123,8,79 7A 7B 7C 00 04 A0 79,yz{|...y,False,False,False
2026-01-21T17:30:55.757468,353.755799,RX,0x123,8,7A 7B 7C 7D 00 04 A0 7A,z{|}...z,False,False,False
2026-01-21T17:30:55.759226,353.757556,RX,0x123,8,7B 7C 7D 7E 00 04 A0 7B,{|}~...{,False,False,False
2026-01-21T17:30:55.760964,353.759294,RX,0x123,8,7C 7D 7E 7F 00 04 A0 7C,|}~....|,False,False,False
2026-01-21T17:30:55.762464,353.760795,RX,0x123,8,7D 7E 7F 80 00 04 A0 7D,}~.....},False,False,False
2026-01-21T17:30:55.763473,353.761804,RX,0x123,8,7E 7F 80 81 00 04 A0 7E,~......~,False,False,False
2026-01-21T17:30:55.766136,353.764467,RX,0x123,8,7F 80 81 82 00 04 A0 7F,........,False,False,False
2026-01-21T17:30:55.767804,353.766135,RX,0x123,8,80 81 82 83 00 04 A0 80,........,False,False,False
2026-01-21T17:30:55.769364,353.767695,RX,0x123,8,81 82 83 84 00 04 A0 81,........,False,False,False
2026-01-21T17:30:55.770889,353.769220,RX,0x123,8,82 83 84 85 00 04 A0 82,........,False,False,False
2026-01-21T17:30:55.772310,353.770641,RX,0x123,8,83 84 85 86 00 04 A0 83,........,False,False,False
2026-01-21T17:30:55.773864,353.772194,RX,0x123,8,84 85 86 87 00 04 A0 84,........,False,False,False
2026-01-21T17:30:55.775273,353.773603,RX,0x123,8,85 86 87 88 00 04 A0 85,........,False,False,False
2026-01-21T17:30:55.776696,353.775026,RX,0x123,8,86 87 88 89 00 04 A0 86,........,False,False,False
2026-01-21T17:30:55.778167,353.776498,RX,0x123,8,87 88 89 8A 00 04 A0 87,........,False,False,False
2026-01-21T17:30:55.779635,353.777966,RX,0x123,8,88 89 8A 8B 00 04 A0 88,........,False,False,False
2026-01-21T17:30:55.781093,353.779424,RX,0x123,8,89 8A 8B 8C 00 04 A0 89,........,False,False,False
2026-01-21T17:30:55.782517,353.780848,RX,0x123,8,8A 8B 8C 8D 00 04 A0 8A,........,False,False,False
2026-01-21T17:30:55.783946,353.782277,RX,0x123,8,8B 8C 8D 8E 00 04 A0 8B,........,False,False,False
2026-01-21T17:30:55.785390,353.783721,RX,0x123,8,8C 8D 8E 8F 00 04 A0 8C,........,False,False,False
2026-01-21T17:30:55.786800,353.785130,RX,0x123,8,8D 8E 8F 90 00 04 A0 8D,........,False,False,False
2026-01-21T17:30:55.788176,353.786506,RX,0x123,8,8E 8F 90 91 00 04 A0 8E,........,False,False,False
2026-01-21T17:30:55.789609,353.787940,RX,0x123,8,8F 90 91 92 00 04 A0 8F,........,False,False,False
2026-01-21T17:30:55.791084,353.789414,RX,0x123,8,90 91 92 93 00 04 A0 90,........,False,False,False
2026-01-21T17:30:55.792098,353.790428,RX,0x123,8,91 92 93 94 00 04 A0 91,........,False,False,False
2026-01-21T17:30:55.794296,353.792626,RX,0x123,8,92 93 94 95 00 04 A0 92,........,False,False,False
2026-01-21T17:30:55.795653,353.793984,RX,0x123,8,93 94 95 96 00 04 A0 93,........,False,False,False
2026-01-21T17:30:55.796666,353.794996,RX,0x123,8,94 95 96 97 00 04 A0 94,........,False,False,False
2026-01-21T17:30:55.798778,353.797108,RX,0x123,8,95 96 97 98 00 04 A0 95,........,False,False,False
2026-01-21T17:30:55.799790,353.798120,RX,0x123,8,96 97 98 99 00 04 A0 96,........,False,False,False
2026-01-21T17:30:55.801575,353.799906,RX,0x123,8,97 98 99 9A 00 04 A0 97,........,False,False,False
2026-01-21T17:30:55.803306,353.801637,RX,0x123,8,98 99 9A 9B 00 04 A0 98,........,False,False,False
2026-01-21T17:30:55.805504,353.803835,RX,0x123,8,99 9A 9B 9C 00 04 A0 99,........,False,False,False
2026-01-21T17:30:55.806912,353.805242,RX,0x123,8,9A 9B 9C 9D 00 04 A0 9A,........,False,False,False
2026-01-21T17:30:55.808236,353.806567,RX,0x123,8,9B 9C 9D 9E 00 04 A0 9B,........,False,False,False
2026-01-21T17:30:55.809656,353.807987,RX,0x123,8,9C 9D 9E 9F 00 04 A0 9C,........,False,False,False
2026-01-21T17:30:55.811163,353.809494,RX,0x123,8,9D 9E 9F A0 00 04 A0 9D,........,False,False,False
2026-01-21T17:30:55.812728,353.811059,RX,0x123,8,9E 9F A0 A1 00 04 A0 9E,........,False,False,False
2026-01-21T17:30:55.814538,353.812869,RX,0x123,8,9F A0 A1 A2 00 04 A0 9F,........,False,False,False
2026-01-21T17:30:55.815856,353.814187,RX,0x123,8,A0 A1 A2 A3 00 04 A0 A0,........,False,False,False
2026-01-21T17:30:55.817380,353.815711,RX,0x123,8,A1 A2 A3 A4 00 04 A0 A1,........,False,False,False
2026-01-21T17:30:55.818809,353.817139,RX,0x123,8,A2 A3 A4 A5 00 04 A0 A2,........,False,False,False
2026-01-21T17:30:55.820142,353.818473,RX,0x123,8,A3 A4 A5 A6 00 04 A0 A3,........,False,False,False
2026-01-21T17:30:55.821971,353.820302,RX,0x123,8,A4 A5 A6 A7 00 04 A0 A4,........,False,False,False
2026-01-21T17:30:55.823440,353.821770,RX,0x123,8,A5 A6 A7 A8 00 04 A0 A5,........,False,False,False
2026-01-21T17:30:55.825096,353.823427,RX,0x123,8,A6 A7 A8 A9 00 04 A0 A6,........,False,False,False
2026-01-21T17:30:55.826725,353.825056,RX,0x123,8,A7 A8 A9 AA 00 04 A0 A7,........,False,False,False
2026-01-21T17:30:55.828751,353.827081,RX,0x123,8,A8 A9 AA AB 00 04 A0 A8,........,False,False,False
2026-01-21T17:30:55.830500,353.828830,RX,0x123,8,A9 AA AB AC 00 04 A0 A9,........,False,False,False
2026-01-21T17:30:55.831932,353.830262,RX,0x123,8,AA AB AC AD 00 04 A0 AA,........,False,False,False
2026-01-21T17:30:55.833351,353.831681,RX,0x123,8,AB AC AD AE 00 04 A0 AB,........,False,False,False
2026-01-21T17:30:55.834968,353.833299,RX,0x123,8,AC AD AE AF 00 04 A0 AC,........,False,False,False
2026-01-21T17:30:55.836748,353.835078,RX,0x123,8,AD AE AF B0 00 04 A0 AD,........,False,False,False
2026-01-21T17:30:55.838529,353.836859,RX,0x123,8,AE AF B0 B1 00 04 A0 AE,........,False,False,False
2026-01-21T17:30:55.839938,353.838269,RX,0x123,8,AF B0 B1 B2 00 04 A0 AF,........,False,False,False
2026-01-21T17:30:55.841660,353.839990,RX,0x123,8,B0 B1 B2 B3 00 04 A0 B0,........,False,False,False
2026-01-21T17:30:55.843485,353.841816,RX,0x123,8,B1 B2 B3 B4 00 04 A0 B1,........,False,False,False
2026-01-21T17:30:55.844926,353.843256,RX,0x123,8,B2 B3 B4 B5 00 04 A0 B2,........,False,False,False
2026-01-21T17:30:55.846335,353.844666,RX,0x123,8,B3 B4 B5 B6 00 04 A0 B3,........,False,False,False
2026-01-21T17:30:55.847852,353.846183,RX,0x123,8,B4 B5 B6 B7 00 04 A0 B4,........,False,False,False
2026-01-21T17:30:55.849196,353.847527,RX,0x123,8,B5 B6 B7 B8 00 04 A0 B5,........,False,False,False
2026-01-21T17:30:55.850529,353.848860,RX,0x123,8,B6 B7 B8 B9 00 04 A0 B6,........,False,False,False
2026-01-21T17:30:55.851539,353.849869,RX,0x123,8,B7 B8 B9 BA 00 04 A0 B7,........,False,False,False
2026-01-21T17:30:55.853825,353.852156,RX,0x123,8,B8 B9 BA BB 00 04 A0 B8,........,False,False,False
2026-01-21T17:30:55.855548,353.853878,RX,0x123,8,B9 BA BB BC 00 04 A0 B9,........,False,False,False
2026-01-21T17:30:55.856946,353.855277,RX,0x123,8,BA BB BC BD 00 04 A0 BA,........,False,False,False
2026-01-21T17:30:55.858531,353.856861,RX,0x123,8,BB BC BD BE 00 04 A0 BB,........,False,False,False
2026-01-21T17:30:55.860150,353.858481,RX,0x123,8,BC BD BE BF 00 04 A0 BC,........,False,False,False
2026-01-21T17:30:55.861716,353.860046,RX,0x123,8,BD BE BF C0 00 04 A0 BD,........,False,False,False
2026-01-21T17:30:55.863300,353.861631,RX,0x123,8,BE BF C0 C1 00 04 A0 BE,........,False,False,False
2026-01-21T17:30:55.865265,353.863596,RX,0x123,8,BF C0 C1 C2 00 04 A0 BF,........,False,False,False
2026-01-21T17:30:55.867338,353.865669,RX,0x123,8,C0 C1 C2 C3 00 04 A0 C0,........,False,False,False
2026-01-21T17:30:55.868856,353.867187,RX,0x123,8,C1 C2 C3 C4 00 04 A0 C1,........,False,False,False
2026-01-21T17:30:55.870725,353.868200,RX,0x123,8,C2 C3 C4 C5 00 04 A0 C2,........,False,False,False
2026-01-21T17:30:55.872384,353.870715,RX,0x123,8,C3 C4 C5 C6 00 04 A0 C3,........,False,False,False
2026-01-21T17:30:55.874638,353.872969,RX,0x123,8,C4 C5 C6 C7 00 04 A0 C4,........,False,False,False
2026-01-21T17:30:55.876091,353.874422,RX,0x123,8,C5 C6 C7 C8 00 04 A0 C5,........,False,False,False
2026-01-21T17:30:55.877710,353.876041,RX,0x123,8,C6 C7 C8 C9 00 04 A0 C6,........,False,False,False
2026-01-21T17:30:55.879618,353.877948,RX,0x123,8,C7 C8 C9 CA 00 04 A0 C7,........,False,False,False
2026-01-21T17:30:55.881832,353.880162,RX,0x123,8,C8 C9 CA CB 00 04 A0 C8,........,False,False,False
2026-01-21T17:30:55.883443,353.881774,RX,0x123,8,C9 CA CB CC 00 04 A0 C9,........,False,False,False
2026-01-21T17:30:55.885360,353.883691,RX,0x123,8,CA CB CC CD 00 04 A0 CA,........,False,False,False
2026-01-21T17:30:55.886929,353.885259,RX,0x123,8,CB CC CD CE 00 04 A0 CB,........,False,False,False
2026-01-21T17:30:55.889058,353.887388,RX,0x123,8,CC CD CE CF 00 04 A0 CC,........,False,False,False
2026-01-21T17:30:55.890719,353.889049,RX,0x123,8,CD CE CF D0 00 04 A0 CD,........,False,False,False
2026-01-21T17:30:55.892268,353.890598,RX,0x123,8,CE CF D0 D1 00 04 A0 CE,........,False,False,False
2026-01-21T17:30:55.893732,353.892062,RX,0x123,8,CF D0 D1 D2 00 04 A0 CF,........,False,False,False
2026-01-21T17:30:55.895179,353.893510,RX,0x123,8,D0 D1 D2 D3 00 04 A0 D0,........,False,False,False
2026-01-21T17:30:55.896576,353.894907,RX,0x123,8,D1 D2 D3 D4 00 04 A0 D1,........,False,False,False
2026-01-21T17:30:55.898097,353.896428,RX,0x123,8,D2 D3 D4 D5 00 04 A0 D2,........,False,False,False
2026-01-21T17:30:55.900261,353.898592,RX,0x123,8,D3 D4 D5 D6 00 04 A0 D3,........,False,False,False
2026-01-21T17:30:55.901615,353.899945,RX,0x123,8,D4 D5 D6 D7 00 04 A0 D4,........,False,False,False
2026-01-21T17:30:55.902983,353.901314,RX,0x123,8,D5 D6 D7 D8 00 04 A0 D5,........,False,False,False
2026-01-21T17:30:55.904401,353.902732,RX,0x123,8,D6 D7 D8 D9 00 04 A0 D6,........,False,False,False
2026-01-21T17:30:55.905853,353.904184,RX,0x123,8,D7 D8 D9 DA 00 04 A0 D7,........,False,False,False
2026-01-21T17:30:55.906865,353.905195,RX,0x123,8,D8 D9 DA DB 00 04 A0 D8,........,False,False,False
2026-01-21T17:30:55.909662,353.907575,RX,0x123,8,D9 DA DB DC 00 04 A0 D9,........,False,False,False
2026-01-21T17:30:55.911194,353.909525,RX,0x123,8,DA DB DC DD 00 04 A0 DA,........,False,False,False
2026-01-21T17:30:55.912934,353.911264,RX,0x123,8,DB DC DD DE 00 04 A0 DB,........,False,False,False
2026-01-21T17:30:55.914536,353.912867,RX,0x123,8,DC DD DE DF 00 04 A0 DC,........,False,False,False
2026-01-21T17:30:55.916193,353.914523,RX,0x123,8,DD DE DF E0 00 04 A0 DD,........,False,False,False
2026-01-21T17:30:55.917542,353.915873,RX,0x123,8,DE DF E0 E1 00 04 A0 DE,........,False,False,False
2026-01-21T17:30:55.919037,353.917367,RX,0x123,8,DF E0 E1 E2 00 04 A0 DF,........,False,False,False
2026-01-21T17:30:55.920472,353.918803,RX,0x123,8,E0 E1 E2 E3 00 04 A0 E0,........,False,False,False
2026-01-21T17:30:55.922129,353.920460,RX,0x123,8,E1 E2 E3 E4 00 04 A0 E1,........,False,False,False
2026-01-21T17:30:55.924008,353.922339,RX,0x123,8,E2 E3 E4 E5 00 04 A0 E2,........,False,False,False
2026-01-21T17:30:55.925653,353.923984,RX,0x123,8,E3 E4 E5 E6 00 04 A0 E3,........,False,False,False
2026-01-21T17:30:55.927362,353.925693,RX,0x123,8,E4 E5 E6 E7 00 04 A0 E4,........,False,False,False
2026-01-21T17:30:55.928884,353.927215,RX,0x123,8,E5 E6 E7 E8 00 04 A0 E5,........,False,False,False
2026-01-21T17:30:55.930583,353.928913,RX,0x123,8,E6 E7 E8 E9 00 04 A0 E6,........,False,False,False
2026-01-21T17:30:55.932723,353.931054,RX,0x123,8,E7 E8 E9 EA 00 04 A0 E7,........,False,False,False
2026-01-21T17:30:55.934542,353.932873,RX,0x123,8,E8 E9 EA EB 00 04 A0 E8,........,False,False,False
2026-01-21T17:30:55.936558,353.934889,RX,0x123,8,E9 EA EB EC 00 04 A0 E9,........,False,False,False
2026-01-21T17:30:55.938404,353.936735,RX,0x123,8,EA EB EC ED 00 04 A0 EA,........,False,False,False
2026-01-21T17:30:55.940209,353.938540,RX,0x123,8,EB EC ED EE 00 04 A0 EB,........,False,False,False
2026-01-21T17:30:55.941832,353.940162,RX,0x123,8,EC ED EE EF 00 04 A0 EC,........,False,False,False
2026-01-21T17:30:55.943471,353.941801,RX,0x123,8,ED EE EF F0 00 04 A0 ED,........,False,False,False
2026-01-21T17:30:55.945635,353.943965,RX,0x123,8,EE EF F0 F1 00 04 A0 EE,........,False,False,False
2026-01-21T17:30:55.947146,353.945477,RX,0x123,8,EF F0 F1 F2 00 04 A0 EF,........,False,False,False
2026-01-21T17:30:55.948688,353.947018,RX,0x123,8,F0 F1 F2 F3 00 04 A0 F0,........,False,False,False
2026-01-21T17:30:55.950402,353.948732,RX,0x123,8,F1 F2 F3 F4 00 04 A0 F1,........,False,False,False
2026-01-21T17:30:55.952091,353.950422,RX,0x123,8,F2 F3 F4 F5 00 04 A0 F2,........,False,False,False
2026-01-21T17:30:55.953450,353.951781,RX,0x123,8,F3 F4 F5 F6 00 04 A0 F3,........,False,False,False
2026-01-21T17:30:55.955027,353.953357,RX,0x123,8,F4 F5 F6 F7 00 04 A0 F4,........,False,False,False
2026-01-21T17:30:55.956984,353.955314,RX,0x123,8,F5 F6 F7 F8 00 04 A0 F5,........,False,False,False
2026-01-21T17:30:55.958966,353.957297,RX,0x123,8,F6 F7 F8 F9 00 04 A0 F6,........,False,False,False
2026-01-21T17:30:55.960729,353.959059,RX,0x123,8,F7 F8 F9 FA 00 04 A0 F7,........,False,False,False
2026-01-21T17:30:55.962465,353.960795,RX,0x123,8,F8 F9 FA FB 00 04 A0 F8,........,False,False,False
2026-01-21T17:30:55.963855,353.962186,RX,0x123,8,F9 FA FB FC 00 04 A0 F9,........,False,False,False
2026-01-21T17:30:55.966301,353.964632,RX,0x123,8,FA FB FC FD 00 04 A0 FA,........,False,False,False
2026-01-21T17:30:55.967611,353.965942,RX,0x123,8,FB FC FD FE 00 04 A0 FB,........,False,False,False
2026-01-21T17:30:55.970430,353.968761,RX,0x123,8,FC FD FE FF 00 04 A0 FC,........,False,False,False
2026-01-21T17:30:55.971808,353.970138,RX,0x123,8,FD FE FF 00 00 04 A0 FD,........,False,False,False
2026-01-21T17:30:55.973162,353.971492,RX,0x123,8,FE FF 00 01 00 04 A0 FE,........,False,False,False
2026-01-21T17:30:55.974650,353.972981,RX,0x123,8,FF 00 01 02 00 04 A0 FF,........,False,False,False
2026-01-21T17:30:55.975662,353.973992,RX,0x123,8,00 01 02 03 00 04 A1 00,........,False,False,False
2026-01-21T17:30:55.978179,353.976509,RX,0x123,8,01 02 03 04 00 04 A1 01,........,False,False,False
2026-01-21T17:30:55.979583,353.977914,RX,0x123,8,02 03 04 05 00 04 A1 02,........,False,False,False
2026-01-21T17:30:55.980921,353.979252,RX,0x123,8,03 04 05 06 00 04 A1 03,........,False,False,False
2026-01-21T17:30:55.982359,353.980690,RX,0x123,8,04 05 06 07 00 04 A1 04,........,False,False,False
2026-01-21T17:30:55.983761,353.982091,RX,0x123,8,05 06 07 08 00 04 A1 05,........,False,False,False
2026-01-21T17:30:55.985146,353.983476,RX,0x123,8,06 07 08 09 00 04 A1 06,........,False,False,False
2026-01-21T17:30:55.986156,353.984486,RX,0x123,8,07 08 09 0A 00 04 A1 07,........,False,False,False
2026-01-21T17:30:55.988330,353.986661,RX,0x123,8,08 09 0A 0B 00 04 A1 08,........,False,False,False
2026-01-21T17:30:55.989680,353.988010,RX,0x123,8,09 0A 0B 0C 00 04 A1 09,........,False,False,False
2026-01-21T17:30:55.991199,353.989529,RX,0x123,8,0A 0B 0C 0D 00 04 A1 0A,........,False,False,False
2026-01-21T17:30:55.992722,353.991052,RX,0x123,8,0B 0C 0D 0E 00 04 A1 0B,........,False,False,False
2026-01-21T17:30:55.994241,353.992572,RX,0x123,8,0C 0D 0E 0F 00 04 A1 0C,........,False,False,False
2026-01-21T17:30:55.995269,353.993600,RX,0x123,8,0D 0E 0F 10 00 04 A1 0D,........,False,False,False
2026-01-21T17:30:55.997636,353.995966,RX,0x123,8,0E 0F 10 11 00 04 A1 0E,........,False,False,False
2026-01-21T17:30:55.999487,353.997818,RX,0x123,8,0F 10 11 12 00 04 A1 0F,........,False,False,False
2026-01-21T17:30:56.000918,353.999249,RX,0x123,8,10 11 12 13 00 04 A1 10,........,False,False,False
2026-01-21T17:30:56.001929,354.000260,RX,0x123,8,11 12 13 14 00 04 A1 11,........,False,False,False
2026-01-21T17:30:56.004066,354.002397,RX,0x123,8,12 13 14 15 00 04 A1 12,........,False,False,False
2026-01-21T17:30:56.005767,354.004097,RX,0x123,8,13 14 15 16 00 04 A1 13,........,False,False,False
2026-01-21T17:30:56.007301,354.005631,RX,0x123,8,14 15 16 17 00 04 A1 14,........,False,False,False
2026-01-21T17:30:56.008787,354.007118,RX,0x123,8,15 16 17 18 00 04 A1 15,........,False,False,False
2026-01-21T17:30:56.010379,354.008710,RX,0x123,8,16 17 18 19 00 04 A1 16,........,False,False,False
2026-01-21T17:30:56.012429,354.010760,RX,0x123,8,17 18 19 1A 00 04 A1 17,........,False,False,False
2026-01-21T17:30:56.013916,354.012246,RX,0x123,8,18 19 1A 1B 00 04 A1 18,........,False,False,False
2026-01-21T17:30:56.015466,354.013797,RX,0x123,8,19 1A 1B 1C 00 04 A1 19,........,False,False,False
2026-01-21T17:30:56.017460,354.015790,RX,0x123,8,1A 1B 1C 1D 00 04 A1 1A,........,False,False,False
2026-01-21T17:30:56.019238,354.017568,RX,0x123,8,1B 1C 1D 1E 00 04 A1 1B,........,False,False,False
2026-01-21T17:30:56.020844,354.019175,RX,0x123,8,1C 1D 1E 1F 00 04 A1 1C,........,False,False,False
2026-01-21T17:30:56.022749,354.021080,RX,0x123,8,1D 1E 1F 20 00 04 A1 1D,... ....,False,False,False
2026-01-21T17:30:56.024201,354.022531,RX,0x123,8,1E 1F 20 21 00 04 A1 1E,.. !....,False,False,False
2026-01-21T17:30:56.025959,354.024289,RX,0x123,8,1F 20 21 22 00 04 A1 1F,". !""....",False,False,False
2026-01-21T17:30:56.027425,354.025755,RX,0x123,8,20 21 22 23 00 04 A1 20," !""#... ",False,False,False
2026-01-21T17:30:56.028834,354.027165,RX,0x123,8,21 22 23 24 00 04 A1 21,"!""#$...!",False,False,False
2026-01-21T17:30:56.030459,354.028790,RX,0x123,8,22 23 24 25 00 04 A1 22,"""#$%...""",False,False,False
2026-01-21T17:30:56.032105,354.030436,RX,0x123,8,23 24 25 26 00 04 A1 23,#$%&...#,False,False,False
2026-01-21T17:30:56.033172,354.031503,RX,0x123,8,24 25 26 27 00 04 A1 24,$%&'...$,False,False,False
2026-01-21T17:30:56.035547,354.033878,RX,0x123,8,25 26 27 28 00 04 A1 25,%&'(...%,False,False,False
2026-01-21T17:30:56.037078,354.035408,RX,0x123,8,26 27 28 29 00 04 A1 26,&'()...&,False,False,False
2026-01-21T17:30:56.038573,354.036904,RX,0x123,8,27 28 29 2A 00 04 A1 27,'()*...',False,False,False
2026-01-21T17:30:56.040171,354.038502,RX,0x123,8,28 29 2A 2B 00 04 A1 28,()*+...(,False,False,False
2026-01-21T17:30:56.041292,354.039623,RX,0x123,8,29 2A 2B 2C 00 04 A1 29,")*+,...)",False,False,False
2026-01-21T17:30:56.043815,354.042145,RX,0x123,8,2A 2B 2C 2D 00 04 A1 2A,"*+,-...*",False,False,False
2026-01-21T17:30:56.045529,354.043860,RX,0x123,8,2B 2C 2D 2E 00 04 A1 2B,"+,-....+",False,False,False
2026-01-21T17:30:56.047319,354.045649,RX,0x123,8,2C 2D 2E 2F 00 04 A1 2C,",-./...,",False,False,False
2026-01-21T17:30:56.048982,354.047313,RX,0x123,8,2D 2E 2F 30 00 04 A1 2D,-./0...-,False,False,False
2026-01-21T17:30:56.050462,354.048793,RX,0x123,8,2E 2F 30 31 00 04 A1 2E,./01....,False,False,False
2026-01-21T17:30:56.051981,354.050311,RX,0x123,8,2F 30 31 32 00 04 A1 2F,/012.../,False,False,False
2026-01-21T17:30:56.053489,354.051820,RX,0x123,8,30 31 32 33 00 04 A1 30,0123...0,False,False,False
2026-01-21T17:30:56.055010,354.053341,RX,0x123,8,31 32 33 34 00 04 A1 31,1234...1,False,False,False
2026-01-21T17:30:56.056755,354.055086,RX,0x123,8,32 33 34 35 00 04 A1 32,2345...2,False,False,False
2026-01-21T17:30:56.058238,354.056569,RX,0x123,8,33 34 35 36 00 04 A1 33,3456...3,False,False,False
2026-01-21T17:30:56.059780,354.058111,RX,0x123,8,34 35 36 37 00 04 A1 34,4567...4,False,False,False
2026-01-21T17:30:56.061287,354.059618,RX,0x123,8,35 36 37 38 00 04 A1 35,5678...5,False,False,False
2026-01-21T17:30:56.062723,354.061054,RX,0x123,8,36 37 38 39 00 04 A1 36,6789...6,False,False,False
2026-01-21T17:30:56.063736,354.062067,RX,0x123,8,37 38 39 3A 00 04 A1 37,789:...7,False,False,False
2026-01-21T17:30:56.066344,354.064674,RX,0x123,8,38 39 3A 3B 00 04 A1 38,89:;...8,False,False,False
2026-01-21T17:30:56.068525,354.066856,RX,0x123,8,39 3A 3B 3C 00 04 A1 39,9:;<...9,False,False,False
2026-01-21T17:30:56.069534,354.067865,RX,0x123,8,3A 3B 3C 3D 00 04 A1 3A,:;<=...:,False,False,False
2026-01-21T17:30:56.071756,354.070086,RX,0x123,8,3B 3C 3D 3E 00 04 A1 3B,;<=>...;,False,False,False
2026-01-21T17:30:56.072767,354.071098,RX,0x123,8,3C 3D 3E 3F 00 04 A1 3C,<=>?...<,False,False,False
2026-01-21T17:30:56.075304,354.073635,RX,0x123,8,3D 3E 3F 40 00 04 A1 3D,=>?@...=,False,False,False
2026-01-21T17:30:56.076965,354.075296,RX,0x123,8,3E 3F 40 41 00 04 A1 3E,>?@A...>,False,False,False
2026-01-21T17:30:56.078865,354.077196,RX,0x123,8,3F 40 41 42 00 04 A1 3F,?@AB...?,False,False,False
2026-01-21T17:30:56.080324,354.078655,RX,0x123,8,40 41 42 43 00 04 A1 40,@ABC...@,False,False,False
2026-01-21T17:30:56.081763,354.080094,RX,0x123,8,41 42 43 44 00 04 A1 41,ABCD...A,False,False,False
2026-01-21T17:30:56.083175,354.081506,RX,0x123,8,42 43 44 45 00 04 A1 42,BCDE...B,False,False,False
2026-01-21T17:30:56.084190,354.082520,RX,0x123,8,43 44 45 46 00 04 A1 43,CDEF...C,False,False,False
2026-01-21T17:30:56.085972,354.084303,RX,0x123,8,44 45 46 47 00 04 A1 44,DEFG...D,False,False,False
2026-01-21T17:30:56.088943,354.086112,RX,0x123,8,45 46 47 48 00 04 A1 45,EFGH...E,False,False,False
2026-01-21T17:30:56.090348,354.088679,RX,0x123,8,46 47 48 49 00 04 A1 46,FGHI...F,False,False,False
2026-01-21T17:30:56.091732,354.090063,RX,0x123,8,47 48 49 4A 00 04 A1 47,GHIJ...G,False,False,False
2026-01-21T17:30:56.093311,354.091642,RX,0x123,8,48 49 4A 4B 00 04 A1 48,HIJK...H,False,False,False
2026-01-21T17:30:56.095068,354.093399,RX,0x123,8,49 4A 4B 4C 00 04 A1 49,IJKL...I,False,False,False
2026-01-21T17:30:56.096080,354.094410,RX,0x123,8,4A 4B 4C 4D 00 04 A1 4A,JKLM...J,False,False,False
2026-01-21T17:30:56.098187,354.096517,RX,0x123,8,4B 4C 4D 4E 00 04 A1 4B,KLMN...K,False,False,False
2026-01-21T17:30:56.099514,354.097845,RX,0x123,8,4C 4D 4E 4F 00 04 A1 4C,LMNO...L,False,False,False
2026-01-21T17:30:56.101057,354.099388,RX,0x123,8,4D 4E 4F 50 00 04 A1 4D,MNOP...M,False,False,False
2026-01-21T17:30:56.103396,354.101726,RX,0x123,8,4E 4F 50 51 00 04 A1 4E,NOPQ...N,False,False,False
2026-01-21T17:30:56.105285,354.103615,RX,0x123,8,4F 50 51 52 00 04 A1 4F,OPQR...O,False,False,False
2026-01-21T17:30:56.106909,354.105240,RX,0x123,8,50 51 52 53 00 04 A1 50,PQRS...P,False,False,False
2026-01-21T17:30:56.108823,354.107153,RX,0x123,8,51 52 53 54 00 04 A1 51,QRST...Q,False,False,False
2026-01-21T17:30:56.110292,354.108623,RX,0x123,8,52 53 54 55 00 04 A1 52,RSTU...R,False,False,False
2026-01-21T17:30:56.111993,354.110324,RX,0x123,8,53 54 55 56 00 04 A1 53,STUV...S,False,False,False
2026-01-21T17:30:56.113674,354.112005,RX,0x123,8,54 55 56 57 00 04 A1 54,TUVW...T,False,False,False
2026-01-21T17:30:56.115093,354.113424,RX,0x123,8,55 56 57 58 00 04 A1 55,UVWX...U,False,False,False
2026-01-21T17:30:56.116453,354.114783,RX,0x123,8,56 57 58 59 00 04 A1 56,VWXY...V,False,False,False
2026-01-21T17:30:56.117788,354.116118,RX,0x123,8,57 58 59 5A 00 04 A1 57,WXYZ...W,False,False,False
2026-01-21T17:30:56.119374,354.117704,RX,0x123,8,58 59 5A 5B 00 04 A1 58,XYZ[...X,False,False,False
2026-01-21T17:30:56.121117,354.119447,RX,0x123,8,59 5A 5B 5C 00 04 A1 59,YZ[\...Y,False,False,False
2026-01-21T17:30:56.122666,354.120997,RX,0x123,8,5A 5B 5C 5D 00 04 A1 5A,Z[\]...Z,False,False,False
2026-01-21T17:30:56.124363,354.122693,RX,0x123,8,5B 5C 5D 5E 00 04 A1 5B,[\]^...[,False,False,False
2026-01-21T17:30:56.125842,354.124173,RX,0x123,8,5C 5D 5E 5F 00 04 A1 5C,\]^_...\,False,False,False
2026-01-21T17:30:56.127379,354.125710,RX,0x123,8,5D 5E 5F 60 00 04 A1 5D,]^_`...],False,False,False
2026-01-21T17:30:56.129176,354.127507,RX,0x123,8,5E 5F 60 61 00 04 A1 5E,^_`a...^,False,False,False
2026-01-21T17:30:56.130678,354.129009,RX,0x123,8,5F 60 61 62 00 04 A1 5F,_`ab..._,False,False,False
2026-01-21T17:30:56.132195,354.130526,RX,0x123,8,60 61 62 63 00 04 A1 60,`abc...`,False,False,False
2026-01-21T17:30:56.134016,354.132346,RX,0x123,8,61 62 63 64 00 04 A1 61,abcd...a,False,False,False
2026-01-21T17:30:56.135395,354.133725,RX,0x123,8,62 63 64 65 00 04 A1 62,bcde...b,False,False,False
2026-01-21T17:30:56.136910,354.135241,RX,0x123,8,63 64 65 66 00 04 A1 63,cdef...c,False,False,False
2026-01-21T17:30:56.138430,354.136760,RX,0x123,8,64 65 66 67 00 04 A1 64,defg...d,False,False,False
2026-01-21T17:30:56.140044,354.138374,RX,0x123,8,65 66 67 68 00 04 A1 65,efgh...e,False,False,False
2026-01-21T17:30:56.141649,354.139979,RX,0x123,8,66 67 68 69 00 04 A1 66,fghi...f,False,False,False
2026-01-21T17:30:56.143214,354.141545,RX,0x123,8,67 68 69 6A 00 04 A1 67,ghij...g,False,False,False
2026-01-21T17:30:56.144657,354.142987,RX,0x123,8,68 69 6A 6B 00 04 A1 68,hijk...h,False,False,False
2026-01-21T17:30:56.146029,354.144360,RX,0x123,8,69 6A 6B 6C 00 04 A1 69,ijkl...i,False,False,False
2026-01-21T17:30:56.147533,354.145864,RX,0x123,8,6A 6B 6C 6D 00 04 A1 6A,jklm...j,False,False,False
2026-01-21T17:30:56.149107,354.147437,RX,0x123,8,6B 6C 6D 6E 00 04 A1 6B,klmn...k,False,False,False
2026-01-21T17:30:56.150568,354.148899,RX,0x123,8,6C 6D 6E 6F 00 04 A1 6C,lmno...l,False,False,False
2026-01-21T17:30:56.151578,354.149909,RX,0x123,8,6D 6E 6F 70 00 04 A1 6D,mnop...m,False,False,False
2026-01-21T17:30:56.153760,354.152091,RX,0x123,8,6E 6F 70 71 00 04 A1 6E,nopq...n,False,False,False
2026-01-21T17:30:56.155565,354.153895,RX,0x123,8,6F 70 71 72 00 04 A1 6F,opqr...o,False,False,False
2026-01-21T17:30:56.157298,354.155628,RX,0x123,8,70 71 72 73 00 04 A1 70,pqrs...p,False,False,False
2026-01-21T17:30:56.158744,354.157074,RX,0x123,8,71 72 73 74 00 04 A1 71,qrst...q,False,False,False
2026-01-21T17:30:56.159757,354.158088,RX,0x123,8,72 73 74 75 00 04 A1 72,rstu...r,False,False,False
2026-01-21T17:30:56.162119,354.160450,RX,0x123,8,73 74 75 76 00 04 A1 73,stuv...s,False,False,False
2026-01-21T17:30:56.163719,354.162050,RX,0x123,8,74 75 76 77 00 04 A1 74,tuvw...t,False,False,False
2026-01-21T17:30:56.164732,354.163062,RX,0x123,8,75 76 77 78 00 04 A1 75,uvwx...u,False,False,False
2026-01-21T17:30:56.166819,354.165149,RX,0x123,8,76 77 78 79 00 04 A1 76,vwxy...v,False,False,False
2026-01-21T17:30:56.168926,354.167256,RX,0x123,8,77 78 79 7A 00 04 A1 77,wxyz...w,False,False,False
2026-01-21T17:30:56.170919,354.169249,RX,0x123,8,78 79 7A 7B 00 04 A1 78,xyz{...x,False,False,False
2026-01-21T17:30:56.172819,354.171149,RX,0x123,8,79 7A 7B 7C 00 04 A1 79,yz{|...y,False,False,False
2026-01-21T17:30:56.174966,354.173297,RX,0x123,8,7A 7B 7C 7D 00 04 A1 7A,z{|}...z,False,False,False
2026-01-21T17:30:56.176905,354.175236,RX,0x123,8,7B 7C 7D 7E 00 04 A1 7B,{|}~...{,False,False,False
2026-01-21T17:30:56.178228,354.176558,RX,0x123,8,7C 7D 7E 7F 00 04 A1 7C,|}~....|,False,False,False
2026-01-21T17:30:56.179701,354.178032,RX,0x123,8,7D 7E 7F 80 00 04 A1 7D,}~.....},False,False,False
2026-01-21T17:30:56.181188,354.179519,RX,0x123,8,7E 7F 80 81 00 04 A1 7E,~......~,False,False,False
2026-01-21T17:30:56.183241,354.181571,RX,0x123,8,7F 80 81 82 00 04 A1 7F,........,False,False,False
2026-01-21T17:30:56.184495,354.182826,RX,0x123,8,80 81 82 83 00 04 A1 80,........,False,False,False
2026-01-21T17:30:56.186188,354.184519,RX,0x123,8,81 82 83 84 00 04 A1 81,........,False,False,False
2026-01-21T17:30:56.187721,354.186051,RX,0x123,8,82 83 84 85 00 04 A1 82,........,False,False,False
2026-01-21T17:30:56.189161,354.187491,RX,0x123,8,83 84 85 86 00 04 A1 83,........,False,False,False
2026-01-21T17:30:56.190687,354.189018,RX,0x123,8,84 85 86 87 00 04 A1 84,........,False,False,False
2026-01-21T17:30:56.192200,354.190531,RX,0x123,8,85 86 87 88 00 04 A1 85,........,False,False,False
2026-01-21T17:30:56.193744,354.192075,RX,0x123,8,86 87 88 89 00 04 A1 86,........,False,False,False
2026-01-21T17:30:56.195091,354.193421,RX,0x123,8,87 88 89 8A 00 04 A1 87,........,False,False,False
2026-01-21T17:30:56.196412,354.194742,RX,0x123,8,88 89 8A 8B 00 04 A1 88,........,False,False,False
2026-01-21T17:30:56.198433,354.196764,RX,0x123,8,89 8A 8B 8C 00 04 A1 89,........,False,False,False
2026-01-21T17:30:56.200069,354.198400,RX,0x123,8,8A 8B 8C 8D 00 04 A1 8A,........,False,False,False
2026-01-21T17:30:56.201943,354.200273,RX,0x123,8,8B 8C 8D 8E 00 04 A1 8B,........,False,False,False
2026-01-21T17:30:56.203645,354.201975,RX,0x123,8,8C 8D 8E 8F 00 04 A1 8C,........,False,False,False
2026-01-21T17:30:56.205838,354.204169,RX,0x123,8,8D 8E 8F 90 00 04 A1 8D,........,False,False,False
2026-01-21T17:30:56.207359,354.205689,RX,0x123,8,8E 8F 90 91 00 04 A1 8E,........,False,False,False
2026-01-21T17:30:56.208718,354.207049,RX,0x123,8,8F 90 91 92 00 04 A1 8F,........,False,False,False
2026-01-21T17:30:56.210125,354.208456,RX,0x123,8,90 91 92 93 00 04 A1 90,........,False,False,False
2026-01-21T17:30:56.211488,354.209819,RX,0x123,8,91 92 93 94 00 04 A1 91,........,False,False,False
2026-01-21T17:30:56.212911,354.211242,RX,0x123,8,92 93 94 95 00 04 A1 92,........,False,False,False
2026-01-21T17:30:56.214336,354.212667,RX,0x123,8,93 94 95 96 00 04 A1 93,........,False,False,False
2026-01-21T17:30:56.215743,354.214073,RX,0x123,8,94 95 96 97 00 04 A1 94,........,False,False,False
2026-01-21T17:30:56.217123,354.215454,RX,0x123,8,95 96 97 98 00 04 A1 95,........,False,False,False
2026-01-21T17:30:56.218698,354.217029,RX,0x123,8,96 97 98 99 00 04 A1 96,........,False,False,False
2026-01-21T17:30:56.220673,354.219004,RX,0x123,8,97 98 99 9A 00 04 A1 97,........,False,False,False
2026-01-21T17:30:56.222201,354.220532,RX,0x123,8,98 99 9A 9B 00 04 A1 98,........,False,False,False
2026-01-21T17:30:56.223542,354.221873,RX,0x123,8,99 9A 9B 9C 00 04 A1 99,........,False,False,False
2026-01-21T17:30:56.224555,354.222886,RX,0x123,8,9A 9B 9C 9D 00 04 A1 9A,........,False,False,False
2026-01-21T17:30:56.227025,354.225356,RX,0x123,8,9B 9C 9D 9E 00 04 A1 9B,........,False,False,False
2026-01-21T17:30:56.228872,354.227202,RX,0x123,8,9C 9D 9E 9F 00 04 A1 9C,........,False,False,False
2026-01-21T17:30:56.231349,354.229680,RX,0x123,8,9D 9E 9F A0 00 04 A1 9D,........,False,False,False
2026-01-21T17:30:56.232962,354.231293,RX,0x123,8,9E 9F A0 A1 00 04 A1 9E,........,False,False,False
2026-01-21T17:30:56.233974,354.232304,RX,0x123,8,9F A0 A1 A2 00 04 A1 9F,........,False,False,False
2026-01-21T17:30:56.236397,354.234727,RX,0x123,8,A0 A1 A2 A3 00 04 A1 A0,........,False,False,False
2026-01-21T17:30:56.238195,354.236525,RX,0x123,8,A1 A2 A3 A4 00 04 A1 A1,........,False,False,False
2026-01-21T17:30:56.239729,354.238060,RX,0x123,8,A2 A3 A4 A5 00 04 A1 A2,........,False,False,False
2026-01-21T17:30:56.241289,354.239619,RX,0x123,8,A3 A4 A5 A6 00 04 A1 A3,........,False,False,False
2026-01-21T17:30:56.242830,354.241161,RX,0x123,8,A4 A5 A6 A7 00 04 A1 A4,........,False,False,False
2026-01-21T17:30:56.244276,354.242607,RX,0x123,8,A5 A6 A7 A8 00 04 A1 A5,........,False,False,False
2026-01-21T17:30:56.245870,354.244200,RX,0x123,8,A6 A7 A8 A9 00 04 A1 A6,........,False,False,False
2026-01-21T17:30:56.247531,354.245861,RX,0x123,8,A7 A8 A9 AA 00 04 A1 A7,........,False,False,False
2026-01-21T17:30:56.249403,354.247734,RX,0x123,8,A8 A9 AA AB 00 04 A1 A8,........,False,False,False
2026-01-21T17:30:56.250788,354.249118,RX,0x123,8,A9 AA AB AC 00 04 A1 A9,........,False,False,False
2026-01-21T17:30:56.252179,354.250509,RX,0x123,8,AA AB AC AD 00 04 A1 AA,........,False,False,False
2026-01-21T17:30:56.253783,354.252114,RX,0x123,8,AB AC AD AE 00 04 A1 AB,........,False,False,False
2026-01-21T17:30:56.255706,354.254036,RX,0x123,8,AC AD AE AF 00 04 A1 AC,........,False,False,False
2026-01-21T17:30:56.257383,354.255713,RX,0x123,8,AD AE AF B0 00 04 A1 AD,........,False,False,False
2026-01-21T17:30:56.259236,354.257567,RX,0x123,8,AE AF B0 B1 00 04 A1 AE,........,False,False,False
2026-01-21T17:30:56.260593,354.258924,RX,0x123,8,AF B0 B1 B2 00 04 A1 AF,........,False,False,False
2026-01-21T17:30:56.262191,354.260521,RX,0x123,8,B0 B1 B2 B3 00 04 A1 B0,........,False,False,False
2026-01-21T17:30:56.263797,354.262127,RX,0x123,8,B1 B2 B3 B4 00 04 A1 B1,........,False,False,False
2026-01-21T17:30:56.264883,354.263214,RX,0x123,8,B2 B3 B4 B5 00 04 A1 B2,........,False,False,False
2026-01-21T17:30:56.267003,354.265334,RX,0x123,8,B3 B4 B5 B6 00 04 A1 B3,........,False,False,False
2026-01-21T17:30:56.268691,354.267022,RX,0x123,8,B4 B5 B6 B7 00 04 A1 B4,........,False,False,False
2026-01-21T17:30:56.270627,354.268957,RX,0x123,8,B5 B6 B7 B8 00 04 A1 B5,........,False,False,False
2026-01-21T17:30:56.271995,354.270325,RX,0x123,8,B6 B7 B8 B9 00 04 A1 B6,........,False,False,False
2026-01-21T17:30:56.273000,354.271330,RX,0x123,8,B7 B8 B9 BA 00 04 A1 B7,........,False,False,False
2026-01-21T17:30:56.275431,354.273762,RX,0x123,8,B8 B9 BA BB 00 04 A1 B8,........,False,False,False
2026-01-21T17:30:56.276916,354.275247,RX,0x123,8,B9 BA BB BC 00 04 A1 B9,........,False,False,False
2026-01-21T17:30:56.278485,354.276816,RX,0x123,8,BA BB BC BD 00 04 A1 BA,........,False,False,False
2026-01-21T17:30:56.280289,354.278619,RX,0x123,8,BB BC BD BE 00 04 A1 BB,........,False,False,False
2026-01-21T17:30:56.281732,354.280063,RX,0x123,8,BC BD BE BF 00 04 A1 BC,........,False,False,False
2026-01-21T17:30:56.283057,354.281387,RX,0x123,8,BD BE BF C0 00 04 A1 BD,........,False,False,False
2026-01-21T17:30:56.284428,354.282759,RX,0x123,8,BE BF C0 C1 00 04 A1 BE,........,False,False,False
2026-01-21T17:30:56.285784,354.284115,RX,0x123,8,BF C0 C1 C2 00 04 A1 BF,........,False,False,False
2026-01-21T17:30:56.287422,354.285753,RX,0x123,8,C0 C1 C2 C3 00 04 A1 C0,........,False,False,False
2026-01-21T17:30:56.289283,354.287614,RX,0x123,8,C1 C2 C3 C4 00 04 A1 C1,........,False,False,False
2026-01-21T17:30:56.290991,354.289322,RX,0x123,8,C2 C3 C4 C5 00 04 A1 C2,........,False,False,False
2026-01-21T17:30:56.292980,354.291310,RX,0x123,8,C3 C4 C5 C6 00 04 A1 C3,........,False,False,False
2026-01-21T17:30:56.295047,354.293377,RX,0x123,8,C4 C5 C6 C7 00 04 A1 C4,........,False,False,False
2026-01-21T17:30:56.297040,354.295371,RX,0x123,8,C5 C6 C7 C8 00 04 A1 C5,........,False,False,False
2026-01-21T17:30:56.298537,354.296868,RX,0x123,8,C6 C7 C8 C9 00 04 A1 C6,........,False,False,False
2026-01-21T17:30:56.299991,354.298322,RX,0x123,8,C7 C8 C9 CA 00 04 A1 C7,........,False,False,False
2026-01-21T17:30:56.301336,354.299666,RX,0x123,8,C8 C9 CA CB 00 04 A1 C8,........,False,False,False
2026-01-21T17:30:56.302341,354.300672,RX,0x123,8,C9 CA CB CC 00 04 A1 C9,........,False,False,False
2026-01-21T17:30:56.304457,354.302788,RX,0x123,8,CA CB CC CD 00 04 A1 CA,........,False,False,False
2026-01-21T17:30:56.306096,354.304426,RX,0x123,8,CB CC CD CE 00 04 A1 CB,........,False,False,False
2026-01-21T17:30:56.307695,354.306025,RX,0x123,8,CC CD CE CF 00 04 A1 CC,........,False,False,False
2026-01-21T17:30:56.309476,354.307806,RX,0x123,8,CD CE CF D0 00 04 A1 CD,........,False,False,False
2026-01-21T17:30:56.311510,354.309840,RX,0x123,8,CE CF D0 D1 00 04 A1 CE,........,False,False,False
2026-01-21T17:30:56.313575,354.311906,RX,0x123,8,CF D0 D1 D2 00 04 A1 CF,........,False,False,False
2026-01-21T17:30:56.315108,354.313439,RX,0x123,8,D0 D1 D2 D3 00 04 A1 D0,........,False,False,False
2026-01-21T17:30:56.316519,354.314850,RX,0x123,8,D1 D2 D3 D4 00 04 A1 D1,........,False,False,False
2026-01-21T17:30:56.318036,354.316367,RX,0x123,8,D2 D3 D4 D5 00 04 A1 D2,........,False,False,False
2026-01-21T17:30:56.319627,354.317958,RX,0x123,8,D3 D4 D5 D6 00 04 A1 D3,........,False,False,False
2026-01-21T17:30:56.321097,354.319427,RX,0x123,8,D4 D5 D6 D7 00 04 A1 D4,........,False,False,False
2026-01-21T17:30:56.322527,354.320857,RX,0x123,8,D5 D6 D7 D8 00 04 A1 D5,........,False,False,False
2026-01-21T17:30:56.323925,354.322256,RX,0x123,8,D6 D7 D8 D9 00 04 A1 D6,........,False,False,False
2026-01-21T17:30:56.325393,354.323724,RX,0x123,8,D7 D8 D9 DA 00 04 A1 D7,........,False,False,False
2026-01-21T17:30:56.326967,354.325298,RX,0x123,8,D8 D9 DA DB 00 04 A1 D8,........,False,False,False
2026-01-21T17:30:56.328987,354.327317,RX,0x123,8,D9 DA DB DC 00 04 A1 D9,........,False,False,False
2026-01-21T17:30:56.330495,354.328826,RX,0x123,8,DA DB DC DD 00 04 A1 DA,........,False,False,False
2026-01-21T17:30:56.332008,354.330338,RX,0x123,8,DB DC DD DE 00 04 A1 DB,........,False,False,False
2026-01-21T17:30:56.333536,354.331867,RX,0x123,8,DC DD DE DF 00 04 A1 DC,........,False,False,False
2026-01-21T17:30:56.335536,354.333866,RX,0x123,8,DD DE DF E0 00 04 A1 DD,........,False,False,False
2026-01-21T17:30:56.337145,354.335476,RX,0x123,8,DE DF E0 E1 00 04 A1 DE,........,False,False,False
2026-01-21T17:30:56.338521,354.336852,RX,0x123,8,DF E0 E1 E2 00 04 A1 DF,........,False,False,False
2026-01-21T17:30:56.340133,354.338463,RX,0x123,8,E0 E1 E2 E3 00 04 A1 E0,........,False,False,False
2026-01-21T17:30:56.341847,354.340177,RX,0x123,8,E1 E2 E3 E4 00 04 A1 E1,........,False,False,False
2026-01-21T17:30:56.343412,354.341743,RX,0x123,8,E2 E3 E4 E5 00 04 A1 E2,........,False,False,False
2026-01-21T17:30:56.345169,354.343499,RX,0x123,8,E3 E4 E5 E6 00 04 A1 E3,........,False,False,False
2026-01-21T17:30:56.346774,354.345105,RX,0x123,8,E4 E5 E6 E7 00 04 A1 E4,........,False,False,False
2026-01-21T17:30:56.348435,354.346765,RX,0x123,8,E5 E6 E7 E8 00 04 A1 E5,........,False,False,False
2026-01-21T17:30:56.350535,354.348866,RX,0x123,8,E6 E7 E8 E9 00 04 A1 E6,........,False,False,False
2026-01-21T17:30:56.352608,354.350939,RX,0x123,8,E7 E8 E9 EA 00 04 A1 E7,........,False,False,False
2026-01-21T17:30:56.354552,354.352883,RX,0x123,8,E8 E9 EA EB 00 04 A1 E8,........,False,False,False
2026-01-21T17:30:56.356115,354.354445,RX,0x123,8,E9 EA EB EC 00 04 A1 E9,........,False,False,False
2026-01-21T17:30:56.358114,354.356445,RX,0x123,8,EA EB EC ED 00 04 A1 EA,........,False,False,False
2026-01-21T17:30:56.360358,354.358689,RX,0x123,8,EB EC ED EE 00 04 A1 EB,........,False,False,False
2026-01-21T17:30:56.362289,354.360620,RX,0x123,8,EC ED EE EF 00 04 A1 EC,........,False,False,False
2026-01-21T17:30:56.364911,354.362206,RX,0x123,8,ED EE EF F0 00 04 A1 ED,........,False,False,False
2026-01-21T17:30:56.365970,354.364301,RX,0x123,8,EE EF F0 F1 00 04 A1 EE,........,False,False,False
2026-01-21T17:30:56.367456,354.365787,RX,0x123,8,EF F0 F1 F2 00 04 A1 EF,........,False,False,False
2026-01-21T17:30:56.369014,354.367345,RX,0x123,8,F0 F1 F2 F3 00 04 A1 F0,........,False,False,False
2026-01-21T17:30:56.370364,354.368695,RX,0x123,8,F1 F2 F3 F4 00 04 A1 F1,........,False,False,False
2026-01-21T17:30:56.371370,354.369701,RX,0x123,8,F2 F3 F4 F5 00 04 A1 F2,........,False,False,False
2026-01-21T17:30:56.373477,354.371808,RX,0x123,8,F3 F4 F5 F6 00 04 A1 F3,........,False,False,False
2026-01-21T17:30:56.374982,354.373312,RX,0x123,8,F4 F5 F6 F7 00 04 A1 F4,........,False,False,False
2026-01-21T17:30:56.376369,354.374700,RX,0x123,8,F5 F6 F7 F8 00 04 A1 F5,........,False,False,False
2026-01-21T17:30:56.377785,354.376115,RX,0x123,8,F6 F7 F8 F9 00 04 A1 F6,........,False,False,False
2026-01-21T17:30:56.379304,354.377635,RX,0x123,8,F7 F8 F9 FA 00 04 A1 F7,........,False,False,False
2026-01-21T17:30:56.380812,354.379143,RX,0x123,8,F8 F9 FA FB 00 04 A1 F8,........,False,False,False
2026-01-21T17:30:56.382293,354.380624,RX,0x123,8,F9 FA FB FC 00 04 A1 F9,........,False,False,False
2026-01-21T17:30:56.383888,354.382219,RX,0x123,8,FA FB FC FD 00 04 A1 FA,........,False,False,False
2026-01-21T17:30:56.385365,354.383695,RX,0x123,8,FB FC FD FE 00 04 A1 FB,........,False,False,False
2026-01-21T17:30:56.386926,354.385256,RX,0x123,8,FC FD FE FF 00 04 A1 FC,........,False,False,False
2026-01-21T17:30:56.388915,354.387246,RX,0x123,8,FD FE FF 00 00 04 A1 FD,........,False,False,False
2026-01-21T17:30:56.391133,354.389464,RX,0x123,8,FE FF 00 01 00 04 A1 FE,........,False,False,False
2026-01-21T17:30:56.392790,354.391120,RX,0x123,8,FF 00 01 02 00 04 A1 FF,........,False,False,False
2026-01-21T17:30:56.394303,354.392634,RX,0x123,8,00 01 02 03 00 04 A2 00,........,False,False,False
2026-01-21T17:30:56.395816,354.394147,RX,0x123,8,01 02 03 04 00 04 A2 01,........,False,False,False
2026-01-21T17:30:56.397240,354.395571,RX,0x123,8,02 03 04 05 00 04 A2 02,........,False,False,False
2026-01-21T17:30:56.398646,354.396976,RX,0x123,8,03 04 05 06 00 04 A2 03,........,False,False,False
2026-01-21T17:30:56.400198,354.398529,RX,0x123,8,04 05 06 07 00 04 A2 04,........,False,False,False
2026-01-21T17:30:56.401708,354.400038,RX,0x123,8,05 06 07 08 00 04 A2 05,........,False,False,False
2026-01-21T17:30:56.403215,354.401546,RX,0x123,8,06 07 08 09 00 04 A2 06,........,False,False,False
2026-01-21T17:30:56.404561,354.402892,RX,0x123,8,07 08 09 0A 00 04 A2 07,........,False,False,False
2026-01-21T17:30:56.405944,354.404274,RX,0x123,8,08 09 0A 0B 00 04 A2 08,........,False,False,False
2026-01-21T17:30:56.407315,354.405645,RX,0x123,8,09 0A 0B 0C 00 04 A2 09,........,False,False,False
2026-01-21T17:30:56.408720,354.407051,RX,0x123,8,0A 0B 0C 0D 00 04 A2 0A,........,False,False,False
2026-01-21T17:30:56.410081,354.408412,RX,0x123,8,0B 0C 0D 0E 00 04 A2 0B,........,False,False,False
2026-01-21T17:30:56.411091,354.409421,RX,0x123,8,0C 0D 0E 0F 00 04 A2 0C,........,False,False,False
2026-01-21T17:30:56.413273,354.411604,RX,0x123,8,0D 0E 0F 10 00 04 A2 0D,........,False,False,False
2026-01-21T17:30:56.414783,354.413113,RX,0x123,8,0E 0F 10 11 00 04 A2 0E,........,False,False,False
2026-01-21T17:30:56.416396,354.414727,RX,0x123,8,0F 10 11 12 00 04 A2 0F,........,False,False,False
2026-01-21T17:30:56.418594,354.416925,RX,0x123,8,10 11 12 13 00 04 A2 10,........,False,False,False
2026-01-21T17:30:56.420149,354.418480,RX,0x123,8,11 12 13 14 00 04 A2 11,........,False,False,False
2026-01-21T17:30:56.421622,354.419952,RX,0x123,8,12 13 14 15 00 04 A2 12,........,False,False,False
2026-01-21T17:30:56.423210,354.421540,RX,0x123,8,13 14 15 16 00 04 A2 13,........,False,False,False
2026-01-21T17:30:56.425180,354.423511,RX,0x123,8,14 15 16 17 00 04 A2 14,........,False,False,False
2026-01-21T17:30:56.427202,354.425532,RX,0x123,8,15 16 17 18 00 04 A2 15,........,False,False,False
2026-01-21T17:30:56.428208,354.426538,RX,0x123,8,16 17 18 19 00 04 A2 16,........,False,False,False
2026-01-21T17:30:56.430562,354.428893,RX,0x123,8,17 18 19 1A 00 04 A2 17,........,False,False,False
2026-01-21T17:30:56.432165,354.430496,RX,0x123,8,18 19 1A 1B 00 04 A2 18,........,False,False,False
2026-01-21T17:30:56.434001,354.432332,RX,0x123,8,19 1A 1B 1C 00 04 A2 19,........,False,False,False
2026-01-21T17:30:56.435786,354.434117,RX,0x123,8,1A 1B 1C 1D 00 04 A2 1A,........,False,False,False
2026-01-21T17:30:56.437415,354.435745,RX,0x123,8,1B 1C 1D 1E 00 04 A2 1B,........,False,False,False
2026-01-21T17:30:56.438894,354.437225,RX,0x123,8,1C 1D 1E 1F 00 04 A2 1C,........,False,False,False
2026-01-21T17:30:56.440420,354.438750,RX,0x123,8,1D 1E 1F 20 00 04 A2 1D,... ....,False,False,False
2026-01-21T17:30:56.441839,354.440169,RX,0x123,8,1E 1F 20 21 00 04 A2 1E,.. !....,False,False,False
2026-01-21T17:30:56.443246,354.441576,RX,0x123,8,1F 20 21 22 00 04 A2 1F,". !""....",False,False,False
2026-01-21T17:30:56.444634,354.442965,RX,0x123,8,20 21 22 23 00 04 A2 20," !""#... ",False,False,False
2026-01-21T17:30:56.446285,354.444615,RX,0x123,8,21 22 23 24 00 04 A2 21,"!""#$...!",False,False,False
2026-01-21T17:30:56.448724,354.447055,RX,0x123,8,22 23 24 25 00 04 A2 22,"""#$%...""",False,False,False
2026-01-21T17:30:56.450553,354.448884,RX,0x123,8,23 24 25 26 00 04 A2 23,#$%&...#,False,False,False
2026-01-21T17:30:56.452601,354.450932,RX,0x123,8,24 25 26 27 00 04 A2 24,$%&'...$,False,False,False
2026-01-21T17:30:56.454537,354.452867,RX,0x123,8,25 26 27 28 00 04 A2 25,%&'(...%,False,False,False
2026-01-21T17:30:56.456571,354.454901,RX,0x123,8,26 27 28 29 00 04 A2 26,&'()...&,False,False,False
2026-01-21T17:30:56.458197,354.456528,RX,0x123,8,27 28 29 2A 00 04 A2 27,'()*...',False,False,False
2026-01-21T17:30:56.459788,354.458118,RX,0x123,8,28 29 2A 2B 00 04 A2 28,()*+...(,False,False,False
2026-01-21T17:30:56.461382,354.459713,RX,0x123,8,29 2A 2B 2C 00 04 A2 29,")*+,...)",False,False,False
2026-01-21T17:30:56.463000,354.461330,RX,0x123,8,2A 2B 2C 2D 00 04 A2 2A,"*+,-...*",False,False,False
2026-01-21T17:30:56.464936,354.463266,RX,0x123,8,2B 2C 2D 2E 00 04 A2 2B,"+,-....+",False,False,False
2026-01-21T17:30:56.467042,354.465372,RX,0x123,8,2C 2D 2E 2F 00 04 A2 2C,",-./...,",False,False,False
2026-01-21T17:30:56.468977,354.467307,RX,0x123,8,2D 2E 2F 30 00 04 A2 2D,-./0...-,False,False,False
2026-01-21T17:30:56.470322,354.468653,RX,0x123,8,2E 2F 30 31 00 04 A2 2E,./01....,False,False,False
2026-01-21T17:30:56.471735,354.470065,RX,0x123,8,2F 30 31 32 00 04 A2 2F,/012.../,False,False,False
2026-01-21T17:30:56.473276,354.471606,RX,0x123,8,30 31 32 33 00 04 A2 30,0123...0,False,False,False
2026-01-21T17:30:56.474663,354.472993,RX,0x123,8,31 32 33 34 00 04 A2 31,1234...1,False,False,False
2026-01-21T17:30:56.476234,354.474565,RX,0x123,8,32 33 34 35 00 04 A2 32,2345...2,False,False,False
2026-01-21T17:30:56.477709,354.476039,RX,0x123,8,33 34 35 36 00 04 A2 33,3456...3,False,False,False
2026-01-21T17:30:56.478715,354.477045,RX,0x123,8,34 35 36 37 00 04 A2 34,4567...4,False,False,False
2026-01-21T17:30:56.481204,354.479534,RX,0x123,8,35 36 37 38 00 04 A2 35,5678...5,False,False,False
2026-01-21T17:30:56.482575,354.480906,RX,0x123,8,36 37 38 39 00 04 A2 36,6789...6,False,False,False
2026-01-21T17:30:56.483916,354.482246,RX,0x123,8,37 38 39 3A 00 04 A2 37,789:...7,False,False,False
2026-01-21T17:30:56.485549,354.483879,RX,0x123,8,38 39 3A 3B 00 04 A2 38,89:;...8,False,False,False
2026-01-21T17:30:56.487139,354.485469,RX,0x123,8,39 3A 3B 3C 00 04 A2 39,9:;<...9,False,False,False
2026-01-21T17:30:56.488798,354.487129,RX,0x123,8,3A 3B 3C 3D 00 04 A2 3A,:;<=...:,False,False,False
2026-01-21T17:30:56.490356,354.488687,RX,0x123,8,3B 3C 3D 3E 00 04 A2 3B,;<=>...;,False,False,False
2026-01-21T17:30:56.491964,354.490294,RX,0x123,8,3C 3D 3E 3F 00 04 A2 3C,<=>?...<,False,False,False
2026-01-21T17:30:56.494014,354.492345,RX,0x123,8,3D 3E 3F 40 00 04 A2 3D,=>?@...=,False,False,False
2026-01-21T17:30:56.495785,354.494115,RX,0x123,8,3E 3F 40 41 00 04 A2 3E,>?@A...>,False,False,False
2026-01-21T17:30:56.498328,354.496659,RX,0x123,8,3F 40 41 42 00 04 A2 3F,?@AB...?,False,False,False
2026-01-21T17:30:56.500197,354.498528,RX,0x123,8,40 41 42 43 00 04 A2 40,@ABC...@,False,False,False
2026-01-21T17:30:56.501768,354.500099,RX,0x123,8,41 42 43 44 00 04 A2 41,ABCD...A,False,False,False
2026-01-21T17:30:56.503147,354.501478,RX,0x123,8,42 43 44 45 00 04 A2 42,BCDE...B,False,False,False
2026-01-21T17:30:56.504497,354.502828,RX,0x123,8,43 44 45 46 00 04 A2 43,CDEF...C,False,False,False
2026-01-21T17:30:56.505991,354.504321,RX,0x123,8,44 45 46 47 00 04 A2 44,DEFG...D,False,False,False
2026-01-21T17:30:56.507520,354.505851,RX,0x123,8,45 46 47 48 00 04 A2 45,EFGH...E,False,False,False
2026-01-21T17:30:56.509861,354.508192,RX,0x123,8,46 47 48 49 00 04 A2 46,FGHI...F,False,False,False
2026-01-21T17:30:56.510304,354.508635,RX,0x123,8,47 48 49 4A 00 04 A2 47,GHIJ...G,False,False,False
2026-01-21T17:30:56.511688,354.510018,RX,0x123,8,48 49 4A 4B 00 04 A2 48,HIJK...H,False,False,False
2026-01-21T17:30:56.513149,354.511480,RX,0x123,8,49 4A 4B 4C 00 04 A2 49,IJKL...I,False,False,False
2026-01-21T17:30:56.514156,354.512486,RX,0x123,8,4A 4B 4C 4D 00 04 A2 4A,JKLM...J,False,False,False
2026-01-21T17:30:56.516571,354.514902,RX,0x123,8,4B 4C 4D 4E 00 04 A2 4B,KLMN...K,False,False,False
2026-01-21T17:30:56.518507,354.516837,RX,0x123,8,4C 4D 4E 4F 00 04 A2 4C,LMNO...L,False,False,False
2026-01-21T17:30:56.520443,354.518773,RX,0x123,8,4D 4E 4F 50 00 04 A2 4D,MNOP...M,False,False,False
2026-01-21T17:30:56.522031,354.520362,RX,0x123,8,4E 4F 50 51 00 04 A2 4E,NOPQ...N,False,False,False
2026-01-21T17:30:56.523806,354.522137,RX,0x123,8,4F 50 51 52 00 04 A2 4F,OPQR...O,False,False,False
2026-01-21T17:30:56.525648,354.523979,RX,0x123,8,50 51 52 53 00 04 A2 50,PQRS...P,False,False,False
2026-01-21T17:30:56.527386,354.525716,RX,0x123,8,51 52 53 54 00 04 A2 51,QRST...Q,False,False,False
2026-01-21T17:30:56.528813,354.527144,RX,0x123,8,52 53 54 55 00 04 A2 52,RSTU...R,False,False,False
2026-01-21T17:30:56.530338,354.528669,RX,0x123,8,53 54 55 56 00 04 A2 53,STUV...S,False,False,False
2026-01-21T17:30:56.531692,354.530022,RX,0x123,8,54 55 56 57 00 04 A2 54,TUVW...T,False,False,False
2026-01-21T17:30:56.533042,354.531372,RX,0x123,8,55 56 57 58 00 04 A2 55,UVWX...U,False,False,False
2026-01-21T17:30:56.534874,354.533205,RX,0x123,8,56 57 58 59 00 04 A2 56,VWXY...V,False,False,False
2026-01-21T17:30:56.536590,354.534920,RX,0x123,8,57 58 59 5A 00 04 A2 57,WXYZ...W,False,False,False
2026-01-21T17:30:56.538076,354.536406,RX,0x123,8,58 59 5A 5B 00 04 A2 58,XYZ[...X,False,False,False
2026-01-21T17:30:56.539870,354.538201,RX,0x123,8,59 5A 5B 5C 00 04 A2 59,YZ[\...Y,False,False,False
2026-01-21T17:30:56.541872,354.540202,RX,0x123,8,5A 5B 5C 5D 00 04 A2 5A,Z[\]...Z,False,False,False
2026-01-21T17:30:56.543362,354.541693,RX,0x123,8,5B 5C 5D 5E 00 04 A2 5B,[\]^...[,False,False,False
2026-01-21T17:30:56.544840,354.543171,RX,0x123,8,5C 5D 5E 5F 00 04 A2 5C,\]^_...\,False,False,False
2026-01-21T17:30:56.546166,354.544497,RX,0x123,8,5D 5E 5F 60 00 04 A2 5D,]^_`...],False,False,False
2026-01-21T17:30:56.547649,354.545980,RX,0x123,8,5E 5F 60 61 00 04 A2 5E,^_`a...^,False,False,False
2026-01-21T17:30:56.549082,354.547413,RX,0x123,8,5F 60 61 62 00 04 A2 5F,_`ab..._,False,False,False
2026-01-21T17:30:56.550096,354.548427,RX,0x123,8,60 61 62 63 00 04 A2 60,`abc...`,False,False,False
2026-01-21T17:30:56.551891,354.550222,RX,0x123,8,61 62 63 64 00 04 A2 61,abcd...a,False,False,False
2026-01-21T17:30:56.553688,354.552019,RX,0x123,8,62 63 64 65 00 04 A2 62,bcde...b,False,False,False
2026-01-21T17:30:56.556040,354.554370,RX,0x123,8,63 64 65 66 00 04 A2 63,cdef...c,False,False,False
2026-01-21T17:30:56.557838,354.556168,RX,0x123,8,64 65 66 67 00 04 A2 64,defg...d,False,False,False
2026-01-21T17:30:56.559544,354.557874,RX,0x123,8,65 66 67 68 00 04 A2 65,efgh...e,False,False,False
2026-01-21T17:30:56.561007,354.559337,RX,0x123,8,66 67 68 69 00 04 A2 66,fghi...f,False,False,False
2026-01-21T17:30:56.562521,354.560852,RX,0x123,8,67 68 69 6A 00 04 A2 67,ghij...g,False,False,False
2026-01-21T17:30:56.564175,354.562506,RX,0x123,8,68 69 6A 6B 00 04 A2 68,hijk...h,False,False,False
2026-01-21T17:30:56.565184,354.563515,RX,0x123,8,69 6A 6B 6C 00 04 A2 69,ijkl...i,False,False,False
2026-01-21T17:30:56.567858,354.566188,RX,0x123,8,6A 6B 6C 6D 00 04 A2 6A,jklm...j,False,False,False
2026-01-21T17:30:56.569243,354.567574,RX,0x123,8,6B 6C 6D 6E 00 04 A2 6B,klmn...k,False,False,False
2026-01-21T17:30:56.570942,354.569272,RX,0x123,8,6C 6D 6E 6F 00 04 A2 6C,lmno...l,False,False,False
2026-01-21T17:30:56.572834,354.571165,RX,0x123,8,6D 6E 6F 70 00 04 A2 6D,mnop...m,False,False,False
2026-01-21T17:30:56.573841,354.572172,RX,0x123,8,6E 6F 70 71 00 04 A2 6E,nopq...n,False,False,False
2026-01-21T17:30:56.576360,354.574691,RX,0x123,8,6F 70 71 72 00 04 A2 6F,opqr...o,False,False,False
2026-01-21T17:30:56.578734,354.577065,RX,0x123,8,70 71 72 73 00 04 A2 70,pqrs...p,False,False,False
2026-01-21T17:30:56.580596,354.578927,RX,0x123,8,71 72 73 74 00 04 A2 71,qrst...q,False,False,False
2026-01-21T17:30:56.582986,354.581317,RX,0x123,8,72 73 74 75 00 04 A2 72,rstu...r,False,False,False
2026-01-21T17:30:56.584901,354.583231,RX,0x123,8,73 74 75 76 00 04 A2 73,stuv...s,False,False,False
2026-01-21T17:30:56.587125,354.585455,RX,0x123,8,74 75 76 77 00 04 A2 74,tuvw...t,False,False,False
2026-01-21T17:30:56.588646,354.586977,RX,0x123,8,75 76 77 78 00 04 A2 75,uvwx...u,False,False,False
2026-01-21T17:30:56.590046,354.588376,RX,0x123,8,76 77 78 79 00 04 A2 76,vwxy...v,False,False,False
2026-01-21T17:30:56.591435,354.589766,RX,0x123,8,77 78 79 7A 00 04 A2 77,wxyz...w,False,False,False
2026-01-21T17:30:56.593148,354.591479,RX,0x123,8,78 79 7A 7B 00 04 A2 78,xyz{...x,False,False,False
2026-01-21T17:30:56.594889,354.593220,RX,0x123,8,79 7A 7B 7C 00 04 A2 79,yz{|...y,False,False,False
2026-01-21T17:30:56.596363,354.594693,RX,0x123,8,7A 7B 7C 7D 00 04 A2 7A,z{|}...z,False,False,False
2026-01-21T17:30:56.597847,354.596178,RX,0x123,8,7B 7C 7D 7E 00 04 A2 7B,{|}~...{,False,False,False
2026-01-21T17:30:56.599362,354.597692,RX,0x123,8,7C 7D 7E 7F 00 04 A2 7C,|}~....|,False,False,False
2026-01-21T17:30:56.600735,354.599066,RX,0x123,8,7D 7E 7F 80 00 04 A2 7D,}~.....},False,False,False
2026-01-21T17:30:56.602181,354.600512,RX,0x123,8,7E 7F 80 81 00 04 A2 7E,~......~,False,False,False
2026-01-21T17:30:56.603615,354.601946,RX,0x123,8,7F 80 81 82 00 04 A2 7F,........,False,False,False
2026-01-21T17:30:56.605119,354.603449,RX,0x123,8,80 81 82 83 00 04 A2 80,........,False,False,False
2026-01-21T17:30:56.606688,354.605018,RX,0x123,8,81 82 83 84 00 04 A2 81,........,False,False,False
2026-01-21T17:30:56.608445,354.606776,RX,0x123,8,82 83 84 85 00 04 A2 82,........,False,False,False
2026-01-21T17:30:56.610058,354.608389,RX,0x123,8,83 84 85 86 00 04 A2 83,........,False,False,False
2026-01-21T17:30:56.611661,354.609992,RX,0x123,8,84 85 86 87 00 04 A2 84,........,False,False,False
2026-01-21T17:30:56.613125,354.611455,RX,0x123,8,85 86 87 88 00 04 A2 85,........,False,False,False
2026-01-21T17:30:56.614483,354.612813,RX,0x123,8,86 87 88 89 00 04 A2 86,........,False,False,False
2026-01-21T17:30:56.615489,354.613819,RX,0x123,8,87 88 89 8A 00 04 A2 87,........,False,False,False
2026-01-21T17:30:56.617606,354.615937,RX,0x123,8,88 89 8A 8B 00 04 A2 88,........,False,False,False
2026-01-21T17:30:56.619328,354.617658,RX,0x123,8,89 8A 8B 8C 00 04 A2 89,........,False,False,False
2026-01-21T17:30:56.621245,354.619575,RX,0x123,8,8A 8B 8C 8D 00 04 A2 8A,........,False,False,False
2026-01-21T17:30:56.623015,354.621345,RX,0x123,8,8B 8C 8D 8E 00 04 A2 8B,........,False,False,False
2026-01-21T17:30:56.624994,354.623324,RX,0x123,8,8C 8D 8E 8F 00 04 A2 8C,........,False,False,False
2026-01-21T17:30:56.627042,354.625373,RX,0x123,8,8D 8E 8F 90 00 04 A2 8D,........,False,False,False
2026-01-21T17:30:56.628441,354.626772,RX,0x123,8,8E 8F 90 91 00 04 A2 8E,........,False,False,False
2026-01-21T17:30:56.629453,354.627784,RX,0x123,8,8F 90 91 92 00 04 A2 8F,........,False,False,False
2026-01-21T17:30:56.631710,354.630041,RX,0x123,8,90 91 92 93 00 04 A2 90,........,False,False,False
2026-01-21T17:30:56.633048,354.631379,RX,0x123,8,91 92 93 94 00 04 A2 91,........,False,False,False
2026-01-21T17:30:56.635317,354.633648,RX,0x123,8,92 93 94 95 00 04 A2 92,........,False,False,False
2026-01-21T17:30:56.637077,354.635408,RX,0x123,8,93 94 95 96 00 04 A2 93,........,False,False,False
2026-01-21T17:30:56.638365,354.636695,RX,0x123,8,94 95 96 97 00 04 A2 94,........,False,False,False
2026-01-21T17:30:56.640823,354.639153,RX,0x123,8,95 96 97 98 00 04 A2 95,........,False,False,False
2026-01-21T17:30:56.642313,354.640644,RX,0x123,8,96 97 98 99 00 04 A2 96,........,False,False,False
2026-01-21T17:30:56.643777,354.642108,RX,0x123,8,97 98 99 9A 00 04 A2 97,........,False,False,False
2026-01-21T17:30:56.644790,354.643120,RX,0x123,8,98 99 9A 9B 00 04 A2 98,........,False,False,False
2026-01-21T17:30:56.647341,354.645672,RX,0x123,8,99 9A 9B 9C 00 04 A2 99,........,False,False,False
2026-01-21T17:30:56.649115,354.647445,RX,0x123,8,9A 9B 9C 9D 00 04 A2 9A,........,False,False,False
2026-01-21T17:30:56.651306,354.649637,RX,0x123,8,9B 9C 9D 9E 00 04 A2 9B,........,False,False,False
2026-01-21T17:30:56.652733,354.651063,RX,0x123,8,9C 9D 9E 9F 00 04 A2 9C,........,False,False,False
2026-01-21T17:30:56.655441,354.653772,RX,0x123,8,9D 9E 9F A0 00 04 A2 9D,........,False,False,False
2026-01-21T17:30:56.657290,354.655621,RX,0x123,8,9E 9F A0 A1 00 04 A2 9E,........,False,False,False
2026-01-21T17:30:56.658765,354.657096,RX,0x123,8,9F A0 A1 A2 00 04 A2 9F,........,False,False,False
2026-01-21T17:30:56.660206,354.658537,RX,0x123,8,A0 A1 A2 A3 00 04 A2 A0,........,False,False,False
2026-01-21T17:30:56.661639,354.659970,RX,0x123,8,A1 A2 A3 A4 00 04 A2 A1,........,False,False,False
2026-01-21T17:30:56.662967,354.661298,RX,0x123,8,A2 A3 A4 A5 00 04 A2 A2,........,False,False,False
2026-01-21T17:30:56.663973,354.662303,RX,0x123,8,A3 A4 A5 A6 00 04 A2 A3,........,False,False,False
2026-01-21T17:30:56.667166,354.664577,RX,0x123,8,A4 A5 A6 A7 00 04 A2 A4,........,False,False,False
2026-01-21T17:30:56.668731,354.667061,RX,0x123,8,A5 A6 A7 A8 00 04 A2 A5,........,False,False,False
2026-01-21T17:30:56.670391,354.668722,RX,0x123,8,A6 A7 A8 A9 00 04 A2 A6,........,False,False,False
2026-01-21T17:30:56.671962,354.670293,RX,0x123,8,A7 A8 A9 AA 00 04 A2 A7,........,False,False,False
2026-01-21T17:30:56.673582,354.671913,RX,0x123,8,A8 A9 AA AB 00 04 A2 A8,........,False,False,False
2026-01-21T17:30:56.674934,354.673265,RX,0x123,8,A9 AA AB AC 00 04 A2 A9,........,False,False,False
2026-01-21T17:30:56.676734,354.675065,RX,0x123,8,AA AB AC AD 00 04 A2 AA,........,False,False,False
2026-01-21T17:30:56.678559,354.676890,RX,0x123,8,AB AC AD AE 00 04 A2 AB,........,False,False,False
2026-01-21T17:30:56.680151,354.678482,RX,0x123,8,AC AD AE AF 00 04 A2 AC,........,False,False,False
2026-01-21T17:30:56.681838,354.680168,RX,0x123,8,AD AE AF B0 00 04 A2 AD,........,False,False,False
2026-01-21T17:30:56.683858,354.682188,RX,0x123,8,AE AF B0 B1 00 04 A2 AE,........,False,False,False
2026-01-21T17:30:56.685880,354.684211,RX,0x123,8,AF B0 B1 B2 00 04 A2 AF,........,False,False,False
2026-01-21T17:30:56.687332,354.685663,RX,0x123,8,B0 B1 B2 B3 00 04 A2 B0,........,False,False,False
2026-01-21T17:30:56.688804,354.687134,RX,0x123,8,B1 B2 B3 B4 00 04 A2 B1,........,False,False,False
2026-01-21T17:30:56.690572,354.688903,RX,0x123,8,B2 B3 B4 B5 00 04 A2 B2,........,False,False,False
2026-01-21T17:30:56.692356,354.690686,RX,0x123,8,B3 B4 B5 B6 00 04 A2 B3,........,False,False,False
2026-01-21T17:30:56.693777,354.692108,RX,0x123,8,B4 B5 B6 B7 00 04 A2 B4,........,False,False,False
2026-01-21T17:30:56.695486,354.693817,RX,0x123,8,B5 B6 B7 B8 00 04 A2 B5,........,False,False,False
2026-01-21T17:30:56.697355,354.695685,RX,0x123,8,B6 B7 B8 B9 00 04 A2 B6,........,False,False,False
2026-01-21T17:30:56.698836,354.697166,RX,0x123,8,B7 B8 B9 BA 00 04 A2 B7,........,False,False,False
2026-01-21T17:30:56.700419,354.698749,RX,0x123,8,B8 B9 BA BB 00 04 A2 B8,........,False,False,False
2026-01-21T17:30:56.702389,354.700720,RX,0x123,8,B9 BA BB BC 00 04 A2 B9,........,False,False,False
2026-01-21T17:30:56.704696,354.703027,RX,0x123,8,BA BB BC BD 00 04 A2 BA,........,False,False,False
2026-01-21T17:30:56.706592,354.704922,RX,0x123,8,BB BC BD BE 00 04 A2 BB,........,False,False,False
2026-01-21T17:30:56.708760,354.707091,RX,0x123,8,BC BD BE BF 00 04 A2 BC,........,False,False,False
2026-01-21T17:30:56.710397,354.708728,RX,0x123,8,BD BE BF C0 00 04 A2 BD,........,False,False,False
2026-01-21T17:30:56.712365,354.710696,RX,0x123,8,BE BF C0 C1 00 04 A2 BE,........,False,False,False
2026-01-21T17:30:56.713838,354.712168,RX,0x123,8,BF C0 C1 C2 00 04 A2 BF,........,False,False,False
2026-01-21T17:30:56.715290,354.713621,RX,0x123,8,C0 C1 C2 C3 00 04 A2 C0,........,False,False,False
2026-01-21T17:30:56.717002,354.715333,RX,0x123,8,C1 C2 C3 C4 00 04 A2 C1,........,False,False,False
2026-01-21T17:30:56.718842,354.717173,RX,0x123,8,C2 C3 C4 C5 00 04 A2 C2,........,False,False,False
2026-01-21T17:30:56.720960,354.719291,RX,0x123,8,C3 C4 C5 C6 00 04 A2 C3,........,False,False,False
2026-01-21T17:30:56.722991,354.721322,RX,0x123,8,C4 C5 C6 C7 00 04 A2 C4,........,False,False,False
2026-01-21T17:30:56.724505,354.722836,RX,0x123,8,C5 C6 C7 C8 00 04 A2 C5,........,False,False,False
2026-01-21T17:30:56.726964,354.725295,RX,0x123,8,C6 C7 C8 C9 00 04 A2 C6,........,False,False,False
2026-01-21T17:30:56.728872,354.727202,RX,0x123,8,C7 C8 C9 CA 00 04 A2 C7,........,False,False,False
2026-01-21T17:30:56.729877,354.728208,RX,0x123,8,C8 C9 CA CB 00 04 A2 C8,........,False,False,False
2026-01-21T17:30:56.732293,354.730624,RX,0x123,8,C9 CA CB CC 00 04 A2 C9,........,False,False,False
2026-01-21T17:30:56.733923,354.732254,RX,0x123,8,CA CB CC CD 00 04 A2 CA,........,False,False,False
2026-01-21T17:30:56.735294,354.733625,RX,0x123,8,CB CC CD CE 00 04 A2 CB,........,False,False,False
2026-01-21T17:30:56.736304,354.734634,RX,0x123,8,CC CD CE CF 00 04 A2 CC,........,False,False,False
2026-01-21T17:30:56.738480,354.736810,RX,0x123,8,CD CE CF D0 00 04 A2 CD,........,False,False,False
2026-01-21T17:30:56.739909,354.738240,RX,0x123,8,CE CF D0 D1 00 04 A2 CE,........,False,False,False
2026-01-21T17:30:56.741464,354.739794,RX,0x123,8,CF D0 D1 D2 00 04 A2 CF,........,False,False,False
2026-01-21T17:30:56.742824,354.741155,RX,0x123,8,D0 D1 D2 D3 00 04 A2 D0,........,False,False,False
