Timestamp,Time_Offset_s,Direction,CAN_ID,DLC,Data_Hex,Data_ASCII,Extended,Remote,Error
2026-02-11T14:54:02.419351,594.440879,RX,0x000,128,E0 01 00 00 00 00 00 00,........,False,True,True
2026-02-11T14:54:02.419351,594.440879,RX,0x000,128,00 38 9B 71 80 02 00 00,.8.q....,False,False,False
2026-02-11T14:54:02.419351,594.440879,RX,0x000,0,,,False,False,False
2026-02-11T14:54:02.419351,594.440879,RX,0x1E0,0,,,False,False,False
2026-02-11T14:54:02.419351,594.440879,RX,0x000,128,E0 01 00 00 00 00 00 00,........,False,True,True
2026-02-11T14:54:02.420351,594.441879,RX,0x000,128,00 38 9B 71 80 02 00 00,.8.q....,False,False,False
2026-02-11T14:54:02.420351,594.441879,RX,0x000,0,,,False,False,False
2026-02-11T14:54:02.420351,594.441879,RX,0x1E0,0,,,False,False,False
2026-02-11T14:54:02.420351,594.441879,RX,0x000,128,E0 01 00 00 00 00 00 00,........,False,True,True
2026-02-11T14:54:02.420351,594.441879,RX,0x000,128,00 38 9B 71 80 02 00 00,.8.q....,False,False,False
2026-02-11T14:54:02.420351,594.441879,RX,0x000,0,,,False,False,False
2026-02-11T14:54:02.420351,594.441879,RX,0x1E0,0,,,False,False,False
2026-02-11T14:54:02.420351,594.441879,RX,0x000,128,E0 01 00 00 00 00 00 00,........,False,True,True
2026-02-11T14:54:02.420351,594.441879,RX,0x000,128,00 38 9B 71 80 02 00 00,.8.q....,False,False,False
2026-02-11T14:54:02.421355,594.442883,RX,0x000,0,,,False,False,False
2026-02-11T14:54:02.421355,594.442883,RX,0x1E0,0,,,False,False,False
2026-02-11T14:54:02.421355,594.442883,RX,0x000,128,E0 01 00 00 00 00 00 00,........,False,True,True
2026-02-11T14:54:02.421355,594.442883,RX,0x000,128,00 38 9B 71 80 02 00 00,.8.q....,False,False,False
2026-02-11T14:54:02.421355,594.442883,RX,0x000,0,,,False,False,False
2026-02-11T14:54:02.421355,594.442883,RX,0x1E0,0,,,False,False,False
2026-02-11T14:54:02.421355,594.442883,RX,0x000,128,E0 01 00 00 00 00 00 00,........,False,True,True
2026-02-11T14:54:02.421355,594.442883,RX,0x000,128,00 38 9B 71 80 02 00 00,.8.q....,False,False,False
2026-02-11T14:54:02.422355,594.443883,RX,0x000,0,,,False,False,False
2026-02-11T14:54:02.422355,594.443883,RX,0x1E0,0,,,False,False,False
2026-02-11T14:54:02.422355,594.443883,RX,0x000,128,E0 01 00 00 00 00 00 00,........,False,True,True
2026-02-11T14:54:02.422355,594.443883,RX,0x000,128,00 38 9B 71 80 02 00 00,.8.q....,False,False,False
2026-02-11T14:54:02.422355,594.443883,RX,0x000,0,,,False,False,False
2026-02-11T14:54:02.423354,594.444882,RX,0x1E0,0,,,False,False,False
2026-02-11T14:54:02.423354,594.444882,RX,0x000,128,E0 01 00 00 00 00 00 00,........,False,True,True
2026-02-11T14:54:02.423354,594.444882,RX,0x000,128,00 38 9B 71 80 02 00 00,.8.q....,False,False,False
2026-02-11T14:54:02.423354,594.444882,RX,0x000,0,,,False,False,False
2026-02-11T14:54:02.423354,594.444882,RX,0x1E0,0,,,False,False,False
2026-02-11T14:54:02.423354,594.444882,RX,0x000,128,E0 01 00 00 00 00 00 00,........,False,True,True
2026-02-11T14:54:02.423354,594.444882,RX,0x000,128,00 38 9B 71 80 02 00 00,.8.q....,False,False,False
2026-02-11T14:54:02.423354,594.444882,RX,0x000,0,,,False,False,False
2026-02-11T14:54:02.423354,594.444882,RX,0x1E0,0,,,False,False,False
2026-02-11T14:54:02.424356,594.444882,RX,0x000,128,E0 01 00 00 00 00 00 00,........,False,True,True
2026-02-11T14:54:02.424356,594.445884,RX,0x000,128,00 38 9B 71 80 02 00 00,.8.q....,False,False,False
2026-02-11T14:54:02.424356,594.445884,RX,0x000,0,,,False,False,False
2026-02-11T14:54:02.424356,594.445884,RX,0x1E0,0,,,False,False,False
2026-02-11T14:54:02.424356,594.445884,RX,0x000,128,E0 01 00 00 00 00 00 00,........,False,True,True
2026-02-11T14:54:02.424356,594.445884,RX,0x000,128,00 38 9B 71 80 02 00 00,.8.q....,False,False,False
2026-02-11T14:54:02.424356,594.445884,RX,0x000,0,,,False,False,False
2026-02-11T14:54:02.424356,594.445884,RX,0x1E0,0,,,False,False,False
2026-02-11T14:54:02.424356,594.445884,RX,0x000,128,E0 01 00 00 00 00 00 00,........,False,True,True
2026-02-11T14:54:02.424356,594.445884,RX,0x000,128,00 38 9B 71 80 02 00 00,.8.q....,False,False,False
2026-02-11T14:54:02.425356,594.446884,RX,0x000,0,,,False,False,False
2026-02-11T14:54:02.425356,594.446884,RX,0x1E0,0,,,False,False,False
2026-02-11T14:54:02.425356,594.446884,RX,0x000,128,E0 01 00 00 00 00 00 00,........,False,True,True
2026-02-11T14:54:02.425356,594.446884,RX,0x000,128,00 38 9B 71 80 02 00 00,.8.q....,False,False,False
2026-02-11T14:54:02.425356,594.446884,RX,0x000,0,,,False,False,False
2026-02-11T14:54:02.425356,594.446884,RX,0x1E0,0,,,False,False,False
2026-02-11T14:54:02.425356,594.446884,RX,0x000,128,E0 01 00 00 00 00 00 00,........,False,True,True
2026-02-11T14:54:02.425356,594.446884,RX,0x000,128,00 38 9B 71 80 02 00 00,.8.q....,False,False,False
2026-02-11T14:54:02.425356,594.446884,RX,0x000,0,,,False,False,False
2026-02-11T14:54:02.426354,594.447882,RX,0x1E0,0,,,False,False,False
2026-02-11T14:54:02.426354,594.447882,RX,0x000,128,E0 01 00 00 00 00 00 00,........,False,True,True
2026-02-11T14:54:02.426354,594.447882,RX,0x000,128,00 38 9B 71 80 02 00 00,.8.q....,False,False,False
2026-02-11T14:54:02.426354,594.447882,RX,0x000,0,,,False,False,False
2026-02-11T14:54:02.426354,594.447882,RX,0x1E0,0,,,False,False,False
2026-02-11T14:54:02.426354,594.447882,RX,0x000,128,E0 01 00 00 00 00 00 00,........,False,True,True
2026-02-11T14:54:02.426354,594.447882,RX,0x000,128,00 38 9B 71 80 02 00 00,.8.q....,False,False,False
2026-02-11T14:54:02.426354,594.447882,RX,0x000,0,,,False,False,False
2026-02-11T14:54:02.426354,594.447882,RX,0x1E0,0,,,False,False,False
2026-02-11T14:54:02.426354,594.447882,RX,0x000,128,E0 01 00 00 00 00 00 00,........,False,True,True
2026-02-11T14:54:02.426354,594.447882,RX,0x000,128,00 38 9B 71 80 02 00 00,.8.q....,False,False,False
2026-02-11T14:54:02.426354,594.447882,RX,0x000,0,,,False,False,False
2026-02-11T14:54:02.426354,594.447882,RX,0x1E0,0,,,False,False,False
2026-02-11T14:54:02.426354,594.447882,RX,0x000,128,E0 01 00 00 00 00 00 00,........,False,True,True
2026-02-11T14:54:02.427861,594.449389,RX,0x000,128,00 38 9B 71 80 02 00 00,.8.q....,False,False,False
2026-02-11T14:54:02.427861,594.449389,RX,0x000,0,,,False,False,False
2026-02-11T14:54:02.427861,594.449389,RX,0x1E0,0,,,False,False,False
2026-02-11T14:54:02.427861,594.449389,RX,0x000,128,E0 01 00 00 00 00 00 00,........,False,True,True
2026-02-11T14:54:02.427861,594.449389,RX,0x000,128,00 38 9B 71 80 02 00 00,.8.q....,False,False,False
2026-02-11T14:54:02.427861,594.449389,RX,0x000,0,,,False,False,False
2026-02-11T14:54:02.427861,594.449389,RX,0x1E0,0,,,False,False,False
2026-02-11T14:54:02.429048,594.450576,RX,0x000,128,E0 01 00 00 00 00 00 00,........,False,True,True
2026-02-11T14:54:02.429048,594.450576,RX,0x000,128,00 38 9B 71 80 02 00 00,.8.q....,False,False,False
2026-02-11T14:54:02.429048,594.450576,RX,0x000,0,,,False,False,False
2026-02-11T14:54:02.429048,594.450576,RX,0x1E0,0,,,False,False,False
2026-02-11T14:54:02.429048,594.450576,RX,0x000,128,E0 01 00 00 00 00 00 00,........,False,True,True
2026-02-11T14:54:02.429048,594.450576,RX,0x000,128,00 38 9B 71 80 02 00 00,.8.q....,False,False,False
2026-02-11T14:54:02.429048,594.450576,RX,0x000,0,,,False,False,False
2026-02-11T14:54:02.430059,594.451587,RX,0x1E0,0,,,False,False,False
2026-02-11T14:54:02.430059,594.451587,RX,0x000,128,E0 01 00 00 00 00 00 00,........,False,True,True
2026-02-11T14:54:02.430059,594.451587,RX,0x000,128,00 38 9B 71 80 02 00 00,.8.q....,False,False,False
2026-02-11T14:54:02.430059,594.451587,RX,0x000,0,,,False,False,False
2026-02-11T14:54:02.430059,594.451587,RX,0x1E0,0,,,False,False,False
2026-02-11T14:54:02.430059,594.451587,RX,0x000,128,E0 01 00 00 00 00 00 00,........,False,True,True
2026-02-11T14:54:02.430059,594.451587,RX,0x000,128,00 38 9B 71 80 02 00 00,.8.q....,False,False,False
2026-02-11T14:54:02.430059,594.451587,RX,0x000,0,,,False,False,False
2026-02-11T14:54:02.431049,594.452577,RX,0x1E0,0,,,False,False,False
2026-02-11T14:54:02.431049,594.452577,RX,0x000,128,E0 01 00 00 00 00 00 00,........,False,True,True
2026-02-11T14:54:02.431049,594.452577,RX,0x000,128,00 38 9B 71 80 02 00 00,.8.q....,False,False,False
2026-02-11T14:54:02.431049,594.452577,RX,0x000,0,,,False,False,False
2026-02-11T14:54:02.431049,594.452577,RX,0x1E0,0,,,False,False,False
2026-02-11T14:54:02.431049,594.452577,RX,0x000,128,E0 01 00 00 00 00 00 00,........,False,True,True
2026-02-11T14:54:02.431049,594.452577,RX,0x000,128,00 38 9B 71 80 02 00 00,.8.q....,False,False,False
2026-02-11T14:54:02.432054,594.453582,RX,0x000,0,,,False,False,False
2026-02-11T14:54:02.432054,594.453582,RX,0x1E0,0,,,False,False,False
2026-02-11T14:54:02.436053,594.457581,RX,0x000,128,E0 01 00 00 00 00 00 00,........,False,True,True
2026-02-11T14:54:02.436053,594.457581,RX,0x000,128,00 38 9B 71 80 02 00 00,.8.q....,False,False,False
2026-02-11T14:54:02.436053,594.457581,RX,0x000,0,,,False,False,False
2026-02-11T14:54:02.436053,594.457581,RX,0x1E0,0,,,False,False,False
2026-02-11T14:54:02.436053,594.457581,RX,0x000,128,E0 01 00 00 00 00 00 00,........,False,True,True
2026-02-11T14:54:02.436053,594.457581,RX,0x000,128,00 38 9B 71 80 02 00 00,.8.q....,False,False,False
2026-02-11T14:54:02.437052,594.458580,RX,0x000,0,,,False,False,False
2026-02-11T14:54:02.437052,594.458580,RX,0x1E0,0,,,False,False,False
2026-02-11T14:54:02.437052,594.458580,RX,0x000,128,E0 01 00 00 00 00 00 00,........,False,True,True
2026-02-11T14:54:02.437052,594.458580,RX,0x000,128,00 38 9B 71 80 02 00 00,.8.q....,False,False,False
2026-02-11T14:54:02.437052,594.458580,RX,0x000,0,,,False,False,False
2026-02-11T14:54:02.437052,594.458580,RX,0x1E0,0,,,False,False,False
2026-02-11T14:54:02.438057,594.459585,RX,0x000,128,E0 01 00 00 00 00 00 00,........,False,True,True
2026-02-11T14:54:02.438057,594.459585,RX,0x000,128,00 38 9B 71 80 02 00 00,.8.q....,False,False,False
2026-02-11T14:54:02.438057,594.459585,RX,0x000,0,,,False,False,False
2026-02-11T14:54:02.438569,594.460097,RX,0x1E0,0,,,False,False,False
2026-02-11T14:54:02.438569,594.460097,RX,0x000,128,E0 01 00 00 00 00 00 00,........,False,True,True
2026-02-11T14:54:02.438569,594.460097,RX,0x000,128,00 38 9B 71 80 02 00 00,.8.q....,False,False,False
2026-02-11T14:54:02.438569,594.460097,RX,0x000,0,,,False,False,False
2026-02-11T14:54:02.438569,594.460097,RX,0x1E0,0,,,False,False,False
2026-02-11T14:54:02.439573,594.461101,RX,0x000,128,E0 01 00 00 00 00 00 00,........,False,True,True
2026-02-11T14:54:02.439573,594.461101,RX,0x000,128,00 38 9B 71 80 02 00 00,.8.q....,False,False,False
2026-02-11T14:54:02.439573,594.461101,RX,0x000,0,,,False,False,False
2026-02-11T14:54:02.439573,594.461101,RX,0x1E0,0,,,False,False,False
2026-02-11T14:54:02.439573,594.461101,RX,0x000,128,E0 01 00 00 00 00 00 00,........,False,True,True
2026-02-11T14:54:02.439573,594.461101,RX,0x000,128,00 38 9B 71 80 02 00 00,.8.q....,False,False,False
2026-02-11T14:54:02.439573,594.461101,RX,0x000,0,,,False,False,False
2026-02-11T14:54:02.440779,594.462306,RX,0x1E0,0,,,False,False,False
2026-02-11T14:54:02.440779,594.462306,RX,0x000,128,E0 01 00 00 00 00 00 00,........,False,True,True
2026-02-11T14:54:02.440779,594.462306,RX,0x000,128,00 38 9B 71 80 02 00 00,.8.q....,False,False,False
2026-02-11T14:54:02.440779,594.462306,RX,0x000,0,,,False,False,False
2026-02-11T14:54:02.440779,594.462306,RX,0x1E0,0,,,False,False,False
2026-02-11T14:54:02.440779,594.462306,RX,0x000,128,E0 01 00 00 00 00 00 00,........,False,True,True
2026-02-11T14:54:02.440779,594.462306,RX,0x000,128,00 38 9B 71 80 02 00 00,.8.q....,False,False,False
2026-02-11T14:54:02.441782,594.463310,RX,0x000,0,,,False,False,False
2026-02-11T14:54:02.441782,594.463310,RX,0x1E0,0,,,False,False,False
2026-02-11T14:54:02.441782,594.463310,RX,0x000,128,E0 01 00 00 00 00 00 00,........,False,True,True
2026-02-11T14:54:02.441782,594.463310,RX,0x000,128,00 38 9B 71 80 02 00 00,.8.q....,False,False,False
2026-02-11T14:54:02.441782,594.463310,RX,0x000,0,,,False,False,False
2026-02-11T14:54:02.442781,594.464309,RX,0x1E0,0,,,False,False,False
2026-02-11T14:54:02.442781,594.464309,RX,0x000,128,E0 01 00 00 00 00 00 00,........,False,True,True
2026-02-11T14:54:02.442781,594.464309,RX,0x000,128,00 38 9B 71 80 02 00 00,.8.q....,False,False,False
2026-02-11T14:54:02.442781,594.464309,RX,0x000,0,,,False,False,False
2026-02-11T14:54:02.442781,594.464309,RX,0x1E0,0,,,False,False,False
2026-02-11T14:54:02.442781,594.464309,RX,0x000,128,E0 01 00 00 00 00 00 00,........,False,True,True
2026-02-11T14:54:02.442781,594.464309,RX,0x000,128,00 38 9B 71 80 02 00 00,.8.q....,False,False,False
2026-02-11T14:54:02.443783,594.465310,RX,0x000,0,,,False,False,False
2026-02-11T14:54:02.443783,594.465310,RX,0x1E0,0,,,False,False,False
2026-02-11T14:54:02.443783,594.465310,RX,0x000,128,E0 01 00 00 00 00 00 00,........,False,True,True
2026-02-11T14:54:02.443783,594.465310,RX,0x000,128,00 38 9B 71 80 02 00 00,.8.q....,False,False,False
2026-02-11T14:54:02.443783,594.465310,RX,0x000,0,,,False,False,False
2026-02-11T14:54:02.443783,594.465310,RX,0x1E0,0,,,False,False,False
2026-02-11T14:54:02.443783,594.465310,RX,0x000,128,E0 01 00 00 00 00 00 00,........,False,True,True
2026-02-11T14:54:02.444782,594.466310,RX,0x000,128,00 38 9B 71 80 02 00 00,.8.q....,False,False,False
2026-02-11T14:54:02.444782,594.466310,RX,0x000,0,,,False,False,False
2026-02-11T14:54:02.444782,594.466310,RX,0x1E0,0,,,False,False,False
2026-02-11T14:54:02.444782,594.466310,RX,0x000,128,E0 01 00 00 00 00 00 00,........,False,True,True
2026-02-11T14:54:02.444782,594.466310,RX,0x000,128,00 38 9B 71 80 02 00 00,.8.q....,False,False,False
2026-02-11T14:54:02.444782,594.466310,RX,0x000,0,,,False,False,False
2026-02-11T14:54:02.444782,594.466310,RX,0x1E0,0,,,False,False,False
2026-02-11T14:54:02.444782,594.466310,RX,0x000,128,E0 01 00 00 00 00 00 00,........,False,True,True
2026-02-11T14:54:02.445872,594.467400,RX,0x000,128,00 38 9B 71 80 02 00 00,.8.q....,False,False,False
2026-02-11T14:54:02.445872,594.467400,RX,0x000,0,,,False,False,False
2026-02-11T14:54:02.445872,594.467400,RX,0x1E0,0,,,False,False,False
2026-02-11T14:54:02.445872,594.467400,RX,0x000,128,E0 01 00 00 00 00 00 00,........,False,True,True
2026-02-11T14:54:02.445872,594.467400,RX,0x000,128,00 38 9B 71 80 02 00 00,.8.q....,False,False,False
2026-02-11T14:54:02.445872,594.467400,RX,0x000,0,,,False,False,False
2026-02-11T14:54:02.445872,594.467400,RX,0x1E0,0,,,False,False,False
2026-02-11T14:54:02.445872,594.467400,RX,0x000,128,E0 01 00 00 00 00 00 00,........,False,True,True
2026-02-11T14:54:02.446907,594.468435,RX,0x000,128,00 38 9B 71 80 02 00 00,.8.q....,False,False,False
2026-02-11T14:54:02.446907,594.468435,RX,0x000,0,,,False,False,False
2026-02-11T14:54:02.446907,594.468435,RX,0x1E0,0,,,False,False,False
2026-02-11T14:54:02.446907,594.468435,RX,0x000,128,E0 01 00 00 00 00 00 00,........,False,True,True
2026-02-11T14:54:02.446907,594.468435,RX,0x000,128,00 38 9B 71 80 02 00 00,.8.q....,False,False,False
2026-02-11T14:54:02.446907,594.468435,RX,0x000,0,,,False,False,False
2026-02-11T14:54:02.446907,594.468435,RX,0x1E0,0,,,False,False,False
2026-02-11T14:54:02.447899,594.469427,RX,0x000,128,E0 01 00 00 00 00 00 00,........,False,True,True
2026-02-11T14:54:02.447899,594.469427,RX,0x000,128,00 38 9B 71 80 02 00 00,.8.q....,False,False,False
2026-02-11T14:54:02.447899,594.469427,RX,0x000,0,,,False,False,False
2026-02-11T14:54:02.447899,594.469427,RX,0x1E0,0,,,False,False,False
2026-02-11T14:54:02.447899,594.469427,RX,0x000,128,E0 01 00 00 00 00 00 00,........,False,True,True
2026-02-11T14:54:02.447899,594.469427,RX,0x000,128,00 38 9B 71 80 02 00 00,.8.q....,False,False,False
2026-02-11T14:54:02.447899,594.469427,RX,0x000,0,,,False,False,False
2026-02-11T14:54:02.448971,594.470499,RX,0x1E0,0,,,False,False,False
2026-02-11T14:54:02.448971,594.470499,RX,0x000,128,E0 01 00 00 00 00 00 00,........,False,True,True
2026-02-11T14:54:02.448971,594.470499,RX,0x000,128,00 38 9B 71 80 02 00 00,.8.q....,False,False,False
2026-02-11T14:54:02.448971,594.470499,RX,0x000,0,,,False,False,False
2026-02-11T14:54:02.448971,594.470499,RX,0x1E0,0,,,False,False,False
2026-02-11T14:54:02.448971,594.470499,RX,0x000,128,E0 01 00 00 00 00 00 00,........,False,True,True
2026-02-11T14:54:02.448971,594.470499,RX,0x000,128,00 38 9B 71 80 02 00 00,.8.q....,False,False,False
2026-02-11T14:54:02.450031,594.471559,RX,0x000,0,,,False,False,False
2026-02-11T14:54:02.450031,594.471559,RX,0x1E0,0,,,False,False,False
2026-02-11T14:54:02.450031,594.471559,RX,0x000,128,E0 01 00 00 00 00 00 00,........,False,True,True
2026-02-11T14:54:02.450031,594.471559,RX,0x000,128,00 38 9B 71 80 02 00 00,.8.q....,False,False,False
2026-02-11T14:54:02.450031,594.471559,RX,0x000,0,,,False,False,False
2026-02-11T14:54:02.450031,594.471559,RX,0x1E0,0,,,False,False,False
2026-02-11T14:54:02.450031,594.471559,RX,0x000,128,E0 01 00 00 00 00 00 00,........,False,True,True
2026-02-11T14:54:02.451347,594.472876,RX,0x000,128,00 38 9B 71 80 02 00 00,.8.q....,False,False,False
2026-02-11T14:54:02.451347,594.472876,RX,0x000,0,,,False,False,False
2026-02-11T14:54:02.451347,594.472876,RX,0x1E0,0,,,False,False,False
2026-02-11T14:54:02.452797,594.474325,RX,0x000,128,E0 01 00 00 00 00 00 00,........,False,True,True
2026-02-11T14:54:02.452797,594.474325,RX,0x000,128,00 38 9B 71 80 02 00 00,.8.q....,False,False,False
2026-02-11T14:54:02.452797,594.474325,RX,0x000,0,,,False,False,False
2026-02-11T14:54:02.452797,594.474325,RX,0x1E0,0,,,False,False,False
2026-02-11T14:54:02.452797,594.474325,RX,0x000,128,E0 01 00 00 00 00 00 00,........,False,True,True
2026-02-11T14:54:02.452797,594.474325,RX,0x000,128,00 38 9B 71 80 02 00 00,.8.q....,False,False,False
2026-02-11T14:54:02.452797,594.474325,RX,0x000,0,,,False,False,False
2026-02-11T14:54:02.452797,594.474325,RX,0x1E0,0,,,False,False,False
2026-02-11T14:54:02.454278,594.475806,RX,0x000,128,E0 01 00 00 00 00 00 00,........,False,True,True
2026-02-11T14:54:02.454278,594.475806,RX,0x000,128,00 38 9B 71 80 02 00 00,.8.q....,False,False,False
2026-02-11T14:54:02.454278,594.475806,RX,0x000,0,,,False,False,False
2026-02-11T14:54:02.454278,594.475806,RX,0x1E0,0,,,False,False,False
2026-02-11T14:54:02.454278,594.475806,RX,0x000,128,E0 01 00 00 00 00 00 00,........,False,True,True
2026-02-11T14:54:02.454278,594.475806,RX,0x000,128,00 38 9B 71 80 02 00 00,.8.q....,False,False,False
2026-02-11T14:54:02.454278,594.475806,RX,0x000,0,,,False,False,False
2026-02-11T14:54:02.454278,594.475806,RX,0x1E0,0,,,False,False,False
2026-02-11T14:54:02.454278,594.475806,RX,0x000,128,E0 01 00 00 00 00 00 00,........,False,True,True
2026-02-11T14:54:02.454278,594.475806,RX,0x000,128,00 38 9B 71 80 02 00 00,.8.q....,False,False,False
2026-02-11T14:54:02.455653,594.477181,RX,0x000,0,,,False,False,False
2026-02-11T14:54:02.455653,594.477181,RX,0x1E0,0,,,False,False,False
2026-02-11T14:54:02.455653,594.477181,RX,0x000,128,E0 01 00 00 00 00 00 00,........,False,True,True
2026-02-11T14:54:02.455653,594.477181,RX,0x000,128,00 38 9B 71 80 02 00 00,.8.q....,False,False,False
2026-02-11T14:54:02.455653,594.477181,RX,0x000,0,,,False,False,False
2026-02-11T14:54:02.455653,594.477181,RX,0x1E0,0,,,False,False,False
2026-02-11T14:54:02.455653,594.477181,RX,0x000,128,E0 01 00 00 00 00 00 00,........,False,True,True
2026-02-11T14:54:02.455653,594.477181,RX,0x000,128,00 38 9B 71 80 02 00 00,.8.q....,False,False,False
2026-02-11T14:54:02.455653,594.477181,RX,0x000,0,,,False,False,False
2026-02-11T14:54:02.455653,594.477181,RX,0x1E0,0,,,False,False,False
2026-02-11T14:54:02.455653,594.477181,RX,0x000,128,E0 01 00 00 00 00 00 00,........,False,True,True
2026-02-11T14:54:02.455653,594.477181,RX,0x000,128,00 38 9B 71 80 02 00 00,.8.q....,False,False,False
2026-02-11T14:54:02.455653,594.477181,RX,0x000,0,,,False,False,False
2026-02-11T14:54:02.456770,594.478298,RX,0x1E0,0,,,False,False,False
2026-02-11T14:54:02.456770,594.478298,RX,0x000,128,E0 01 00 00 00 00 00 00,........,False,True,True
2026-02-11T14:54:02.456770,594.478298,RX,0x000,128,00 38 9B 71 80 02 00 00,.8.q....,False,False,False
2026-02-11T14:54:02.456770,594.478298,RX,0x000,0,,,False,False,False
2026-02-11T14:54:02.456770,594.478298,RX,0x1E0,0,,,False,False,False
2026-02-11T14:54:02.456770,594.478298,RX,0x000,128,E0 01 00 00 00 00 00 00,........,False,True,True
2026-02-11T14:54:02.456770,594.478298,RX,0x000,128,00 38 9B 71 80 02 00 00,.8.q....,False,False,False
2026-02-11T14:54:02.456770,594.478298,RX,0x000,0,,,False,False,False
2026-02-11T14:54:02.456770,594.478298,RX,0x1E0,0,,,False,False,False
2026-02-11T14:54:02.456770,594.478298,RX,0x000,128,E0 01 00 00 00 00 00 00,........,False,True,True
2026-02-11T14:54:02.456770,594.478298,RX,0x000,128,00 38 9B 71 80 02 00 00,.8.q....,False,False,False
2026-02-11T14:54:02.456770,594.478298,RX,0x000,0,,,False,False,False
2026-02-11T14:54:02.456770,594.478298,RX,0x1E0,0,,,False,False,False
2026-02-11T14:54:02.456770,594.478298,RX,0x000,128,E0 01 00 00 00 00 00 00,........,False,True,True
2026-02-11T14:54:02.456770,594.478298,RX,0x000,128,00 38 9B 71 80 02 00 00,.8.q....,False,False,False
2026-02-11T14:54:02.456770,594.478298,RX,0x000,0,,,False,False,False
2026-02-11T14:54:02.456770,594.478298,RX,0x1E0,0,,,False,False,False
2026-02-11T14:54:02.456770,594.478298,RX,0x000,128,E0 01 00 00 00 00 00 00,........,False,True,True
2026-02-11T14:54:02.458277,594.479805,RX,0x000,128,00 38 9B 71 80 02 00 00,.8.q....,False,False,False
2026-02-11T14:54:02.458277,594.479805,RX,0x000,0,,,False,False,False
2026-02-11T14:54:02.458277,594.479805,RX,0x1E0,0,,,False,False,False
2026-02-11T14:54:02.458277,594.479805,RX,0x000,128,E0 01 00 00 00 00 00 00,........,False,True,True
2026-02-11T14:54:02.458277,594.479805,RX,0x000,128,00 38 9B 71 80 02 00 00,.8.q....,False,False,False
2026-02-11T14:54:02.458277,594.479805,RX,0x000,0,,,False,False,False
2026-02-11T14:54:02.458277,594.479805,RX,0x1E0,0,,,False,False,False
2026-02-11T14:54:02.458277,594.479805,RX,0x000,128,E0 01 00 00 00 00 00 00,........,False,True,True
2026-02-11T14:54:02.459446,594.480974,RX,0x000,128,00 38 9B 71 80 02 00 00,.8.q....,False,False,False
2026-02-11T14:54:02.459446,594.480974,RX,0x000,0,,,False,False,False
2026-02-11T14:54:02.459446,594.480974,RX,0x1E0,0,,,False,False,False
2026-02-11T14:54:02.459446,594.480974,RX,0x000,128,E0 01 00 00 00 00 00 00,........,False,True,True
2026-02-11T14:54:02.459446,594.480974,RX,0x000,128,00 38 9B 71 80 02 00 00,.8.q....,False,False,False
2026-02-11T14:54:02.459446,594.480974,RX,0x000,0,,,False,False,False
2026-02-11T14:54:02.459446,594.480974,RX,0x1E0,0,,,False,False,False
2026-02-11T14:54:02.459446,594.480974,RX,0x000,128,E0 01 00 00 00 00 00 00,........,False,True,True
2026-02-11T14:54:02.459446,594.480974,RX,0x000,128,00 38 9B 71 80 02 00 00,.8.q....,False,False,False
2026-02-11T14:54:02.459446,594.480974,RX,0x000,0,,,False,False,False
2026-02-11T14:54:02.460446,594.481974,RX,0x1E0,0,,,False,False,False
2026-02-11T14:54:02.460446,594.481974,RX,0x000,128,E0 01 00 00 00 00 00 00,........,False,True,True
2026-02-11T14:54:02.460446,594.481974,RX,0x000,128,00 38 9B 71 80 02 00 00,.8.q....,False,False,False
2026-02-11T14:54:02.460446,594.481974,RX,0x000,0,,,False,False,False
2026-02-11T14:54:02.460446,594.481974,RX,0x1E0,0,,,False,False,False
2026-02-11T14:54:02.460446,594.481974,RX,0x000,128,E0 01 00 00 00 00 00 00,........,False,True,True
2026-02-11T14:54:02.461449,594.482977,RX,0x000,128,00 38 9B 71 80 02 00 00,.8.q....,False,False,False
2026-02-11T14:54:02.461449,594.482977,RX,0x000,0,,,False,False,False
2026-02-11T14:54:02.461449,594.482977,RX,0x1E0,0,,,False,False,False
2026-02-11T14:54:02.461449,594.482977,RX,0x000,128,E0 01 00 00 00 00 00 00,........,False,True,True
2026-02-11T14:54:02.461449,594.482977,RX,0x000,128,00 38 9B 71 80 02 00 00,.8.q....,False,False,False
2026-02-11T14:54:02.461449,594.482977,RX,0x000,0,,,False,False,False
2026-02-11T14:54:02.461449,594.482977,RX,0x1E0,0,,,False,False,False
2026-02-11T14:54:02.461449,594.482977,RX,0x000,128,E0 01 00 00 00 00 00 00,........,False,True,True
2026-02-11T14:54:02.461449,594.482977,RX,0x000,128,00 38 9B 71 80 02 00 00,.8.q....,False,False,False
2026-02-11T14:54:02.461449,594.482977,RX,0x000,0,,,False,False,False
2026-02-11T14:54:02.462449,594.483978,RX,0x1E0,0,,,False,False,False
2026-02-11T14:54:02.462449,594.483978,RX,0x000,128,E0 01 00 00 00 00 00 00,........,False,True,True
2026-02-11T14:54:02.462449,594.483978,RX,0x000,128,00 38 9B 71 80 02 00 00,.8.q....,False,False,False
2026-02-11T14:54:02.462449,594.483978,RX,0x000,0,,,False,False,False
2026-02-11T14:54:02.462449,594.483978,RX,0x1E0,0,,,False,False,False
2026-02-11T14:54:02.462449,594.483978,RX,0x000,128,E0 01 00 00 00 00 00 00,........,False,True,True
2026-02-11T14:54:02.462449,594.483978,RX,0x000,128,00 38 9B 71 80 02 00 00,.8.q....,False,False,False
2026-02-11T14:54:02.463450,594.484978,RX,0x000,0,,,False,False,False
2026-02-11T14:54:02.463450,594.484978,RX,0x1E0,0,,,False,False,False
2026-02-11T14:54:02.463450,594.484978,RX,0x000,128,E0 01 00 00 00 00 00 00,........,False,True,True
2026-02-11T14:54:02.463450,594.484978,RX,0x000,128,00 38 9B 71 80 02 00 00,.8.q....,False,False,False
2026-02-11T14:54:02.463450,594.484978,RX,0x000,0,,,False,False,False
2026-02-11T14:54:02.463450,594.484978,RX,0x1E0,0,,,False,False,False
2026-02-11T14:54:02.463450,594.484978,RX,0x000,128,E0 01 00 00 00 00 00 00,........,False,True,True
2026-02-11T14:54:02.463450,594.484978,RX,0x000,128,00 38 9B 71 80 02 00 00,.8.q....,False,False,False
2026-02-11T14:54:02.464449,594.485977,RX,0x000,0,,,False,False,False
2026-02-11T14:54:02.464449,594.485977,RX,0x1E0,0,,,False,False,False
2026-02-11T14:54:02.464449,594.485977,RX,0x000,128,E0 01 00 00 00 00 00 00,........,False,True,True
2026-02-11T14:54:02.464449,594.485977,RX,0x000,128,00 38 9B 71 80 02 00 00,.8.q....,False,False,False
2026-02-11T14:54:02.464449,594.485977,RX,0x000,0,,,False,False,False
2026-02-11T14:54:02.464449,594.485977,RX,0x1E0,0,,,False,False,False
2026-02-11T14:54:02.464449,594.485977,RX,0x000,128,E0 01 00 00 00 00 00 00,........,False,True,True
2026-02-11T14:54:02.464449,594.485977,RX,0x000,128,00 38 9B 71 80 02 00 00,.8.q....,False,False,False
2026-02-11T14:54:02.465450,594.486978,RX,0x000,0,,,False,False,False
2026-02-11T14:54:02.465450,594.486978,RX,0x1E0,0,,,False,False,False
2026-02-11T14:54:02.465450,594.486978,RX,0x000,128,E0 01 00 00 00 00 00 00,........,False,True,True
2026-02-11T14:54:02.465450,594.486978,RX,0x000,128,00 38 9B 71 80 02 00 00,.8.q....,False,False,False
2026-02-11T14:54:02.465450,594.486978,RX,0x000,0,,,False,False,False
2026-02-11T14:54:02.465450,594.486978,RX,0x1E0,0,,,False,False,False
2026-02-11T14:54:02.465450,594.486978,RX,0x000,128,E0 01 00 00 00 00 00 00,........,False,True,True
2026-02-11T14:54:02.465450,594.486978,RX,0x000,128,00 38 9B 71 80 02 00 00,.8.q....,False,False,False
2026-02-11T14:54:02.465450,594.486978,RX,0x000,0,,,False,False,False
2026-02-11T14:54:02.465450,594.486978,RX,0x1E0,0,,,False,False,False
2026-02-11T14:54:02.465450,594.486978,RX,0x000,128,E0 01 00 00 00 00 00 00,........,False,True,True
2026-02-11T14:54:02.465450,594.486978,RX,0x000,128,00 38 9B 71 80 02 00 00,.8.q....,False,False,False
2026-02-11T14:54:02.466474,594.488002,RX,0x000,0,,,False,False,False
2026-02-11T14:54:02.466474,594.488002,RX,0x1E0,0,,,False,False,False
2026-02-11T14:54:02.466474,594.488002,RX,0x000,128,E0 01 00 00 00 00 00 00,........,False,True,True
2026-02-11T14:54:02.466474,594.488002,RX,0x000,128,00 38 9B 71 80 02 00 00,.8.q....,False,False,False
2026-02-11T14:54:02.466474,594.488002,RX,0x000,0,,,False,False,False
2026-02-11T14:54:02.466474,594.488002,RX,0x1E0,0,,,False,False,False
2026-02-11T14:54:02.466474,594.488002,RX,0x000,128,E0 01 00 00 00 00 00 00,........,False,True,True
2026-02-11T14:54:02.466474,594.488002,RX,0x000,128,00 38 9B 71 80 02 00 00,.8.q....,False,False,False
2026-02-11T14:54:02.466474,594.488002,RX,0x000,0,,,False,False,False
2026-02-11T14:54:02.466474,594.488002,RX,0x1E0,0,,,False,False,False
2026-02-11T14:54:02.466474,594.488002,RX,0x000,128,E0 01 00 00 00 00 00 00,........,False,True,True
2026-02-11T14:54:02.466474,594.488002,RX,0x000,128,00 38 9B 71 80 02 00 00,.8.q....,False,False,False
2026-02-11T14:54:02.466474,594.488002,RX,0x000,0,,,False,False,False
2026-02-11T14:54:02.466474,594.488002,RX,0x1E0,0,,,False,False,False
2026-02-11T14:54:02.466474,594.488002,RX,0x000,128,E0 01 00 00 00 00 00 00,........,False,True,True
2026-02-11T14:54:02.467980,594.489508,RX,0x000,128,00 38 9B 71 80 02 00 00,.8.q....,False,False,False
2026-02-11T14:54:02.467980,594.489508,RX,0x000,0,,,False,False,False
2026-02-11T14:54:02.467980,594.489508,RX,0x1E0,0,,,False,False,False
2026-02-11T14:54:02.467980,594.489508,RX,0x000,128,E0 01 00 00 00 00 00 00,........,False,True,True
2026-02-11T14:54:02.467980,594.489508,RX,0x000,128,00 38 9B 71 80 02 00 00,.8.q....,False,False,False
2026-02-11T14:54:02.467980,594.489508,RX,0x000,0,,,False,False,False
2026-02-11T14:54:02.467980,594.489508,RX,0x1E0,0,,,False,False,False
2026-02-11T14:54:02.467980,594.489508,RX,0x000,128,E0 01 00 00 00 00 00 00,........,False,True,True
2026-02-11T14:54:02.467980,594.489508,RX,0x000,128,00 38 9B 71 80 02 00 00,.8.q....,False,False,False
2026-02-11T14:54:02.469001,594.490529,RX,0x000,0,,,False,False,False
2026-02-11T14:54:02.469001,594.490529,RX,0x1E0,0,,,False,False,False
2026-02-11T14:54:02.469001,594.490529,RX,0x000,128,E0 01 00 00 00 00 00 00,........,False,True,True
2026-02-11T14:54:02.469001,594.490529,RX,0x000,128,00 38 9B 71 80 02 00 00,.8.q....,False,False,False
2026-02-11T14:54:02.469001,594.490529,RX,0x000,0,,,False,False,False
2026-02-11T14:54:02.469001,594.490529,RX,0x1E0,0,,,False,False,False
2026-02-11T14:54:02.469001,594.490529,RX,0x000,128,E0 01 00 00 00 00 00 00,........,False,True,True
2026-02-11T14:54:02.469001,594.490529,RX,0x000,128,00 38 9B 71 80 02 00 00,.8.q....,False,False,False
2026-02-11T14:54:02.469001,594.490529,RX,0x000,0,,,False,False,False
2026-02-11T14:54:02.469001,594.490529,RX,0x1E0,0,,,False,False,False
2026-02-11T14:54:02.470289,594.491817,RX,0x000,128,E0 01 00 00 00 00 00 00,........,False,True,True
2026-02-11T14:54:02.470289,594.491817,RX,0x000,128,00 38 9B 71 80 02 00 00,.8.q....,False,False,False
2026-02-11T14:54:02.470289,594.491817,RX,0x000,0,,,False,False,False
2026-02-11T14:54:02.470289,594.491817,RX,0x1E0,0,,,False,False,False
2026-02-11T14:54:02.470289,594.491817,RX,0x000,128,E0 01 00 00 00 00 00 00,........,False,True,True
2026-02-11T14:54:02.470289,594.491817,RX,0x000,128,00 38 9B 71 80 02 00 00,.8.q....,False,False,False
2026-02-11T14:54:02.470289,594.491817,RX,0x000,0,,,False,False,False
2026-02-11T14:54:02.470289,594.491817,RX,0x1E0,0,,,False,False,False
2026-02-11T14:54:02.470289,594.491817,RX,0x000,128,E0 01 00 00 00 00 00 00,........,False,True,True
2026-02-11T14:54:02.470289,594.491817,RX,0x000,128,00 38 9B 71 80 02 00 00,.8.q....,False,False,False
2026-02-11T14:54:02.470289,594.491817,RX,0x000,0,,,False,False,False
2026-02-11T14:54:02.470289,594.491817,RX,0x1E0,0,,,False,False,False
2026-02-11T14:54:02.470289,594.491817,RX,0x000,128,E0 01 00 00 00 00 00 00,........,False,True,True
2026-02-11T14:54:02.471706,594.493234,RX,0x000,128,00 38 9B 71 80 02 00 00,.8.q....,False,False,False
2026-02-11T14:54:02.471706,594.493234,RX,0x000,0,,,False,False,False
2026-02-11T14:54:02.471706,594.493234,RX,0x1E0,0,,,False,False,False
2026-02-11T14:54:02.471706,594.493234,RX,0x000,128,E0 01 00 00 00 00 00 00,........,False,True,True
2026-02-11T14:54:02.471706,594.493234,RX,0x000,128,00 38 9B 71 80 02 00 00,.8.q....,False,False,False
2026-02-11T14:54:02.471706,594.493234,RX,0x000,0,,,False,False,False
2026-02-11T14:54:02.471706,594.493234,RX,0x1E0,0,,,False,False,False
2026-02-11T14:54:02.471706,594.493234,RX,0x000,128,E0 01 00 00 00 00 00 00,........,False,True,True
2026-02-11T14:54:02.472743,594.494271,RX,0x000,128,00 38 9B 71 80 02 00 00,.8.q....,False,False,False
2026-02-11T14:54:02.472743,594.494271,RX,0x000,0,,,False,False,False
2026-02-11T14:54:02.472743,594.494271,RX,0x1E0,0,,,False,False,False
2026-02-11T14:54:02.472743,594.494271,RX,0x000,128,E0 01 00 00 00 00 00 00,........,False,True,True
2026-02-11T14:54:02.472743,594.494271,RX,0x000,128,00 38 9B 71 80 02 00 00,.8.q....,False,False,False
2026-02-11T14:54:02.472743,594.494271,RX,0x000,0,,,False,False,False
2026-02-11T14:54:02.472743,594.494271,RX,0x1E0,0,,,False,False,False
2026-02-11T14:54:02.472743,594.494271,RX,0x000,128,E0 01 00 00 00 00 00 00,........,False,True,True
2026-02-11T14:54:02.474038,594.494271,RX,0x000,128,00 38 9B 71 80 02 00 00,.8.q....,False,False,False
2026-02-11T14:54:02.474038,594.495566,RX,0x000,0,,,False,False,False
2026-02-11T14:54:02.474038,594.495566,RX,0x1E0,0,,,False,False,False
2026-02-11T14:54:02.474038,594.495566,RX,0x000,128,E0 01 00 00 00 00 00 00,........,False,True,True
2026-02-11T14:54:02.474038,594.495566,RX,0x000,128,00 38 9B 71 80 02 00 00,.8.q....,False,False,False
2026-02-11T14:54:02.474038,594.495566,RX,0x000,0,,,False,False,False
2026-02-11T14:54:02.474038,594.495566,RX,0x1E0,0,,,False,False,False
2026-02-11T14:54:02.475043,594.496571,RX,0x000,128,E0 01 00 00 00 00 00 00,........,False,True,True
2026-02-11T14:54:02.475043,594.496571,RX,0x000,128,00 38 9B 71 80 02 00 00,.8.q....,False,False,False
2026-02-11T14:54:02.475043,594.496571,RX,0x000,0,,,False,False,False
2026-02-11T14:54:02.475043,594.496571,RX,0x1E0,0,,,False,False,False
2026-02-11T14:54:02.475043,594.496571,RX,0x000,128,E0 01 00 00 00 00 00 00,........,False,True,True
2026-02-11T14:54:02.475043,594.496571,RX,0x000,128,00 38 9B 71 80 02 00 00,.8.q....,False,False,False
2026-02-11T14:54:02.475043,594.496571,RX,0x000,0,,,False,False,False
2026-02-11T14:54:02.476044,594.497571,RX,0x1E0,0,,,False,False,False
2026-02-11T14:54:02.476044,594.497571,RX,0x000,128,E0 01 00 00 00 00 00 00,........,False,True,True
2026-02-11T14:54:02.476044,594.497571,RX,0x000,128,00 38 9B 71 80 02 00 00,.8.q....,False,False,False
2026-02-11T14:54:02.476044,594.497571,RX,0x000,0,,,False,False,False
2026-02-11T14:54:02.476044,594.497571,RX,0x1E0,0,,,False,False,False
2026-02-11T14:54:02.477042,594.498570,RX,0x000,128,E0 01 00 00 00 00 00 00,........,False,True,True
2026-02-11T14:54:02.477042,594.498570,RX,0x000,128,00 38 9B 71 80 02 00 00,.8.q....,False,False,False
2026-02-11T14:54:02.477730,594.499258,RX,0x000,0,,,False,False,False
2026-02-11T14:54:02.477730,594.499258,RX,0x1E0,0,,,False,False,False
2026-02-11T14:54:02.477730,594.499258,RX,0x000,128,E0 01 00 00 00 00 00 00,........,False,True,True
2026-02-11T14:54:02.478238,594.499766,RX,0x000,128,00 38 9B 71 80 02 00 00,.8.q....,False,False,False
2026-02-11T14:54:02.478238,594.499766,RX,0x000,0,,,False,False,False
2026-02-11T14:54:02.478238,594.499766,RX,0x1E0,0,,,False,False,False
2026-02-11T14:54:02.478238,594.499766,RX,0x000,128,E0 01 00 00 00 00 00 00,........,False,True,True
2026-02-11T14:54:02.478773,594.500301,RX,0x000,128,00 38 9B 71 80 02 00 00,.8.q....,False,False,False
2026-02-11T14:54:02.478773,594.500301,RX,0x000,0,,,False,False,False
2026-02-11T14:54:02.478773,594.500301,RX,0x1E0,0,,,False,False,False
2026-02-11T14:54:02.478773,594.500301,RX,0x000,128,E0 01 00 00 00 00 00 00,........,False,True,True
2026-02-11T14:54:02.478773,594.500301,RX,0x000,128,00 38 9B 71 80 02 00 00,.8.q....,False,False,False
2026-02-11T14:54:02.478773,594.500301,RX,0x000,0,,,False,False,False
2026-02-11T14:54:02.478773,594.500301,RX,0x1E0,0,,,False,False,False
2026-02-11T14:54:02.478773,594.500301,RX,0x000,128,E0 01 00 00 00 00 00 00,........,False,True,True
2026-02-11T14:54:02.479779,594.501307,RX,0x000,128,00 38 9B 71 80 02 00 00,.8.q....,False,False,False
2026-02-11T14:54:02.479779,594.501307,RX,0x000,0,,,False,False,False
2026-02-11T14:54:02.479779,594.501307,RX,0x1E0,0,,,False,False,False
2026-02-11T14:54:02.479779,594.501307,RX,0x000,128,E0 01 00 00 00 00 00 00,........,False,True,True
2026-02-11T14:54:02.479779,594.501307,RX,0x000,128,00 38 9B 71 80 02 00 00,.8.q....,False,False,False
2026-02-11T14:54:02.479779,594.501307,RX,0x000,0,,,False,False,False
2026-02-11T14:54:02.479779,594.501307,RX,0x1E0,0,,,False,False,False
2026-02-11T14:54:02.479779,594.501307,RX,0x000,128,E0 01 00 00 00 00 00 00,........,False,True,True
2026-02-11T14:54:02.479779,594.501307,RX,0x000,128,00 38 9B 71 80 02 00 00,.8.q....,False,False,False
2026-02-11T14:54:02.481287,594.502815,RX,0x000,0,,,False,False,False
2026-02-11T14:54:02.481287,594.502815,RX,0x1E0,0,,,False,False,False
2026-02-11T14:54:02.481287,594.502815,RX,0x000,128,E0 01 00 00 00 00 00 00,........,False,True,True
2026-02-11T14:54:02.481287,594.502815,RX,0x000,128,00 38 9B 71 80 02 00 00,.8.q....,False,False,False
2026-02-11T14:54:02.481287,594.502815,RX,0x000,0,,,False,False,False
2026-02-11T14:54:02.481287,594.502815,RX,0x1E0,0,,,False,False,False
2026-02-11T14:54:02.482293,594.503821,RX,0x000,128,E0 01 00 00 00 00 00 00,........,False,True,True
2026-02-11T14:54:02.482293,594.503821,RX,0x000,128,00 38 9B 71 80 02 00 00,.8.q....,False,False,False
2026-02-11T14:54:02.482293,594.503821,RX,0x000,0,,,False,False,False
2026-02-11T14:54:02.482293,594.503821,RX,0x1E0,0,,,False,False,False
2026-02-11T14:54:02.482293,594.503821,RX,0x000,128,E0 01 00 00 00 00 00 00,........,False,True,True
2026-02-11T14:54:02.482293,594.503821,RX,0x000,128,00 38 9B 71 80 02 00 00,.8.q....,False,False,False
2026-02-11T14:54:02.482293,594.503821,RX,0x000,0,,,False,False,False
2026-02-11T14:54:02.482293,594.503821,RX,0x1E0,0,,,False,False,False
2026-02-11T14:54:02.483293,594.504821,RX,0x000,128,E0 01 00 00 00 00 00 00,........,False,True,True
2026-02-11T14:54:02.483293,594.504821,RX,0x000,128,00 38 9B 71 80 02 00 00,.8.q....,False,False,False
2026-02-11T14:54:02.483293,594.504821,RX,0x000,0,,,False,False,False
2026-02-11T14:54:02.483293,594.504821,RX,0x1E0,0,,,False,False,False
2026-02-11T14:54:02.483293,594.504821,RX,0x000,128,E0 01 00 00 00 00 00 00,........,False,True,True
2026-02-11T14:54:02.483293,594.504821,RX,0x000,128,00 38 9B 71 80 02 00 00,.8.q....,False,False,False
2026-02-11T14:54:02.483293,594.504821,RX,0x000,0,,,False,False,False
2026-02-11T14:54:02.484293,594.505821,RX,0x1E0,0,,,False,False,False
2026-02-11T14:54:02.484293,594.505821,RX,0x000,128,E0 01 00 00 00 00 00 00,........,False,True,True
2026-02-11T14:54:02.484293,594.505821,RX,0x000,128,00 38 9B 71 80 02 00 00,.8.q....,False,False,False
2026-02-11T14:54:02.484293,594.505821,RX,0x000,0,,,False,False,False
2026-02-11T14:54:02.484293,594.505821,RX,0x1E0,0,,,False,False,False
2026-02-11T14:54:02.484293,594.505821,RX,0x000,128,E0 01 00 00 00 00 00 00,........,False,True,True
2026-02-11T14:54:02.484293,594.505821,RX,0x000,128,00 38 9B 71 80 02 00 00,.8.q....,False,False,False
2026-02-11T14:54:02.484293,594.505821,RX,0x000,0,,,False,False,False
2026-02-11T14:54:02.485293,594.506821,RX,0x1E0,0,,,False,False,False
2026-02-11T14:54:02.485293,594.506821,RX,0x000,128,E0 01 00 00 00 00 00 00,........,False,True,True
2026-02-11T14:54:02.485293,594.506821,RX,0x000,128,00 38 9B 71 80 02 00 00,.8.q....,False,False,False
2026-02-11T14:54:02.485293,594.506821,RX,0x000,0,,,False,False,False
2026-02-11T14:54:02.485293,594.506821,RX,0x1E0,0,,,False,False,False
2026-02-11T14:54:02.485293,594.506821,RX,0x000,128,E0 01 00 00 00 00 00 00,........,False,True,True
2026-02-11T14:54:02.485293,594.506821,RX,0x000,128,00 38 9B 71 80 02 00 00,.8.q....,False,False,False
2026-02-11T14:54:02.486294,594.507822,RX,0x000,0,,,False,False,False
2026-02-11T14:54:02.486294,594.507822,RX,0x1E0,0,,,False,False,False
2026-02-11T14:54:02.486294,594.507822,RX,0x000,128,E0 01 00 00 00 00 00 00,........,False,True,True
2026-02-11T14:54:02.486294,594.507822,RX,0x000,128,00 38 9B 71 80 02 00 00,.8.q....,False,False,False
2026-02-11T14:54:02.486294,594.507822,RX,0x000,0,,,False,False,False
2026-02-11T14:54:02.486294,594.507822,RX,0x1E0,0,,,False,False,False
2026-02-11T14:54:02.486294,594.507822,RX,0x000,128,E0 01 00 00 00 00 00 00,........,False,True,True
2026-02-11T14:54:02.487294,594.508821,RX,0x000,128,00 38 9B 71 80 02 00 00,.8.q....,False,False,False
2026-02-11T14:54:02.487294,594.508821,RX,0x000,0,,,False,False,False
2026-02-11T14:54:02.487294,594.508821,RX,0x1E0,0,,,False,False,False
2026-02-11T14:54:02.487294,594.508821,RX,0x000,128,E0 01 00 00 00 00 00 00,........,False,True,True
2026-02-11T14:54:02.487294,594.508821,RX,0x000,128,00 38 9B 71 80 02 00 00,.8.q....,False,False,False
2026-02-11T14:54:02.487294,594.508821,RX,0x000,0,,,False,False,False
2026-02-11T14:54:02.487294,594.508821,RX,0x1E0,0,,,False,False,False
2026-02-11T14:54:02.488293,594.508821,RX,0x000,128,E0 01 00 00 00 00 00 00,........,False,True,True
2026-02-11T14:54:02.488293,594.509821,RX,0x000,128,00 38 9B 71 80 02 00 00,.8.q....,False,False,False
2026-02-11T14:54:02.488293,594.509821,RX,0x000,0,,,False,False,False
2026-02-11T14:54:02.488293,594.509821,RX,0x1E0,0,,,False,False,False
2026-02-11T14:54:02.488799,594.510327,RX,0x000,128,E0 01 00 00 00 00 00 00,........,False,True,True
2026-02-11T14:54:02.488799,594.510327,RX,0x000,128,00 38 9B 71 80 02 00 00,.8.q....,False,False,False
2026-02-11T14:54:02.488799,594.510327,RX,0x000,0,,,False,False,False
2026-02-11T14:54:02.488799,594.510327,RX,0x1E0,0,,,False,False,False
2026-02-11T14:54:02.488799,594.510327,RX,0x000,128,E0 01 00 00 00 00 00 00,........,False,True,True
2026-02-11T14:54:02.488799,594.510327,RX,0x000,128,00 38 9B 71 80 02 00 00,.8.q....,False,False,False
2026-02-11T14:54:02.488799,594.510327,RX,0x000,0,,,False,False,False
2026-02-11T14:54:02.488799,594.510327,RX,0x1E0,0,,,False,False,False
2026-02-11T14:54:02.489802,594.511329,RX,0x000,128,E0 01 00 00 00 00 00 00,........,False,True,True
2026-02-11T14:54:02.489802,594.511329,RX,0x000,128,00 38 9B 71 80 02 00 00,.8.q....,False,False,False
2026-02-11T14:54:02.489802,594.511329,RX,0x000,0,,,False,False,False
2026-02-11T14:54:02.489802,594.511329,RX,0x1E0,0,,,False,False,False
2026-02-11T14:54:02.489802,594.511329,RX,0x000,128,E0 01 00 00 00 00 00 00,........,False,True,True
2026-02-11T14:54:02.489802,594.511329,RX,0x000,128,00 38 9B 71 80 02 00 00,.8.q....,False,False,False
2026-02-11T14:54:02.489802,594.511329,RX,0x000,0,,,False,False,False
2026-02-11T14:54:02.489802,594.511329,RX,0x1E0,0,,,False,False,False
2026-02-11T14:54:02.489802,594.511329,RX,0x000,128,E0 01 00 00 00 00 00 00,........,False,True,True
2026-02-11T14:54:02.489802,594.511329,RX,0x000,128,00 38 9B 71 80 02 00 00,.8.q....,False,False,False
2026-02-11T14:54:02.489802,594.511329,RX,0x000,0,,,False,False,False
2026-02-11T14:54:02.491308,594.512836,RX,0x1E0,0,,,False,False,False
2026-02-11T14:54:02.491308,594.512836,RX,0x000,128,E0 01 00 00 00 00 00 00,........,False,True,True
2026-02-11T14:54:02.492338,594.513866,RX,0x000,128,00 38 9B 71 80 02 00 00,.8.q....,False,False,False
2026-02-11T14:54:02.492338,594.513866,RX,0x000,0,,,False,False,False
2026-02-11T14:54:02.492338,594.513866,RX,0x1E0,0,,,False,False,False
2026-02-11T14:54:02.492338,594.513866,RX,0x000,128,E0 01 00 00 00 00 00 00,........,False,True,True
2026-02-11T14:54:02.492338,594.513866,RX,0x000,128,00 38 9B 71 80 02 00 00,.8.q....,False,False,False
2026-02-11T14:54:02.492338,594.513866,RX,0x000,0,,,False,False,False
2026-02-11T14:54:02.492338,594.513866,RX,0x1E0,0,,,False,False,False
2026-02-11T14:54:02.492338,594.513866,RX,0x000,128,E0 01 00 00 00 00 00 00,........,False,True,True
2026-02-11T14:54:02.492338,594.513866,RX,0x000,128,00 38 9B 71 80 02 00 00,.8.q....,False,False,False
2026-02-11T14:54:02.492338,594.513866,RX,0x000,0,,,False,False,False
2026-02-11T14:54:02.493341,594.514869,RX,0x1E0,0,,,False,False,False
2026-02-11T14:54:02.493341,594.514869,RX,0x000,128,E0 01 00 00 00 00 00 00,........,False,True,True
2026-02-11T14:54:02.493341,594.514869,RX,0x000,128,00 38 9B 71 80 02 00 00,.8.q....,False,False,False
2026-02-11T14:54:02.493341,594.514869,RX,0x000,0,,,False,False,False
2026-02-11T14:54:02.493341,594.514869,RX,0x1E0,0,,,False,False,False
2026-02-11T14:54:02.493341,594.514869,RX,0x000,128,E0 01 00 00 00 00 00 00,........,False,True,True
2026-02-11T14:54:02.493341,594.514869,RX,0x000,128,00 38 9B 71 80 02 00 00,.8.q....,False,False,False
2026-02-11T14:54:02.494609,594.516137,RX,0x000,0,,,False,False,False
2026-02-11T14:54:02.494609,594.516137,RX,0x1E0,0,,,False,False,False
2026-02-11T14:54:02.494609,594.516137,RX,0x000,128,E0 01 00 00 00 00 00 00,........,False,True,True
2026-02-11T14:54:02.494609,594.516137,RX,0x000,128,00 38 9B 71 80 02 00 00,.8.q....,False,False,False
2026-02-11T14:54:02.494609,594.516137,RX,0x000,0,,,False,False,False
2026-02-11T14:54:02.494609,594.516137,RX,0x1E0,0,,,False,False,False
2026-02-11T14:54:02.494609,594.516137,RX,0x000,128,E0 01 00 00 00 00 00 00,........,False,True,True
2026-02-11T14:54:02.494609,594.516137,RX,0x000,128,00 38 9B 71 80 02 00 00,.8.q....,False,False,False
2026-02-11T14:54:02.494609,594.516137,RX,0x000,0,,,False,False,False
2026-02-11T14:54:02.495612,594.517140,RX,0x1E0,0,,,False,False,False
2026-02-11T14:54:02.495612,594.517140,RX,0x000,128,E0 01 00 00 00 00 00 00,........,False,True,True
2026-02-11T14:54:02.495612,594.517140,RX,0x000,128,00 38 9B 71 80 02 00 00,.8.q....,False,False,False
2026-02-11T14:54:02.495612,594.517140,RX,0x000,0,,,False,False,False
2026-02-11T14:54:02.495612,594.517140,RX,0x1E0,0,,,False,False,False
2026-02-11T14:54:02.495612,594.517140,RX,0x000,128,E0 01 00 00 00 00 00 00,........,False,True,True
2026-02-11T14:54:02.495612,594.517140,RX,0x000,128,00 38 9B 71 80 02 00 00,.8.q....,False,False,False
2026-02-11T14:54:02.495612,594.517140,RX,0x000,0,,,False,False,False
2026-02-11T14:54:02.495612,594.517140,RX,0x1E0,0,,,False,False,False
2026-02-11T14:54:02.495612,594.517140,RX,0x000,128,E0 01 00 00 00 00 00 00,........,False,True,True
2026-02-11T14:54:02.495612,594.517140,RX,0x000,128,00 38 9B 71 80 02 00 00,.8.q....,False,False,False
2026-02-11T14:54:02.497119,594.518647,RX,0x000,0,,,False,False,False
2026-02-11T14:54:02.497119,594.518647,RX,0x1E0,0,,,False,False,False
2026-02-11T14:54:02.497119,594.518647,RX,0x000,128,E0 01 00 00 00 00 00 00,........,False,True,True
2026-02-11T14:54:02.497119,594.518647,RX,0x000,128,00 38 9B 71 80 02 00 00,.8.q....,False,False,False
2026-02-11T14:54:02.497119,594.518647,RX,0x000,0,,,False,False,False
2026-02-11T14:54:02.497119,594.518647,RX,0x1E0,0,,,False,False,False
2026-02-11T14:54:02.497119,594.518647,RX,0x000,128,E0 01 00 00 00 00 00 00,........,False,True,True
2026-02-11T14:54:02.498122,594.519650,RX,0x000,128,00 38 9B 71 80 02 00 00,.8.q....,False,False,False
2026-02-11T14:54:02.498122,594.519650,RX,0x000,0,,,False,False,False
2026-02-11T14:54:02.498122,594.519650,RX,0x1E0,0,,,False,False,False
2026-02-11T14:54:02.498122,594.519650,RX,0x000,128,E0 01 00 00 00 00 00 00,........,False,True,True
2026-02-11T14:54:02.498122,594.519650,RX,0x000,128,00 38 9B 71 80 02 00 00,.8.q....,False,False,False
2026-02-11T14:54:02.498628,594.520156,RX,0x000,0,,,False,False,False
2026-02-11T14:54:02.498628,594.520156,RX,0x1E0,0,,,False,False,False
2026-02-11T14:54:02.498628,594.520156,RX,0x000,128,E0 01 00 00 00 00 00 00,........,False,True,True
2026-02-11T14:54:02.498628,594.520156,RX,0x000,128,00 38 9B 71 80 02 00 00,.8.q....,False,False,False
2026-02-11T14:54:02.498628,594.520156,RX,0x000,0,,,False,False,False
2026-02-11T14:54:02.499631,594.521159,RX,0x1E0,0,,,False,False,False
2026-02-11T14:54:02.499631,594.521159,RX,0x000,128,E0 01 00 00 00 00 00 00,........,False,True,True
2026-02-11T14:54:02.499631,594.521159,RX,0x000,128,00 38 9B 71 80 02 00 00,.8.q....,False,False,False
2026-02-11T14:54:02.499631,594.521159,RX,0x000,0,,,False,False,False
2026-02-11T14:54:02.499631,594.521159,RX,0x1E0,0,,,False,False,False
2026-02-11T14:54:02.499631,594.521159,RX,0x000,128,E0 01 00 00 00 00 00 00,........,False,True,True
2026-02-11T14:54:02.499631,594.521159,RX,0x000,128,00 38 9B 71 80 02 00 00,.8.q....,False,False,False
2026-02-11T14:54:02.499631,594.521159,RX,0x000,0,,,False,False,False
2026-02-11T14:54:02.499631,594.521159,RX,0x1E0,0,,,False,False,False
2026-02-11T14:54:02.499631,594.521159,RX,0x000,128,E0 01 00 00 00 00 00 00,........,False,True,True
2026-02-11T14:54:02.499631,594.521159,RX,0x000,128,00 38 9B 71 80 02 00 00,.8.q....,False,False,False
2026-02-11T14:54:02.501138,594.522666,RX,0x000,0,,,False,False,False
2026-02-11T14:54:02.501138,594.522666,RX,0x1E0,0,,,False,False,False
2026-02-11T14:54:02.501138,594.522666,RX,0x000,128,E0 01 00 00 00 00 00 00,........,False,True,True
2026-02-11T14:54:02.501138,594.522666,RX,0x000,128,00 38 9B 71 80 02 00 00,.8.q....,False,False,False
2026-02-11T14:54:02.501138,594.522666,RX,0x000,0,,,False,False,False
2026-02-11T14:54:02.501138,594.522666,RX,0x1E0,0,,,False,False,False
2026-02-11T14:54:02.501138,594.522666,RX,0x000,128,E0 01 00 00 00 00 00 00,........,False,True,True
2026-02-11T14:54:02.501138,594.522666,RX,0x000,128,00 38 9B 71 80 02 00 00,.8.q....,False,False,False
2026-02-11T14:54:02.501138,594.522666,RX,0x000,0,,,False,False,False
2026-02-11T14:54:02.501138,594.522666,RX,0x1E0,0,,,False,False,False
2026-02-11T14:54:02.502146,594.523674,RX,0x000,128,E0 01 00 00 00 00 00 00,........,False,True,True
2026-02-11T14:54:02.502146,594.523674,RX,0x000,128,00 38 9B 71 80 02 00 00,.8.q....,False,False,False
2026-02-11T14:54:02.502146,594.523674,RX,0x000,0,,,False,False,False
2026-02-11T14:54:02.502146,594.523674,RX,0x1E0,0,,,False,False,False
2026-02-11T14:54:02.502146,594.523674,RX,0x000,128,E0 01 00 00 00 00 00 00,........,False,True,True
2026-02-11T14:54:02.502146,594.523674,RX,0x000,128,00 38 9B 71 80 02 00 00,.8.q....,False,False,False
2026-02-11T14:54:02.502146,594.523674,RX,0x000,0,,,False,False,False
2026-02-11T14:54:02.502146,594.523674,RX,0x1E0,0,,,False,False,False
2026-02-11T14:54:02.502146,594.523674,RX,0x000,128,E0 01 00 00 00 00 00 00,........,False,True,True
2026-02-11T14:54:02.502146,594.523674,RX,0x000,128,00 38 9B 71 80 02 00 00,.8.q....,False,False,False
2026-02-11T14:54:02.502146,594.523674,RX,0x000,0,,,False,False,False
2026-02-11T14:54:02.502146,594.523674,RX,0x1E0,0,,,False,False,False
2026-02-11T14:54:02.503159,594.524687,RX,0x000,128,E0 01 00 00 00 00 00 00,........,False,True,True
2026-02-11T14:54:02.503159,594.524687,RX,0x000,128,00 38 9B 71 80 02 00 00,.8.q....,False,False,False
2026-02-11T14:54:02.503159,594.524687,RX,0x000,0,,,False,False,False
2026-02-11T14:54:02.503159,594.524687,RX,0x1E0,0,,,False,False,False
2026-02-11T14:54:02.503159,594.524687,RX,0x000,128,E0 01 00 00 00 00 00 00,........,False,True,True
2026-02-11T14:54:02.503159,594.524687,RX,0x000,128,00 38 9B 71 80 02 00 00,.8.q....,False,False,False
2026-02-11T14:54:02.504305,594.525833,RX,0x000,0,,,False,False,False
2026-02-11T14:54:02.504305,594.525833,RX,0x1E0,0,,,False,False,False
2026-02-11T14:54:02.504305,594.525833,RX,0x000,128,E0 01 00 00 00 00 00 00,........,False,True,True
2026-02-11T14:54:02.504305,594.525833,RX,0x000,128,00 38 9B 71 80 02 00 00,.8.q....,False,False,False
2026-02-11T14:54:02.504305,594.525833,RX,0x000,0,,,False,False,False
2026-02-11T14:54:02.504305,594.525833,RX,0x1E0,0,,,False,False,False
2026-02-11T14:54:02.505305,594.526833,RX,0x000,128,E0 01 00 00 00 00 00 00,........,False,True,True
2026-02-11T14:54:02.505305,594.526833,RX,0x000,128,00 38 9B 71 80 02 00 00,.8.q....,False,False,False
2026-02-11T14:54:02.505305,594.526833,RX,0x000,0,,,False,False,False
2026-02-11T14:54:02.506305,594.527833,RX,0x1E0,0,,,False,False,False
2026-02-11T14:54:02.506305,594.527833,RX,0x000,128,E0 01 00 00 00 00 00 00,........,False,True,True
2026-02-11T14:54:02.506305,594.527833,RX,0x000,128,00 38 9B 71 80 02 00 00,.8.q....,False,False,False
2026-02-11T14:54:02.506305,594.527833,RX,0x000,0,,,False,False,False
2026-02-11T14:54:02.506305,594.527833,RX,0x1E0,0,,,False,False,False
2026-02-11T14:54:02.506305,594.527833,RX,0x000,128,E0 01 00 00 00 00 00 00,........,False,True,True
2026-02-11T14:54:02.506305,594.527833,RX,0x000,128,00 38 9B 71 80 02 00 00,.8.q....,False,False,False
2026-02-11T14:54:02.506305,594.527833,RX,0x000,0,,,False,False,False
2026-02-11T14:54:02.506305,594.527833,RX,0x1E0,0,,,False,False,False
2026-02-11T14:54:02.506305,594.527833,RX,0x000,128,E0 01 00 00 00 00 00 00,........,False,True,True
2026-02-11T14:54:02.507307,594.528835,RX,0x000,128,00 38 9B 71 80 02 00 00,.8.q....,False,False,False
2026-02-11T14:54:02.507307,594.528835,RX,0x000,0,,,False,False,False
2026-02-11T14:54:02.507307,594.528835,RX,0x1E0,0,,,False,False,False
2026-02-11T14:54:02.507307,594.528835,RX,0x000,128,E0 01 00 00 00 00 00 00,........,False,True,True
2026-02-11T14:54:02.507307,594.528835,RX,0x000,128,00 38 9B 71 80 02 00 00,.8.q....,False,False,False
2026-02-11T14:54:02.507307,594.528835,RX,0x000,0,,,False,False,False
2026-02-11T14:54:02.507307,594.528835,RX,0x1E0,0,,,False,False,False
2026-02-11T14:54:02.507307,594.528835,RX,0x000,128,E0 01 00 00 00 00 00 00,........,False,True,True
2026-02-11T14:54:02.507307,594.528835,RX,0x000,128,00 38 9B 71 80 02 00 00,.8.q....,False,False,False
2026-02-11T14:54:02.507307,594.528835,RX,0x000,0,,,False,False,False
2026-02-11T14:54:02.507307,594.528835,RX,0x1E0,0,,,False,False,False
2026-02-11T14:54:02.507307,594.528835,RX,0x000,128,E0 01 00 00 00 00 00 00,........,False,True,True
2026-02-11T14:54:02.508306,594.529834,RX,0x000,128,00 38 9B 71 80 02 00 00,.8.q....,False,False,False
2026-02-11T14:54:02.508306,594.529834,RX,0x000,0,,,False,False,False
2026-02-11T14:54:02.508306,594.529834,RX,0x1E0,0,,,False,False,False
2026-02-11T14:54:02.508306,594.529834,RX,0x000,128,E0 01 00 00 00 00 00 00,........,False,True,True
2026-02-11T14:54:02.508306,594.529834,RX,0x000,128,00 38 9B 71 80 02 00 00,.8.q....,False,False,False
2026-02-11T14:54:02.508306,594.529834,RX,0x000,0,,,False,False,False
2026-02-11T14:54:02.508814,594.530342,RX,0x1E0,0,,,False,False,False
2026-02-11T14:54:02.508814,594.530342,RX,0x000,128,E0 01 00 00 00 00 00 00,........,False,True,True
2026-02-11T14:54:02.508814,594.530342,RX,0x000,128,00 38 9B 71 80 02 00 00,.8.q....,False,False,False
2026-02-11T14:54:02.508814,594.530342,RX,0x000,0,,,False,False,False
2026-02-11T14:54:02.508814,594.530342,RX,0x1E0,0,,,False,False,False
2026-02-11T14:54:02.508814,594.530342,RX,0x000,128,E0 01 00 00 00 00 00 00,........,False,True,True
2026-02-11T14:54:02.508814,594.530342,RX,0x000,128,00 38 9B 71 80 02 00 00,.8.q....,False,False,False
2026-02-11T14:54:02.508814,594.530342,RX,0x000,0,,,False,False,False
2026-02-11T14:54:02.508814,594.530342,RX,0x1E0,0,,,False,False,False
2026-02-11T14:54:02.509816,594.531344,RX,0x000,128,E0 01 00 00 00 00 00 00,........,False,True,True
2026-02-11T14:54:02.509816,594.531344,RX,0x000,128,00 38 9B 71 80 02 00 00,.8.q....,False,False,False
2026-02-11T14:54:02.509816,594.531344,RX,0x000,0,,,False,False,False
2026-02-11T14:54:02.509816,594.531344,RX,0x1E0,0,,,False,False,False
2026-02-11T14:54:02.509816,594.531344,RX,0x000,128,E0 01 00 00 00 00 00 00,........,False,True,True
2026-02-11T14:54:02.509816,594.531344,RX,0x000,128,00 38 9B 71 80 02 00 00,.8.q....,False,False,False
2026-02-11T14:54:02.509816,594.531344,RX,0x000,0,,,False,False,False
2026-02-11T14:54:02.510817,594.532345,RX,0x1E0,0,,,False,False,False
2026-02-11T14:54:02.510817,594.532345,RX,0x000,128,E0 01 00 00 00 00 00 00,........,False,True,True
2026-02-11T14:54:02.510817,594.532345,RX,0x000,128,00 38 9B 71 80 02 00 00,.8.q....,False,False,False
2026-02-11T14:54:02.510817,594.532345,RX,0x000,0,,,False,False,False
2026-02-11T14:54:02.510817,594.532345,RX,0x1E0,0,,,False,False,False
2026-02-11T14:54:02.510817,594.532345,RX,0x000,128,E0 01 00 00 00 00 00 00,........,False,True,True
2026-02-11T14:54:02.510817,594.532345,RX,0x000,128,00 38 9B 71 80 02 00 00,.8.q....,False,False,False
2026-02-11T14:54:02.510817,594.532345,RX,0x000,0,,,False,False,False
2026-02-11T14:54:02.510817,594.532345,RX,0x1E0,0,,,False,False,False
2026-02-11T14:54:02.510817,594.532345,RX,0x000,128,E0 01 00 00 00 00 00 00,........,False,True,True
2026-02-11T14:54:02.510817,594.532345,RX,0x000,128,00 38 9B 71 80 02 00 00,.8.q....,False,False,False
2026-02-11T14:54:02.511821,594.533349,RX,0x000,0,,,False,False,False
2026-02-11T14:54:02.511821,594.533349,RX,0x1E0,0,,,False,False,False
2026-02-11T14:54:02.511821,594.533349,RX,0x000,128,E0 01 00 00 00 00 00 00,........,False,True,True
2026-02-11T14:54:02.511821,594.533349,RX,0x000,128,00 38 9B 71 80 02 00 00,.8.q....,False,False,False
2026-02-11T14:54:02.511821,594.533349,RX,0x000,0,,,False,False,False
2026-02-11T14:54:02.511821,594.533349,RX,0x1E0,0,,,False,False,False
2026-02-11T14:54:02.511821,594.533349,RX,0x000,128,E0 01 00 00 00 00 00 00,........,False,True,True
2026-02-11T14:54:02.511821,594.533349,RX,0x000,128,00 38 9B 71 80 02 00 00,.8.q....,False,False,False
2026-02-11T14:54:02.512820,594.534348,RX,0x000,0,,,False,False,False
2026-02-11T14:54:02.512820,594.534348,RX,0x1E0,0,,,False,False,False
2026-02-11T14:54:02.512820,594.534348,RX,0x000,128,E0 01 00 00 00 00 00 00,........,False,True,True
2026-02-11T14:54:02.512820,594.534348,RX,0x000,128,00 38 9B 71 80 02 00 00,.8.q....,False,False,False
2026-02-11T14:54:02.512820,594.534348,RX,0x000,0,,,False,False,False
2026-02-11T14:54:02.512820,594.534348,RX,0x1E0,0,,,False,False,False
2026-02-11T14:54:02.512820,594.534348,RX,0x000,128,E0 01 00 00 00 00 00 00,........,False,True,True
2026-02-11T14:54:02.512820,594.534348,RX,0x000,128,00 38 9B 71 80 02 00 00,.8.q....,False,False,False
2026-02-11T14:54:02.514237,594.534348,RX,0x000,0,,,False,False,False
2026-02-11T14:54:02.514237,594.535765,RX,0x1E0,0,,,False,False,False
2026-02-11T14:54:02.514237,594.535765,RX,0x000,128,E0 01 00 00 00 00 00 00,........,False,True,True
2026-02-11T14:54:02.514237,594.535765,RX,0x000,128,00 38 9B 71 80 02 00 00,.8.q....,False,False,False
2026-02-11T14:54:02.514237,594.535765,RX,0x000,0,,,False,False,False
2026-02-11T14:54:02.514237,594.535765,RX,0x1E0,0,,,False,False,False
2026-02-11T14:54:02.514237,594.535765,RX,0x000,128,E0 01 00 00 00 00 00 00,........,False,True,True
2026-02-11T14:54:02.514237,594.535765,RX,0x000,128,00 38 9B 71 80 02 00 00,.8.q....,False,False,False
2026-02-11T14:54:02.514237,594.535765,RX,0x000,0,,,False,False,False
2026-02-11T14:54:02.514237,594.535765,RX,0x1E0,0,,,False,False,False
2026-02-11T14:54:02.514237,594.535765,RX,0x000,128,E0 01 00 00 00 00 00 00,........,False,True,True
2026-02-11T14:54:02.514237,594.535765,RX,0x000,128,00 38 9B 71 80 02 00 00,.8.q....,False,False,False
2026-02-11T14:54:02.514237,594.535765,RX,0x000,0,,,False,False,False
2026-02-11T14:54:02.514237,594.535765,RX,0x1E0,0,,,False,False,False
2026-02-11T14:54:02.515301,594.536829,RX,0x000,128,E0 01 00 00 00 00 00 00,........,False,True,True
2026-02-11T14:54:02.515301,594.536829,RX,0x000,128,00 38 9B 71 80 02 00 00,.8.q....,False,False,False
2026-02-11T14:54:02.515301,594.536829,RX,0x000,0,,,False,False,False
2026-02-11T14:54:02.515301,594.536829,RX,0x1E0,0,,,False,False,False
2026-02-11T14:54:02.515301,594.536829,RX,0x000,128,E0 01 00 00 00 00 00 00,........,False,True,True
2026-02-11T14:54:02.515301,594.536829,RX,0x000,128,00 38 9B 71 80 02 00 00,.8.q....,False,False,False
2026-02-11T14:54:02.515301,594.536829,RX,0x000,0,,,False,False,False
2026-02-11T14:54:02.515301,594.536829,RX,0x1E0,0,,,False,False,False
2026-02-11T14:54:02.515301,594.536829,RX,0x000,128,E0 01 00 00 00 00 00 00,........,False,True,True
2026-02-11T14:54:02.515301,594.536829,RX,0x000,128,00 38 9B 71 80 02 00 00,.8.q....,False,False,False
2026-02-11T14:54:02.515301,594.536829,RX,0x000,0,,,False,False,False
2026-02-11T14:54:02.515301,594.536829,RX,0x1E0,0,,,False,False,False
2026-02-11T14:54:02.516320,594.537848,RX,0x000,128,E0 01 00 00 00 00 00 00,........,False,True,True
2026-02-11T14:54:02.516320,594.537848,RX,0x000,128,00 38 9B 71 80 02 00 00,.8.q....,False,False,False
2026-02-11T14:54:02.516320,594.537848,RX,0x000,0,,,False,False,False
2026-02-11T14:54:02.516320,594.537848,RX,0x1E0,0,,,False,False,False
2026-02-11T14:54:02.516320,594.537848,RX,0x000,128,E0 01 00 00 00 00 00 00,........,False,True,True
2026-02-11T14:54:02.516320,594.537848,RX,0x000,128,00 38 9B 71 80 02 00 00,.8.q....,False,False,False
2026-02-11T14:54:02.516320,594.537848,RX,0x000,0,,,False,False,False
2026-02-11T14:54:02.516320,594.537848,RX,0x1E0,0,,,False,False,False
2026-02-11T14:54:02.517539,594.539067,RX,0x000,128,E0 01 00 00 00 00 00 00,........,False,True,True
2026-02-11T14:54:02.517539,594.539067,RX,0x000,128,00 38 9B 71 80 02 00 00,.8.q....,False,False,False
2026-02-11T14:54:02.517539,594.539067,RX,0x000,0,,,False,False,False
2026-02-11T14:54:02.517539,594.539067,RX,0x1E0,0,,,False,False,False
2026-02-11T14:54:02.517539,594.539067,RX,0x000,128,E0 01 00 00 00 00 00 00,........,False,True,True
2026-02-11T14:54:02.517539,594.539067,RX,0x000,128,00 38 9B 71 80 02 00 00,.8.q....,False,False,False
2026-02-11T14:54:02.518044,594.539572,RX,0x000,0,,,False,False,False
2026-02-11T14:54:02.518044,594.539572,RX,0x1E0,0,,,False,False,False
2026-02-11T14:54:02.518044,594.539572,RX,0x000,128,E0 01 00 00 00 00 00 00,........,False,True,True
2026-02-11T14:54:02.518044,594.539572,RX,0x000,128,00 38 9B 71 80 02 00 00,.8.q....,False,False,False
2026-02-11T14:54:02.518044,594.539572,RX,0x000,0,,,False,False,False
2026-02-11T14:54:02.518044,594.539572,RX,0x1E0,0,,,False,False,False
2026-02-11T14:54:02.518044,594.539572,RX,0x000,128,E0 01 00 00 00 00 00 00,........,False,True,True
2026-02-11T14:54:02.518044,594.539572,RX,0x000,128,00 38 9B 71 80 02 00 00,.8.q....,False,False,False
2026-02-11T14:54:02.518044,594.539572,RX,0x000,0,,,False,False,False
2026-02-11T14:54:02.518044,594.539572,RX,0x1E0,0,,,False,False,False
2026-02-11T14:54:02.518044,594.539572,RX,0x000,128,E0 01 00 00 00 00 00 00,........,False,True,True
2026-02-11T14:54:02.518044,594.539572,RX,0x000,128,00 38 9B 71 80 02 00 00,.8.q....,False,False,False
2026-02-11T14:54:02.519224,594.540752,RX,0x000,0,,,False,False,False
2026-02-11T14:54:02.519224,594.540752,RX,0x1E0,0,,,False,False,False
2026-02-11T14:54:02.519224,594.540752,RX,0x000,128,E0 01 00 00 00 00 00 00,........,False,True,True
2026-02-11T14:54:02.519224,594.540752,RX,0x000,128,00 38 9B 71 80 02 00 00,.8.q....,False,False,False
2026-02-11T14:54:02.519224,594.540752,RX,0x000,0,,,False,False,False
2026-02-11T14:54:02.519224,594.540752,RX,0x1E0,0,,,False,False,False
2026-02-11T14:54:02.520267,594.541795,RX,0x000,128,E0 01 00 00 00 00 00 00,........,False,True,True
2026-02-11T14:54:02.520267,594.541795,RX,0x000,128,00 38 9B 71 80 02 00 00,.8.q....,False,False,False
2026-02-11T14:54:02.520267,594.541795,RX,0x000,0,,,False,False,False
2026-02-11T14:54:02.520267,594.541795,RX,0x1E0,0,,,False,False,False
2026-02-11T14:54:02.520267,594.541795,RX,0x000,128,E0 01 00 00 00 00 00 00,........,False,True,True
2026-02-11T14:54:02.520267,594.541795,RX,0x000,128,00 38 9B 71 80 02 00 00,.8.q....,False,False,False
2026-02-11T14:54:02.520267,594.541795,RX,0x000,0,,,False,False,False
2026-02-11T14:54:02.520267,594.541795,RX,0x1E0,0,,,False,False,False
2026-02-11T14:54:02.520267,594.541795,RX,0x000,128,E0 01 00 00 00 00 00 00,........,False,True,True
2026-02-11T14:54:02.520267,594.541795,RX,0x000,128,00 38 9B 71 80 02 00 00,.8.q....,False,False,False
2026-02-11T14:54:02.520267,594.541795,RX,0x000,0,,,False,False,False
2026-02-11T14:54:02.521331,594.542859,RX,0x1E0,0,,,False,False,False
2026-02-11T14:54:02.521331,594.542859,RX,0x000,128,E0 01 00 00 00 00 00 00,........,False,True,True
2026-02-11T14:54:02.521331,594.542859,RX,0x000,128,00 38 9B 71 80 02 00 00,.8.q....,False,False,False
2026-02-11T14:54:02.521331,594.542859,RX,0x000,0,,,False,False,False
2026-02-11T14:54:02.521331,594.542859,RX,0x1E0,0,,,False,False,False
2026-02-11T14:54:02.521331,594.542859,RX,0x000,128,E0 01 00 00 00 00 00 00,........,False,True,True
2026-02-11T14:54:02.521331,594.542859,RX,0x000,128,00 38 9B 71 80 02 00 00,.8.q....,False,False,False
2026-02-11T14:54:02.522331,594.543859,RX,0x000,0,,,False,False,False
2026-02-11T14:54:02.522331,594.543859,RX,0x1E0,0,,,False,False,False
2026-02-11T14:54:02.522331,594.543859,RX,0x000,128,E0 01 00 00 00 00 00 00,........,False,True,True
2026-02-11T14:54:02.522331,594.543859,RX,0x000,128,00 38 9B 71 80 02 00 00,.8.q....,False,False,False
2026-02-11T14:54:02.522331,594.543859,RX,0x000,0,,,False,False,False
2026-02-11T14:54:02.522331,594.543859,RX,0x1E0,0,,,False,False,False
2026-02-11T14:54:02.522331,594.543859,RX,0x000,128,E0 01 00 00 00 00 00 00,........,False,True,True
2026-02-11T14:54:02.522331,594.543859,RX,0x000,128,00 38 9B 71 80 02 00 00,.8.q....,False,False,False
2026-02-11T14:54:02.522331,594.543859,RX,0x000,0,,,False,False,False
2026-02-11T14:54:02.522331,594.543859,RX,0x1E0,0,,,False,False,False
2026-02-11T14:54:02.522331,594.543859,RX,0x000,128,E0 01 00 00 00 00 00 00,........,False,True,True
2026-02-11T14:54:02.523331,594.544859,RX,0x000,128,00 38 9B 71 80 02 00 00,.8.q....,False,False,False
2026-02-11T14:54:02.523331,594.544859,RX,0x000,0,,,False,False,False
2026-02-11T14:54:02.523331,594.544859,RX,0x1E0,0,,,False,False,False
2026-02-11T14:54:02.523331,594.544859,RX,0x000,128,E0 01 00 00 00 00 00 00,........,False,True,True
2026-02-11T14:54:02.523331,594.544859,RX,0x000,128,00 38 9B 71 80 02 00 00,.8.q....,False,False,False
2026-02-11T14:54:02.523331,594.544859,RX,0x000,0,,,False,False,False
2026-02-11T14:54:02.523331,594.544859,RX,0x1E0,0,,,False,False,False
2026-02-11T14:54:02.523331,594.544859,RX,0x000,128,E0 01 00 00 00 00 00 00,........,False,True,True
2026-02-11T14:54:02.523331,594.544859,RX,0x000,128,00 38 9B 71 80 02 00 00,.8.q....,False,False,False
2026-02-11T14:54:02.523331,594.544859,RX,0x000,0,,,False,False,False
2026-02-11T14:54:02.523331,594.544859,RX,0x1E0,0,,,False,False,False
2026-02-11T14:54:02.523331,594.544859,RX,0x000,128,E0 01 00 00 00 00 00 00,........,False,True,True
2026-02-11T14:54:02.523331,594.544859,RX,0x000,128,00 38 9B 71 80 02 00 00,.8.q....,False,False,False
2026-02-11T14:54:02.524330,594.545858,RX,0x000,0,,,False,False,False
2026-02-11T14:54:02.524330,594.545858,RX,0x1E0,0,,,False,False,False
2026-02-11T14:54:02.524330,594.545858,RX,0x000,128,E0 01 00 00 00 00 00 00,........,False,True,True
2026-02-11T14:54:02.524330,594.545858,RX,0x000,128,00 38 9B 71 80 02 00 00,.8.q....,False,False,False
2026-02-11T14:54:02.524330,594.545858,RX,0x000,0,,,False,False,False
2026-02-11T14:54:02.524330,594.545858,RX,0x1E0,0,,,False,False,False
2026-02-11T14:54:02.524330,594.545858,RX,0x000,128,E0 01 00 00 00 00 00 00,........,False,True,True
2026-02-11T14:54:02.524330,594.545858,RX,0x000,128,00 38 9B 71 80 02 00 00,.8.q....,False,False,False
2026-02-11T14:54:02.524330,594.545858,RX,0x000,0,,,False,False,False
2026-02-11T14:54:02.524330,594.545858,RX,0x1E0,0,,,False,False,False
2026-02-11T14:54:02.524330,594.545858,RX,0x000,128,E0 01 00 00 00 00 00 00,........,False,True,True
2026-02-11T14:54:02.524330,594.545858,RX,0x000,128,00 38 9B 71 80 02 00 00,.8.q....,False,False,False
2026-02-11T14:54:02.524330,594.545858,RX,0x000,0,,,False,False,False
2026-02-11T14:54:02.524330,594.545858,RX,0x1E0,0,,,False,False,False
2026-02-11T14:54:02.524330,594.545858,RX,0x000,128,E0 01 00 00 00 00 00 00,........,False,True,True
2026-02-11T14:54:02.525621,594.547149,RX,0x000,128,00 38 9B 71 80 02 00 00,.8.q....,False,False,False
2026-02-11T14:54:02.525621,594.547149,RX,0x000,0,,,False,False,False
2026-02-11T14:54:02.525621,594.547149,RX,0x1E0,0,,,False,False,False
2026-02-11T14:54:02.525621,594.547149,RX,0x000,128,E0 01 00 00 00 00 00 00,........,False,True,True
2026-02-11T14:54:02.525621,594.547149,RX,0x000,128,00 38 9B 71 80 02 00 00,.8.q....,False,False,False
2026-02-11T14:54:02.525621,594.547149,RX,0x000,0,,,False,False,False
2026-02-11T14:54:02.525621,594.547149,RX,0x1E0,0,,,False,False,False
2026-02-11T14:54:02.525621,594.547149,RX,0x000,128,E0 01 00 00 00 00 00 00,........,False,True,True
2026-02-11T14:54:02.525621,594.547149,RX,0x000,128,00 38 9B 71 80 02 00 00,.8.q....,False,False,False
2026-02-11T14:54:02.525621,594.547149,RX,0x000,0,,,False,False,False
2026-02-11T14:54:02.525621,594.547149,RX,0x1E0,0,,,False,False,False
2026-02-11T14:54:02.526655,594.548183,RX,0x000,128,E0 01 00 00 00 00 00 00,........,False,True,True
2026-02-11T14:54:02.526655,594.548183,RX,0x000,128,00 38 9B 71 80 02 00 00,.8.q....,False,False,False
2026-02-11T14:54:02.526655,594.548183,RX,0x000,0,,,False,False,False
2026-02-11T14:54:02.526655,594.548183,RX,0x1E0,0,,,False,False,False
2026-02-11T14:54:02.526655,594.548183,RX,0x000,128,E0 01 00 00 00 00 00 00,........,False,True,True
2026-02-11T14:54:02.526655,594.548183,RX,0x000,128,00 38 9B 71 80 02 00 00,.8.q....,False,False,False
2026-02-11T14:54:02.526655,594.548183,RX,0x000,0,,,False,False,False
2026-02-11T14:54:02.526655,594.548183,RX,0x1E0,0,,,False,False,False
2026-02-11T14:54:02.526655,594.548183,RX,0x000,128,E0 01 00 00 00 00 00 00,........,False,True,True
2026-02-11T14:54:02.526655,594.548183,RX,0x000,128,00 38 9B 71 80 02 00 00,.8.q....,False,False,False
2026-02-11T14:54:02.526655,594.548183,RX,0x000,0,,,False,False,False
2026-02-11T14:54:02.526655,594.548183,RX,0x1E0,0,,,False,False,False
2026-02-11T14:54:02.526655,594.548183,RX,0x000,128,E0 01 00 00 00 00 00 00,........,False,True,True
2026-02-11T14:54:02.526655,594.548183,RX,0x000,128,00 38 9B 71 80 02 00 00,.8.q....,False,False,False
2026-02-11T14:54:02.526655,594.548183,RX,0x000,0,,,False,False,False
2026-02-11T14:54:02.526655,594.548183,RX,0x1E0,0,,,False,False,False
2026-02-11T14:54:02.526655,594.548183,RX,0x000,128,E0 01 00 00 00 00 00 00,........,False,True,True
2026-02-11T14:54:02.528165,594.549693,RX,0x000,128,00 38 9B 71 80 02 00 00,.8.q....,False,False,False
2026-02-11T14:54:02.528165,594.549693,RX,0x000,0,,,False,False,False
2026-02-11T14:54:02.528165,594.549693,RX,0x1E0,0,,,False,False,False
2026-02-11T14:54:02.528165,594.549693,RX,0x000,128,E0 01 00 00 00 00 00 00,........,False,True,True
2026-02-11T14:54:02.528165,594.549693,RX,0x000,128,00 38 9B 71 80 02 00 00,.8.q....,False,False,False
2026-02-11T14:54:02.528165,594.549693,RX,0x000,0,,,False,False,False
2026-02-11T14:54:02.528165,594.549693,RX,0x1E0,0,,,False,False,False
2026-02-11T14:54:02.528165,594.549693,RX,0x000,128,E0 01 00 00 00 00 00 00,........,False,True,True
2026-02-11T14:54:02.528165,594.549693,RX,0x000,128,00 38 9B 71 80 02 00 00,.8.q....,False,False,False
2026-02-11T14:54:02.528165,594.549693,RX,0x000,0,,,False,False,False
2026-02-11T14:54:02.528165,594.549693,RX,0x1E0,0,,,False,False,False
2026-02-11T14:54:02.528165,594.549693,RX,0x000,128,E0 01 00 00 00 00 00 00,........,False,True,True
2026-02-11T14:54:02.528165,594.549693,RX,0x000,128,00 38 9B 71 80 02 00 00,.8.q....,False,False,False
2026-02-11T14:54:02.528165,594.549693,RX,0x000,0,,,False,False,False
2026-02-11T14:54:02.529207,594.550735,RX,0x1E0,0,,,False,False,False
2026-02-11T14:54:02.529207,594.550735,RX,0x000,128,E0 01 00 00 00 00 00 00,........,False,True,True
2026-02-11T14:54:02.529207,594.550735,RX,0x000,128,00 38 9B 71 80 02 00 00,.8.q....,False,False,False
2026-02-11T14:54:02.529207,594.550735,RX,0x000,0,,,False,False,False
2026-02-11T14:54:02.529207,594.550735,RX,0x1E0,0,,,False,False,False
2026-02-11T14:54:02.529207,594.550735,RX,0x000,128,E0 01 00 00 00 00 00 00,........,False,True,True
2026-02-11T14:54:02.529207,594.550735,RX,0x000,128,00 38 9B 71 80 02 00 00,.8.q....,False,False,False
2026-02-11T14:54:02.529207,594.550735,RX,0x000,0,,,False,False,False
2026-02-11T14:54:02.529207,594.550735,RX,0x1E0,0,,,False,False,False
2026-02-11T14:54:02.530218,594.551747,RX,0x000,128,E0 01 00 00 00 00 00 00,........,False,True,True
2026-02-11T14:54:02.531228,594.551747,RX,0x000,128,00 38 9B 71 80 02 00 00,.8.q....,False,False,False
2026-02-11T14:54:02.531228,594.552756,RX,0x000,0,,,False,False,False
2026-02-11T14:54:02.531228,594.552756,RX,0x1E0,0,,,False,False,False
2026-02-11T14:54:02.531228,594.552756,RX,0x000,128,E0 01 00 00 00 00 00 00,........,False,True,True
2026-02-11T14:54:02.531228,594.552756,RX,0x000,128,00 38 9B 71 80 02 00 00,.8.q....,False,False,False
2026-02-11T14:54:02.531228,594.552756,RX,0x000,0,,,False,False,False
2026-02-11T14:54:02.531228,594.552756,RX,0x1E0,0,,,False,False,False
2026-02-11T14:54:02.531228,594.552756,RX,0x000,128,E0 01 00 00 00 00 00 00,........,False,True,True
2026-02-11T14:54:02.531228,594.552756,RX,0x000,128,00 38 9B 71 80 02 00 00,.8.q....,False,False,False
2026-02-11T14:54:02.531228,594.552756,RX,0x000,0,,,False,False,False
2026-02-11T14:54:02.531228,594.552756,RX,0x1E0,0,,,False,False,False
2026-02-11T14:54:02.531228,594.552756,RX,0x000,128,E0 01 00 00 00 00 00 00,........,False,True,True
2026-02-11T14:54:02.531228,594.552756,RX,0x000,128,00 38 9B 71 80 02 00 00,.8.q....,False,False,False
2026-02-11T14:54:02.531228,594.552756,RX,0x000,0,,,False,False,False
2026-02-11T14:54:02.531228,594.552756,RX,0x1E0,0,,,False,False,False
2026-02-11T14:54:02.532540,594.554068,RX,0x000,128,E0 01 00 00 00 00 00 00,........,False,True,True
2026-02-11T14:54:02.532540,594.554068,RX,0x000,128,00 38 9B 71 80 02 00 00,.8.q....,False,False,False
2026-02-11T14:54:02.532540,594.554068,RX,0x000,0,,,False,False,False
2026-02-11T14:54:02.532540,594.554068,RX,0x1E0,0,,,False,False,False
2026-02-11T14:54:02.532540,594.554068,RX,0x000,128,E0 01 00 00 00 00 00 00,........,False,True,True
2026-02-11T14:54:02.532540,594.554068,RX,0x000,128,00 38 9B 71 80 02 00 00,.8.q....,False,False,False
2026-02-11T14:54:02.532540,594.554068,RX,0x000,0,,,False,False,False
2026-02-11T14:54:02.532540,594.554068,RX,0x1E0,0,,,False,False,False
2026-02-11T14:54:02.532540,594.554068,RX,0x000,128,E0 01 00 00 00 00 00 00,........,False,True,True
2026-02-11T14:54:02.532540,594.554068,RX,0x000,128,00 38 9B 71 80 02 00 00,.8.q....,False,False,False
2026-02-11T14:54:02.532540,594.554068,RX,0x000,0,,,False,False,False
2026-02-11T14:54:02.532540,594.554068,RX,0x1E0,0,,,False,False,False
2026-02-11T14:54:02.532540,594.554068,RX,0x000,128,E0 01 00 00 00 00 00 00,........,False,True,True
2026-02-11T14:54:02.532540,594.554068,RX,0x000,128,00 38 9B 71 80 02 00 00,.8.q....,False,False,False
2026-02-11T14:54:02.533556,594.555084,RX,0x000,0,,,False,False,False
2026-02-11T14:54:02.533556,594.555084,RX,0x1E0,0,,,False,False,False
2026-02-11T14:54:02.533556,594.555084,RX,0x000,128,E0 01 00 00 00 00 00 00,........,False,True,True
2026-02-11T14:54:02.533556,594.555084,RX,0x000,128,00 38 9B 71 80 02 00 00,.8.q....,False,False,False
2026-02-11T14:54:02.533556,594.555084,RX,0x000,0,,,False,False,False
2026-02-11T14:54:02.533556,594.555084,RX,0x1E0,0,,,False,False,False
2026-02-11T14:54:02.533556,594.555084,RX,0x000,128,E0 01 00 00 00 00 00 00,........,False,True,True
2026-02-11T14:54:02.533556,594.555084,RX,0x000,128,00 38 9B 71 80 02 00 00,.8.q....,False,False,False
2026-02-11T14:54:02.533556,594.555084,RX,0x000,0,,,False,False,False
2026-02-11T14:54:02.533556,594.555084,RX,0x1E0,0,,,False,False,False
2026-02-11T14:54:02.533556,594.555084,RX,0x000,128,E0 01 00 00 00 00 00 00,........,False,True,True
2026-02-11T14:54:02.533556,594.555084,RX,0x000,128,00 38 9B 71 80 02 00 00,.8.q....,False,False,False
2026-02-11T14:54:02.533556,594.555084,RX,0x000,0,,,False,False,False
2026-02-11T14:54:02.533556,594.555084,RX,0x1E0,0,,,False,False,False
2026-02-11T14:54:02.533556,594.555084,RX,0x000,128,E0 01 00 00 00 00 00 00,........,False,True,True
2026-02-11T14:54:02.533556,594.555084,RX,0x000,128,00 38 9B 71 80 02 00 00,.8.q....,False,False,False
2026-02-11T14:54:02.534600,594.556128,RX,0x000,0,,,False,False,False
2026-02-11T14:54:02.534600,594.556128,RX,0x1E0,0,,,False,False,False
2026-02-11T14:54:02.534600,594.556128,RX,0x000,128,E0 01 00 00 00 00 00 00,........,False,True,True
2026-02-11T14:54:02.534600,594.556128,RX,0x000,128,00 38 9B 71 80 02 00 00,.8.q....,False,False,False
2026-02-11T14:54:02.534600,594.556128,RX,0x000,0,,,False,False,False
2026-02-11T14:54:02.534600,594.556128,RX,0x1E0,0,,,False,False,False
2026-02-11T14:54:02.534600,594.556128,RX,0x000,128,E0 01 00 00 00 00 00 00,........,False,True,True
2026-02-11T14:54:02.534600,594.556128,RX,0x000,128,00 38 9B 71 80 02 00 00,.8.q....,False,False,False
2026-02-11T14:54:02.534600,594.556128,RX,0x000,0,,,False,False,False
2026-02-11T14:54:02.534600,594.556128,RX,0x1E0,0,,,False,False,False
2026-02-11T14:54:02.534600,594.556128,RX,0x000,128,E0 01 00 00 00 00 00 00,........,False,True,True
2026-02-11T14:54:02.534600,594.556128,RX,0x000,128,00 38 9B 71 80 02 00 00,.8.q....,False,False,False
2026-02-11T14:54:02.534600,594.556128,RX,0x000,0,,,False,False,False
2026-02-11T14:54:02.534600,594.556128,RX,0x1E0,0,,,False,False,False
2026-02-11T14:54:02.535609,594.557137,RX,0x000,128,E0 01 00 00 00 00 00 00,........,False,True,True
2026-02-11T14:54:02.535609,594.557137,RX,0x000,128,00 38 9B 71 80 02 00 00,.8.q....,False,False,False
2026-02-11T14:54:02.535609,594.557137,RX,0x000,0,,,False,False,False
2026-02-11T14:54:02.535609,594.557137,RX,0x1E0,0,,,False,False,False
2026-02-11T14:54:02.535609,594.557137,RX,0x000,128,E0 01 00 00 00 00 00 00,........,False,True,True
2026-02-11T14:54:02.535609,594.557137,RX,0x000,128,00 38 9B 71 80 02 00 00,.8.q....,False,False,False
2026-02-11T14:54:02.535609,594.557137,RX,0x000,0,,,False,False,False
2026-02-11T14:54:02.535609,594.557137,RX,0x1E0,0,,,False,False,False
2026-02-11T14:54:02.535609,594.557137,RX,0x000,128,E0 01 00 00 00 00 00 00,........,False,True,True
2026-02-11T14:54:02.535609,594.557137,RX,0x000,128,00 38 9B 71 80 02 00 00,.8.q....,False,False,False
2026-02-11T14:54:02.535609,594.557137,RX,0x000,0,,,False,False,False
2026-02-11T14:54:02.536618,594.558146,RX,0x1E0,0,,,False,False,False
2026-02-11T14:54:02.536618,594.558146,RX,0x000,128,E0 01 00 00 00 00 00 00,........,False,True,True
2026-02-11T14:54:02.536618,594.558146,RX,0x000,128,00 38 9B 71 80 02 00 00,.8.q....,False,False,False
2026-02-11T14:54:02.536618,594.558146,RX,0x000,0,,,False,False,False
2026-02-11T14:54:02.536618,594.558146,RX,0x1E0,0,,,False,False,False
2026-02-11T14:54:02.536618,594.558146,RX,0x000,128,E0 01 00 00 00 00 00 00,........,False,True,True
2026-02-11T14:54:02.536618,594.558146,RX,0x000,128,00 38 9B 71 80 02 00 00,.8.q....,False,False,False
2026-02-11T14:54:02.536618,594.558146,RX,0x000,0,,,False,False,False
2026-02-11T14:54:02.536618,594.558146,RX,0x1E0,0,,,False,False,False
2026-02-11T14:54:02.536618,594.558146,RX,0x000,128,E0 01 00 00 00 00 00 00,........,False,True,True
2026-02-11T14:54:02.536618,594.558146,RX,0x000,128,00 38 9B 71 80 02 00 00,.8.q....,False,False,False
2026-02-11T14:54:02.536618,594.558146,RX,0x000,0,,,False,False,False
2026-02-11T14:54:02.536618,594.558146,RX,0x1E0,0,,,False,False,False
2026-02-11T14:54:02.536618,594.558146,RX,0x000,128,E0 01 00 00 00 00 00 00,........,False,True,True
2026-02-11T14:54:02.536618,594.558146,RX,0x000,128,00 38 9B 71 80 02 00 00,.8.q....,False,False,False
2026-02-11T14:54:02.536618,594.558146,RX,0x000,0,,,False,False,False
2026-02-11T14:54:02.536618,594.558146,RX,0x1E0,0,,,False,False,False
2026-02-11T14:54:02.536618,594.558146,RX,0x000,128,E0 01 00 00 00 00 00 00,........,False,True,True
2026-02-11T14:54:02.536618,594.558146,RX,0x000,128,00 38 9B 71 80 02 00 00,.8.q....,False,False,False
2026-02-11T14:54:02.536618,594.558146,RX,0x000,0,,,False,False,False
2026-02-11T14:54:02.538131,594.559659,RX,0x1E0,0,,,False,False,False
2026-02-11T14:54:02.538131,594.559659,RX,0x000,128,E0 01 00 00 00 00 00 00,........,False,True,True
2026-02-11T14:54:02.538131,594.559659,RX,0x000,128,00 38 9B 71 80 02 00 00,.8.q....,False,False,False
2026-02-11T14:54:02.538131,594.559659,RX,0x000,0,,,False,False,False
2026-02-11T14:54:02.538131,594.559659,RX,0x1E0,0,,,False,False,False
2026-02-11T14:54:02.538131,594.559659,RX,0x000,128,E0 01 00 00 00 00 00 00,........,False,True,True
2026-02-11T14:54:02.538131,594.559659,RX,0x000,128,00 38 9B 71 80 02 00 00,.8.q....,False,False,False
2026-02-11T14:54:02.538131,594.559659,RX,0x000,0,,,False,False,False
2026-02-11T14:54:02.538131,594.559659,RX,0x1E0,0,,,False,False,False
2026-02-11T14:54:02.538131,594.559659,RX,0x000,128,E0 01 00 00 00 00 00 00,........,False,True,True
2026-02-11T14:54:02.538131,594.559659,RX,0x000,128,00 38 9B 71 80 02 00 00,.8.q....,False,False,False
2026-02-11T14:54:02.538131,594.559659,RX,0x000,0,,,False,False,False
2026-02-11T14:54:02.538131,594.559659,RX,0x1E0,0,,,False,False,False
2026-02-11T14:54:02.538131,594.559659,RX,0x000,128,E0 01 00 00 00 00 00 00,........,False,True,True
2026-02-11T14:54:02.538131,594.559659,RX,0x000,128,00 38 9B 71 80 02 00 00,.8.q....,False,False,False
2026-02-11T14:54:02.538131,594.559659,RX,0x000,0,,,False,False,False
2026-02-11T14:54:02.539172,594.560700,RX,0x1E0,0,,,False,False,False
2026-02-11T14:54:02.539172,594.560700,RX,0x000,128,E0 01 00 00 00 00 00 00,........,False,True,True
2026-02-11T14:54:02.539172,594.560700,RX,0x000,128,00 38 9B 71 80 02 00 00,.8.q....,False,False,False
2026-02-11T14:54:02.539172,594.560700,RX,0x000,0,,,False,False,False
2026-02-11T14:54:02.539172,594.560700,RX,0x1E0,0,,,False,False,False
2026-02-11T14:54:02.539172,594.560700,RX,0x000,128,E0 01 00 00 00 00 00 00,........,False,True,True
2026-02-11T14:54:02.539172,594.560700,RX,0x000,128,00 38 9B 71 80 02 00 00,.8.q....,False,False,False
2026-02-11T14:54:02.539172,594.560700,RX,0x000,0,,,False,False,False
2026-02-11T14:54:02.539172,594.560700,RX,0x1E0,0,,,False,False,False
2026-02-11T14:54:02.539172,594.560700,RX,0x000,128,E0 01 00 00 00 00 00 00,........,False,True,True
2026-02-11T14:54:02.539172,594.560700,RX,0x000,128,00 38 9B 71 80 02 00 00,.8.q....,False,False,False
2026-02-11T14:54:02.539172,594.560700,RX,0x000,0,,,False,False,False
2026-02-11T14:54:02.539172,594.560700,RX,0x1E0,0,,,False,False,False
2026-02-11T14:54:02.539172,594.560700,RX,0x000,128,E0 01 00 00 00 00 00 00,........,False,True,True
2026-02-11T14:54:02.540186,594.560700,RX,0x000,128,00 38 9B 71 80 02 00 00,.8.q....,False,False,False
2026-02-11T14:54:02.540186,594.561714,RX,0x000,0,,,False,False,False
2026-02-11T14:54:02.540186,594.561714,RX,0x1E0,0,,,False,False,False
2026-02-11T14:54:02.540186,594.561714,RX,0x000,128,E0 01 00 00 00 00 00 00,........,False,True,True
2026-02-11T14:54:02.540186,594.561714,RX,0x000,128,00 38 9B 71 80 02 00 00,.8.q....,False,False,False
2026-02-11T14:54:02.540186,594.561714,RX,0x000,0,,,False,False,False
2026-02-11T14:54:02.540186,594.561714,RX,0x1E0,0,,,False,False,False
2026-02-11T14:54:02.540186,594.561714,RX,0x000,128,E0 01 00 00 00 00 00 00,........,False,True,True
2026-02-11T14:54:02.540186,594.561714,RX,0x000,128,00 38 9B 71 80 02 00 00,.8.q....,False,False,False
2026-02-11T14:54:02.540186,594.561714,RX,0x000,0,,,False,False,False
2026-02-11T14:54:02.540186,594.561714,RX,0x1E0,0,,,False,False,False
2026-02-11T14:54:02.540186,594.561714,RX,0x000,128,E0 01 00 00 00 00 00 00,........,False,True,True
2026-02-11T14:54:02.540186,594.561714,RX,0x000,128,00 38 9B 71 80 02 00 00,.8.q....,False,False,False
2026-02-11T14:54:02.540186,594.561714,RX,0x000,0,,,False,False,False
2026-02-11T14:54:02.540186,594.561714,RX,0x1E0,0,,,False,False,False
2026-02-11T14:54:02.540186,594.561714,RX,0x000,128,E0 01 00 00 00 00 00 00,........,False,True,True
2026-02-11T14:54:02.541200,594.561714,RX,0x000,128,00 38 9B 71 80 02 00 00,.8.q....,False,False,False
2026-02-11T14:54:02.541200,594.562727,RX,0x000,0,,,False,False,False
2026-02-11T14:54:02.541200,594.562727,RX,0x1E0,0,,,False,False,False
2026-02-11T14:54:02.541200,594.562727,RX,0x000,128,E0 01 00 00 00 00 00 00,........,False,True,True
2026-02-11T14:54:02.541200,594.562727,RX,0x000,128,00 38 9B 71 80 02 00 00,.8.q....,False,False,False
2026-02-11T14:54:02.541200,594.562727,RX,0x000,0,,,False,False,False
2026-02-11T14:54:02.541200,594.562727,RX,0x1E0,0,,,False,False,False
2026-02-11T14:54:02.541200,594.562727,RX,0x000,128,E0 01 00 00 00 00 00 00,........,False,True,True
2026-02-11T14:54:02.541200,594.562727,RX,0x000,128,00 38 9B 71 80 02 00 00,.8.q....,False,False,False
2026-02-11T14:54:02.541200,594.562727,RX,0x000,0,,,False,False,False
2026-02-11T14:54:02.541200,594.562727,RX,0x1E0,0,,,False,False,False
2026-02-11T14:54:02.541200,594.562727,RX,0x000,128,E0 01 00 00 00 00 00 00,........,False,True,True
2026-02-11T14:54:02.541200,594.562727,RX,0x000,128,00 38 9B 71 80 02 00 00,.8.q....,False,False,False
2026-02-11T14:54:02.541200,594.562727,RX,0x000,0,,,False,False,False
2026-02-11T14:54:02.541200,594.562727,RX,0x1E0,0,,,False,False,False
2026-02-11T14:54:02.541200,594.562727,RX,0x000,128,E0 01 00 00 00 00 00 00,........,False,True,True
2026-02-11T14:54:02.541200,594.562727,RX,0x000,128,00 38 9B 71 80 02 00 00,.8.q....,False,False,False
2026-02-11T14:54:02.542215,594.563742,RX,0x000,0,,,False,False,False
2026-02-11T14:54:02.542215,594.563742,RX,0x1E0,0,,,False,False,False
2026-02-11T14:54:02.542215,594.563742,RX,0x000,128,E0 01 00 00 00 00 00 00,........,False,True,True
2026-02-11T14:54:02.542215,594.563742,RX,0x000,128,00 38 9B 71 80 02 00 00,.8.q....,False,False,False
2026-02-11T14:54:02.542215,594.563742,RX,0x000,0,,,False,False,False
2026-02-11T14:54:02.542215,594.563742,RX,0x1E0,0,,,False,False,False
2026-02-11T14:54:02.542215,594.563742,RX,0x000,128,E0 01 00 00 00 00 00 00,........,False,True,True
2026-02-11T14:54:02.542215,594.563742,RX,0x000,128,00 38 9B 71 80 02 00 00,.8.q....,False,False,False
2026-02-11T14:54:02.542215,594.563742,RX,0x000,0,,,False,False,False
2026-02-11T14:54:02.542215,594.563742,RX,0x1E0,0,,,False,False,False
2026-02-11T14:54:02.542215,594.563742,RX,0x000,128,E0 01 00 00 00 00 00 00,........,False,True,True
2026-02-11T14:54:02.542215,594.563742,RX,0x000,128,00 38 9B 71 80 02 00 00,.8.q....,False,False,False
2026-02-11T14:54:02.543236,594.564764,RX,0x000,0,,,False,False,False
2026-02-11T14:54:02.543236,594.564764,RX,0x1E0,0,,,False,False,False
2026-02-11T14:54:02.543236,594.564764,RX,0x000,128,E0 01 00 00 00 00 00 00,........,False,True,True
2026-02-11T14:54:02.543236,594.564764,RX,0x000,128,00 38 9B 71 80 02 00 00,.8.q....,False,False,False
2026-02-11T14:54:02.543236,594.564764,RX,0x000,0,,,False,False,False
2026-02-11T14:54:02.543236,594.564764,RX,0x1E0,0,,,False,False,False
2026-02-11T14:54:02.543236,594.564764,RX,0x000,128,E0 01 00 00 00 00 00 00,........,False,True,True
2026-02-11T14:54:02.543236,594.564764,RX,0x000,128,00 38 9B 71 80 02 00 00,.8.q....,False,False,False
2026-02-11T14:54:02.543236,594.564764,RX,0x000,0,,,False,False,False
2026-02-11T14:54:02.543236,594.564764,RX,0x1E0,0,,,False,False,False
2026-02-11T14:54:02.543236,594.564764,RX,0x000,128,E0 01 00 00 00 00 00 00,........,False,True,True
2026-02-11T14:54:02.543236,594.564764,RX,0x000,128,00 38 9B 71 80 02 00 00,.8.q....,False,False,False
2026-02-11T14:54:02.543236,594.564764,RX,0x000,0,,,False,False,False
2026-02-11T14:54:02.543236,594.564764,RX,0x1E0,0,,,False,False,False
2026-02-11T14:54:02.544253,594.565781,RX,0x000,128,E0 01 00 00 00 00 00 00,........,False,True,True
2026-02-11T14:54:02.544253,594.565781,RX,0x000,128,00 38 9B 71 80 02 00 00,.8.q....,False,False,False
2026-02-11T14:54:02.544253,594.565781,RX,0x000,0,,,False,False,False
2026-02-11T14:54:02.544253,594.565781,RX,0x1E0,0,,,False,False,False
2026-02-11T14:54:02.544253,594.565781,RX,0x000,128,E0 01 00 00 00 00 00 00,........,False,True,True
2026-02-11T14:54:02.544253,594.565781,RX,0x000,128,00 38 9B 71 80 02 00 00,.8.q....,False,False,False
2026-02-11T14:54:02.545269,594.566797,RX,0x000,0,,,False,False,False
2026-02-11T14:54:02.545269,594.566797,RX,0x1E0,0,,,False,False,False
2026-02-11T14:54:02.545269,594.566797,RX,0x000,128,E0 01 00 00 00 00 00 00,........,False,True,True
2026-02-11T14:54:02.545269,594.566797,RX,0x000,128,00 38 9B 71 80 02 00 00,.8.q....,False,False,False
2026-02-11T14:54:02.545269,594.566797,RX,0x000,0,,,False,False,False
2026-02-11T14:54:02.546281,594.567810,RX,0x1E0,0,,,False,False,False
2026-02-11T14:54:02.546281,594.567810,RX,0x000,128,E0 01 00 00 00 00 00 00,........,False,True,True
2026-02-11T14:54:02.546281,594.567810,RX,0x000,128,00 38 9B 71 80 02 00 00,.8.q....,False,False,False
2026-02-11T14:54:02.546281,594.567810,RX,0x000,0,,,False,False,False
2026-02-11T14:54:02.546281,594.567810,RX,0x1E0,0,,,False,False,False
2026-02-11T14:54:02.546281,594.567810,RX,0x000,128,E0 01 00 00 00 00 00 00,........,False,True,True
2026-02-11T14:54:02.546281,594.567810,RX,0x000,128,00 38 9B 71 80 02 00 00,.8.q....,False,False,False
2026-02-11T14:54:02.546281,594.567810,RX,0x000,0,,,False,False,False
2026-02-11T14:54:02.547301,594.568829,RX,0x1E0,0,,,False,False,False
2026-02-11T14:54:02.547301,594.568829,RX,0x000,128,E0 01 00 00 00 00 00 00,........,False,True,True
2026-02-11T14:54:02.547301,594.568829,RX,0x000,128,00 38 9B 71 80 02 00 00,.8.q....,False,False,False
2026-02-11T14:54:02.547301,594.568829,RX,0x000,0,,,False,False,False
2026-02-11T14:54:02.547301,594.568829,RX,0x1E0,0,,,False,False,False
2026-02-11T14:54:02.547301,594.568829,RX,0x000,128,E0 01 00 00 00 00 00 00,........,False,True,True
2026-02-11T14:54:02.548301,594.569829,RX,0x000,128,00 38 9B 71 80 02 00 00,.8.q....,False,False,False
2026-02-11T14:54:02.548301,594.569829,RX,0x000,0,,,False,False,False
2026-02-11T14:54:02.548812,594.570340,RX,0x1E0,0,,,False,False,False
2026-02-11T14:54:02.548812,594.570340,RX,0x000,128,E0 01 00 00 00 00 00 00,........,False,True,True
2026-02-11T14:54:02.548812,594.570340,RX,0x000,128,00 38 9B 71 80 02 00 00,.8.q....,False,False,False
2026-02-11T14:54:02.548812,594.570340,RX,0x000,0,,,False,False,False
2026-02-11T14:54:02.548812,594.570340,RX,0x1E0,0,,,False,False,False
2026-02-11T14:54:02.548812,594.570340,RX,0x000,128,E0 01 00 00 00 00 00 00,........,False,True,True
2026-02-11T14:54:02.548812,594.570340,RX,0x000,128,00 38 9B 71 80 02 00 00,.8.q....,False,False,False
2026-02-11T14:54:02.548812,594.570340,RX,0x000,0,,,False,False,False
2026-02-11T14:54:02.548812,594.570340,RX,0x1E0,0,,,False,False,False
2026-02-11T14:54:02.549832,594.571360,RX,0x000,128,E0 01 00 00 00 00 00 00,........,False,True,True
2026-02-11T14:54:02.549832,594.571360,RX,0x000,128,00 38 9B 71 80 02 00 00,.8.q....,False,False,False
2026-02-11T14:54:02.549832,594.571360,RX,0x000,0,,,False,False,False
2026-02-11T14:54:02.549832,594.571360,RX,0x1E0,0,,,False,False,False
2026-02-11T14:54:02.549832,594.571360,RX,0x000,128,E0 01 00 00 00 00 00 00,........,False,True,True
2026-02-11T14:54:02.549832,594.571360,RX,0x000,128,00 38 9B 71 80 02 00 00,.8.q....,False,False,False
2026-02-11T14:54:02.549832,594.571360,RX,0x000,0,,,False,False,False
2026-02-11T14:54:02.549832,594.571360,RX,0x1E0,0,,,False,False,False
2026-02-11T14:54:02.549832,594.571360,RX,0x000,128,E0 01 00 00 00 00 00 00,........,False,True,True
2026-02-11T14:54:02.549832,594.571360,RX,0x000,128,00 38 9B 71 80 02 00 00,.8.q....,False,False,False
2026-02-11T14:54:02.549832,594.571360,RX,0x000,0,,,False,False,False
2026-02-11T14:54:02.550832,594.572360,RX,0x1E0,0,,,False,False,False
2026-02-11T14:54:02.550832,594.572360,RX,0x000,128,E0 01 00 00 00 00 00 00,........,False,True,True
2026-02-11T14:54:02.550832,594.572360,RX,0x000,128,00 38 9B 71 80 02 00 00,.8.q....,False,False,False
2026-02-11T14:54:02.550832,594.572360,RX,0x000,0,,,False,False,False
2026-02-11T14:54:02.550832,594.572360,RX,0x1E0,0,,,False,False,False
2026-02-11T14:54:02.550832,594.572360,RX,0x000,128,E0 01 00 00 00 00 00 00,........,False,True,True
2026-02-11T14:54:02.550832,594.572360,RX,0x000,128,00 38 9B 71 80 02 00 00,.8.q....,False,False,False
2026-02-11T14:54:02.550832,594.572360,RX,0x000,0,,,False,False,False
2026-02-11T14:54:02.550832,594.572360,RX,0x1E0,0,,,False,False,False
2026-02-11T14:54:02.550832,594.572360,RX,0x000,128,E0 01 00 00 00 00 00 00,........,False,True,True
2026-02-11T14:54:02.550832,594.572360,RX,0x000,128,00 38 9B 71 80 02 00 00,.8.q....,False,False,False
2026-02-11T14:54:02.550832,594.572360,RX,0x000,0,,,False,False,False
2026-02-11T14:54:02.550832,594.572360,RX,0x1E0,0,,,False,False,False
2026-02-11T14:54:02.550832,594.572360,RX,0x000,128,E0 01 00 00 00 00 00 00,........,False,True,True
2026-02-11T14:54:02.550832,594.572360,RX,0x000,128,00 38 9B 71 80 02 00 00,.8.q....,False,False,False
2026-02-11T14:54:02.550832,594.572360,RX,0x000,0,,,False,False,False
2026-02-11T14:54:02.550832,594.572360,RX,0x1E0,0,,,False,False,False
2026-02-11T14:54:02.550832,594.572360,RX,0x000,128,E0 01 00 00 00 00 00 00,........,False,True,True
2026-02-11T14:54:02.550832,594.572360,RX,0x000,128,00 38 9B 71 80 02 00 00,.8.q....,False,False,False
2026-02-11T14:54:02.550832,594.572360,RX,0x000,0,,,False,False,False
2026-02-11T14:54:02.551842,594.573370,RX,0x1E0,0,,,False,False,False
2026-02-11T14:54:02.551842,594.573370,RX,0x000,128,E0 01 00 00 00 00 00 00,........,False,True,True
2026-02-11T14:54:02.551842,594.573370,RX,0x000,128,00 38 9B 71 80 02 00 00,.8.q....,False,False,False
2026-02-11T14:54:02.551842,594.573370,RX,0x000,0,,,False,False,False
2026-02-11T14:54:02.551842,594.573370,RX,0x1E0,0,,,False,False,False
2026-02-11T14:54:02.551842,594.573370,RX,0x000,128,E0 01 00 00 00 00 00 00,........,False,True,True
2026-02-11T14:54:02.551842,594.573370,RX,0x000,128,00 38 9B 71 80 02 00 00,.8.q....,False,False,False
2026-02-11T14:54:02.551842,594.573370,RX,0x000,0,,,False,False,False
2026-02-11T14:54:02.551842,594.573370,RX,0x1E0,0,,,False,False,False
2026-02-11T14:54:02.551842,594.573370,RX,0x000,128,E0 01 00 00 00 00 00 00,........,False,True,True
2026-02-11T14:54:02.551842,594.573370,RX,0x000,128,00 38 9B 71 80 02 00 00,.8.q....,False,False,False
2026-02-11T14:54:02.551842,594.573370,RX,0x000,0,,,False,False,False
2026-02-11T14:54:02.551842,594.573370,RX,0x1E0,0,,,False,False,False
2026-02-11T14:54:02.553064,594.574592,RX,0x000,128,E0 01 00 00 00 00 00 00,........,False,True,True
2026-02-11T14:54:02.553064,594.574592,RX,0x000,128,00 38 9B 71 80 02 00 00,.8.q....,False,False,False
2026-02-11T14:54:02.553064,594.574592,RX,0x000,0,,,False,False,False
2026-02-11T14:54:02.553064,594.574592,RX,0x1E0,0,,,False,False,False
2026-02-11T14:54:02.553064,594.574592,RX,0x000,128,E0 01 00 00 00 00 00 00,........,False,True,True
2026-02-11T14:54:02.553064,594.574592,RX,0x000,128,00 38 9B 71 80 02 00 00,.8.q....,False,False,False
2026-02-11T14:54:02.553064,594.574592,RX,0x000,0,,,False,False,False
2026-02-11T14:54:02.553064,594.574592,RX,0x1E0,0,,,False,False,False
2026-02-11T14:54:02.553064,594.574592,RX,0x000,128,E0 01 00 00 00 00 00 00,........,False,True,True
2026-02-11T14:54:02.553064,594.574592,RX,0x000,128,00 38 9B 71 80 02 00 00,.8.q....,False,False,False
2026-02-11T14:54:02.553064,594.574592,RX,0x000,0,,,False,False,False
2026-02-11T14:54:02.553064,594.574592,RX,0x1E0,0,,,False,False,False
2026-02-11T14:54:02.553064,594.574592,RX,0x000,128,E0 01 00 00 00 00 00 00,........,False,True,True
2026-02-11T14:54:02.554083,594.575611,RX,0x000,128,00 38 9B 71 80 02 00 00,.8.q....,False,False,False
2026-02-11T14:54:02.554083,594.575611,RX,0x000,0,,,False,False,False
2026-02-11T14:54:02.554083,594.575611,RX,0x1E0,0,,,False,False,False
2026-02-11T14:54:02.554083,594.575611,RX,0x000,128,E0 01 00 00 00 00 00 00,........,False,True,True
2026-02-11T14:54:02.554083,594.575611,RX,0x000,128,00 38 9B 71 80 02 00 00,.8.q....,False,False,False
2026-02-11T14:54:02.554083,594.575611,RX,0x000,0,,,False,False,False
2026-02-11T14:54:02.554083,594.575611,RX,0x1E0,0,,,False,False,False
2026-02-11T14:54:02.554083,594.575611,RX,0x000,128,E0 01 00 00 00 00 00 00,........,False,True,True
2026-02-11T14:54:02.554083,594.575611,RX,0x000,128,00 38 9B 71 80 02 00 00,.8.q....,False,False,False
2026-02-11T14:54:02.554083,594.575611,RX,0x000,0,,,False,False,False
2026-02-11T14:54:02.554083,594.575611,RX,0x1E0,0,,,False,False,False
2026-02-11T14:54:02.554083,594.575611,RX,0x000,128,E0 01 00 00 00 00 00 00,........,False,True,True
2026-02-11T14:54:02.554083,594.575611,RX,0x000,128,00 38 9B 71 80 02 00 00,.8.q....,False,False,False
2026-02-11T14:54:02.554083,594.575611,RX,0x000,0,,,False,False,False
2026-02-11T14:54:02.554083,594.575611,RX,0x1E0,0,,,False,False,False
2026-02-11T14:54:02.554083,594.575611,RX,0x000,128,E0 01 00 00 00 00 00 00,........,False,True,True
2026-02-11T14:54:02.555090,594.576617,RX,0x000,128,00 38 9B 71 80 02 00 00,.8.q....,False,False,False
2026-02-11T14:54:02.555090,594.576617,RX,0x000,0,,,False,False,False
2026-02-11T14:54:02.555090,594.576617,RX,0x1E0,0,,,False,False,False
2026-02-11T14:54:02.555090,594.576617,RX,0x000,128,E0 01 00 00 00 00 00 00,........,False,True,True
2026-02-11T14:54:02.555090,594.576617,RX,0x000,128,00 38 9B 71 80 02 00 00,.8.q....,False,False,False
2026-02-11T14:54:02.555090,594.576617,RX,0x000,0,,,False,False,False
2026-02-11T14:54:02.555090,594.576617,RX,0x1E0,0,,,False,False,False
2026-02-11T14:54:02.555090,594.576617,RX,0x000,128,E0 01 00 00 00 00 00 00,........,False,True,True
2026-02-11T14:54:02.555090,594.576617,RX,0x000,128,00 38 9B 71 80 02 00 00,.8.q....,False,False,False
2026-02-11T14:54:02.555090,594.576617,RX,0x000,0,,,False,False,False
2026-02-11T14:54:02.555090,594.576617,RX,0x1E0,0,,,False,False,False
2026-02-11T14:54:02.555090,594.576617,RX,0x000,128,E0 01 00 00 00 00 00 00,........,False,True,True
2026-02-11T14:54:02.555090,594.576617,RX,0x000,128,00 38 9B 71 80 02 00 00,.8.q....,False,False,False
2026-02-11T14:54:02.556100,594.577628,RX,0x000,0,,,False,False,False
2026-02-11T14:54:02.556100,594.577628,RX,0x1E0,0,,,False,False,False
2026-02-11T14:54:02.556100,594.577628,RX,0x000,128,E0 01 00 00 00 00 00 00,........,False,True,True
2026-02-11T14:54:02.556100,594.577628,RX,0x000,128,00 38 9B 71 80 02 00 00,.8.q....,False,False,False
2026-02-11T14:54:02.556100,594.577628,RX,0x000,0,,,False,False,False
2026-02-11T14:54:02.556100,594.577628,RX,0x1E0,0,,,False,False,False
2026-02-11T14:54:02.556100,594.577628,RX,0x000,128,E0 01 00 00 00 00 00 00,........,False,True,True
2026-02-11T14:54:02.556100,594.577628,RX,0x000,128,00 38 9B 71 80 02 00 00,.8.q....,False,False,False
2026-02-11T14:54:02.556100,594.577628,RX,0x000,0,,,False,False,False
2026-02-11T14:54:02.556100,594.577628,RX,0x1E0,0,,,False,False,False
2026-02-11T14:54:02.556100,594.577628,RX,0x000,128,E0 01 00 00 00 00 00 00,........,False,True,True
2026-02-11T14:54:02.556100,594.577628,RX,0x000,128,00 38 9B 71 80 02 00 00,.8.q....,False,False,False
2026-02-11T14:54:02.556100,594.577628,RX,0x000,0,,,False,False,False
2026-02-11T14:54:02.557107,594.578635,RX,0x1E0,0,,,False,False,False
2026-02-11T14:54:02.557107,594.578635,RX,0x000,128,E0 01 00 00 00 00 00 00,........,False,True,True
2026-02-11T14:54:02.557107,594.578635,RX,0x000,128,00 38 9B 71 80 02 00 00,.8.q....,False,False,False
2026-02-11T14:54:02.557107,594.578635,RX,0x000,0,,,False,False,False
2026-02-11T14:54:02.557107,594.578635,RX,0x1E0,0,,,False,False,False
2026-02-11T14:54:02.557107,594.578635,RX,0x000,128,E0 01 00 00 00 00 00 00,........,False,True,True
2026-02-11T14:54:02.557107,594.578635,RX,0x000,128,00 38 9B 71 80 02 00 00,.8.q....,False,False,False
2026-02-11T14:54:02.557107,594.578635,RX,0x000,0,,,False,False,False
2026-02-11T14:54:02.557107,594.578635,RX,0x1E0,0,,,False,False,False
2026-02-11T14:54:02.557107,594.578635,RX,0x000,128,E0 01 00 00 00 00 00 00,........,False,True,True
2026-02-11T14:54:02.557107,594.578635,RX,0x000,128,00 38 9B 71 80 02 00 00,.8.q....,False,False,False
2026-02-11T14:54:02.557107,594.578635,RX,0x000,0,,,False,False,False
2026-02-11T14:54:02.558111,594.579638,RX,0x1E0,0,,,False,False,False
2026-02-11T14:54:02.558111,594.579638,RX,0x000,128,E0 01 00 00 00 00 00 00,........,False,True,True
2026-02-11T14:54:02.558111,594.579638,RX,0x000,128,00 38 9B 71 80 02 00 00,.8.q....,False,False,False
2026-02-11T14:54:02.558111,594.579638,RX,0x000,0,,,False,False,False
2026-02-11T14:54:02.558111,594.579638,RX,0x1E0,0,,,False,False,False
2026-02-11T14:54:02.558111,594.579638,RX,0x000,128,E0 01 00 00 00 00 00 00,........,False,True,True
2026-02-11T14:54:02.558111,594.579638,RX,0x000,128,00 38 9B 71 80 02 00 00,.8.q....,False,False,False
2026-02-11T14:54:02.558111,594.579638,RX,0x000,0,,,False,False,False
2026-02-11T14:54:02.558111,594.579638,RX,0x1E0,0,,,False,False,False
2026-02-11T14:54:02.558111,594.579638,RX,0x000,128,E0 01 00 00 00 00 00 00,........,False,True,True
2026-02-11T14:54:02.558111,594.579638,RX,0x000,128,00 38 9B 71 80 02 00 00,.8.q....,False,False,False
2026-02-11T14:54:02.559337,594.579638,RX,0x000,0,,,False,False,False
2026-02-11T14:54:02.559337,594.580865,RX,0x1E0,0,,,False,False,False
2026-02-11T14:54:02.559337,594.580865,RX,0x000,128,E0 01 00 00 00 00 00 00,........,False,True,True
2026-02-11T14:54:02.559337,594.580865,RX,0x000,128,00 38 9B 71 80 02 00 00,.8.q....,False,False,False
2026-02-11T14:54:02.559337,594.580865,RX,0x000,0,,,False,False,False
2026-02-11T14:54:02.559337,594.580865,RX,0x1E0,0,,,False,False,False
2026-02-11T14:54:02.559337,594.580865,RX,0x000,128,E0 01 00 00 00 00 00 00,........,False,True,True
2026-02-11T14:54:02.559337,594.580865,RX,0x000,128,00 38 9B 71 80 02 00 00,.8.q....,False,False,False
2026-02-11T14:54:02.559337,594.580865,RX,0x000,0,,,False,False,False
2026-02-11T14:54:02.559337,594.580865,RX,0x1E0,0,,,False,False,False
2026-02-11T14:54:02.559337,594.580865,RX,0x000,128,E0 01 00 00 00 00 00 00,........,False,True,True
2026-02-11T14:54:02.559337,594.580865,RX,0x000,128,00 38 9B 71 80 02 00 00,.8.q....,False,False,False
2026-02-11T14:54:02.560859,594.582387,RX,0x000,0,,,False,False,False
2026-02-11T14:54:02.560859,594.582387,RX,0x1E0,0,,,False,False,False
2026-02-11T14:54:02.560859,594.582387,RX,0x000,128,E0 01 00 00 00 00 00 00,........,False,True,True
2026-02-11T14:54:02.560859,594.582387,RX,0x000,128,00 38 9B 71 80 02 00 00,.8.q....,False,False,False
2026-02-11T14:54:02.560859,594.582387,RX,0x000,0,,,False,False,False
2026-02-11T14:54:02.560859,594.582387,RX,0x1E0,0,,,False,False,False
2026-02-11T14:54:02.560859,594.582387,RX,0x000,128,E0 01 00 00 00 00 00 00,........,False,True,True
2026-02-11T14:54:02.560859,594.582387,RX,0x000,128,00 38 9B 71 80 02 00 00,.8.q....,False,False,False
2026-02-11T14:54:02.560859,594.582387,RX,0x000,0,,,False,False,False
2026-02-11T14:54:02.561866,594.583394,RX,0x1E0,0,,,False,False,False
2026-02-11T14:54:02.561866,594.583394,RX,0x000,128,E0 01 00 00 00 00 00 00,........,False,True,True
2026-02-11T14:54:02.562866,594.584394,RX,0x000,128,00 38 9B 71 80 02 00 00,.8.q....,False,False,False
2026-02-11T14:54:02.562866,594.584394,RX,0x000,0,,,False,False,False
2026-02-11T14:54:02.562866,594.584394,RX,0x1E0,0,,,False,False,False
2026-02-11T14:54:02.562866,594.584394,RX,0x000,128,E0 01 00 00 00 00 00 00,........,False,True,True
2026-02-11T14:54:02.562866,594.584394,RX,0x000,128,00 38 9B 71 80 02 00 00,.8.q....,False,False,False
2026-02-11T14:54:02.562866,594.584394,RX,0x000,0,,,False,False,False
2026-02-11T14:54:02.562866,594.584394,RX,0x1E0,0,,,False,False,False
2026-02-11T14:54:02.562866,594.584394,RX,0x000,128,E0 01 00 00 00 00 00 00,........,False,True,True
2026-02-11T14:54:02.562866,594.584394,RX,0x000,128,00 38 9B 71 80 02 00 00,.8.q....,False,False,False
2026-02-11T14:54:02.562866,594.584394,RX,0x000,0,,,False,False,False
2026-02-11T14:54:02.563865,594.585393,RX,0x1E0,0,,,False,False,False
2026-02-11T14:54:02.563865,594.585393,RX,0x000,128,E0 01 00 00 00 00 00 00,........,False,True,True
2026-02-11T14:54:02.563865,594.585393,RX,0x000,128,00 38 9B 71 80 02 00 00,.8.q....,False,False,False
2026-02-11T14:54:02.563865,594.585393,RX,0x000,0,,,False,False,False
2026-02-11T14:54:02.563865,594.585393,RX,0x1E0,0,,,False,False,False
2026-02-11T14:54:02.563865,594.585393,RX,0x000,128,E0 01 00 00 00 00 00 00,........,False,True,True
2026-02-11T14:54:02.563865,594.585393,RX,0x000,128,00 38 9B 71 80 02 00 00,.8.q....,False,False,False
2026-02-11T14:54:02.563865,594.585393,RX,0x000,0,,,False,False,False
2026-02-11T14:54:02.563865,594.585393,RX,0x1E0,0,,,False,False,False
2026-02-11T14:54:02.563865,594.585393,RX,0x000,128,E0 01 00 00 00 00 00 00,........,False,True,True
2026-02-11T14:54:02.563865,594.585393,RX,0x000,128,00 38 9B 71 80 02 00 00,.8.q....,False,False,False
2026-02-11T14:54:02.563865,594.585393,RX,0x000,0,,,False,False,False
2026-02-11T14:54:02.564865,594.586393,RX,0x1E0,0,,,False,False,False
2026-02-11T14:54:02.564865,594.586393,RX,0x000,128,E0 01 00 00 00 00 00 00,........,False,True,True
2026-02-11T14:54:02.564865,594.586393,RX,0x000,128,00 38 9B 71 80 02 00 00,.8.q....,False,False,False
2026-02-11T14:54:02.564865,594.586393,RX,0x000,0,,,False,False,False
2026-02-11T14:54:02.564865,594.586393,RX,0x1E0,0,,,False,False,False
2026-02-11T14:54:02.564865,594.586393,RX,0x000,128,E0 01 00 00 00 00 00 00,........,False,True,True
2026-02-11T14:54:02.564865,594.586393,RX,0x000,128,00 38 9B 71 80 02 00 00,.8.q....,False,False,False
2026-02-11T14:54:02.564865,594.586393,RX,0x000,0,,,False,False,False
2026-02-11T14:54:02.564865,594.586393,RX,0x1E0,0,,,False,False,False
2026-02-11T14:54:02.564865,594.586393,RX,0x000,128,E0 01 00 00 00 00 00 00,........,False,True,True
2026-02-11T14:54:02.564865,594.586393,RX,0x000,128,00 38 9B 71 80 02 00 00,.8.q....,False,False,False
2026-02-11T14:54:02.565867,594.586393,RX,0x000,0,,,False,False,False
2026-02-11T14:54:02.565867,594.587395,RX,0x1E0,0,,,False,False,False
2026-02-11T14:54:02.565867,594.587395,RX,0x000,128,E0 01 00 00 00 00 00 00,........,False,True,True
2026-02-11T14:54:02.565867,594.587395,RX,0x000,128,00 38 9B 71 80 02 00 00,.8.q....,False,False,False
2026-02-11T14:54:02.565867,594.587395,RX,0x000,0,,,False,False,False
2026-02-11T14:54:02.565867,594.587395,RX,0x1E0,0,,,False,False,False
2026-02-11T14:54:02.565867,594.587395,RX,0x000,128,E0 01 00 00 00 00 00 00,........,False,True,True
2026-02-11T14:54:02.565867,594.587395,RX,0x000,128,00 38 9B 71 80 02 00 00,.8.q....,False,False,False
2026-02-11T14:54:02.565867,594.587395,RX,0x000,0,,,False,False,False
2026-02-11T14:54:02.565867,594.587395,RX,0x1E0,0,,,False,False,False
2026-02-11T14:54:02.565867,594.587395,RX,0x000,128,E0 01 00 00 00 00 00 00,........,False,True,True
2026-02-11T14:54:02.566866,594.588393,RX,0x000,128,00 38 9B 71 80 02 00 00,.8.q....,False,False,False
2026-02-11T14:54:02.566866,594.588393,RX,0x000,0,,,False,False,False
2026-02-11T14:54:02.566866,594.588393,RX,0x1E0,0,,,False,False,False
2026-02-11T14:54:02.566866,594.588393,RX,0x000,128,E0 01 00 00 00 00 00 00,........,False,True,True
2026-02-11T14:54:02.566866,594.588393,RX,0x000,128,00 38 9B 71 80 02 00 00,.8.q....,False,False,False
2026-02-11T14:54:02.566866,594.588393,RX,0x000,0,,,False,False,False
2026-02-11T14:54:02.566866,594.588393,RX,0x1E0,0,,,False,False,False
2026-02-11T14:54:02.566866,594.588393,RX,0x000,128,E0 01 00 00 00 00 00 00,........,False,True,True
2026-02-11T14:54:02.566866,594.588393,RX,0x000,128,00 38 9B 71 80 02 00 00,.8.q....,False,False,False
2026-02-11T14:54:02.566866,594.588393,RX,0x000,0,,,False,False,False
2026-02-11T14:54:02.566866,594.588393,RX,0x1E0,0,,,False,False,False
2026-02-11T14:54:02.566866,594.588393,RX,0x000,128,E0 01 00 00 00 00 00 00,........,False,True,True
2026-02-11T14:54:02.566866,594.588393,RX,0x000,128,00 38 9B 71 80 02 00 00,.8.q....,False,False,False
2026-02-11T14:54:02.566866,594.588393,RX,0x000,0,,,False,False,False
2026-02-11T14:54:02.566866,594.588393,RX,0x1E0,0,,,False,False,False
2026-02-11T14:54:02.566866,594.588393,RX,0x000,128,E0 01 00 00 00 00 00 00,........,False,True,True
2026-02-11T14:54:02.566866,594.588393,RX,0x000,128,00 38 9B 71 80 02 00 00,.8.q....,False,False,False
2026-02-11T14:54:02.566866,594.588393,RX,0x000,0,,,False,False,False
2026-02-11T14:54:02.566866,594.588393,RX,0x1E0,0,,,False,False,False
2026-02-11T14:54:02.568376,594.589904,RX,0x000,128,E0 01 00 00 00 00 00 00,........,False,True,True
2026-02-11T14:54:02.568376,594.589904,RX,0x000,128,00 38 9B 71 80 02 00 00,.8.q....,False,False,False
2026-02-11T14:54:02.568376,594.589904,RX,0x000,0,,,False,False,False
2026-02-11T14:54:02.568688,594.590216,RX,0x1E0,0,,,False,False,False
2026-02-11T14:54:02.568688,594.590216,RX,0x000,128,E0 01 00 00 00 00 00 00,........,False,True,True
2026-02-11T14:54:02.568688,594.590216,RX,0x000,128,00 38 9B 71 80 02 00 00,.8.q....,False,False,False
2026-02-11T14:54:02.568688,594.590216,RX,0x000,0,,,False,False,False
2026-02-11T14:54:02.568688,594.590216,RX,0x1E0,0,,,False,False,False
2026-02-11T14:54:02.568688,594.590216,RX,0x000,128,E0 01 00 00 00 00 00 00,........,False,True,True
2026-02-11T14:54:02.568688,594.590216,RX,0x000,128,00 38 9B 71 80 02 00 00,.8.q....,False,False,False
2026-02-11T14:54:02.568688,594.590216,RX,0x000,0,,,False,False,False
2026-02-11T14:54:02.568688,594.590216,RX,0x1E0,0,,,False,False,False
2026-02-11T14:54:02.568688,594.590216,RX,0x000,128,E0 01 00 00 00 00 00 00,........,False,True,True
2026-02-11T14:54:02.568688,594.590216,RX,0x000,128,00 38 9B 71 80 02 00 00,.8.q....,False,False,False
2026-02-11T14:54:02.569691,594.591219,RX,0x000,0,,,False,False,False
2026-02-11T14:54:02.569691,594.591219,RX,0x1E0,0,,,False,False,False
2026-02-11T14:54:02.569691,594.591219,RX,0x000,128,E0 01 00 00 00 00 00 00,........,False,True,True
2026-02-11T14:54:02.569691,594.591219,RX,0x000,128,00 38 9B 71 80 02 00 00,.8.q....,False,False,False
2026-02-11T14:54:02.569691,594.591219,RX,0x000,0,,,False,False,False
2026-02-11T14:54:02.569691,594.591219,RX,0x1E0,0,,,False,False,False
2026-02-11T14:54:02.569691,594.591219,RX,0x000,128,E0 01 00 00 00 00 00 00,........,False,True,True
2026-02-11T14:54:02.569691,594.591219,RX,0x000,128,00 38 9B 71 80 02 00 00,.8.q....,False,False,False
2026-02-11T14:54:02.569691,594.591219,RX,0x000,0,,,False,False,False
2026-02-11T14:54:02.569691,594.591219,RX,0x1E0,0,,,False,False,False
2026-02-11T14:54:02.569691,594.591219,RX,0x000,128,E0 01 00 00 00 00 00 00,........,False,True,True
2026-02-11T14:54:02.569691,594.591219,RX,0x000,128,00 38 9B 71 80 02 00 00,.8.q....,False,False,False
2026-02-11T14:54:02.569691,594.591219,RX,0x000,0,,,False,False,False
2026-02-11T14:54:02.569691,594.591219,RX,0x1E0,0,,,False,False,False
2026-02-11T14:54:02.571202,594.592730,RX,0x000,128,E0 01 00 00 00 00 00 00,........,False,True,True
2026-02-11T14:54:02.571202,594.592730,RX,0x000,128,00 38 9B 71 80 02 00 00,.8.q....,False,False,False
2026-02-11T14:54:02.571202,594.592730,RX,0x000,0,,,False,False,False
2026-02-11T14:54:02.571202,594.592730,RX,0x1E0,0,,,False,False,False
2026-02-11T14:54:02.571202,594.592730,RX,0x000,128,E0 01 00 00 00 00 00 00,........,False,True,True
2026-02-11T14:54:02.571202,594.592730,RX,0x000,128,00 38 9B 71 80 02 00 00,.8.q....,False,False,False
2026-02-11T14:54:02.571202,594.592730,RX,0x000,0,,,False,False,False
2026-02-11T14:54:02.571202,594.592730,RX,0x1E0,0,,,False,False,False
2026-02-11T14:54:02.572210,594.593738,RX,0x000,128,E0 01 00 00 00 00 00 00,........,False,True,True
2026-02-11T14:54:02.572210,594.593738,RX,0x000,128,00 38 9B 71 80 02 00 00,.8.q....,False,False,False
2026-02-11T14:54:02.572210,594.593738,RX,0x000,0,,,False,False,False
2026-02-11T14:54:02.572210,594.593738,RX,0x1E0,0,,,False,False,False
2026-02-11T14:54:02.572210,594.593738,RX,0x000,128,E0 01 00 00 00 00 00 00,........,False,True,True
2026-02-11T14:54:02.572210,594.593738,RX,0x000,128,00 38 9B 71 80 02 00 00,.8.q....,False,False,False
2026-02-11T14:54:02.572210,594.593738,RX,0x000,0,,,False,False,False
2026-02-11T14:54:02.572210,594.593738,RX,0x1E0,0,,,False,False,False
2026-02-11T14:54:02.572210,594.593738,RX,0x000,128,E0 01 00 00 00 00 00 00,........,False,True,True
2026-02-11T14:54:02.572210,594.593738,RX,0x000,128,00 38 9B 71 80 02 00 00,.8.q....,False,False,False
2026-02-11T14:54:02.572210,594.593738,RX,0x000,0,,,False,False,False
2026-02-11T14:54:02.572210,594.593738,RX,0x1E0,0,,,False,False,False
2026-02-11T14:54:02.572210,594.593738,RX,0x000,128,E0 01 00 00 00 00 00 00,........,False,True,True
2026-02-11T14:54:02.572210,594.593738,RX,0x000,128,00 38 9B 71 80 02 00 00,.8.q....,False,False,False
2026-02-11T14:54:02.573211,594.594739,RX,0x000,0,,,False,False,False
2026-02-11T14:54:02.573211,594.594739,RX,0x1E0,0,,,False,False,False
2026-02-11T14:54:02.573211,594.594739,RX,0x000,128,E0 01 00 00 00 00 00 00,........,False,True,True
2026-02-11T14:54:02.573211,594.594739,RX,0x000,128,00 38 9B 71 80 02 00 00,.8.q....,False,False,False
2026-02-11T14:54:02.573211,594.594739,RX,0x000,0,,,False,False,False
2026-02-11T14:54:02.573211,594.594739,RX,0x1E0,0,,,False,False,False
2026-02-11T14:54:02.573211,594.594739,RX,0x000,128,E0 01 00 00 00 00 00 00,........,False,True,True
2026-02-11T14:54:02.573211,594.594739,RX,0x000,128,00 38 9B 71 80 02 00 00,.8.q....,False,False,False
2026-02-11T14:54:02.573211,594.594739,RX,0x000,0,,,False,False,False
2026-02-11T14:54:02.573211,594.594739,RX,0x1E0,0,,,False,False,False
2026-02-11T14:54:02.574211,594.595739,RX,0x000,128,E0 01 00 00 00 00 00 00,........,False,True,True
2026-02-11T14:54:02.574211,594.595739,RX,0x000,128,00 38 9B 71 80 02 00 00,.8.q....,False,False,False
2026-02-11T14:54:02.574211,594.595739,RX,0x000,0,,,False,False,False
2026-02-11T14:54:02.574211,594.595739,RX,0x1E0,0,,,False,False,False
2026-02-11T14:54:02.574211,594.595739,RX,0x000,128,E0 01 00 00 00 00 00 00,........,False,True,True
2026-02-11T14:54:02.574211,594.595739,RX,0x000,128,00 38 9B 71 80 02 00 00,.8.q....,False,False,False
2026-02-11T14:54:02.574211,594.595739,RX,0x000,0,,,False,False,False
2026-02-11T14:54:02.574211,594.595739,RX,0x1E0,0,,,False,False,False
2026-02-11T14:54:02.574211,594.595739,RX,0x000,128,E0 01 00 00 00 00 00 00,........,False,True,True
2026-02-11T14:54:02.574211,594.595739,RX,0x000,128,00 38 9B 71 80 02 00 00,.8.q....,False,False,False
2026-02-11T14:54:02.575212,594.596740,RX,0x000,0,,,False,False,False
2026-02-11T14:54:02.575212,594.596740,RX,0x1E0,0,,,False,False,False
2026-02-11T14:54:02.575212,594.596740,RX,0x000,128,E0 01 00 00 00 00 00 00,........,False,True,True
2026-02-11T14:54:02.575212,594.596740,RX,0x000,128,00 38 9B 71 80 02 00 00,.8.q....,False,False,False
2026-02-11T14:54:02.575212,594.596740,RX,0x000,0,,,False,False,False
2026-02-11T14:54:02.575212,594.596740,RX,0x1E0,0,,,False,False,False
2026-02-11T14:54:02.575212,594.596740,RX,0x000,128,E0 01 00 00 00 00 00 00,........,False,True,True
2026-02-11T14:54:02.575212,594.596740,RX,0x000,128,00 38 9B 71 80 02 00 00,.8.q....,False,False,False
2026-02-11T14:54:02.575212,594.596740,RX,0x000,0,,,False,False,False
2026-02-11T14:54:02.575212,594.596740,RX,0x1E0,0,,,False,False,False
2026-02-11T14:54:02.575212,594.596740,RX,0x000,128,E0 01 00 00 00 00 00 00,........,False,True,True
2026-02-11T14:54:02.576210,594.597738,RX,0x000,128,00 38 9B 71 80 02 00 00,.8.q....,False,False,False
2026-02-11T14:54:02.576210,594.597738,RX,0x000,0,,,False,False,False
2026-02-11T14:54:02.576210,594.597738,RX,0x1E0,0,,,False,False,False
2026-02-11T14:54:02.576210,594.597738,RX,0x000,128,E0 01 00 00 00 00 00 00,........,False,True,True
2026-02-11T14:54:02.576210,594.597738,RX,0x000,128,00 38 9B 71 80 02 00 00,.8.q....,False,False,False
2026-02-11T14:54:02.576210,594.597738,RX,0x000,0,,,False,False,False
2026-02-11T14:54:02.576210,594.597738,RX,0x1E0,0,,,False,False,False
2026-02-11T14:54:02.576210,594.597738,RX,0x000,128,E0 01 00 00 00 00 00 00,........,False,True,True
2026-02-11T14:54:02.576210,594.597738,RX,0x000,128,00 38 9B 71 80 02 00 00,.8.q....,False,False,False
2026-02-11T14:54:02.576210,594.597738,RX,0x000,0,,,False,False,False
2026-02-11T14:54:02.576210,594.597738,RX,0x1E0,0,,,False,False,False
2026-02-11T14:54:02.576210,594.597738,RX,0x000,128,E0 01 00 00 00 00 00 00,........,False,True,True
2026-02-11T14:54:02.576210,594.597738,RX,0x000,128,00 38 9B 71 80 02 00 00,.8.q....,False,False,False
2026-02-11T14:54:02.576210,594.597738,RX,0x000,0,,,False,False,False
2026-02-11T14:54:02.576210,594.597738,RX,0x1E0,0,,,False,False,False
2026-02-11T14:54:02.576210,594.597738,RX,0x000,128,E0 01 00 00 00 00 00 00,........,False,True,True
2026-02-11T14:54:02.576210,594.597738,RX,0x000,128,00 38 9B 71 80 02 00 00,.8.q....,False,False,False
2026-02-11T14:54:02.577211,594.598739,RX,0x000,0,,,False,False,False
2026-02-11T14:54:02.577211,594.598739,RX,0x1E0,0,,,False,False,False
2026-02-11T14:54:02.577211,594.598739,RX,0x000,128,E0 01 00 00 00 00 00 00,........,False,True,True
2026-02-11T14:54:02.577211,594.598739,RX,0x000,128,00 38 9B 71 80 02 00 00,.8.q....,False,False,False
2026-02-11T14:54:02.577211,594.598739,RX,0x000,0,,,False,False,False
2026-02-11T14:54:02.577211,594.598739,RX,0x1E0,0,,,False,False,False
2026-02-11T14:54:02.577211,594.598739,RX,0x000,128,E0 01 00 00 00 00 00 00,........,False,True,True
2026-02-11T14:54:02.577211,594.598739,RX,0x000,128,00 38 9B 71 80 02 00 00,.8.q....,False,False,False
2026-02-11T14:54:02.577211,594.598739,RX,0x000,0,,,False,False,False
2026-02-11T14:54:02.577211,594.598739,RX,0x1E0,0,,,False,False,False
2026-02-11T14:54:02.577211,594.598739,RX,0x000,128,E0 01 00 00 00 00 00 00,........,False,True,True
2026-02-11T14:54:02.577211,594.598739,RX,0x000,128,00 38 9B 71 80 02 00 00,.8.q....,False,False,False
2026-02-11T14:54:02.577211,594.598739,RX,0x000,0,,,False,False,False
2026-02-11T14:54:02.578213,594.598739,RX,0x1E0,0,,,False,False,False
2026-02-11T14:54:02.578213,594.599741,RX,0x000,128,E0 01 00 00 00 00 00 00,........,False,True,True
2026-02-11T14:54:02.578213,594.599741,RX,0x000,128,00 38 9B 71 80 02 00 00,.8.q....,False,False,False
2026-02-11T14:54:02.578213,594.599741,RX,0x000,0,,,False,False,False
2026-02-11T14:54:02.578719,594.600247,RX,0x1E0,0,,,False,False,False
2026-02-11T14:54:02.578719,594.600247,RX,0x000,128,E0 01 00 00 00 00 00 00,........,False,True,True
2026-02-11T14:54:02.578719,594.600247,RX,0x000,128,00 38 9B 71 80 02 00 00,.8.q....,False,False,False
2026-02-11T14:54:02.578719,594.600247,RX,0x000,0,,,False,False,False
2026-02-11T14:54:02.578719,594.600247,RX,0x1E0,0,,,False,False,False
2026-02-11T14:54:02.578719,594.600247,RX,0x000,128,E0 01 00 00 00 00 00 00,........,False,True,True
2026-02-11T14:54:02.579727,594.601255,RX,0x000,128,00 38 9B 71 80 02 00 00,.8.q....,False,False,False
2026-02-11T14:54:02.579727,594.601255,RX,0x000,0,,,False,False,False
2026-02-11T14:54:02.579727,594.601255,RX,0x1E0,0,,,False,False,False
2026-02-11T14:54:02.579727,594.601255,RX,0x000,128,E0 01 00 00 00 00 00 00,........,False,True,True
2026-02-11T14:54:02.579727,594.601255,RX,0x000,128,00 38 9B 71 80 02 00 00,.8.q....,False,False,False
2026-02-11T14:54:02.579727,594.601255,RX,0x000,0,,,False,False,False
2026-02-11T14:54:02.579727,594.601255,RX,0x1E0,0,,,False,False,False
2026-02-11T14:54:02.579727,594.601255,RX,0x000,128,E0 01 00 00 00 00 00 00,........,False,True,True
2026-02-11T14:54:02.579727,594.601255,RX,0x000,128,00 38 9B 71 80 02 00 00,.8.q....,False,False,False
2026-02-11T14:54:02.579727,594.601255,RX,0x000,0,,,False,False,False
2026-02-11T14:54:02.579727,594.601255,RX,0x1E0,0,,,False,False,False
2026-02-11T14:54:02.579727,594.601255,RX,0x000,128,E0 01 00 00 00 00 00 00,........,False,True,True
2026-02-11T14:54:02.579727,594.601255,RX,0x000,128,00 38 9B 71 80 02 00 00,.8.q....,False,False,False
2026-02-11T14:54:02.581235,594.602763,RX,0x000,0,,,False,False,False
2026-02-11T14:54:02.581235,594.602763,RX,0x1E0,0,,,False,False,False
2026-02-11T14:54:02.582244,594.603772,RX,0x000,128,E0 01 00 00 00 00 00 00,........,False,True,True
2026-02-11T14:54:02.582244,594.603772,RX,0x000,128,00 38 9B 71 80 02 00 00,.8.q....,False,False,False
2026-02-11T14:54:02.583391,594.604918,RX,0x000,0,,,False,False,False
2026-02-11T14:54:02.583391,594.604918,RX,0x1E0,0,,,False,False,False
2026-02-11T14:54:02.583391,594.604918,RX,0x000,128,E0 01 00 00 00 00 00 00,........,False,True,True
2026-02-11T14:54:02.583391,594.604918,RX,0x000,128,00 38 9B 71 80 02 00 00,.8.q....,False,False,False
2026-02-11T14:54:02.583391,594.604918,RX,0x000,0,,,False,False,False
2026-02-11T14:54:02.583391,594.604918,RX,0x1E0,0,,,False,False,False
2026-02-11T14:54:02.583391,594.604918,RX,0x000,128,E0 01 00 00 00 00 00 00,........,False,True,True
2026-02-11T14:54:02.583391,594.604918,RX,0x000,128,00 38 9B 71 80 02 00 00,.8.q....,False,False,False
2026-02-11T14:54:02.583391,594.604918,RX,0x000,0,,,False,False,False
2026-02-11T14:54:02.583391,594.604918,RX,0x1E0,0,,,False,False,False
2026-02-11T14:54:02.584391,594.605919,RX,0x000,128,E0 01 00 00 00 00 00 00,........,False,True,True
2026-02-11T14:54:02.584391,594.605919,RX,0x000,128,00 38 9B 71 80 02 00 00,.8.q....,False,False,False
2026-02-11T14:54:02.584391,594.605919,RX,0x000,0,,,False,False,False
2026-02-11T14:54:02.584391,594.605919,RX,0x1E0,0,,,False,False,False
2026-02-11T14:54:02.584391,594.605919,RX,0x000,128,E0 01 00 00 00 00 00 00,........,False,True,True
2026-02-11T14:54:02.584391,594.605919,RX,0x000,128,00 38 9B 71 80 02 00 00,.8.q....,False,False,False
2026-02-11T14:54:02.584391,594.605919,RX,0x000,0,,,False,False,False
2026-02-11T14:54:02.584391,594.605919,RX,0x1E0,0,,,False,False,False
2026-02-11T14:54:02.584391,594.605919,RX,0x000,128,E0 01 00 00 00 00 00 00,........,False,True,True
2026-02-11T14:54:02.585392,594.606920,RX,0x000,128,00 38 9B 71 80 02 00 00,.8.q....,False,False,False
2026-02-11T14:54:02.585392,594.606920,RX,0x000,0,,,False,False,False
2026-02-11T14:54:02.585392,594.606920,RX,0x1E0,0,,,False,False,False
2026-02-11T14:54:02.585392,594.606920,RX,0x000,128,E0 01 00 00 00 00 00 00,........,False,True,True
2026-02-11T14:54:02.585900,594.607428,RX,0x000,128,00 38 9B 71 80 02 00 00,.8.q....,False,False,False
2026-02-11T14:54:02.585900,594.607428,RX,0x000,0,,,False,False,False
2026-02-11T14:54:02.585900,594.607428,RX,0x1E0,0,,,False,False,False
2026-02-11T14:54:02.585900,594.607428,RX,0x000,128,E0 01 00 00 00 00 00 00,........,False,True,True
2026-02-11T14:54:02.585900,594.607428,RX,0x000,128,00 38 9B 71 80 02 00 00,.8.q....,False,False,False
2026-02-11T14:54:02.585900,594.607428,RX,0x000,0,,,False,False,False
2026-02-11T14:54:02.585900,594.607428,RX,0x1E0,0,,,False,False,False
2026-02-11T14:54:02.585900,594.607428,RX,0x000,128,E0 01 00 00 00 00 00 00,........,False,True,True
2026-02-11T14:54:02.585900,594.607428,RX,0x000,128,00 38 9B 71 80 02 00 00,.8.q....,False,False,False
2026-02-11T14:54:02.586904,594.608432,RX,0x000,0,,,False,False,False
2026-02-11T14:54:02.586904,594.608432,RX,0x1E0,0,,,False,False,False
2026-02-11T14:54:02.586904,594.608432,RX,0x000,128,E0 01 00 00 00 00 00 00,........,False,True,True
2026-02-11T14:54:02.586904,594.608432,RX,0x000,128,00 38 9B 71 80 02 00 00,.8.q....,False,False,False
2026-02-11T14:54:02.586904,594.608432,RX,0x000,0,,,False,False,False
2026-02-11T14:54:02.586904,594.608432,RX,0x1E0,0,,,False,False,False
2026-02-11T14:54:02.586904,594.608432,RX,0x000,128,E0 01 00 00 00 00 00 00,........,False,True,True
2026-02-11T14:54:02.586904,594.608432,RX,0x000,128,00 38 9B 71 80 02 00 00,.8.q....,False,False,False
2026-02-11T14:54:02.586904,594.608432,RX,0x000,0,,,False,False,False
2026-02-11T14:54:02.586904,594.608432,RX,0x1E0,0,,,False,False,False
2026-02-11T14:54:02.587905,594.609433,RX,0x000,128,E0 01 00 00 00 00 00 00,........,False,True,True
2026-02-11T14:54:02.587905,594.609433,RX,0x000,128,00 38 9B 71 80 02 00 00,.8.q....,False,False,False
2026-02-11T14:54:02.587905,594.609433,RX,0x000,0,,,False,False,False
2026-02-11T14:54:02.587905,594.609433,RX,0x1E0,0,,,False,False,False
2026-02-11T14:54:02.588413,594.609941,RX,0x000,128,E0 01 00 00 00 00 00 00,........,False,True,True
2026-02-11T14:54:02.588413,594.609941,RX,0x000,128,00 38 9B 71 80 02 00 00,.8.q....,False,False,False
2026-02-11T14:54:02.588413,594.609941,RX,0x000,0,,,False,False,False
2026-02-11T14:54:02.588413,594.609941,RX,0x1E0,0,,,False,False,False
2026-02-11T14:54:02.588413,594.609941,RX,0x000,128,E0 01 00 00 00 00 00 00,........,False,True,True
2026-02-11T14:54:02.588413,594.609941,RX,0x000,128,00 38 9B 71 80 02 00 00,.8.q....,False,False,False
2026-02-11T14:54:02.588413,594.609941,RX,0x000,0,,,False,False,False
2026-02-11T14:54:02.588413,594.609941,RX,0x1E0,0,,,False,False,False
2026-02-11T14:54:02.588413,594.609941,RX,0x000,128,E0 01 00 00 00 00 00 00,........,False,True,True
2026-02-11T14:54:02.588413,594.609941,RX,0x000,128,00 38 9B 71 80 02 00 00,.8.q....,False,False,False
2026-02-11T14:54:02.588413,594.609941,RX,0x000,0,,,False,False,False
2026-02-11T14:54:02.588413,594.609941,RX,0x1E0,0,,,False,False,False
2026-02-11T14:54:02.589418,594.610946,RX,0x000,128,E0 01 00 00 00 00 00 00,........,False,True,True
2026-02-11T14:54:02.589418,594.610946,RX,0x000,128,00 38 9B 71 80 02 00 00,.8.q....,False,False,False
2026-02-11T14:54:02.589418,594.610946,RX,0x000,0,,,False,False,False
2026-02-11T14:54:02.589418,594.610946,RX,0x1E0,0,,,False,False,False
2026-02-11T14:54:02.589418,594.610946,RX,0x000,128,E0 01 00 00 00 00 00 00,........,False,True,True
2026-02-11T14:54:02.589418,594.610946,RX,0x000,128,00 38 9B 71 80 02 00 00,.8.q....,False,False,False
2026-02-11T14:54:02.589418,594.610946,RX,0x000,0,,,False,False,False
2026-02-11T14:54:02.589418,594.610946,RX,0x1E0,0,,,False,False,False
2026-02-11T14:54:02.589418,594.610946,RX,0x000,128,E0 01 00 00 00 00 00 00,........,False,True,True
2026-02-11T14:54:02.589418,594.610946,RX,0x000,128,00 38 9B 71 80 02 00 00,.8.q....,False,False,False
2026-02-11T14:54:02.589418,594.610946,RX,0x000,0,,,False,False,False
2026-02-11T14:54:02.589418,594.610946,RX,0x1E0,0,,,False,False,False
2026-02-11T14:54:02.589418,594.610946,RX,0x000,128,E0 01 00 00 00 00 00 00,........,False,True,True
2026-02-11T14:54:02.589418,594.610946,RX,0x000,128,00 38 9B 71 80 02 00 00,.8.q....,False,False,False
2026-02-11T14:54:02.589418,594.610946,RX,0x000,0,,,False,False,False
2026-02-11T14:54:02.589418,594.610946,RX,0x1E0,0,,,False,False,False
2026-02-11T14:54:02.589418,594.610946,RX,0x000,128,E0 01 00 00 00 00 00 00,........,False,True,True
2026-02-11T14:54:02.590929,594.612457,RX,0x000,128,00 38 9B 71 80 02 00 00,.8.q....,False,False,False
2026-02-11T14:54:02.590929,594.612457,RX,0x000,0,,,False,False,False
2026-02-11T14:54:02.590929,594.612457,RX,0x1E0,0,,,False,False,False
2026-02-11T14:54:02.590929,594.612457,RX,0x000,128,E0 01 00 00 00 00 00 00,........,False,True,True
2026-02-11T14:54:02.590929,594.612457,RX,0x000,128,00 38 9B 71 80 02 00 00,.8.q....,False,False,False
2026-02-11T14:54:02.590929,594.612457,RX,0x000,0,,,False,False,False
2026-02-11T14:54:02.590929,594.612457,RX,0x1E0,0,,,False,False,False
2026-02-11T14:54:02.590929,594.612457,RX,0x000,128,E0 01 00 00 00 00 00 00,........,False,True,True
2026-02-11T14:54:02.590929,594.612457,RX,0x000,128,00 38 9B 71 80 02 00 00,.8.q....,False,False,False
2026-02-11T14:54:02.591936,594.612457,RX,0x000,0,,,False,False,False
2026-02-11T14:54:02.591936,594.613465,RX,0x1E0,0,,,False,False,False
2026-02-11T14:54:02.591936,594.613465,RX,0x000,128,E0 01 00 00 00 00 00 00,........,False,True,True
2026-02-11T14:54:02.591936,594.613465,RX,0x000,128,00 38 9B 71 80 02 00 00,.8.q....,False,False,False
2026-02-11T14:54:02.591936,594.613465,RX,0x000,0,,,False,False,False
2026-02-11T14:54:02.591936,594.613465,RX,0x1E0,0,,,False,False,False
2026-02-11T14:54:02.591936,594.613465,RX,0x000,128,E0 01 00 00 00 00 00 00,........,False,True,True
2026-02-11T14:54:02.591936,594.613465,RX,0x000,128,00 38 9B 71 80 02 00 00,.8.q....,False,False,False
2026-02-11T14:54:02.591936,594.613465,RX,0x000,0,,,False,False,False
2026-02-11T14:54:02.591936,594.613465,RX,0x1E0,0,,,False,False,False
2026-02-11T14:54:02.591936,594.613465,RX,0x000,128,E0 01 00 00 00 00 00 00,........,False,True,True
2026-02-11T14:54:02.591936,594.613465,RX,0x000,128,00 38 9B 71 80 02 00 00,.8.q....,False,False,False
2026-02-11T14:54:02.591936,594.613465,RX,0x000,0,,,False,False,False
2026-02-11T14:54:02.591936,594.613465,RX,0x1E0,0,,,False,False,False
2026-02-11T14:54:02.592936,594.614464,RX,0x000,128,E0 01 00 00 00 00 00 00,........,False,True,True
2026-02-11T14:54:02.592936,594.614464,RX,0x000,128,00 38 9B 71 80 02 00 00,.8.q....,False,False,False
2026-02-11T14:54:02.592936,594.614464,RX,0x000,0,,,False,False,False
2026-02-11T14:54:02.592936,594.614464,RX,0x1E0,0,,,False,False,False
2026-02-11T14:54:02.592936,594.614464,RX,0x000,128,E0 01 00 00 00 00 00 00,........,False,True,True
2026-02-11T14:54:02.592936,594.614464,RX,0x000,128,00 38 9B 71 80 02 00 00,.8.q....,False,False,False
2026-02-11T14:54:02.592936,594.614464,RX,0x000,0,,,False,False,False
2026-02-11T14:54:02.592936,594.614464,RX,0x1E0,0,,,False,False,False
2026-02-11T14:54:02.592936,594.614464,RX,0x000,128,E0 01 00 00 00 00 00 00,........,False,True,True
2026-02-11T14:54:02.593937,594.615465,RX,0x000,128,00 38 9B 71 80 02 00 00,.8.q....,False,False,False
2026-02-11T14:54:02.593937,594.615465,RX,0x000,0,,,False,False,False
2026-02-11T14:54:02.593937,594.615465,RX,0x1E0,0,,,False,False,False
2026-02-11T14:54:02.593937,594.615465,RX,0x000,128,E0 01 00 00 00 00 00 00,........,False,True,True
2026-02-11T14:54:02.593937,594.615465,RX,0x000,128,00 38 9B 71 80 02 00 00,.8.q....,False,False,False
2026-02-11T14:54:02.593937,594.615465,RX,0x000,0,,,False,False,False
2026-02-11T14:54:02.594936,594.616464,RX,0x1E0,0,,,False,False,False
2026-02-11T14:54:02.594936,594.616464,RX,0x000,128,E0 01 00 00 00 00 00 00,........,False,True,True
2026-02-11T14:54:02.594936,594.616464,RX,0x000,128,00 38 9B 71 80 02 00 00,.8.q....,False,False,False
2026-02-11T14:54:02.594936,594.616464,RX,0x000,0,,,False,False,False
2026-02-11T14:54:02.594936,594.616464,RX,0x1E0,0,,,False,False,False
2026-02-11T14:54:02.594936,594.616464,RX,0x000,128,E0 01 00 00 00 00 00 00,........,False,True,True
2026-02-11T14:54:02.594936,594.616464,RX,0x000,128,00 38 9B 71 80 02 00 00,.8.q....,False,False,False
2026-02-11T14:54:02.594936,594.616464,RX,0x000,0,,,False,False,False
2026-02-11T14:54:02.594936,594.616464,RX,0x1E0,0,,,False,False,False
2026-02-11T14:54:02.594936,594.616464,RX,0x000,128,E0 01 00 00 00 00 00 00,........,False,True,True
2026-02-11T14:54:02.595936,594.617464,RX,0x000,128,00 38 9B 71 80 02 00 00,.8.q....,False,False,False
2026-02-11T14:54:02.595936,594.617464,RX,0x000,0,,,False,False,False
2026-02-11T14:54:02.595936,594.617464,RX,0x1E0,0,,,False,False,False
2026-02-11T14:54:02.595936,594.617464,RX,0x000,128,E0 01 00 00 00 00 00 00,........,False,True,True
2026-02-11T14:54:02.595936,594.617464,RX,0x000,128,00 38 9B 71 80 02 00 00,.8.q....,False,False,False
2026-02-11T14:54:02.595936,594.617464,RX,0x000,0,,,False,False,False
2026-02-11T14:54:02.595936,594.617464,RX,0x1E0,0,,,False,False,False
2026-02-11T14:54:02.596935,594.617464,RX,0x000,128,E0 01 00 00 00 00 00 00,........,False,True,True
2026-02-11T14:54:02.596935,594.618463,RX,0x000,128,00 38 9B 71 80 02 00 00,.8.q....,False,False,False
2026-02-11T14:54:02.596935,594.618463,RX,0x000,0,,,False,False,False
2026-02-11T14:54:02.596935,594.618463,RX,0x1E0,0,,,False,False,False
2026-02-11T14:54:02.596935,594.618463,RX,0x000,128,E0 01 00 00 00 00 00 00,........,False,True,True
2026-02-11T14:54:02.596935,594.618463,RX,0x000,128,00 38 9B 71 80 02 00 00,.8.q....,False,False,False
2026-02-11T14:54:02.596935,594.618463,RX,0x000,0,,,False,False,False
2026-02-11T14:54:02.596935,594.618463,RX,0x1E0,0,,,False,False,False
2026-02-11T14:54:02.597938,594.619466,RX,0x000,128,E0 01 00 00 00 00 00 00,........,False,True,True
2026-02-11T14:54:02.597938,594.619466,RX,0x000,128,00 38 9B 71 80 02 00 00,.8.q....,False,False,False
2026-02-11T14:54:02.598446,594.619974,RX,0x000,0,,,False,False,False
2026-02-11T14:54:02.598446,594.619974,RX,0x1E0,0,,,False,False,False
2026-02-11T14:54:02.598446,594.619974,RX,0x000,128,E0 01 00 00 00 00 00 00,........,False,True,True
2026-02-11T14:54:02.598446,594.619974,RX,0x000,128,00 38 9B 71 80 02 00 00,.8.q....,False,False,False
2026-02-11T14:54:02.598446,594.619974,RX,0x000,0,,,False,False,False
2026-02-11T14:54:02.598446,594.619974,RX,0x1E0,0,,,False,False,False
2026-02-11T14:54:02.598446,594.619974,RX,0x000,128,E0 01 00 00 00 00 00 00,........,False,True,True
2026-02-11T14:54:02.598446,594.619974,RX,0x000,128,00 38 9B 71 80 02 00 00,.8.q....,False,False,False
2026-02-11T14:54:02.599492,594.619974,RX,0x000,0,,,False,False,False
2026-02-11T14:54:02.599492,594.621020,RX,0x1E0,0,,,False,False,False
2026-02-11T14:54:02.599492,594.621020,RX,0x000,128,E0 01 00 00 00 00 00 00,........,False,True,True
2026-02-11T14:54:02.599492,594.621020,RX,0x000,128,00 38 9B 71 80 02 00 00,.8.q....,False,False,False
2026-02-11T14:54:02.599492,594.621020,RX,0x000,0,,,False,False,False
2026-02-11T14:54:02.599492,594.621020,RX,0x1E0,0,,,False,False,False
2026-02-11T14:54:02.599492,594.621020,RX,0x000,128,E0 01 00 00 00 00 00 00,........,False,True,True
2026-02-11T14:54:02.599492,594.621020,RX,0x000,128,00 38 9B 71 80 02 00 00,.8.q....,False,False,False
2026-02-11T14:54:02.599492,594.621020,RX,0x000,0,,,False,False,False
2026-02-11T14:54:02.599492,594.621020,RX,0x1E0,0,,,False,False,False
2026-02-11T14:54:02.599492,594.621020,RX,0x000,128,E0 01 00 00 00 00 00 00,........,False,True,True
2026-02-11T14:54:02.599492,594.621020,RX,0x000,128,00 38 9B 71 80 02 00 00,.8.q....,False,False,False
2026-02-11T14:54:02.599492,594.621020,RX,0x000,0,,,False,False,False
2026-02-11T14:54:02.599492,594.621020,RX,0x1E0,0,,,False,False,False
2026-02-11T14:54:02.599492,594.621020,RX,0x000,128,E0 01 00 00 00 00 00 00,........,False,True,True
2026-02-11T14:54:02.599492,594.621020,RX,0x000,128,00 38 9B 71 80 02 00 00,.8.q....,False,False,False
2026-02-11T14:54:02.601010,594.622538,RX,0x000,0,,,False,False,False
2026-02-11T14:54:02.601010,594.622538,RX,0x1E0,0,,,False,False,False
2026-02-11T14:54:02.601010,594.622538,RX,0x000,128,E0 01 00 00 00 00 00 00,........,False,True,True
2026-02-11T14:54:02.601010,594.622538,RX,0x000,128,00 38 9B 71 80 02 00 00,.8.q....,False,False,False
2026-02-11T14:54:02.601010,594.622538,RX,0x000,0,,,False,False,False
2026-02-11T14:54:02.601010,594.622538,RX,0x1E0,0,,,False,False,False
2026-02-11T14:54:02.601010,594.622538,RX,0x000,128,E0 01 00 00 00 00 00 00,........,False,True,True
2026-02-11T14:54:02.601010,594.622538,RX,0x000,128,00 38 9B 71 80 02 00 00,.8.q....,False,False,False
2026-02-11T14:54:02.601010,594.622538,RX,0x000,0,,,False,False,False
2026-02-11T14:54:02.601010,594.622538,RX,0x1E0,0,,,False,False,False
2026-02-11T14:54:02.601010,594.622538,RX,0x000,128,E0 01 00 00 00 00 00 00,........,False,True,True
2026-02-11T14:54:02.602371,594.623899,RX,0x000,128,00 38 9B 71 80 02 00 00,.8.q....,False,False,False
2026-02-11T14:54:02.602371,594.623899,RX,0x000,0,,,False,False,False
2026-02-11T14:54:02.602371,594.623899,RX,0x1E0,0,,,False,False,False
2026-02-11T14:54:02.602371,594.623899,RX,0x000,128,E0 01 00 00 00 00 00 00,........,False,True,True
2026-02-11T14:54:02.602371,594.623899,RX,0x000,128,00 38 9B 71 80 02 00 00,.8.q....,False,False,False
2026-02-11T14:54:02.602371,594.623899,RX,0x000,0,,,False,False,False
2026-02-11T14:54:02.602371,594.623899,RX,0x1E0,0,,,False,False,False
2026-02-11T14:54:02.602371,594.623899,RX,0x000,128,E0 01 00 00 00 00 00 00,........,False,True,True
2026-02-11T14:54:02.602371,594.623899,RX,0x000,128,00 38 9B 71 80 02 00 00,.8.q....,False,False,False
2026-02-11T14:54:02.602371,594.623899,RX,0x000,0,,,False,False,False
2026-02-11T14:54:02.602371,594.623899,RX,0x1E0,0,,,False,False,False
2026-02-11T14:54:02.602371,594.623899,RX,0x000,128,E0 01 00 00 00 00 00 00,........,False,True,True
2026-02-11T14:54:02.602371,594.623899,RX,0x000,128,00 38 9B 71 80 02 00 00,.8.q....,False,False,False
2026-02-11T14:54:02.602371,594.623899,RX,0x000,0,,,False,False,False
2026-02-11T14:54:02.602371,594.623899,RX,0x1E0,0,,,False,False,False
2026-02-11T14:54:02.602371,594.623899,RX,0x000,128,E0 01 00 00 00 00 00 00,........,False,True,True
2026-02-11T14:54:02.603384,594.624912,RX,0x000,128,00 38 9B 71 80 02 00 00,.8.q....,False,False,False
2026-02-11T14:54:02.603384,594.624912,RX,0x000,0,,,False,False,False
2026-02-11T14:54:02.603384,594.624912,RX,0x1E0,0,,,False,False,False
2026-02-11T14:54:02.603384,594.624912,RX,0x000,128,E0 01 00 00 00 00 00 00,........,False,True,True
2026-02-11T14:54:02.603384,594.624912,RX,0x000,128,00 38 9B 71 80 02 00 00,.8.q....,False,False,False
2026-02-11T14:54:02.603384,594.624912,RX,0x000,0,,,False,False,False
2026-02-11T14:54:02.603384,594.624912,RX,0x1E0,0,,,False,False,False
2026-02-11T14:54:02.603384,594.624912,RX,0x000,128,E0 01 00 00 00 00 00 00,........,False,True,True
2026-02-11T14:54:02.604399,594.625927,RX,0x000,128,00 38 9B 71 80 02 00 00,.8.q....,False,False,False
2026-02-11T14:54:02.604399,594.625927,RX,0x000,0,,,False,False,False
2026-02-11T14:54:02.604399,594.625927,RX,0x1E0,0,,,False,False,False
2026-02-11T14:54:02.604399,594.625927,RX,0x000,128,E0 01 00 00 00 00 00 00,........,False,True,True
2026-02-11T14:54:02.604399,594.625927,RX,0x000,128,00 38 9B 71 80 02 00 00,.8.q....,False,False,False
2026-02-11T14:54:02.604399,594.625927,RX,0x000,0,,,False,False,False
2026-02-11T14:54:02.604399,594.625927,RX,0x1E0,0,,,False,False,False
2026-02-11T14:54:02.604399,594.625927,RX,0x000,128,E0 01 00 00 00 00 00 00,........,False,True,True
2026-02-11T14:54:02.604399,594.625927,RX,0x000,128,00 38 9B 71 80 02 00 00,.8.q....,False,False,False
2026-02-11T14:54:02.604399,594.625927,RX,0x000,0,,,False,False,False
2026-02-11T14:54:02.604399,594.625927,RX,0x1E0,0,,,False,False,False
2026-02-11T14:54:02.604399,594.625927,RX,0x000,128,E0 01 00 00 00 00 00 00,........,False,True,True
2026-02-11T14:54:02.605413,594.626941,RX,0x000,128,00 38 9B 71 80 02 00 00,.8.q....,False,False,False
2026-02-11T14:54:02.605413,594.626941,RX,0x000,0,,,False,False,False
2026-02-11T14:54:02.605413,594.626941,RX,0x1E0,0,,,False,False,False
2026-02-11T14:54:02.605413,594.626941,RX,0x000,128,E0 01 00 00 00 00 00 00,........,False,True,True
2026-02-11T14:54:02.605413,594.626941,RX,0x000,128,00 38 9B 71 80 02 00 00,.8.q....,False,False,False
2026-02-11T14:54:02.605413,594.626941,RX,0x000,0,,,False,False,False
2026-02-11T14:54:02.605413,594.626941,RX,0x1E0,0,,,False,False,False
2026-02-11T14:54:02.605413,594.626941,RX,0x000,128,E0 01 00 00 00 00 00 00,........,False,True,True
2026-02-11T14:54:02.605413,594.626941,RX,0x000,128,00 38 9B 71 80 02 00 00,.8.q....,False,False,False
2026-02-11T14:54:02.605413,594.626941,RX,0x000,0,,,False,False,False
2026-02-11T14:54:02.605413,594.626941,RX,0x1E0,0,,,False,False,False
2026-02-11T14:54:02.605413,594.626941,RX,0x000,128,E0 01 00 00 00 00 00 00,........,False,True,True
2026-02-11T14:54:02.605413,594.626941,RX,0x000,128,00 38 9B 71 80 02 00 00,.8.q....,False,False,False
2026-02-11T14:54:02.605413,594.626941,RX,0x000,0,,,False,False,False
2026-02-11T14:54:02.606427,594.627955,RX,0x1E0,0,,,False,False,False
2026-02-11T14:54:02.606427,594.627955,RX,0x000,128,E0 01 00 00 00 00 00 00,........,False,True,True
2026-02-11T14:54:02.606427,594.627955,RX,0x000,128,00 38 9B 71 80 02 00 00,.8.q....,False,False,False
2026-02-11T14:54:02.606427,594.627955,RX,0x000,0,,,False,False,False
2026-02-11T14:54:02.606427,594.627955,RX,0x1E0,0,,,False,False,False
2026-02-11T14:54:02.606427,594.627955,RX,0x000,128,E0 01 00 00 00 00 00 00,........,False,True,True
2026-02-11T14:54:02.606427,594.627955,RX,0x000,128,00 38 9B 71 80 02 00 00,.8.q....,False,False,False
2026-02-11T14:54:02.606427,594.627955,RX,0x000,0,,,False,False,False
2026-02-11T14:54:02.606427,594.627955,RX,0x1E0,0,,,False,False,False
2026-02-11T14:54:02.606427,594.627955,RX,0x000,128,E0 01 00 00 00 00 00 00,........,False,True,True
2026-02-11T14:54:02.606427,594.627955,RX,0x000,128,00 38 9B 71 80 02 00 00,.8.q....,False,False,False
2026-02-11T14:54:02.606427,594.627955,RX,0x000,0,,,False,False,False
2026-02-11T14:54:02.606427,594.627955,RX,0x1E0,0,,,False,False,False
2026-02-11T14:54:02.606427,594.627955,RX,0x000,128,E0 01 00 00 00 00 00 00,........,False,True,True
2026-02-11T14:54:02.606427,594.627955,RX,0x000,128,00 38 9B 71 80 02 00 00,.8.q....,False,False,False
2026-02-11T14:54:02.606427,594.627955,RX,0x000,0,,,False,False,False
2026-02-11T14:54:02.606427,594.627955,RX,0x1E0,0,,,False,False,False
2026-02-11T14:54:02.606427,594.627955,RX,0x000,128,E0 01 00 00 00 00 00 00,........,False,True,True
2026-02-11T14:54:02.606427,594.627955,RX,0x000,128,00 38 9B 71 80 02 00 00,.8.q....,False,False,False
2026-02-11T14:54:02.606427,594.627955,RX,0x000,0,,,False,False,False
2026-02-11T14:54:02.607934,594.629462,RX,0x1E0,0,,,False,False,False
2026-02-11T14:54:02.607934,594.629462,RX,0x000,128,E0 01 00 00 00 00 00 00,........,False,True,True
2026-02-11T14:54:02.607934,594.629462,RX,0x000,128,00 38 9B 71 80 02 00 00,.8.q....,False,False,False
2026-02-11T14:54:02.607934,594.629462,RX,0x000,0,,,False,False,False
2026-02-11T14:54:02.607934,594.629462,RX,0x1E0,0,,,False,False,False
2026-02-11T14:54:02.607934,594.629462,RX,0x000,128,E0 01 00 00 00 00 00 00,........,False,True,True
2026-02-11T14:54:02.607934,594.629462,RX,0x000,128,00 38 9B 71 80 02 00 00,.8.q....,False,False,False
2026-02-11T14:54:02.607934,594.629462,RX,0x000,0,,,False,False,False
2026-02-11T14:54:02.607934,594.629462,RX,0x1E0,0,,,False,False,False
2026-02-11T14:54:02.607934,594.629462,RX,0x000,128,E0 01 00 00 00 00 00 00,........,False,True,True
2026-02-11T14:54:02.607934,594.629462,RX,0x000,128,00 38 9B 71 80 02 00 00,.8.q....,False,False,False
2026-02-11T14:54:02.607934,594.629462,RX,0x000,0,,,False,False,False
2026-02-11T14:54:02.607934,594.629462,RX,0x1E0,0,,,False,False,False
2026-02-11T14:54:02.607934,594.629462,RX,0x000,128,E0 01 00 00 00 00 00 00,........,False,True,True
2026-02-11T14:54:02.607934,594.629462,RX,0x000,128,00 38 9B 71 80 02 00 00,.8.q....,False,False,False
2026-02-11T14:54:02.607934,594.629462,RX,0x000,0,,,False,False,False
2026-02-11T14:54:02.607934,594.629462,RX,0x1E0,0,,,False,False,False
2026-02-11T14:54:02.607934,594.629462,RX,0x000,128,E0 01 00 00 00 00 00 00,........,False,True,True
2026-02-11T14:54:02.608967,594.630495,RX,0x000,128,00 38 9B 71 80 02 00 00,.8.q....,False,False,False
2026-02-11T14:54:02.608967,594.630495,RX,0x000,0,,,False,False,False
2026-02-11T14:54:02.608967,594.630495,RX,0x1E0,0,,,False,False,False
2026-02-11T14:54:02.608967,594.630495,RX,0x000,128,E0 01 00 00 00 00 00 00,........,False,True,True
2026-02-11T14:54:02.608967,594.630495,RX,0x000,128,00 38 9B 71 80 02 00 00,.8.q....,False,False,False
2026-02-11T14:54:02.608967,594.630495,RX,0x000,0,,,False,False,False
2026-02-11T14:54:02.608967,594.630495,RX,0x1E0,0,,,False,False,False
2026-02-11T14:54:02.608967,594.630495,RX,0x000,128,E0 01 00 00 00 00 00 00,........,False,True,True
2026-02-11T14:54:02.608967,594.630495,RX,0x000,128,00 38 9B 71 80 02 00 00,.8.q....,False,False,False
2026-02-11T14:54:02.608967,594.630495,RX,0x000,0,,,False,False,False
2026-02-11T14:54:02.608967,594.630495,RX,0x1E0,0,,,False,False,False
2026-02-11T14:54:02.608967,594.630495,RX,0x000,128,E0 01 00 00 00 00 00 00,........,False,True,True
2026-02-11T14:54:02.608967,594.630495,RX,0x000,128,00 38 9B 71 80 02 00 00,.8.q....,False,False,False
2026-02-11T14:54:02.608967,594.630495,RX,0x000,0,,,False,False,False
2026-02-11T14:54:02.608967,594.630495,RX,0x1E0,0,,,False,False,False
2026-02-11T14:54:02.608967,594.630495,RX,0x000,128,E0 01 00 00 00 00 00 00,........,False,True,True
2026-02-11T14:54:02.608967,594.630495,RX,0x000,128,00 38 9B 71 80 02 00 00,.8.q....,False,False,False
2026-02-11T14:54:02.609987,594.631515,RX,0x000,0,,,False,False,False
2026-02-11T14:54:02.609987,594.631515,RX,0x1E0,0,,,False,False,False
2026-02-11T14:54:02.609987,594.631515,RX,0x000,128,E0 01 00 00 00 00 00 00,........,False,True,True
2026-02-11T14:54:02.609987,594.631515,RX,0x000,128,00 38 9B 71 80 02 00 00,.8.q....,False,False,False
2026-02-11T14:54:02.609987,594.631515,RX,0x000,0,,,False,False,False
2026-02-11T14:54:02.609987,594.631515,RX,0x1E0,0,,,False,False,False
2026-02-11T14:54:02.609987,594.631515,RX,0x000,128,E0 01 00 00 00 00 00 00,........,False,True,True
2026-02-11T14:54:02.609987,594.631515,RX,0x000,128,00 38 9B 71 80 02 00 00,.8.q....,False,False,False
2026-02-11T14:54:02.609987,594.631515,RX,0x000,0,,,False,False,False
2026-02-11T14:54:02.609987,594.631515,RX,0x1E0,0,,,False,False,False
2026-02-11T14:54:02.609987,594.631515,RX,0x000,128,E0 01 00 00 00 00 00 00,........,False,True,True
2026-02-11T14:54:02.609987,594.631515,RX,0x000,128,00 38 9B 71 80 02 00 00,.8.q....,False,False,False
2026-02-11T14:54:02.609987,594.631515,RX,0x000,0,,,False,False,False
2026-02-11T14:54:02.610991,594.632519,RX,0x1E0,0,,,False,False,False
2026-02-11T14:54:02.610991,594.632519,RX,0x000,128,E0 01 00 00 00 00 00 00,........,False,True,True
2026-02-11T14:54:02.610991,594.632519,RX,0x000,128,00 38 9B 71 80 02 00 00,.8.q....,False,False,False
2026-02-11T14:54:02.610991,594.632519,RX,0x000,0,,,False,False,False
2026-02-11T14:54:02.610991,594.632519,RX,0x1E0,0,,,False,False,False
2026-02-11T14:54:02.610991,594.632519,RX,0x000,128,E0 01 00 00 00 00 00 00,........,False,True,True
2026-02-11T14:54:02.610991,594.632519,RX,0x000,128,00 38 9B 71 80 02 00 00,.8.q....,False,False,False
2026-02-11T14:54:02.610991,594.632519,RX,0x000,0,,,False,False,False
2026-02-11T14:54:02.610991,594.632519,RX,0x1E0,0,,,False,False,False
2026-02-11T14:54:02.610991,594.632519,RX,0x000,128,E0 01 00 00 00 00 00 00,........,False,True,True
2026-02-11T14:54:02.610991,594.632519,RX,0x000,128,00 38 9B 71 80 02 00 00,.8.q....,False,False,False
2026-02-11T14:54:02.612003,594.633531,RX,0x000,0,,,False,False,False
2026-02-11T14:54:02.612003,594.633531,RX,0x1E0,0,,,False,False,False
2026-02-11T14:54:02.612003,594.633531,RX,0x000,128,E0 01 00 00 00 00 00 00,........,False,True,True
2026-02-11T14:54:02.612003,594.633531,RX,0x000,128,00 38 9B 71 80 02 00 00,.8.q....,False,False,False
2026-02-11T14:54:02.612003,594.633531,RX,0x000,0,,,False,False,False
2026-02-11T14:54:02.612003,594.633531,RX,0x1E0,0,,,False,False,False
2026-02-11T14:54:02.612003,594.633531,RX,0x000,128,E0 01 00 00 00 00 00 00,........,False,True,True
2026-02-11T14:54:02.612003,594.633531,RX,0x000,128,00 38 9B 71 80 02 00 00,.8.q....,False,False,False
2026-02-11T14:54:02.612003,594.633531,RX,0x000,0,,,False,False,False
2026-02-11T14:54:02.612003,594.633531,RX,0x1E0,0,,,False,False,False
2026-02-11T14:54:02.612003,594.633531,RX,0x000,128,E0 01 00 00 00 00 00 00,........,False,True,True
2026-02-11T14:54:02.612003,594.633531,RX,0x000,128,00 38 9B 71 80 02 00 00,.8.q....,False,False,False
2026-02-11T14:54:02.612003,594.633531,RX,0x000,0,,,False,False,False
2026-02-11T14:54:02.612003,594.633531,RX,0x1E0,0,,,False,False,False
2026-02-11T14:54:02.612003,594.633531,RX,0x000,128,E0 01 00 00 00 00 00 00,........,False,True,True
2026-02-11T14:54:02.612003,594.633531,RX,0x000,128,00 38 9B 71 80 02 00 00,.8.q....,False,False,False
2026-02-11T14:54:02.612003,594.633531,RX,0x000,0,,,False,False,False
2026-02-11T14:54:02.612003,594.633531,RX,0x1E0,0,,,False,False,False
2026-02-11T14:54:02.612003,594.633531,RX,0x000,128,E0 01 00 00 00 00 00 00,........,False,True,True
2026-02-11T14:54:02.613024,594.634552,RX,0x000,128,00 38 9B 71 80 02 00 00,.8.q....,False,False,False
2026-02-11T14:54:02.613024,594.634552,RX,0x000,0,,,False,False,False
2026-02-11T14:54:02.613024,594.634552,RX,0x1E0,0,,,False,False,False
2026-02-11T14:54:02.613024,594.634552,RX,0x000,128,E0 01 00 00 00 00 00 00,........,False,True,True
2026-02-11T14:54:02.613024,594.634552,RX,0x000,128,00 38 9B 71 80 02 00 00,.8.q....,False,False,False
2026-02-11T14:54:02.613024,594.634552,RX,0x000,0,,,False,False,False
2026-02-11T14:54:02.613024,594.634552,RX,0x1E0,0,,,False,False,False
2026-02-11T14:54:02.613024,594.634552,RX,0x000,128,E0 01 00 00 00 00 00 00,........,False,True,True
2026-02-11T14:54:02.613024,594.634552,RX,0x000,128,00 38 9B 71 80 02 00 00,.8.q....,False,False,False
2026-02-11T14:54:02.613024,594.634552,RX,0x000,0,,,False,False,False
2026-02-11T14:54:02.613024,594.634552,RX,0x1E0,0,,,False,False,False
2026-02-11T14:54:02.613024,594.634552,RX,0x000,128,E0 01 00 00 00 00 00 00,........,False,True,True
2026-02-11T14:54:02.613024,594.634552,RX,0x000,128,00 38 9B 71 80 02 00 00,.8.q....,False,False,False
2026-02-11T14:54:02.613024,594.634552,RX,0x000,0,,,False,False,False
2026-02-11T14:54:02.613024,594.634552,RX,0x1E0,0,,,False,False,False
2026-02-11T14:54:02.613024,594.634552,RX,0x000,128,E0 01 00 00 00 00 00 00,........,False,True,True
2026-02-11T14:54:02.613024,594.634552,RX,0x000,128,00 38 9B 71 80 02 00 00,.8.q....,False,False,False
2026-02-11T14:54:02.613024,594.634552,RX,0x000,0,,,False,False,False
2026-02-11T14:54:02.614048,594.635576,RX,0x1E0,0,,,False,False,False
2026-02-11T14:54:02.614048,594.635576,RX,0x000,128,E0 01 00 00 00 00 00 00,........,False,True,True
2026-02-11T14:54:02.614048,594.635576,RX,0x000,128,00 38 9B 71 80 02 00 00,.8.q....,False,False,False
2026-02-11T14:54:02.614048,594.635576,RX,0x000,0,,,False,False,False
2026-02-11T14:54:02.614048,594.635576,RX,0x1E0,0,,,False,False,False
2026-02-11T14:54:02.614048,594.635576,RX,0x000,128,E0 01 00 00 00 00 00 00,........,False,True,True
2026-02-11T14:54:02.614048,594.635576,RX,0x000,128,00 38 9B 71 80 02 00 00,.8.q....,False,False,False
2026-02-11T14:54:02.614048,594.635576,RX,0x000,0,,,False,False,False
2026-02-11T14:54:02.614048,594.635576,RX,0x1E0,0,,,False,False,False
2026-02-11T14:54:02.614048,594.635576,RX,0x000,128,E0 01 00 00 00 00 00 00,........,False,True,True
2026-02-11T14:54:02.614048,594.635576,RX,0x000,128,00 38 9B 71 80 02 00 00,.8.q....,False,False,False
2026-02-11T14:54:02.614048,594.635576,RX,0x000,0,,,False,False,False
2026-02-11T14:54:02.614048,594.635576,RX,0x1E0,0,,,False,False,False
2026-02-11T14:54:02.614048,594.635576,RX,0x000,128,E0 01 00 00 00 00 00 00,........,False,True,True
2026-02-11T14:54:02.614048,594.635576,RX,0x000,128,00 38 9B 71 80 02 00 00,.8.q....,False,False,False
2026-02-11T14:54:02.614048,594.635576,RX,0x000,0,,,False,False,False
2026-02-11T14:54:02.614048,594.635576,RX,0x1E0,0,,,False,False,False
2026-02-11T14:54:02.615082,594.636610,RX,0x000,128,E0 01 00 00 00 00 00 00,........,False,True,True
2026-02-11T14:54:02.615082,594.636610,RX,0x000,128,00 38 9B 71 80 02 00 00,.8.q....,False,False,False
2026-02-11T14:54:02.615082,594.636610,RX,0x000,0,,,False,False,False
2026-02-11T14:54:02.615082,594.636610,RX,0x1E0,0,,,False,False,False
2026-02-11T14:54:02.615082,594.636610,RX,0x000,128,E0 01 00 00 00 00 00 00,........,False,True,True
2026-02-11T14:54:02.615082,594.636610,RX,0x000,128,00 38 9B 71 80 02 00 00,.8.q....,False,False,False
2026-02-11T14:54:02.615082,594.636610,RX,0x000,0,,,False,False,False
2026-02-11T14:54:02.615082,594.636610,RX,0x1E0,0,,,False,False,False
2026-02-11T14:54:02.615082,594.636610,RX,0x000,128,E0 01 00 00 00 00 00 00,........,False,True,True
2026-02-11T14:54:02.615082,594.636610,RX,0x000,128,00 38 9B 71 80 02 00 00,.8.q....,False,False,False
2026-02-11T14:54:02.615082,594.636610,RX,0x000,0,,,False,False,False
2026-02-11T14:54:02.615082,594.636610,RX,0x1E0,0,,,False,False,False
2026-02-11T14:54:02.615082,594.636610,RX,0x000,128,E0 01 00 00 00 00 00 00,........,False,True,True
2026-02-11T14:54:02.615082,594.636610,RX,0x000,128,00 38 9B 71 80 02 00 00,.8.q....,False,False,False
2026-02-11T14:54:02.615082,594.636610,RX,0x000,0,,,False,False,False
2026-02-11T14:54:02.615082,594.636610,RX,0x1E0,0,,,False,False,False
2026-02-11T14:54:02.616112,594.637640,RX,0x000,128,E0 01 00 00 00 00 00 00,........,False,True,True
2026-02-11T14:54:02.616112,594.637640,RX,0x000,128,00 38 9B 71 80 02 00 00,.8.q....,False,False,False
2026-02-11T14:54:02.616112,594.637640,RX,0x000,0,,,False,False,False
2026-02-11T14:54:02.616112,594.637640,RX,0x1E0,0,,,False,False,False
2026-02-11T14:54:02.616112,594.637640,RX,0x000,128,E0 01 00 00 00 00 00 00,........,False,True,True
2026-02-11T14:54:02.616112,594.637640,RX,0x000,128,00 38 9B 71 80 02 00 00,.8.q....,False,False,False
2026-02-11T14:54:02.616112,594.637640,RX,0x000,0,,,False,False,False
2026-02-11T14:54:02.616112,594.637640,RX,0x1E0,0,,,False,False,False
2026-02-11T14:54:02.616112,594.637640,RX,0x000,128,E0 01 00 00 00 00 00 00,........,False,True,True
2026-02-11T14:54:02.616112,594.637640,RX,0x000,128,00 38 9B 71 80 02 00 00,.8.q....,False,False,False
2026-02-11T14:54:02.616112,594.637640,RX,0x000,0,,,False,False,False
2026-02-11T14:54:02.616112,594.637640,RX,0x1E0,0,,,False,False,False
2026-02-11T14:54:02.616112,594.637640,RX,0x000,128,E0 01 00 00 00 00 00 00,........,False,True,True
2026-02-11T14:54:02.616112,594.637640,RX,0x000,128,00 38 9B 71 80 02 00 00,.8.q....,False,False,False
2026-02-11T14:54:02.616112,594.637640,RX,0x000,0,,,False,False,False
2026-02-11T14:54:02.616112,594.637640,RX,0x1E0,0,,,False,False,False
2026-02-11T14:54:02.617132,594.638660,RX,0x000,128,E0 01 00 00 00 00 00 00,........,False,True,True
2026-02-11T14:54:02.617132,594.638660,RX,0x000,128,00 38 9B 71 80 02 00 00,.8.q....,False,False,False
2026-02-11T14:54:02.617132,594.638660,RX,0x000,0,,,False,False,False
2026-02-11T14:54:02.617132,594.638660,RX,0x1E0,0,,,False,False,False
2026-02-11T14:54:02.617132,594.638660,RX,0x000,128,E0 01 00 00 00 00 00 00,........,False,True,True
2026-02-11T14:54:02.617132,594.638660,RX,0x000,128,00 38 9B 71 80 02 00 00,.8.q....,False,False,False
2026-02-11T14:54:02.617132,594.638660,RX,0x000,0,,,False,False,False
2026-02-11T14:54:02.617132,594.638660,RX,0x1E0,0,,,False,False,False
2026-02-11T14:54:02.618133,594.639661,RX,0x000,128,E0 01 00 00 00 00 00 00,........,False,True,True
2026-02-11T14:54:02.618133,594.639661,RX,0x000,128,00 38 9B 71 80 02 00 00,.8.q....,False,False,False
2026-02-11T14:54:02.618133,594.639661,RX,0x000,0,,,False,False,False
2026-02-11T14:54:02.618133,594.639661,RX,0x1E0,0,,,False,False,False
2026-02-11T14:54:02.618642,594.640170,RX,0x000,128,E0 01 00 00 00 00 00 00,........,False,True,True
2026-02-11T14:54:02.618642,594.640170,RX,0x000,128,00 38 9B 71 80 02 00 00,.8.q....,False,False,False
2026-02-11T14:54:02.618642,594.640170,RX,0x000,0,,,False,False,False
2026-02-11T14:54:02.618642,594.640170,RX,0x1E0,0,,,False,False,False
2026-02-11T14:54:02.618642,594.640170,RX,0x000,128,E0 01 00 00 00 00 00 00,........,False,True,True
2026-02-11T14:54:02.623438,594.644966,RX,0x000,128,00 38 9B 71 80 02 00 00,.8.q....,False,False,False
2026-02-11T14:54:02.623438,594.644966,RX,0x000,0,,,False,False,False
2026-02-11T14:54:02.623438,594.644966,RX,0x1E0,0,,,False,False,False
2026-02-11T14:54:02.624478,594.646006,RX,0x000,128,E0 01 00 00 00 00 00 00,........,False,True,True
2026-02-11T14:54:02.624478,594.646006,RX,0x000,128,00 38 9B 71 80 02 00 00,.8.q....,False,False,False
2026-02-11T14:54:02.624478,594.646006,RX,0x000,0,,,False,False,False
2026-02-11T14:54:02.624478,594.646006,RX,0x1E0,0,,,False,False,False
2026-02-11T14:54:02.624478,594.646006,RX,0x000,128,E0 01 00 00 00 00 00 00,........,False,True,True
2026-02-11T14:54:02.625489,594.647017,RX,0x000,128,00 38 9B 71 80 02 00 00,.8.q....,False,False,False
2026-02-11T14:54:02.625489,594.647017,RX,0x000,0,,,False,False,False
2026-02-11T14:54:02.625489,594.647017,RX,0x1E0,0,,,False,False,False
2026-02-11T14:54:02.625489,594.647017,RX,0x000,128,E0 01 00 00 00 00 00 00,........,False,True,True
2026-02-11T14:54:02.625489,594.647017,RX,0x000,128,00 38 9B 71 80 02 00 00,.8.q....,False,False,False
2026-02-11T14:54:02.626500,594.648028,RX,0x000,0,,,False,False,False
2026-02-11T14:54:02.626500,594.648028,RX,0x1E0,0,,,False,False,False
2026-02-11T14:54:02.626500,594.648028,RX,0x000,128,E0 01 00 00 00 00 00 00,........,False,True,True
2026-02-11T14:54:02.626500,594.648028,RX,0x000,128,00 38 9B 71 80 02 00 00,.8.q....,False,False,False
2026-02-11T14:54:02.626500,594.648028,RX,0x000,0,,,False,False,False
2026-02-11T14:54:02.626500,594.648028,RX,0x1E0,0,,,False,False,False
2026-02-11T14:54:02.626500,594.648028,RX,0x000,128,E0 01 00 00 00 00 00 00,........,False,True,True
2026-02-11T14:54:02.626500,594.648028,RX,0x000,128,00 38 9B 71 80 02 00 00,.8.q....,False,False,False
2026-02-11T14:54:02.626500,594.648028,RX,0x000,0,,,False,False,False
2026-02-11T14:54:02.626500,594.648028,RX,0x1E0,0,,,False,False,False
2026-02-11T14:54:02.626500,594.648028,RX,0x000,128,E0 01 00 00 00 00 00 00,........,False,True,True
2026-02-11T14:54:02.626500,594.648028,RX,0x000,128,00 38 9B 71 80 02 00 00,.8.q....,False,False,False
2026-02-11T14:54:02.628008,594.649536,RX,0x000,0,,,False,False,False
2026-02-11T14:54:02.628008,594.649536,RX,0x1E0,0,,,False,False,False
2026-02-11T14:54:02.628008,594.649536,RX,0x000,128,E0 01 00 00 00 00 00 00,........,False,True,True
2026-02-11T14:54:02.628008,594.649536,RX,0x000,128,00 38 9B 71 80 02 00 00,.8.q....,False,False,False
2026-02-11T14:54:02.628008,594.649536,RX,0x000,0,,,False,False,False
2026-02-11T14:54:02.628008,594.649536,RX,0x1E0,0,,,False,False,False
2026-02-11T14:54:02.628008,594.649536,RX,0x000,128,E0 01 00 00 00 00 00 00,........,False,True,True
2026-02-11T14:54:02.628008,594.649536,RX,0x000,128,00 38 9B 71 80 02 00 00,.8.q....,False,False,False
2026-02-11T14:54:02.628008,594.649536,RX,0x000,0,,,False,False,False
2026-02-11T14:54:02.629191,594.650719,RX,0x1E0,0,,,False,False,False
2026-02-11T14:54:02.629191,594.650719,RX,0x000,128,E0 01 00 00 00 00 00 00,........,False,True,True
2026-02-11T14:54:02.629191,594.650719,RX,0x000,128,00 38 9B 71 80 02 00 00,.8.q....,False,False,False
2026-02-11T14:54:02.630206,594.650719,RX,0x000,0,,,False,False,False
2026-02-11T14:54:02.630206,594.651734,RX,0x1E0,0,,,False,False,False
2026-02-11T14:54:02.630206,594.651734,RX,0x000,128,E0 01 00 00 00 00 00 00,........,False,True,True
2026-02-11T14:54:02.630206,594.651734,RX,0x000,128,00 38 9B 71 80 02 00 00,.8.q....,False,False,False
2026-02-11T14:54:02.630206,594.651734,RX,0x000,0,,,False,False,False
2026-02-11T14:54:02.630206,594.651734,RX,0x1E0,0,,,False,False,False
2026-02-11T14:54:02.630206,594.651734,RX,0x000,128,E0 01 00 00 00 00 00 00,........,False,True,True
2026-02-11T14:54:02.631209,594.652737,RX,0x000,128,00 38 9B 71 80 02 00 00,.8.q....,False,False,False
2026-02-11T14:54:02.631209,594.652737,RX,0x000,0,,,False,False,False
2026-02-11T14:54:02.631209,594.652737,RX,0x1E0,0,,,False,False,False
2026-02-11T14:54:02.631209,594.652737,RX,0x000,128,E0 01 00 00 00 00 00 00,........,False,True,True
2026-02-11T14:54:02.631209,594.652737,RX,0x000,128,00 38 9B 71 80 02 00 00,.8.q....,False,False,False
2026-02-11T14:54:02.631209,594.652737,RX,0x000,0,,,False,False,False
2026-02-11T14:54:02.631209,594.652737,RX,0x1E0,0,,,False,False,False
2026-02-11T14:54:02.631209,594.652737,RX,0x000,128,E0 01 00 00 00 00 00 00,........,False,True,True
2026-02-11T14:54:02.631209,594.652737,RX,0x000,128,00 38 9B 71 80 02 00 00,.8.q....,False,False,False
2026-02-11T14:54:02.631209,594.652737,RX,0x000,0,,,False,False,False
2026-02-11T14:54:02.631209,594.652737,RX,0x1E0,0,,,False,False,False
2026-02-11T14:54:02.632208,594.653736,RX,0x000,128,E0 01 00 00 00 00 00 00,........,False,True,True
2026-02-11T14:54:02.632208,594.653736,RX,0x000,128,00 38 9B 71 80 02 00 00,.8.q....,False,False,False
2026-02-11T14:54:02.632208,594.653736,RX,0x000,0,,,False,False,False
2026-02-11T14:54:02.632208,594.653736,RX,0x1E0,0,,,False,False,False
2026-02-11T14:54:02.632208,594.653736,RX,0x000,128,E0 01 00 00 00 00 00 00,........,False,True,True
2026-02-11T14:54:02.632208,594.653736,RX,0x000,128,00 38 9B 71 80 02 00 00,.8.q....,False,False,False
2026-02-11T14:54:02.632208,594.653736,RX,0x000,0,,,False,False,False
2026-02-11T14:54:02.632208,594.653736,RX,0x1E0,0,,,False,False,False
2026-02-11T14:54:02.632208,594.653736,RX,0x000,128,E0 01 00 00 00 00 00 00,........,False,True,True
2026-02-11T14:54:02.633209,594.654737,RX,0x000,128,00 38 9B 71 80 02 00 00,.8.q....,False,False,False
2026-02-11T14:54:02.633209,594.654737,RX,0x000,0,,,False,False,False
2026-02-11T14:54:02.633209,594.654737,RX,0x1E0,0,,,False,False,False
2026-02-11T14:54:02.633209,594.654737,RX,0x000,128,E0 01 00 00 00 00 00 00,........,False,True,True
2026-02-11T14:54:02.633209,594.654737,RX,0x000,128,00 38 9B 71 80 02 00 00,.8.q....,False,False,False
2026-02-11T14:54:02.633209,594.654737,RX,0x000,0,,,False,False,False
2026-02-11T14:54:02.633209,594.654737,RX,0x1E0,0,,,False,False,False
2026-02-11T14:54:02.634236,594.655764,RX,0x000,128,E0 01 00 00 00 00 00 00,........,False,True,True
2026-02-11T14:54:02.634236,594.655764,RX,0x000,128,00 38 9B 71 80 02 00 00,.8.q....,False,False,False
2026-02-11T14:54:02.634236,594.655764,RX,0x000,0,,,False,False,False
2026-02-11T14:54:02.634236,594.655764,RX,0x1E0,0,,,False,False,False
2026-02-11T14:54:02.634236,594.655764,RX,0x000,128,E0 01 00 00 00 00 00 00,........,False,True,True
2026-02-11T14:54:02.634236,594.655764,RX,0x000,128,00 38 9B 71 80 02 00 00,.8.q....,False,False,False
2026-02-11T14:54:02.634236,594.655764,RX,0x000,0,,,False,False,False
2026-02-11T14:54:02.634236,594.655764,RX,0x1E0,0,,,False,False,False
2026-02-11T14:54:02.634236,594.655764,RX,0x000,128,E0 01 00 00 00 00 00 00,........,False,True,True
2026-02-11T14:54:02.635257,594.656785,RX,0x000,128,00 38 9B 71 80 02 00 00,.8.q....,False,False,False
2026-02-11T14:54:02.635257,594.656785,RX,0x000,0,,,False,False,False
2026-02-11T14:54:02.635257,594.656785,RX,0x1E0,0,,,False,False,False
2026-02-11T14:54:02.635257,594.656785,RX,0x000,128,E0 01 00 00 00 00 00 00,........,False,True,True
2026-02-11T14:54:02.635257,594.656785,RX,0x000,128,00 38 9B 71 80 02 00 00,.8.q....,False,False,False
2026-02-11T14:54:02.635257,594.656785,RX,0x000,0,,,False,False,False
2026-02-11T14:54:02.635257,594.656785,RX,0x1E0,0,,,False,False,False
2026-02-11T14:54:02.635257,594.656785,RX,0x000,128,E0 01 00 00 00 00 00 00,........,False,True,True
2026-02-11T14:54:02.635257,594.656785,RX,0x000,128,00 38 9B 71 80 02 00 00,.8.q....,False,False,False
2026-02-11T14:54:02.636267,594.657795,RX,0x000,0,,,False,False,False
2026-02-11T14:54:02.636267,594.657795,RX,0x1E0,0,,,False,False,False
2026-02-11T14:54:02.636267,594.657795,RX,0x000,128,E0 01 00 00 00 00 00 00,........,False,True,True
2026-02-11T14:54:02.636267,594.657795,RX,0x000,128,00 38 9B 71 80 02 00 00,.8.q....,False,False,False
2026-02-11T14:54:02.636267,594.657795,RX,0x000,0,,,False,False,False
2026-02-11T14:54:02.636267,594.657795,RX,0x1E0,0,,,False,False,False
2026-02-11T14:54:02.636267,594.657795,RX,0x000,128,E0 01 00 00 00 00 00 00,........,False,True,True
2026-02-11T14:54:02.636267,594.657795,RX,0x000,128,00 38 9B 71 80 02 00 00,.8.q....,False,False,False
2026-02-11T14:54:02.637291,594.658819,RX,0x000,0,,,False,False,False
2026-02-11T14:54:02.637291,594.658819,RX,0x1E0,0,,,False,False,False
2026-02-11T14:54:02.637291,594.658819,RX,0x000,128,E0 01 00 00 00 00 00 00,........,False,True,True
2026-02-11T14:54:02.637291,594.658819,RX,0x000,128,00 38 9B 71 80 02 00 00,.8.q....,False,False,False
2026-02-11T14:54:02.637291,594.658819,RX,0x000,0,,,False,False,False
2026-02-11T14:54:02.637291,594.658819,RX,0x1E0,0,,,False,False,False
2026-02-11T14:54:02.637291,594.658819,RX,0x000,128,E0 01 00 00 00 00 00 00,........,False,True,True
2026-02-11T14:54:02.637291,594.658819,RX,0x000,128,00 38 9B 71 80 02 00 00,.8.q....,False,False,False
2026-02-11T14:54:02.637291,594.658819,RX,0x000,0,,,False,False,False
2026-02-11T14:54:02.637291,594.658819,RX,0x1E0,0,,,False,False,False
2026-02-11T14:54:02.637291,594.658819,RX,0x000,128,E0 01 00 00 00 00 00 00,........,False,True,True
2026-02-11T14:54:02.637291,594.658819,RX,0x000,128,00 38 9B 71 80 02 00 00,.8.q....,False,False,False
2026-02-11T14:54:02.637291,594.658819,RX,0x000,0,,,False,False,False
2026-02-11T14:54:02.638289,594.659817,RX,0x1E0,0,,,False,False,False
2026-02-11T14:54:02.638289,594.659817,RX,0x000,128,E0 01 00 00 00 00 00 00,........,False,True,True
2026-02-11T14:54:02.638289,594.659817,RX,0x000,128,00 38 9B 71 80 02 00 00,.8.q....,False,False,False
2026-02-11T14:54:02.638801,594.660329,RX,0x000,0,,,False,False,False
2026-02-11T14:54:02.638801,594.660329,RX,0x1E0,0,,,False,False,False
2026-02-11T14:54:02.638801,594.660329,RX,0x000,128,E0 01 00 00 00 00 00 00,........,False,True,True
2026-02-11T14:54:02.638801,594.660329,RX,0x000,128,00 38 9B 71 80 02 00 00,.8.q....,False,False,False
2026-02-11T14:54:02.638801,594.660329,RX,0x000,0,,,False,False,False
2026-02-11T14:54:02.638801,594.660329,RX,0x1E0,0,,,False,False,False
2026-02-11T14:54:02.638801,594.660329,RX,0x000,128,E0 01 00 00 00 00 00 00,........,False,True,True
2026-02-11T14:54:02.638801,594.660329,RX,0x000,128,00 38 9B 71 80 02 00 00,.8.q....,False,False,False
2026-02-11T14:54:02.638801,594.660329,RX,0x000,0,,,False,False,False
2026-02-11T14:54:02.638801,594.660329,RX,0x1E0,0,,,False,False,False
2026-02-11T14:54:02.638801,594.660329,RX,0x000,128,E0 01 00 00 00 00 00 00,........,False,True,True
2026-02-11T14:54:02.639817,594.661345,RX,0x000,128,00 38 9B 71 80 02 00 00,.8.q....,False,False,False
2026-02-11T14:54:02.639817,594.661345,RX,0x000,0,,,False,False,False
2026-02-11T14:54:02.639817,594.661345,RX,0x1E0,0,,,False,False,False
2026-02-11T14:54:02.639817,594.661345,RX,0x000,128,E0 01 00 00 00 00 00 00,........,False,True,True
2026-02-11T14:54:02.639817,594.661345,RX,0x000,128,00 38 9B 71 80 02 00 00,.8.q....,False,False,False
2026-02-11T14:54:02.639817,594.661345,RX,0x000,0,,,False,False,False
2026-02-11T14:54:02.639817,594.661345,RX,0x1E0,0,,,False,False,False
2026-02-11T14:54:02.639817,594.661345,RX,0x000,128,E0 01 00 00 00 00 00 00,........,False,True,True
2026-02-11T14:54:02.639817,594.661345,RX,0x000,128,00 38 9B 71 80 02 00 00,.8.q....,False,False,False
2026-02-11T14:54:02.639817,594.661345,RX,0x000,0,,,False,False,False
2026-02-11T14:54:02.639817,594.661345,RX,0x1E0,0,,,False,False,False
2026-02-11T14:54:02.639817,594.661345,RX,0x000,128,E0 01 00 00 00 00 00 00,........,False,True,True
2026-02-11T14:54:02.639817,594.661345,RX,0x000,128,00 38 9B 71 80 02 00 00,.8.q....,False,False,False
2026-02-11T14:54:02.639817,594.661345,RX,0x000,0,,,False,False,False
2026-02-11T14:54:02.639817,594.661345,RX,0x1E0,0,,,False,False,False
2026-02-11T14:54:02.639817,594.661345,RX,0x000,128,E0 01 00 00 00 00 00 00,........,False,True,True
2026-02-11T14:54:02.639817,594.661345,RX,0x000,128,00 38 9B 71 80 02 00 00,.8.q....,False,False,False
2026-02-11T14:54:02.639817,594.661345,RX,0x000,0,,,False,False,False
2026-02-11T14:54:02.641328,594.662856,RX,0x1E0,0,,,False,False,False
2026-02-11T14:54:02.641328,594.662856,RX,0x000,128,E0 01 00 00 00 00 00 00,........,False,True,True
2026-02-11T14:54:02.641328,594.662856,RX,0x000,128,00 38 9B 71 80 02 00 00,.8.q....,False,False,False
2026-02-11T14:54:02.641328,594.662856,RX,0x000,0,,,False,False,False
2026-02-11T14:54:02.641328,594.662856,RX,0x1E0,0,,,False,False,False
2026-02-11T14:54:02.641328,594.662856,RX,0x000,128,E0 01 00 00 00 00 00 00,........,False,True,True
2026-02-11T14:54:02.641328,594.662856,RX,0x000,128,00 38 9B 71 80 02 00 00,.8.q....,False,False,False
2026-02-11T14:54:02.641328,594.662856,RX,0x000,0,,,False,False,False
2026-02-11T14:54:02.641328,594.662856,RX,0x1E0,0,,,False,False,False
2026-02-11T14:54:02.641328,594.662856,RX,0x000,128,E0 01 00 00 00 00 00 00,........,False,True,True
2026-02-11T14:54:02.642342,594.663869,RX,0x000,128,00 38 9B 71 80 02 00 00,.8.q....,False,False,False
2026-02-11T14:54:02.642342,594.663869,RX,0x000,0,,,False,False,False
2026-02-11T14:54:02.642342,594.663869,RX,0x1E0,0,,,False,False,False
2026-02-11T14:54:02.642342,594.663869,RX,0x000,128,E0 01 00 00 00 00 00 00,........,False,True,True
2026-02-11T14:54:02.642342,594.663869,RX,0x000,128,00 38 9B 71 80 02 00 00,.8.q....,False,False,False
2026-02-11T14:54:02.642342,594.663869,RX,0x000,0,,,False,False,False
2026-02-11T14:54:02.642342,594.663869,RX,0x1E0,0,,,False,False,False
2026-02-11T14:54:02.642342,594.663869,RX,0x000,128,E0 01 00 00 00 00 00 00,........,False,True,True
2026-02-11T14:54:02.642342,594.663869,RX,0x000,128,00 38 9B 71 80 02 00 00,.8.q....,False,False,False
2026-02-11T14:54:02.642342,594.663869,RX,0x000,0,,,False,False,False
2026-02-11T14:54:02.642342,594.663869,RX,0x1E0,0,,,False,False,False
2026-02-11T14:54:02.642342,594.663869,RX,0x000,128,E0 01 00 00 00 00 00 00,........,False,True,True
2026-02-11T14:54:02.642342,594.663869,RX,0x000,128,00 38 9B 71 80 02 00 00,.8.q....,False,False,False
2026-02-11T14:54:02.642342,594.663869,RX,0x000,0,,,False,False,False
2026-02-11T14:54:02.643350,594.664878,RX,0x1E0,0,,,False,False,False
2026-02-11T14:54:02.643350,594.664878,RX,0x000,128,E0 01 00 00 00 00 00 00,........,False,True,True
2026-02-11T14:54:02.643350,594.664878,RX,0x000,128,00 38 9B 71 80 02 00 00,.8.q....,False,False,False
2026-02-11T14:54:02.643350,594.664878,RX,0x000,0,,,False,False,False
2026-02-11T14:54:02.643350,594.664878,RX,0x1E0,0,,,False,False,False
2026-02-11T14:54:02.643350,594.664878,RX,0x000,128,E0 01 00 00 00 00 00 00,........,False,True,True
2026-02-11T14:54:02.643350,594.664878,RX,0x000,128,00 38 9B 71 80 02 00 00,.8.q....,False,False,False
2026-02-11T14:54:02.643350,594.664878,RX,0x000,0,,,False,False,False
2026-02-11T14:54:02.643350,594.664878,RX,0x1E0,0,,,False,False,False
2026-02-11T14:54:02.643350,594.664878,RX,0x000,128,E0 01 00 00 00 00 00 00,........,False,True,True
2026-02-11T14:54:02.643350,594.664878,RX,0x000,128,00 38 9B 71 80 02 00 00,.8.q....,False,False,False
2026-02-11T14:54:02.643350,594.664878,RX,0x000,0,,,False,False,False
2026-02-11T14:54:02.644365,594.665893,RX,0x1E0,0,,,False,False,False
2026-02-11T14:54:02.644365,594.665893,RX,0x000,128,E0 01 00 00 00 00 00 00,........,False,True,True
2026-02-11T14:54:02.644365,594.665893,RX,0x000,128,00 38 9B 71 80 02 00 00,.8.q....,False,False,False
2026-02-11T14:54:02.644365,594.665893,RX,0x000,0,,,False,False,False
2026-02-11T14:54:02.644365,594.665893,RX,0x1E0,0,,,False,False,False
2026-02-11T14:54:02.644365,594.665893,RX,0x000,128,E0 01 00 00 00 00 00 00,........,False,True,True
2026-02-11T14:54:02.644365,594.665893,RX,0x000,128,00 38 9B 71 80 02 00 00,.8.q....,False,False,False
2026-02-11T14:54:02.645390,594.666918,RX,0x000,0,,,False,False,False
2026-02-11T14:54:02.645390,594.666918,RX,0x1E0,0,,,False,False,False
2026-02-11T14:54:02.645390,594.666918,RX,0x000,128,E0 01 00 00 00 00 00 00,........,False,True,True
2026-02-11T14:54:02.645390,594.666918,RX,0x000,128,00 38 9B 71 80 02 00 00,.8.q....,False,False,False
2026-02-11T14:54:02.645390,594.666918,RX,0x000,0,,,False,False,False
2026-02-11T14:54:02.645390,594.666918,RX,0x1E0,0,,,False,False,False
2026-02-11T14:54:02.645390,594.666918,RX,0x000,128,E0 01 00 00 00 00 00 00,........,False,True,True
2026-02-11T14:54:02.645390,594.666918,RX,0x000,128,00 38 9B 71 80 02 00 00,.8.q....,False,False,False
2026-02-11T14:54:02.646403,594.667931,RX,0x000,0,,,False,False,False
2026-02-11T14:54:02.646403,594.667931,RX,0x1E0,0,,,False,False,False
2026-02-11T14:54:02.646403,594.667931,RX,0x000,128,E0 01 00 00 00 00 00 00,........,False,True,True
2026-02-11T14:54:02.646403,594.667931,RX,0x000,128,00 38 9B 71 80 02 00 00,.8.q....,False,False,False
2026-02-11T14:54:02.646403,594.667931,RX,0x000,0,,,False,False,False
2026-02-11T14:54:02.646403,594.667931,RX,0x1E0,0,,,False,False,False
2026-02-11T14:54:02.646403,594.667931,RX,0x000,128,E0 01 00 00 00 00 00 00,........,False,True,True
2026-02-11T14:54:02.646403,594.667931,RX,0x000,128,00 38 9B 71 80 02 00 00,.8.q....,False,False,False
2026-02-11T14:54:02.646403,594.667931,RX,0x000,0,,,False,False,False
2026-02-11T14:54:02.646403,594.667931,RX,0x1E0,0,,,False,False,False
2026-02-11T14:54:02.646403,594.667931,RX,0x000,128,E0 01 00 00 00 00 00 00,........,False,True,True
2026-02-11T14:54:02.646403,594.667931,RX,0x000,128,00 38 9B 71 80 02 00 00,.8.q....,False,False,False
2026-02-11T14:54:02.646403,594.667931,RX,0x000,0,,,False,False,False
2026-02-11T14:54:02.646403,594.667931,RX,0x1E0,0,,,False,False,False
2026-02-11T14:54:02.646403,594.667931,RX,0x000,128,E0 01 00 00 00 00 00 00,........,False,True,True
2026-02-11T14:54:02.646403,594.667931,RX,0x000,128,00 38 9B 71 80 02 00 00,.8.q....,False,False,False
2026-02-11T14:54:02.646403,594.667931,RX,0x000,0,,,False,False,False
2026-02-11T14:54:02.646403,594.667931,RX,0x1E0,0,,,False,False,False
2026-02-11T14:54:02.646403,594.667931,RX,0x000,128,E0 01 00 00 00 00 00 00,........,False,True,True
2026-02-11T14:54:02.646403,594.667931,RX,0x000,128,00 38 9B 71 80 02 00 00,.8.q....,False,False,False
2026-02-11T14:54:02.646403,594.667931,RX,0x000,0,,,False,False,False
2026-02-11T14:54:02.647917,594.667931,RX,0x1E0,0,,,False,False,False
2026-02-11T14:54:02.647917,594.669445,RX,0x000,128,E0 01 00 00 00 00 00 00,........,False,True,True
2026-02-11T14:54:02.648227,594.669445,RX,0x000,128,00 38 9B 71 80 02 00 00,.8.q....,False,False,False
2026-02-11T14:54:02.648227,594.669755,RX,0x000,0,,,False,False,False
2026-02-11T14:54:02.648227,594.669755,RX,0x1E0,0,,,False,False,False
2026-02-11T14:54:02.648227,594.669755,RX,0x000,128,E0 01 00 00 00 00 00 00,........,False,True,True
2026-02-11T14:54:02.648227,594.669755,RX,0x000,128,00 38 9B 71 80 02 00 00,.8.q....,False,False,False
2026-02-11T14:54:02.648227,594.669755,RX,0x000,0,,,False,False,False
2026-02-11T14:54:02.648227,594.669755,RX,0x1E0,0,,,False,False,False
2026-02-11T14:54:02.649229,594.670757,RX,0x000,128,E0 01 00 00 00 00 00 00,........,False,True,True
2026-02-11T14:54:02.649229,594.670757,RX,0x000,128,00 38 9B 71 80 02 00 00,.8.q....,False,False,False
2026-02-11T14:54:02.649229,594.670757,RX,0x000,0,,,False,False,False
2026-02-11T14:54:02.649229,594.670757,RX,0x1E0,0,,,False,False,False
2026-02-11T14:54:02.649229,594.670757,RX,0x000,128,E0 01 00 00 00 00 00 00,........,False,True,True
2026-02-11T14:54:02.649229,594.670757,RX,0x000,128,00 38 9B 71 80 02 00 00,.8.q....,False,False,False
2026-02-11T14:54:02.649229,594.670757,RX,0x000,0,,,False,False,False
2026-02-11T14:54:02.649229,594.670757,RX,0x1E0,0,,,False,False,False
2026-02-11T14:54:02.649229,594.670757,RX,0x000,128,E0 01 00 00 00 00 00 00,........,False,True,True
2026-02-11T14:54:02.650410,594.670757,RX,0x000,128,00 38 9B 71 80 02 00 00,.8.q....,False,False,False
2026-02-11T14:54:02.650410,594.671937,RX,0x000,0,,,False,False,False
2026-02-11T14:54:02.650410,594.671937,RX,0x1E0,0,,,False,False,False
2026-02-11T14:54:02.650410,594.671937,RX,0x000,128,E0 01 00 00 00 00 00 00,........,False,True,True
2026-02-11T14:54:02.650410,594.671937,RX,0x000,128,00 38 9B 71 80 02 00 00,.8.q....,False,False,False
2026-02-11T14:54:02.650410,594.671937,RX,0x000,0,,,False,False,False
2026-02-11T14:54:02.650410,594.671937,RX,0x1E0,0,,,False,False,False
2026-02-11T14:54:02.650410,594.671937,RX,0x000,128,E0 01 00 00 00 00 00 00,........,False,True,True
2026-02-11T14:54:02.651425,594.672953,RX,0x000,128,00 38 9B 71 80 02 00 00,.8.q....,False,False,False
2026-02-11T14:54:02.651425,594.672953,RX,0x000,0,,,False,False,False
2026-02-11T14:54:02.651425,594.672953,RX,0x1E0,0,,,False,False,False
2026-02-11T14:54:02.651425,594.672953,RX,0x000,128,E0 01 00 00 00 00 00 00,........,False,True,True
2026-02-11T14:54:02.651425,594.672953,RX,0x000,128,00 38 9B 71 80 02 00 00,.8.q....,False,False,False
2026-02-11T14:54:02.651425,594.672953,RX,0x000,0,,,False,False,False
2026-02-11T14:54:02.651425,594.672953,RX,0x1E0,0,,,False,False,False
2026-02-11T14:54:02.651425,594.672953,RX,0x000,128,E0 01 00 00 00 00 00 00,........,False,True,True
2026-02-11T14:54:02.652454,594.673981,RX,0x000,128,00 38 9B 71 80 02 00 00,.8.q....,False,False,False
2026-02-11T14:54:02.652454,594.673981,RX,0x000,0,,,False,False,False
2026-02-11T14:54:02.652454,594.673981,RX,0x1E0,0,,,False,False,False
2026-02-11T14:54:02.652454,594.673981,RX,0x000,128,E0 01 00 00 00 00 00 00,........,False,True,True
2026-02-11T14:54:02.652454,594.673981,RX,0x000,128,00 38 9B 71 80 02 00 00,.8.q....,False,False,False
2026-02-11T14:54:02.652454,594.673981,RX,0x000,0,,,False,False,False
2026-02-11T14:54:02.652454,594.673981,RX,0x1E0,0,,,False,False,False
2026-02-11T14:54:02.652454,594.673981,RX,0x000,128,E0 01 00 00 00 00 00 00,........,False,True,True
2026-02-11T14:54:02.653476,594.675004,RX,0x000,128,00 38 9B 71 80 02 00 00,.8.q....,False,False,False
2026-02-11T14:54:02.653476,594.675004,RX,0x000,0,,,False,False,False
2026-02-11T14:54:02.653476,594.675004,RX,0x1E0,0,,,False,False,False
2026-02-11T14:54:02.653476,594.675004,RX,0x000,128,E0 01 00 00 00 00 00 00,........,False,True,True
2026-02-11T14:54:02.653476,594.675004,RX,0x000,128,00 38 9B 71 80 02 00 00,.8.q....,False,False,False
2026-02-11T14:54:02.653476,594.675004,RX,0x000,0,,,False,False,False
2026-02-11T14:54:02.653476,594.675004,RX,0x1E0,0,,,False,False,False
2026-02-11T14:54:02.653476,594.675004,RX,0x000,128,E0 01 00 00 00 00 00 00,........,False,True,True
2026-02-11T14:54:02.653476,594.675004,RX,0x000,128,00 38 9B 71 80 02 00 00,.8.q....,False,False,False
2026-02-11T14:54:02.653476,594.675004,RX,0x000,0,,,False,False,False
2026-02-11T14:54:02.654530,594.676058,RX,0x1E0,0,,,False,False,False
2026-02-11T14:54:02.654530,594.676058,RX,0x000,128,E0 01 00 00 00 00 00 00,........,False,True,True
2026-02-11T14:54:02.654530,594.676058,RX,0x000,128,00 38 9B 71 80 02 00 00,.8.q....,False,False,False
2026-02-11T14:54:02.654530,594.676058,RX,0x000,0,,,False,False,False
2026-02-11T14:54:02.654530,594.676058,RX,0x1E0,0,,,False,False,False
2026-02-11T14:54:02.654530,594.676058,RX,0x000,128,E0 01 00 00 00 00 00 00,........,False,True,True
2026-02-11T14:54:02.654530,594.676058,RX,0x000,128,00 38 9B 71 80 02 00 00,.8.q....,False,False,False
2026-02-11T14:54:02.654530,594.676058,RX,0x000,0,,,False,False,False
2026-02-11T14:54:02.654530,594.676058,RX,0x1E0,0,,,False,False,False
2026-02-11T14:54:02.655536,594.677064,RX,0x000,128,E0 01 00 00 00 00 00 00,........,False,True,True
2026-02-11T14:54:02.655536,594.677064,RX,0x000,128,00 38 9B 71 80 02 00 00,.8.q....,False,False,False
2026-02-11T14:54:02.655536,594.677064,RX,0x000,0,,,False,False,False
2026-02-11T14:54:02.655536,594.677064,RX,0x1E0,0,,,False,False,False
2026-02-11T14:54:02.655536,594.677064,RX,0x000,128,E0 01 00 00 00 00 00 00,........,False,True,True
2026-02-11T14:54:02.655536,594.677064,RX,0x000,128,00 38 9B 71 80 02 00 00,.8.q....,False,False,False
2026-02-11T14:54:02.655536,594.677064,RX,0x000,0,,,False,False,False
2026-02-11T14:54:02.655536,594.677064,RX,0x1E0,0,,,False,False,False
2026-02-11T14:54:02.655536,594.677064,RX,0x000,128,E0 01 00 00 00 00 00 00,........,False,True,True
2026-02-11T14:54:02.655536,594.677064,RX,0x000,128,00 38 9B 71 80 02 00 00,.8.q....,False,False,False
2026-02-11T14:54:02.655536,594.677064,RX,0x000,0,,,False,False,False
2026-02-11T14:54:02.656795,594.678323,RX,0x1E0,0,,,False,False,False
2026-02-11T14:54:02.656795,594.678323,RX,0x000,128,E0 01 00 00 00 00 00 00,........,False,True,True
2026-02-11T14:54:02.656795,594.678323,RX,0x000,128,00 38 9B 71 80 02 00 00,.8.q....,False,False,False
2026-02-11T14:54:02.656795,594.678323,RX,0x000,0,,,False,False,False
2026-02-11T14:54:02.656795,594.678323,RX,0x1E0,0,,,False,False,False
2026-02-11T14:54:02.656795,594.678323,RX,0x000,128,E0 01 00 00 00 00 00 00,........,False,True,True
2026-02-11T14:54:02.656795,594.678323,RX,0x000,128,00 38 9B 71 80 02 00 00,.8.q....,False,False,False
2026-02-11T14:54:02.656795,594.678323,RX,0x000,0,,,False,False,False
2026-02-11T14:54:02.656795,594.678323,RX,0x1E0,0,,,False,False,False
2026-02-11T14:54:02.656795,594.678323,RX,0x000,128,E0 01 00 00 00 00 00 00,........,False,True,True
2026-02-11T14:54:02.656795,594.678323,RX,0x000,128,00 38 9B 71 80 02 00 00,.8.q....,False,False,False
2026-02-11T14:54:02.656795,594.678323,RX,0x000,0,,,False,False,False
2026-02-11T14:54:02.656795,594.678323,RX,0x1E0,0,,,False,False,False
2026-02-11T14:54:02.656795,594.678323,RX,0x000,128,E0 01 00 00 00 00 00 00,........,False,True,True
2026-02-11T14:54:02.658308,594.679837,RX,0x000,128,00 38 9B 71 80 02 00 00,.8.q....,False,False,False
2026-02-11T14:54:02.658308,594.679837,RX,0x000,0,,,False,False,False
2026-02-11T14:54:02.658308,594.679837,RX,0x1E0,0,,,False,False,False
2026-02-11T14:54:02.658308,594.679837,RX,0x000,128,E0 01 00 00 00 00 00 00,........,False,True,True
2026-02-11T14:54:02.658308,594.679837,RX,0x000,128,00 38 9B 71 80 02 00 00,.8.q....,False,False,False
2026-02-11T14:54:02.658308,594.679837,RX,0x000,0,,,False,False,False
2026-02-11T14:54:02.658308,594.679837,RX,0x1E0,0,,,False,False,False
2026-02-11T14:54:02.658308,594.679837,RX,0x000,128,E0 01 00 00 00 00 00 00,........,False,True,True
2026-02-11T14:54:02.658308,594.679837,RX,0x000,128,00 38 9B 71 80 02 00 00,.8.q....,False,False,False
2026-02-11T14:54:02.659356,594.680883,RX,0x000,0,,,False,False,False
2026-02-11T14:54:02.659356,594.680883,RX,0x1E0,0,,,False,False,False
2026-02-11T14:54:02.659356,594.680883,RX,0x000,128,E0 01 00 00 00 00 00 00,........,False,True,True
2026-02-11T14:54:02.659356,594.680883,RX,0x000,128,00 38 9B 71 80 02 00 00,.8.q....,False,False,False
2026-02-11T14:54:02.659356,594.680883,RX,0x000,0,,,False,False,False
2026-02-11T14:54:02.659356,594.680883,RX,0x1E0,0,,,False,False,False
2026-02-11T14:54:02.659356,594.680883,RX,0x000,128,E0 01 00 00 00 00 00 00,........,False,True,True
2026-02-11T14:54:02.659356,594.680883,RX,0x000,128,00 38 9B 71 80 02 00 00,.8.q....,False,False,False
2026-02-11T14:54:02.659356,594.680883,RX,0x000,0,,,False,False,False
2026-02-11T14:54:02.659356,594.680883,RX,0x1E0,0,,,False,False,False
2026-02-11T14:54:02.659356,594.680883,RX,0x000,128,E0 01 00 00 00 00 00 00,........,False,True,True
2026-02-11T14:54:02.659356,594.680883,RX,0x000,128,00 38 9B 71 80 02 00 00,.8.q....,False,False,False
2026-02-11T14:54:02.659356,594.680883,RX,0x000,0,,,False,False,False
2026-02-11T14:54:02.659356,594.680883,RX,0x1E0,0,,,False,False,False
2026-02-11T14:54:02.659356,594.680883,RX,0x000,128,E0 01 00 00 00 00 00 00,........,False,True,True
2026-02-11T14:54:02.659356,594.680883,RX,0x000,128,00 38 9B 71 80 02 00 00,.8.q....,False,False,False
2026-02-11T14:54:02.659356,594.680883,RX,0x000,0,,,False,False,False
2026-02-11T14:54:02.659356,594.680883,RX,0x1E0,0,,,False,False,False
2026-02-11T14:54:02.660863,594.682391,RX,0x000,128,E0 01 00 00 00 00 00 00,........,False,True,True
2026-02-11T14:54:02.660863,594.682391,RX,0x000,128,00 38 9B 71 80 02 00 00,.8.q....,False,False,False
2026-02-11T14:54:02.660863,594.682391,RX,0x000,0,,,False,False,False
2026-02-11T14:54:02.660863,594.682391,RX,0x1E0,0,,,False,False,False
2026-02-11T14:54:02.660863,594.682391,RX,0x000,128,E0 01 00 00 00 00 00 00,........,False,True,True
2026-02-11T14:54:02.660863,594.682391,RX,0x000,128,00 38 9B 71 80 02 00 00,.8.q....,False,False,False
2026-02-11T14:54:02.660863,594.682391,RX,0x000,0,,,False,False,False
2026-02-11T14:54:02.660863,594.682391,RX,0x1E0,0,,,False,False,False
2026-02-11T14:54:02.660863,594.682391,RX,0x000,128,E0 01 00 00 00 00 00 00,........,False,True,True
2026-02-11T14:54:02.660863,594.682391,RX,0x000,128,00 38 9B 71 80 02 00 00,.8.q....,False,False,False
2026-02-11T14:54:02.660863,594.682391,RX,0x000,0,,,False,False,False
2026-02-11T14:54:02.660863,594.682391,RX,0x1E0,0,,,False,False,False
2026-02-11T14:54:02.660863,594.682391,RX,0x000,128,E0 01 00 00 00 00 00 00,........,False,True,True
2026-02-11T14:54:02.660863,594.682391,RX,0x000,128,00 38 9B 71 80 02 00 00,.8.q....,False,False,False
2026-02-11T14:54:02.661989,594.683517,RX,0x000,0,,,False,False,False
2026-02-11T14:54:02.661989,594.683517,RX,0x1E0,0,,,False,False,False
2026-02-11T14:54:02.661989,594.683517,RX,0x000,128,E0 01 00 00 00 00 00 00,........,False,True,True
2026-02-11T14:54:02.661989,594.683517,RX,0x000,128,00 38 9B 71 80 02 00 00,.8.q....,False,False,False
2026-02-11T14:54:02.661989,594.683517,RX,0x000,0,,,False,False,False
2026-02-11T14:54:02.661989,594.683517,RX,0x1E0,0,,,False,False,False
2026-02-11T14:54:02.661989,594.683517,RX,0x000,128,E0 01 00 00 00 00 00 00,........,False,True,True
2026-02-11T14:54:02.661989,594.683517,RX,0x000,128,00 38 9B 71 80 02 00 00,.8.q....,False,False,False
2026-02-11T14:54:02.661989,594.683517,RX,0x000,0,,,False,False,False
2026-02-11T14:54:02.661989,594.683517,RX,0x1E0,0,,,False,False,False
2026-02-11T14:54:02.661989,594.683517,RX,0x000,128,E0 01 00 00 00 00 00 00,........,False,True,True
2026-02-11T14:54:02.661989,594.683517,RX,0x000,128,00 38 9B 71 80 02 00 00,.8.q....,False,False,False
2026-02-11T14:54:02.663015,594.683517,RX,0x000,0,,,False,False,False
2026-02-11T14:54:02.663015,594.684543,RX,0x1E0,0,,,False,False,False
2026-02-11T14:54:02.663015,594.684543,RX,0x000,128,E0 01 00 00 00 00 00 00,........,False,True,True
2026-02-11T14:54:02.663015,594.684543,RX,0x000,128,00 38 9B 71 80 02 00 00,.8.q....,False,False,False
2026-02-11T14:54:02.663015,594.684543,RX,0x000,0,,,False,False,False
2026-02-11T14:54:02.663015,594.684543,RX,0x1E0,0,,,False,False,False
2026-02-11T14:54:02.663015,594.684543,RX,0x000,128,E0 01 00 00 00 00 00 00,........,False,True,True
2026-02-11T14:54:02.663015,594.684543,RX,0x000,128,00 38 9B 71 80 02 00 00,.8.q....,False,False,False
2026-02-11T14:54:02.663015,594.684543,RX,0x000,0,,,False,False,False
2026-02-11T14:54:02.663015,594.684543,RX,0x1E0,0,,,False,False,False
2026-02-11T14:54:02.663015,594.684543,RX,0x000,128,E0 01 00 00 00 00 00 00,........,False,True,True
2026-02-11T14:54:02.663015,594.684543,RX,0x000,128,00 38 9B 71 80 02 00 00,.8.q....,False,False,False
2026-02-11T14:54:02.663015,594.684543,RX,0x000,0,,,False,False,False
2026-02-11T14:54:02.664179,594.685707,RX,0x1E0,0,,,False,False,False
2026-02-11T14:54:02.664179,594.685707,RX,0x000,128,E0 01 00 00 00 00 00 00,........,False,True,True
2026-02-11T14:54:02.664179,594.685707,RX,0x000,128,00 38 9B 71 80 02 00 00,.8.q....,False,False,False
2026-02-11T14:54:02.664179,594.685707,RX,0x000,0,,,False,False,False
2026-02-11T14:54:02.664179,594.685707,RX,0x1E0,0,,,False,False,False
2026-02-11T14:54:02.664179,594.685707,RX,0x000,128,E0 01 00 00 00 00 00 00,........,False,True,True
2026-02-11T14:54:02.664179,594.685707,RX,0x000,128,00 38 9B 71 80 02 00 00,.8.q....,False,False,False
2026-02-11T14:54:02.664179,594.685707,RX,0x000,0,,,False,False,False
2026-02-11T14:54:02.664179,594.685707,RX,0x1E0,0,,,False,False,False
2026-02-11T14:54:02.664179,594.685707,RX,0x000,128,E0 01 00 00 00 00 00 00,........,False,True,True
2026-02-11T14:54:02.664179,594.685707,RX,0x000,128,00 38 9B 71 80 02 00 00,.8.q....,False,False,False
2026-02-11T14:54:02.664179,594.685707,RX,0x000,0,,,False,False,False
2026-02-11T14:54:02.664179,594.685707,RX,0x1E0,0,,,False,False,False
2026-02-11T14:54:02.665205,594.686733,RX,0x000,128,E0 01 00 00 00 00 00 00,........,False,True,True
2026-02-11T14:54:02.665205,594.686733,RX,0x000,128,00 38 9B 71 80 02 00 00,.8.q....,False,False,False
2026-02-11T14:54:02.665205,594.686733,RX,0x000,0,,,False,False,False
2026-02-11T14:54:02.665205,594.686733,RX,0x1E0,0,,,False,False,False
2026-02-11T14:54:02.665205,594.686733,RX,0x000,128,E0 01 00 00 00 00 00 00,........,False,True,True
2026-02-11T14:54:02.665205,594.686733,RX,0x000,128,00 38 9B 71 80 02 00 00,.8.q....,False,False,False
2026-02-11T14:54:02.666218,594.687746,RX,0x000,0,,,False,False,False
2026-02-11T14:54:02.666218,594.687746,RX,0x1E0,0,,,False,False,False
2026-02-11T14:54:02.666218,594.687746,RX,0x000,128,E0 01 00 00 00 00 00 00,........,False,True,True
2026-02-11T14:54:02.666218,594.687746,RX,0x000,128,00 38 9B 71 80 02 00 00,.8.q....,False,False,False
2026-02-11T14:54:02.666218,594.687746,RX,0x000,0,,,False,False,False
2026-02-11T14:54:02.666218,594.687746,RX,0x1E0,0,,,False,False,False
2026-02-11T14:54:02.667233,594.688761,RX,0x000,128,E0 01 00 00 00 00 00 00,........,False,True,True
2026-02-11T14:54:02.667233,594.688761,RX,0x000,128,00 38 9B 71 80 02 00 00,.8.q....,False,False,False
2026-02-11T14:54:02.667233,594.688761,RX,0x000,0,,,False,False,False
2026-02-11T14:54:02.668234,594.689762,RX,0x1E0,0,,,False,False,False
2026-02-11T14:54:02.668234,594.689762,RX,0x000,128,E0 01 00 00 00 00 00 00,........,False,True,True
2026-02-11T14:54:02.668234,594.689762,RX,0x000,128,00 38 9B 71 80 02 00 00,.8.q....,False,False,False
2026-02-11T14:54:02.668745,594.690273,RX,0x000,0,,,False,False,False
2026-02-11T14:54:02.668745,594.690273,RX,0x1E0,0,,,False,False,False
2026-02-11T14:54:02.668745,594.690273,RX,0x000,128,E0 01 00 00 00 00 00 00,........,False,True,True
2026-02-11T14:54:02.668745,594.690273,RX,0x000,128,00 38 9B 71 80 02 00 00,.8.q....,False,False,False
2026-02-11T14:54:02.668745,594.690273,RX,0x000,0,,,False,False,False
2026-02-11T14:54:02.669771,594.691298,RX,0x1E0,0,,,False,False,False
2026-02-11T14:54:02.669771,594.691298,RX,0x000,128,E0 01 00 00 00 00 00 00,........,False,True,True
2026-02-11T14:54:02.669771,594.691298,RX,0x000,128,00 38 9B 71 80 02 00 00,.8.q....,False,False,False
2026-02-11T14:54:02.669771,594.691298,RX,0x000,0,,,False,False,False
2026-02-11T14:54:02.669771,594.691298,RX,0x1E0,0,,,False,False,False
2026-02-11T14:54:02.669771,594.691298,RX,0x000,128,E0 01 00 00 00 00 00 00,........,False,True,True
2026-02-11T14:54:02.669771,594.691298,RX,0x000,128,00 38 9B 71 80 02 00 00,.8.q....,False,False,False
2026-02-11T14:54:02.669771,594.691298,RX,0x000,0,,,False,False,False
2026-02-11T14:54:02.669771,594.691298,RX,0x1E0,0,,,False,False,False
2026-02-11T14:54:02.671052,594.692580,RX,0x000,128,E0 01 00 00 00 00 00 00,........,False,True,True
2026-02-11T14:54:02.671052,594.692580,RX,0x000,128,00 38 9B 71 80 02 00 00,.8.q....,False,False,False
2026-02-11T14:54:02.671052,594.692580,RX,0x000,0,,,False,False,False
2026-02-11T14:54:02.671052,594.692580,RX,0x1E0,0,,,False,False,False
2026-02-11T14:54:02.671052,594.692580,RX,0x000,128,E0 01 00 00 00 00 00 00,........,False,True,True
2026-02-11T14:54:02.671052,594.692580,RX,0x000,128,00 38 9B 71 80 02 00 00,.8.q....,False,False,False
2026-02-11T14:54:02.671052,594.692580,RX,0x000,0,,,False,False,False
2026-02-11T14:54:02.671052,594.692580,RX,0x1E0,0,,,False,False,False
2026-02-11T14:54:02.671052,594.692580,RX,0x000,128,E0 01 00 00 00 00 00 00,........,False,True,True
2026-02-11T14:54:02.671052,594.692580,RX,0x000,128,00 38 9B 71 80 02 00 00,.8.q....,False,False,False
2026-02-11T14:54:02.672076,594.692580,RX,0x000,0,,,False,False,False
2026-02-11T14:54:02.672076,594.693604,RX,0x1E0,0,,,False,False,False
2026-02-11T14:54:02.672076,594.693604,RX,0x000,128,E0 01 00 00 00 00 00 00,........,False,True,True
2026-02-11T14:54:02.672076,594.693604,RX,0x000,128,00 38 9B 71 80 02 00 00,.8.q....,False,False,False
2026-02-11T14:54:02.672076,594.693604,RX,0x000,0,,,False,False,False
2026-02-11T14:54:02.672076,594.693604,RX,0x1E0,0,,,False,False,False
2026-02-11T14:54:02.672076,594.693604,RX,0x000,128,E0 01 00 00 00 00 00 00,........,False,True,True
2026-02-11T14:54:02.672076,594.693604,RX,0x000,128,00 38 9B 71 80 02 00 00,.8.q....,False,False,False
2026-02-11T14:54:02.672076,594.693604,RX,0x000,0,,,False,False,False
2026-02-11T14:54:02.672076,594.693604,RX,0x1E0,0,,,False,False,False
2026-02-11T14:54:02.673075,594.694603,RX,0x000,128,E0 01 00 00 00 00 00 00,........,False,True,True
2026-02-11T14:54:02.673075,594.694603,RX,0x000,128,00 38 9B 71 80 02 00 00,.8.q....,False,False,False
2026-02-11T14:54:02.673075,594.694603,RX,0x000,0,,,False,False,False
2026-02-11T14:54:02.673075,594.694603,RX,0x1E0,0,,,False,False,False
2026-02-11T14:54:02.673075,594.694603,RX,0x000,128,E0 01 00 00 00 00 00 00,........,False,True,True
2026-02-11T14:54:02.673075,594.694603,RX,0x000,128,00 38 9B 71 80 02 00 00,.8.q....,False,False,False
2026-02-11T14:54:02.673075,594.694603,RX,0x000,0,,,False,False,False
2026-02-11T14:54:02.673075,594.694603,RX,0x1E0,0,,,False,False,False
2026-02-11T14:54:02.673075,594.694603,RX,0x000,128,E0 01 00 00 00 00 00 00,........,False,True,True
2026-02-11T14:54:02.674103,594.695631,RX,0x000,128,00 38 9B 71 80 02 00 00,.8.q....,False,False,False
2026-02-11T14:54:02.674103,594.695631,RX,0x000,0,,,False,False,False
2026-02-11T14:54:02.674103,594.695631,RX,0x1E0,0,,,False,False,False
2026-02-11T14:54:02.674103,594.695631,RX,0x000,128,E0 01 00 00 00 00 00 00,........,False,True,True
2026-02-11T14:54:02.674103,594.695631,RX,0x000,128,00 38 9B 71 80 02 00 00,.8.q....,False,False,False
2026-02-11T14:54:02.674103,594.695631,RX,0x000,0,,,False,False,False
2026-02-11T14:54:02.674103,594.695631,RX,0x1E0,0,,,False,False,False
2026-02-11T14:54:02.674103,594.695631,RX,0x000,128,E0 01 00 00 00 00 00 00,........,False,True,True
2026-02-11T14:54:02.674103,594.695631,RX,0x000,128,00 38 9B 71 80 02 00 00,.8.q....,False,False,False
2026-02-11T14:54:02.674103,594.695631,RX,0x000,0,,,False,False,False
2026-02-11T14:54:02.674103,594.695631,RX,0x1E0,0,,,False,False,False
2026-02-11T14:54:02.675110,594.696638,RX,0x000,128,E0 01 00 00 00 00 00 00,........,False,True,True
2026-02-11T14:54:02.675110,594.696638,RX,0x000,128,00 38 9B 71 80 02 00 00,.8.q....,False,False,False
2026-02-11T14:54:02.675110,594.696638,RX,0x000,0,,,False,False,False
2026-02-11T14:54:02.675110,594.696638,RX,0x1E0,0,,,False,False,False
2026-02-11T14:54:02.675110,594.696638,RX,0x000,128,E0 01 00 00 00 00 00 00,........,False,True,True
2026-02-11T14:54:02.675110,594.696638,RX,0x000,128,00 38 9B 71 80 02 00 00,.8.q....,False,False,False
2026-02-11T14:54:02.675110,594.696638,RX,0x000,0,,,False,False,False
2026-02-11T14:54:02.675110,594.696638,RX,0x1E0,0,,,False,False,False
2026-02-11T14:54:02.675110,594.696638,RX,0x000,128,E0 01 00 00 00 00 00 00,........,False,True,True
2026-02-11T14:54:02.675110,594.696638,RX,0x000,128,00 38 9B 71 80 02 00 00,.8.q....,False,False,False
2026-02-11T14:54:02.675110,594.696638,RX,0x000,0,,,False,False,False
2026-02-11T14:54:02.675110,594.696638,RX,0x1E0,0,,,False,False,False
2026-02-11T14:54:02.675110,594.696638,RX,0x000,128,E0 01 00 00 00 00 00 00,........,False,True,True
2026-02-11T14:54:02.675110,594.696638,RX,0x000,128,00 38 9B 71 80 02 00 00,.8.q....,False,False,False
2026-02-11T14:54:02.676109,594.697637,RX,0x000,0,,,False,False,False
2026-02-11T14:54:02.676109,594.697637,RX,0x1E0,0,,,False,False,False
2026-02-11T14:54:02.676109,594.697637,RX,0x000,128,E0 01 00 00 00 00 00 00,........,False,True,True
2026-02-11T14:54:02.676109,594.697637,RX,0x000,128,00 38 9B 71 80 02 00 00,.8.q....,False,False,False
2026-02-11T14:54:02.676109,594.697637,RX,0x000,0,,,False,False,False
2026-02-11T14:54:02.676109,594.697637,RX,0x1E0,0,,,False,False,False
2026-02-11T14:54:02.676109,594.697637,RX,0x000,128,E0 01 00 00 00 00 00 00,........,False,True,True
2026-02-11T14:54:02.676109,594.697637,RX,0x000,128,00 38 9B 71 80 02 00 00,.8.q....,False,False,False
2026-02-11T14:54:02.676109,594.697637,RX,0x000,0,,,False,False,False
2026-02-11T14:54:02.676109,594.697637,RX,0x1E0,0,,,False,False,False
2026-02-11T14:54:02.676109,594.697637,RX,0x000,128,E0 01 00 00 00 00 00 00,........,False,True,True
2026-02-11T14:54:02.677174,594.698702,RX,0x000,128,00 38 9B 71 80 02 00 00,.8.q....,False,False,False
2026-02-11T14:54:02.677174,594.698702,RX,0x000,0,,,False,False,False
2026-02-11T14:54:02.677174,594.698702,RX,0x1E0,0,,,False,False,False
2026-02-11T14:54:02.677174,594.698702,RX,0x000,128,E0 01 00 00 00 00 00 00,........,False,True,True
2026-02-11T14:54:02.677174,594.698702,RX,0x000,128,00 38 9B 71 80 02 00 00,.8.q....,False,False,False
2026-02-11T14:54:02.677174,594.698702,RX,0x000,0,,,False,False,False
2026-02-11T14:54:02.677174,594.698702,RX,0x1E0,0,,,False,False,False
2026-02-11T14:54:02.678181,594.699709,RX,0x000,128,E0 01 00 00 00 00 00 00,........,False,True,True
2026-02-11T14:54:02.678181,594.699709,RX,0x000,128,00 38 9B 71 80 02 00 00,.8.q....,False,False,False
2026-02-11T14:54:02.678181,594.699709,RX,0x000,0,,,False,False,False
2026-02-11T14:54:02.678181,594.699709,RX,0x1E0,0,,,False,False,False
2026-02-11T14:54:02.678181,594.699709,RX,0x000,128,E0 01 00 00 00 00 00 00,........,False,True,True
2026-02-11T14:54:02.678181,594.699709,RX,0x000,128,00 38 9B 71 80 02 00 00,.8.q....,False,False,False
2026-02-11T14:54:02.678181,594.699709,RX,0x000,0,,,False,False,False
2026-02-11T14:54:02.678181,594.699709,RX,0x1E0,0,,,False,False,False
2026-02-11T14:54:02.679319,594.700847,RX,0x000,128,E0 01 00 00 00 00 00 00,........,False,True,True
2026-02-11T14:54:02.679319,594.700847,RX,0x000,128,00 38 9B 71 80 02 00 00,.8.q....,False,False,False
2026-02-11T14:54:02.679319,594.700847,RX,0x000,0,,,False,False,False
2026-02-11T14:54:02.679319,594.700847,RX,0x1E0,0,,,False,False,False
2026-02-11T14:54:02.679319,594.700847,RX,0x000,128,E0 01 00 00 00 00 00 00,........,False,True,True
2026-02-11T14:54:02.679832,594.701360,RX,0x000,128,00 38 9B 71 80 02 00 00,.8.q....,False,False,False
2026-02-11T14:54:02.679832,594.701360,RX,0x000,0,,,False,False,False
2026-02-11T14:54:02.679832,594.701360,RX,0x1E0,0,,,False,False,False
2026-02-11T14:54:02.679832,594.701360,RX,0x000,128,E0 01 00 00 00 00 00 00,........,False,True,True
2026-02-11T14:54:02.679832,594.701360,RX,0x000,128,00 38 9B 71 80 02 00 00,.8.q....,False,False,False
2026-02-11T14:54:02.679832,594.701360,RX,0x000,0,,,False,False,False
2026-02-11T14:54:02.679832,594.701360,RX,0x1E0,0,,,False,False,False
2026-02-11T14:54:02.679832,594.701360,RX,0x000,128,E0 01 00 00 00 00 00 00,........,False,True,True
2026-02-11T14:54:02.679832,594.701360,RX,0x000,128,00 38 9B 71 80 02 00 00,.8.q....,False,False,False
2026-02-11T14:54:02.680568,594.702096,RX,0x000,0,,,False,False,False
2026-02-11T14:54:02.680568,594.702096,RX,0x1E0,0,,,False,False,False
2026-02-11T14:54:02.680568,594.702096,RX,0x000,128,E0 01 00 00 00 00 00 00,........,False,True,True
2026-02-11T14:54:02.680568,594.702096,RX,0x000,128,00 38 9B 71 80 02 00 00,.8.q....,False,False,False
2026-02-11T14:54:02.680568,594.702096,RX,0x000,0,,,False,False,False
2026-02-11T14:54:02.680568,594.702096,RX,0x1E0,0,,,False,False,False
2026-02-11T14:54:02.680568,594.702096,RX,0x000,128,E0 01 00 00 00 00 00 00,........,False,True,True
2026-02-11T14:54:02.680568,594.702096,RX,0x000,128,00 38 9B 71 80 02 00 00,.8.q....,False,False,False
2026-02-11T14:54:02.680568,594.702096,RX,0x000,0,,,False,False,False
2026-02-11T14:54:02.681459,594.702987,RX,0x1E0,0,,,False,False,False
2026-02-11T14:54:02.681459,594.702987,RX,0x000,128,E0 01 00 00 00 00 00 00,........,False,True,True
2026-02-11T14:54:02.681459,594.702987,RX,0x000,128,00 38 9B 71 80 02 00 00,.8.q....,False,False,False
2026-02-11T14:54:02.681459,594.702987,RX,0x000,0,,,False,False,False
2026-02-11T14:54:02.681459,594.702987,RX,0x1E0,0,,,False,False,False
2026-02-11T14:54:02.681459,594.702987,RX,0x000,128,E0 01 00 00 00 00 00 00,........,False,True,True
2026-02-11T14:54:02.681459,594.702987,RX,0x000,128,00 38 9B 71 80 02 00 00,.8.q....,False,False,False
2026-02-11T14:54:02.681459,594.702987,RX,0x000,0,,,False,False,False
2026-02-11T14:54:02.681459,594.702987,RX,0x1E0,0,,,False,False,False
2026-02-11T14:54:02.681459,594.702987,RX,0x000,128,E0 01 00 00 00 00 00 00,........,False,True,True
2026-02-11T14:54:02.682517,594.704045,RX,0x000,128,00 38 9B 71 80 02 00 00,.8.q....,False,False,False
2026-02-11T14:54:02.682517,594.704045,RX,0x000,0,,,False,False,False
2026-02-11T14:54:02.682517,594.704045,RX,0x1E0,0,,,False,False,False
2026-02-11T14:54:02.682517,594.704045,RX,0x000,128,E0 01 00 00 00 00 00 00,........,False,True,True
2026-02-11T14:54:02.682517,594.704045,RX,0x000,128,00 38 9B 71 80 02 00 00,.8.q....,False,False,False
2026-02-11T14:54:02.682517,594.704045,RX,0x000,0,,,False,False,False
2026-02-11T14:54:02.682517,594.704045,RX,0x1E0,0,,,False,False,False
2026-02-11T14:54:02.682517,594.704045,RX,0x000,128,E0 01 00 00 00 00 00 00,........,False,True,True
2026-02-11T14:54:02.682517,594.704045,RX,0x000,128,00 38 9B 71 80 02 00 00,.8.q....,False,False,False
2026-02-11T14:54:02.683520,594.705048,RX,0x000,0,,,False,False,False
2026-02-11T14:54:02.683520,594.705048,RX,0x1E0,0,,,False,False,False
2026-02-11T14:54:02.683520,594.705048,RX,0x000,128,E0 01 00 00 00 00 00 00,........,False,True,True
2026-02-11T14:54:02.683520,594.705048,RX,0x000,128,00 38 9B 71 80 02 00 00,.8.q....,False,False,False
2026-02-11T14:54:02.683520,594.705048,RX,0x000,0,,,False,False,False
2026-02-11T14:54:02.683520,594.705048,RX,0x1E0,0,,,False,False,False
2026-02-11T14:54:02.683520,594.705048,RX,0x000,128,E0 01 00 00 00 00 00 00,........,False,True,True
2026-02-11T14:54:02.683520,594.705048,RX,0x000,128,00 38 9B 71 80 02 00 00,.8.q....,False,False,False
2026-02-11T14:54:02.683520,594.705048,RX,0x000,0,,,False,False,False
2026-02-11T14:54:02.684520,594.706048,RX,0x1E0,0,,,False,False,False
2026-02-11T14:54:02.684520,594.706048,RX,0x000,128,E0 01 00 00 00 00 00 00,........,False,True,True
2026-02-11T14:54:02.684520,594.706048,RX,0x000,128,00 38 9B 71 80 02 00 00,.8.q....,False,False,False
2026-02-11T14:54:02.684520,594.706048,RX,0x000,0,,,False,False,False
2026-02-11T14:54:02.684520,594.706048,RX,0x1E0,0,,,False,False,False
2026-02-11T14:54:02.684520,594.706048,RX,0x000,128,E0 01 00 00 00 00 00 00,........,False,True,True
2026-02-11T14:54:02.684520,594.706048,RX,0x000,128,00 38 9B 71 80 02 00 00,.8.q....,False,False,False
2026-02-11T14:54:02.684520,594.706048,RX,0x000,0,,,False,False,False
2026-02-11T14:54:02.684520,594.706048,RX,0x1E0,0,,,False,False,False
2026-02-11T14:54:02.684520,594.706048,RX,0x000,128,E0 01 00 00 00 00 00 00,........,False,True,True
2026-02-11T14:54:02.684520,594.706048,RX,0x000,128,00 38 9B 71 80 02 00 00,.8.q....,False,False,False
2026-02-11T14:54:02.684520,594.706048,RX,0x000,0,,,False,False,False
2026-02-11T14:54:02.684520,594.706048,RX,0x1E0,0,,,False,False,False
2026-02-11T14:54:02.684520,594.706048,RX,0x000,128,E0 01 00 00 00 00 00 00,........,False,True,True
2026-02-11T14:54:02.684520,594.706048,RX,0x000,128,00 38 9B 71 80 02 00 00,.8.q....,False,False,False
2026-02-11T14:54:02.684520,594.706048,RX,0x000,0,,,False,False,False
2026-02-11T14:54:02.684520,594.706048,RX,0x1E0,0,,,False,False,False
2026-02-11T14:54:02.684520,594.706048,RX,0x000,128,E0 01 00 00 00 00 00 00,........,False,True,True
2026-02-11T14:54:02.685743,594.707271,RX,0x000,128,00 38 9B 71 80 02 00 00,.8.q....,False,False,False
2026-02-11T14:54:02.685743,594.707271,RX,0x000,0,,,False,False,False
2026-02-11T14:54:02.685743,594.707271,RX,0x1E0,0,,,False,False,False
2026-02-11T14:54:02.685743,594.707271,RX,0x000,128,E0 01 00 00 00 00 00 00,........,False,True,True
2026-02-11T14:54:02.685743,594.707271,RX,0x000,128,00 38 9B 71 80 02 00 00,.8.q....,False,False,False
2026-02-11T14:54:02.685743,594.707271,RX,0x000,0,,,False,False,False
2026-02-11T14:54:02.685743,594.707271,RX,0x1E0,0,,,False,False,False
2026-02-11T14:54:02.685743,594.707271,RX,0x000,128,E0 01 00 00 00 00 00 00,........,False,True,True
2026-02-11T14:54:02.685743,594.707271,RX,0x000,128,00 38 9B 71 80 02 00 00,.8.q....,False,False,False
2026-02-11T14:54:02.685743,594.707271,RX,0x000,0,,,False,False,False
2026-02-11T14:54:02.685743,594.707271,RX,0x1E0,0,,,False,False,False
2026-02-11T14:54:02.685743,594.707271,RX,0x000,128,E0 01 00 00 00 00 00 00,........,False,True,True
2026-02-11T14:54:02.686765,594.708293,RX,0x000,128,00 38 9B 71 80 02 00 00,.8.q....,False,False,False
2026-02-11T14:54:02.686765,594.708293,RX,0x000,0,,,False,False,False
2026-02-11T14:54:02.686765,594.708293,RX,0x1E0,0,,,False,False,False
2026-02-11T14:54:02.686765,594.708293,RX,0x000,128,E0 01 00 00 00 00 00 00,........,False,True,True
2026-02-11T14:54:02.686765,594.708293,RX,0x000,128,00 38 9B 71 80 02 00 00,.8.q....,False,False,False
2026-02-11T14:54:02.686765,594.708293,RX,0x000,0,,,False,False,False
2026-02-11T14:54:02.686765,594.708293,RX,0x1E0,0,,,False,False,False
2026-02-11T14:54:02.686765,594.708293,RX,0x000,128,E0 01 00 00 00 00 00 00,........,False,True,True
2026-02-11T14:54:02.686765,594.708293,RX,0x000,128,00 38 9B 71 80 02 00 00,.8.q....,False,False,False
2026-02-11T14:54:02.686765,594.708293,RX,0x000,0,,,False,False,False
2026-02-11T14:54:02.686765,594.708293,RX,0x1E0,0,,,False,False,False
2026-02-11T14:54:02.686765,594.708293,RX,0x000,128,E0 01 00 00 00 00 00 00,........,False,True,True
2026-02-11T14:54:02.686765,594.708293,RX,0x000,128,00 38 9B 71 80 02 00 00,.8.q....,False,False,False
2026-02-11T14:54:02.686765,594.708293,RX,0x000,0,,,False,False,False
2026-02-11T14:54:02.686765,594.708293,RX,0x1E0,0,,,False,False,False
2026-02-11T14:54:02.686765,594.708293,RX,0x000,128,E0 01 00 00 00 00 00 00,........,False,True,True
2026-02-11T14:54:02.686765,594.708293,RX,0x000,128,00 38 9B 71 80 02 00 00,.8.q....,False,False,False
2026-02-11T14:54:02.686765,594.708293,RX,0x000,0,,,False,False,False
2026-02-11T14:54:02.686765,594.708293,RX,0x1E0,0,,,False,False,False
2026-02-11T14:54:02.688272,594.709800,RX,0x000,128,E0 01 00 00 00 00 00 00,........,False,True,True
2026-02-11T14:54:02.688272,594.709800,RX,0x000,128,00 38 9B 71 80 02 00 00,.8.q....,False,False,False
2026-02-11T14:54:02.688272,594.709800,RX,0x000,0,,,False,False,False
2026-02-11T14:54:02.688272,594.709800,RX,0x1E0,0,,,False,False,False
2026-02-11T14:54:02.688272,594.709800,RX,0x000,128,E0 01 00 00 00 00 00 00,........,False,True,True
2026-02-11T14:54:02.688272,594.709800,RX,0x000,128,00 38 9B 71 80 02 00 00,.8.q....,False,False,False
2026-02-11T14:54:02.688272,594.709800,RX,0x000,0,,,False,False,False
2026-02-11T14:54:02.688272,594.709800,RX,0x1E0,0,,,False,False,False
2026-02-11T14:54:02.689301,594.710829,RX,0x000,128,E0 01 00 00 00 00 00 00,........,False,True,True
2026-02-11T14:54:02.689301,594.710829,RX,0x000,128,00 38 9B 71 80 02 00 00,.8.q....,False,False,False
2026-02-11T14:54:02.689301,594.710829,RX,0x000,0,,,False,False,False
2026-02-11T14:54:02.689301,594.710829,RX,0x1E0,0,,,False,False,False
2026-02-11T14:54:02.689301,594.710829,RX,0x000,128,E0 01 00 00 00 00 00 00,........,False,True,True
2026-02-11T14:54:02.689301,594.710829,RX,0x000,128,00 38 9B 71 80 02 00 00,.8.q....,False,False,False
2026-02-11T14:54:02.689301,594.710829,RX,0x000,0,,,False,False,False
2026-02-11T14:54:02.689301,594.710829,RX,0x1E0,0,,,False,False,False
2026-02-11T14:54:02.689301,594.710829,RX,0x000,128,E0 01 00 00 00 00 00 00,........,False,True,True
2026-02-11T14:54:02.689301,594.710829,RX,0x000,128,00 38 9B 71 80 02 00 00,.8.q....,False,False,False
2026-02-11T14:54:02.689301,594.710829,RX,0x000,0,,,False,False,False
2026-02-11T14:54:02.689301,594.710829,RX,0x1E0,0,,,False,False,False
2026-02-11T14:54:02.690312,594.711840,RX,0x000,128,E0 01 00 00 00 00 00 00,........,False,True,True
2026-02-11T14:54:02.690312,594.711840,RX,0x000,128,00 38 9B 71 80 02 00 00,.8.q....,False,False,False
2026-02-11T14:54:02.690312,594.711840,RX,0x000,0,,,False,False,False
2026-02-11T14:54:02.690312,594.711840,RX,0x1E0,0,,,False,False,False
2026-02-11T14:54:02.690312,594.711840,RX,0x000,128,E0 01 00 00 00 00 00 00,........,False,True,True
2026-02-11T14:54:02.690312,594.711840,RX,0x000,128,00 38 9B 71 80 02 00 00,.8.q....,False,False,False
2026-02-11T14:54:02.690312,594.711840,RX,0x000,0,,,False,False,False
2026-02-11T14:54:02.690312,594.711840,RX,0x1E0,0,,,False,False,False
2026-02-11T14:54:02.690312,594.711840,RX,0x000,128,E0 01 00 00 00 00 00 00,........,False,True,True
2026-02-11T14:54:02.691332,594.712860,RX,0x000,128,00 38 9B 71 80 02 00 00,.8.q....,False,False,False
2026-02-11T14:54:02.691332,594.712860,RX,0x000,0,,,False,False,False
2026-02-11T14:54:02.691332,594.712860,RX,0x1E0,0,,,False,False,False
2026-02-11T14:54:02.691332,594.712860,RX,0x000,128,E0 01 00 00 00 00 00 00,........,False,True,True
2026-02-11T14:54:02.691332,594.712860,RX,0x000,128,00 38 9B 71 80 02 00 00,.8.q....,False,False,False
2026-02-11T14:54:02.691332,594.712860,RX,0x000,0,,,False,False,False
2026-02-11T14:54:02.691332,594.712860,RX,0x1E0,0,,,False,False,False
2026-02-11T14:54:02.691332,594.712860,RX,0x000,128,E0 01 00 00 00 00 00 00,........,False,True,True
2026-02-11T14:54:02.691332,594.712860,RX,0x000,128,00 38 9B 71 80 02 00 00,.8.q....,False,False,False
2026-02-11T14:54:02.692350,594.713878,RX,0x000,0,,,False,False,False
2026-02-11T14:54:02.692350,594.713878,RX,0x1E0,0,,,False,False,False
2026-02-11T14:54:02.692350,594.713878,RX,0x000,128,E0 01 00 00 00 00 00 00,........,False,True,True
2026-02-11T14:54:02.692350,594.713878,RX,0x000,128,00 38 9B 71 80 02 00 00,.8.q....,False,False,False
2026-02-11T14:54:02.692350,594.713878,RX,0x000,0,,,False,False,False
2026-02-11T14:54:02.692350,594.713878,RX,0x1E0,0,,,False,False,False
2026-02-11T14:54:02.692350,594.713878,RX,0x000,128,E0 01 00 00 00 00 00 00,........,False,True,True
2026-02-11T14:54:02.692350,594.713878,RX,0x000,128,00 38 9B 71 80 02 00 00,.8.q....,False,False,False
2026-02-11T14:54:02.692350,594.713878,RX,0x000,0,,,False,False,False
2026-02-11T14:54:02.692350,594.713878,RX,0x1E0,0,,,False,False,False
2026-02-11T14:54:02.692350,594.713878,RX,0x000,128,E0 01 00 00 00 00 00 00,........,False,True,True
2026-02-11T14:54:02.692350,594.713878,RX,0x000,128,00 38 9B 71 80 02 00 00,.8.q....,False,False,False
2026-02-11T14:54:02.693367,594.714895,RX,0x000,0,,,False,False,False
2026-02-11T14:54:02.693367,594.714895,RX,0x1E0,0,,,False,False,False
2026-02-11T14:54:02.693367,594.714895,RX,0x000,128,E0 01 00 00 00 00 00 00,........,False,True,True
2026-02-11T14:54:02.693367,594.714895,RX,0x000,128,00 38 9B 71 80 02 00 00,.8.q....,False,False,False
2026-02-11T14:54:02.693367,594.714895,RX,0x000,0,,,False,False,False
2026-02-11T14:54:02.693367,594.714895,RX,0x1E0,0,,,False,False,False
2026-02-11T14:54:02.693367,594.714895,RX,0x000,128,E0 01 00 00 00 00 00 00,........,False,True,True
2026-02-11T14:54:02.694655,594.716183,RX,0x000,128,00 38 9B 71 80 02 00 00,.8.q....,False,False,False
2026-02-11T14:54:02.694655,594.716183,RX,0x000,0,,,False,False,False
2026-02-11T14:54:02.694655,594.716183,RX,0x1E0,0,,,False,False,False
2026-02-11T14:54:02.694655,594.716183,RX,0x000,128,E0 01 00 00 00 00 00 00,........,False,True,True
2026-02-11T14:54:02.694655,594.716183,RX,0x000,128,00 38 9B 71 80 02 00 00,.8.q....,False,False,False
2026-02-11T14:54:02.694655,594.716183,RX,0x000,0,,,False,False,False
2026-02-11T14:54:02.694655,594.716183,RX,0x1E0,0,,,False,False,False
2026-02-11T14:54:02.694655,594.716183,RX,0x000,128,E0 01 00 00 00 00 00 00,........,False,True,True
2026-02-11T14:54:02.694655,594.716183,RX,0x000,128,00 38 9B 71 80 02 00 00,.8.q....,False,False,False
2026-02-11T14:54:02.694655,594.716183,RX,0x000,0,,,False,False,False
2026-02-11T14:54:02.694655,594.716183,RX,0x1E0,0,,,False,False,False
2026-02-11T14:54:02.694655,594.716183,RX,0x000,128,E0 01 00 00 00 00 00 00,........,False,True,True
2026-02-11T14:54:02.694655,594.716183,RX,0x000,128,00 38 9B 71 80 02 00 00,.8.q....,False,False,False
2026-02-11T14:54:02.694655,594.716183,RX,0x000,0,,,False,False,False
2026-02-11T14:54:02.694655,594.716183,RX,0x1E0,0,,,False,False,False
2026-02-11T14:54:02.694655,594.716183,RX,0x000,128,E0 01 00 00 00 00 00 00,........,False,True,True
2026-02-11T14:54:02.696170,594.717698,RX,0x000,128,00 38 9B 71 80 02 00 00,.8.q....,False,False,False
2026-02-11T14:54:02.696170,594.717698,RX,0x000,0,,,False,False,False
2026-02-11T14:54:02.696170,594.717698,RX,0x1E0,0,,,False,False,False
2026-02-11T14:54:02.696170,594.717698,RX,0x000,128,E0 01 00 00 00 00 00 00,........,False,True,True
2026-02-11T14:54:02.696170,594.717698,RX,0x000,128,00 38 9B 71 80 02 00 00,.8.q....,False,False,False
2026-02-11T14:54:02.696170,594.717698,RX,0x000,0,,,False,False,False
2026-02-11T14:54:02.696170,594.717698,RX,0x1E0,0,,,False,False,False
2026-02-11T14:54:02.696170,594.717698,RX,0x000,128,E0 01 00 00 00 00 00 00,........,False,True,True
2026-02-11T14:54:02.696170,594.717698,RX,0x000,128,00 38 9B 71 80 02 00 00,.8.q....,False,False,False
2026-02-11T14:54:02.696170,594.717698,RX,0x000,0,,,False,False,False
2026-02-11T14:54:02.696170,594.717698,RX,0x1E0,0,,,False,False,False
2026-02-11T14:54:02.697527,594.719055,RX,0x000,128,E0 01 00 00 00 00 00 00,........,False,True,True
2026-02-11T14:54:02.697527,594.719055,RX,0x000,128,00 38 9B 71 80 02 00 00,.8.q....,False,False,False
2026-02-11T14:54:02.697527,594.719055,RX,0x000,0,,,False,False,False
2026-02-11T14:54:02.697527,594.719055,RX,0x1E0,0,,,False,False,False
2026-02-11T14:59:05.346559,9.774265,RX,0x000,0,,,False,False,False
2026-02-11T14:59:05.347601,9.775307,RX,0x010,0,,,False,False,False
