Timestamp,Time_Offset_s,Direction,CAN_ID,DLC,Data_Hex,Data_ASCII,Extended,Remote,Error
2026-01-21T16:51:50.515377,28.274245,RX,0x123,8,01 02 03 04 00 08 89 01,........,False,False,False
2026-01-21T16:51:50.517498,28.276365,RX,0x123,8,02 03 04 05 00 08 89 02,........,False,False,False
2026-01-21T16:51:50.519637,28.278504,RX,0x123,8,03 04 05 06 00 08 89 03,........,False,False,False
2026-01-21T16:51:50.521355,28.280221,RX,0x123,8,04 05 06 07 00 08 89 04,........,False,False,False
2026-01-21T16:51:50.522779,28.281646,RX,0x123,8,05 06 07 08 00 08 89 05,........,False,False,False
2026-01-21T16:51:50.524359,28.283226,RX,0x123,8,06 07 08 09 00 08 89 06,........,False,False,False
2026-01-21T16:51:50.526426,28.285293,RX,0x123,8,07 08 09 0A 00 08 89 07,........,False,False,False
2026-01-21T16:51:50.528221,28.287088,RX,0x123,8,08 09 0A 0B 00 08 89 08,........,False,False,False
2026-01-21T16:51:50.529622,28.288489,RX,0x123,8,09 0A 0B 0C 00 08 89 09,........,False,False,False
2026-01-21T16:51:50.532483,28.291350,RX,0x123,8,0A 0B 0C 0D 00 08 89 0A,........,False,False,False
2026-01-21T16:51:50.534256,28.293123,RX,0x123,8,0B 0C 0D 0E 00 08 89 0B,........,False,False,False
2026-01-21T16:51:50.536363,28.295230,RX,0x123,8,0C 0D 0E 0F 00 08 89 0C,........,False,False,False
2026-01-21T16:51:50.537698,28.296565,RX,0x123,8,0D 0E 0F 10 00 08 89 0D,........,False,False,False
2026-01-21T16:51:50.539325,28.298192,RX,0x123,8,0E 0F 10 11 00 08 89 0E,........,False,False,False
2026-01-21T16:51:50.541347,28.300214,RX,0x123,8,0F 10 11 12 00 08 89 0F,........,False,False,False
2026-01-21T16:51:50.542949,28.301816,RX,0x123,8,10 11 12 13 00 08 89 10,........,False,False,False
2026-01-21T16:51:50.544458,28.303325,RX,0x123,8,11 12 13 14 00 08 89 11,........,False,False,False
2026-01-21T16:51:50.546044,28.304911,RX,0x123,8,12 13 14 15 00 08 89 12,........,False,False,False
2026-01-21T16:51:50.548046,28.306913,RX,0x123,8,13 14 15 16 00 08 89 13,........,False,False,False
2026-01-21T16:51:50.549856,28.308723,RX,0x123,8,14 15 16 17 00 08 89 14,........,False,False,False
2026-01-21T16:51:50.551791,28.310658,RX,0x123,8,15 16 17 18 00 08 89 15,........,False,False,False
2026-01-21T16:51:50.553381,28.312248,RX,0x123,8,16 17 18 19 00 08 89 16,........,False,False,False
2026-01-21T16:51:50.555398,28.314265,RX,0x123,8,17 18 19 1A 00 08 89 17,........,False,False,False
2026-01-21T16:51:50.556548,28.315415,RX,0x123,8,18 19 1A 1B 00 08 89 18,........,False,False,False
2026-01-21T16:51:50.558915,28.317782,RX,0x123,8,19 1A 1B 1C 00 08 89 19,........,False,False,False
2026-01-21T16:51:50.560448,28.319315,RX,0x123,8,1A 1B 1C 1D 00 08 89 1A,........,False,False,False
2026-01-21T16:51:50.562065,28.320931,RX,0x123,8,1B 1C 1D 1E 00 08 89 1B,........,False,False,False
2026-01-21T16:51:50.563522,28.322389,RX,0x123,8,1C 1D 1E 1F 00 08 89 1C,........,False,False,False
2026-01-21T16:51:50.565001,28.323868,RX,0x123,8,1D 1E 1F 20 00 08 89 1D,... ....,False,False,False
2026-01-21T16:51:50.566449,28.325316,RX,0x123,8,1E 1F 20 21 00 08 89 1E,.. !....,False,False,False
2026-01-21T16:51:50.567988,28.326854,RX,0x123,8,1F 20 21 22 00 08 89 1F,". !""....",False,False,False
2026-01-21T16:51:50.569560,28.328427,RX,0x123,8,20 21 22 23 00 08 89 20," !""#... ",False,False,False
2026-01-21T16:51:50.571267,28.330134,RX,0x123,8,21 22 23 24 00 08 89 21,"!""#$...!",False,False,False
2026-01-21T16:51:50.572676,28.331543,RX,0x123,8,22 23 24 25 00 08 89 22,"""#$%...""",False,False,False
2026-01-21T16:51:50.574052,28.332919,RX,0x123,8,23 24 25 26 00 08 89 23,#$%&...#,False,False,False
2026-01-21T16:51:50.575586,28.334453,RX,0x123,8,24 25 26 27 00 08 89 24,$%&'...$,False,False,False
2026-01-21T16:51:50.577081,28.335948,RX,0x123,8,25 26 27 28 00 08 89 25,%&'(...%,False,False,False
2026-01-21T16:51:50.578559,28.337426,RX,0x123,8,26 27 28 29 00 08 89 26,&'()...&,False,False,False
2026-01-21T16:51:50.580093,28.338960,RX,0x123,8,27 28 29 2A 00 08 89 27,'()*...',False,False,False
2026-01-21T16:51:50.582090,28.340956,RX,0x123,8,28 29 2A 2B 00 08 89 28,()*+...(,False,False,False
2026-01-21T16:51:50.584498,28.343365,RX,0x123,8,29 2A 2B 2C 00 08 89 29,")*+,...)",False,False,False
2026-01-21T16:51:50.586677,28.345544,RX,0x123,8,2A 2B 2C 2D 00 08 89 2A,"*+,-...*",False,False,False
2026-01-21T16:51:50.588707,28.347574,RX,0x123,8,2B 2C 2D 2E 00 08 89 2B,"+,-....+",False,False,False
2026-01-21T16:51:50.590467,28.349334,RX,0x123,8,2C 2D 2E 2F 00 08 89 2C,",-./...,",False,False,False
2026-01-21T16:51:50.592419,28.351286,RX,0x123,8,2D 2E 2F 30 00 08 89 2D,-./0...-,False,False,False
2026-01-21T16:51:50.593751,28.352618,RX,0x123,8,2E 2F 30 31 00 08 89 2E,./01....,False,False,False
2026-01-21T16:51:50.595093,28.353961,RX,0x123,8,2F 30 31 32 00 08 89 2F,/012.../,False,False,False
2026-01-21T16:51:50.596534,28.355401,RX,0x123,8,30 31 32 33 00 08 89 30,0123...0,False,False,False
2026-01-21T16:51:50.598035,28.356902,RX,0x123,8,31 32 33 34 00 08 89 31,1234...1,False,False,False
2026-01-21T16:51:50.599348,28.358215,RX,0x123,8,32 33 34 35 00 08 89 32,2345...2,False,False,False
2026-01-21T16:51:50.600872,28.359739,RX,0x123,8,33 34 35 36 00 08 89 33,3456...3,False,False,False
2026-01-21T16:51:50.602420,28.361287,RX,0x123,8,34 35 36 37 00 08 89 34,4567...4,False,False,False
2026-01-21T16:51:50.603781,28.362648,RX,0x123,8,35 36 37 38 00 08 89 35,5678...5,False,False,False
2026-01-21T16:51:50.604793,28.363660,RX,0x123,8,36 37 38 39 00 08 89 36,6789...6,False,False,False
2026-01-21T16:51:50.606950,28.365817,RX,0x123,8,37 38 39 3A 00 08 89 37,789:...7,False,False,False
2026-01-21T16:51:50.607955,28.366822,RX,0x123,8,38 39 3A 3B 00 08 89 38,89:;...8,False,False,False
2026-01-21T16:51:50.610352,28.369220,RX,0x123,8,39 3A 3B 3C 00 08 89 39,9:;<...9,False,False,False
2026-01-21T16:51:50.611780,28.370647,RX,0x123,8,3A 3B 3C 3D 00 08 89 3A,:;<=...:,False,False,False
2026-01-21T16:51:50.613409,28.372276,RX,0x123,8,3B 3C 3D 3E 00 08 89 3B,;<=>...;,False,False,False
2026-01-21T16:51:50.615367,28.374234,RX,0x123,8,3C 3D 3E 3F 00 08 89 3C,<=>?...<,False,False,False
2026-01-21T16:51:50.617149,28.376016,RX,0x123,8,3D 3E 3F 40 00 08 89 3D,=>?@...=,False,False,False
2026-01-21T16:51:50.618836,28.377703,RX,0x123,8,3E 3F 40 41 00 08 89 3E,>?@A...>,False,False,False
2026-01-21T16:51:50.621028,28.379895,RX,0x123,8,3F 40 41 42 00 08 89 3F,?@AB...?,False,False,False
2026-01-21T16:51:50.623157,28.382024,RX,0x123,8,40 41 42 43 00 08 89 40,@ABC...@,False,False,False
2026-01-21T16:51:50.625643,28.384510,RX,0x123,8,41 42 43 44 00 08 89 41,ABCD...A,False,False,False
2026-01-21T16:51:50.627685,28.386552,RX,0x123,8,42 43 44 45 00 08 89 42,BCDE...B,False,False,False
2026-01-21T16:51:50.629294,28.388161,RX,0x123,8,43 44 45 46 00 08 89 43,CDEF...C,False,False,False
2026-01-21T16:51:50.630802,28.389669,RX,0x123,8,44 45 46 47 00 08 89 44,DEFG...D,False,False,False
2026-01-21T16:51:50.632142,28.391009,RX,0x123,8,45 46 47 48 00 08 89 45,EFGH...E,False,False,False
2026-01-21T16:51:50.633153,28.392020,RX,0x123,8,46 47 48 49 00 08 89 46,FGHI...F,False,False,False
2026-01-21T16:51:50.635520,28.394387,RX,0x123,8,47 48 49 4A 00 08 89 47,GHIJ...G,False,False,False
2026-01-21T16:51:50.637182,28.396049,RX,0x123,8,48 49 4A 4B 00 08 89 48,HIJK...H,False,False,False
2026-01-21T16:51:50.638531,28.397398,RX,0x123,8,49 4A 4B 4C 00 08 89 49,IJKL...I,False,False,False
2026-01-21T16:51:50.640217,28.399084,RX,0x123,8,4A 4B 4C 4D 00 08 89 4A,JKLM...J,False,False,False
2026-01-21T16:51:50.641948,28.400815,RX,0x123,8,4B 4C 4D 4E 00 08 89 4B,KLMN...K,False,False,False
2026-01-21T16:51:50.643522,28.402389,RX,0x123,8,4C 4D 4E 4F 00 08 89 4C,LMNO...L,False,False,False
2026-01-21T16:51:50.644966,28.403833,RX,0x123,8,4D 4E 4F 50 00 08 89 4D,MNOP...M,False,False,False
2026-01-21T16:51:50.646574,28.405441,RX,0x123,8,4E 4F 50 51 00 08 89 4E,NOPQ...N,False,False,False
2026-01-21T16:51:50.648081,28.406948,RX,0x123,8,4F 50 51 52 00 08 89 4F,OPQR...O,False,False,False
2026-01-21T16:51:50.649097,28.407964,RX,0x123,8,50 51 52 53 00 08 89 50,PQRS...P,False,False,False
2026-01-21T16:51:50.651207,28.410074,RX,0x123,8,51 52 53 54 00 08 89 51,QRST...Q,False,False,False
2026-01-21T16:51:50.652663,28.411530,RX,0x123,8,52 53 54 55 00 08 89 52,RSTU...R,False,False,False
2026-01-21T16:51:50.654092,28.412959,RX,0x123,8,53 54 55 56 00 08 89 53,STUV...S,False,False,False
2026-01-21T16:51:50.655102,28.413970,RX,0x123,8,54 55 56 57 00 08 89 54,TUVW...T,False,False,False
2026-01-21T16:51:50.657258,28.416125,RX,0x123,8,55 56 57 58 00 08 89 55,UVWX...U,False,False,False
2026-01-21T16:51:50.659135,28.418002,RX,0x123,8,56 57 58 59 00 08 89 56,VWXY...V,False,False,False
2026-01-21T16:51:50.660640,28.419507,RX,0x123,8,57 58 59 5A 00 08 89 57,WXYZ...W,False,False,False
2026-01-21T16:51:50.662102,28.420969,RX,0x123,8,58 59 5A 5B 00 08 89 58,XYZ[...X,False,False,False
2026-01-21T16:51:50.663583,28.422450,RX,0x123,8,59 5A 5B 5C 00 08 89 59,YZ[\...Y,False,False,False
2026-01-21T16:51:50.664989,28.423856,RX,0x123,8,5A 5B 5C 5D 00 08 89 5A,Z[\]...Z,False,False,False
2026-01-21T16:51:50.666401,28.425268,RX,0x123,8,5B 5C 5D 5E 00 08 89 5B,[\]^...[,False,False,False
2026-01-21T16:51:50.668095,28.426963,RX,0x123,8,5C 5D 5E 5F 00 08 89 5C,\]^_...\,False,False,False
2026-01-21T16:51:50.670081,28.428948,RX,0x123,8,5D 5E 5F 60 00 08 89 5D,]^_`...],False,False,False
2026-01-21T16:51:50.671639,28.430506,RX,0x123,8,5E 5F 60 61 00 08 89 5E,^_`a...^,False,False,False
2026-01-21T16:51:50.672964,28.431831,RX,0x123,8,5F 60 61 62 00 08 89 5F,_`ab..._,False,False,False
2026-01-21T16:51:50.674425,28.433292,RX,0x123,8,60 61 62 63 00 08 89 60,`abc...`,False,False,False
2026-01-21T16:51:50.675438,28.434305,RX,0x123,8,61 62 63 64 00 08 89 61,abcd...a,False,False,False
2026-01-21T16:51:50.677689,28.436556,RX,0x123,8,62 63 64 65 00 08 89 62,bcde...b,False,False,False
2026-01-21T16:51:50.679001,28.437868,RX,0x123,8,63 64 65 66 00 08 89 63,cdef...c,False,False,False
2026-01-21T16:51:50.680008,28.438875,RX,0x123,8,64 65 66 67 00 08 89 64,defg...d,False,False,False
2026-01-21T16:51:50.682203,28.441070,RX,0x123,8,65 66 67 68 00 08 89 65,efgh...e,False,False,False
2026-01-21T16:51:50.683585,28.442452,RX,0x123,8,66 67 68 69 00 08 89 66,fghi...f,False,False,False
2026-01-21T16:51:50.684597,28.443464,RX,0x123,8,67 68 69 6A 00 08 89 67,ghij...g,False,False,False
2026-01-21T16:51:50.686712,28.445579,RX,0x123,8,68 69 6A 6B 00 08 89 68,hijk...h,False,False,False
2026-01-21T16:51:50.687718,28.446584,RX,0x123,8,69 6A 6B 6C 00 08 89 69,ijkl...i,False,False,False
2026-01-21T16:51:50.690012,28.448879,RX,0x123,8,6A 6B 6C 6D 00 08 89 6A,jklm...j,False,False,False
2026-01-21T16:51:50.691026,28.449893,RX,0x123,8,6B 6C 6D 6E 00 08 89 6B,klmn...k,False,False,False
2026-01-21T16:51:50.693191,28.452057,RX,0x123,8,6C 6D 6E 6F 00 08 89 6C,lmno...l,False,False,False
2026-01-21T16:51:50.694631,28.453498,RX,0x123,8,6D 6E 6F 70 00 08 89 6D,mnop...m,False,False,False
2026-01-21T16:51:50.695986,28.454853,RX,0x123,8,6E 6F 70 71 00 08 89 6E,nopq...n,False,False,False
2026-01-21T16:51:50.697351,28.456218,RX,0x123,8,6F 70 71 72 00 08 89 6F,opqr...o,False,False,False
2026-01-21T16:51:50.698361,28.457228,RX,0x123,8,70 71 72 73 00 08 89 70,pqrs...p,False,False,False
2026-01-21T16:51:50.700621,28.459488,RX,0x123,8,71 72 73 74 00 08 89 71,qrst...q,False,False,False
2026-01-21T16:51:50.701633,28.460500,RX,0x123,8,72 73 74 75 00 08 89 72,rstu...r,False,False,False
2026-01-21T16:51:50.703727,28.462595,RX,0x123,8,73 74 75 76 00 08 89 73,stuv...s,False,False,False
2026-01-21T16:51:50.705240,28.464107,RX,0x123,8,74 75 76 77 00 08 89 74,tuvw...t,False,False,False
2026-01-21T16:51:50.706248,28.465115,RX,0x123,8,75 76 77 78 00 08 89 75,uvwx...u,False,False,False
2026-01-21T16:51:50.707986,28.466853,RX,0x123,8,76 77 78 79 00 08 89 76,vwxy...v,False,False,False
2026-01-21T16:51:50.709972,28.468839,RX,0x123,8,77 78 79 7A 00 08 89 77,wxyz...w,False,False,False
2026-01-21T16:51:50.711483,28.470350,RX,0x123,8,78 79 7A 7B 00 08 89 78,xyz{...x,False,False,False
2026-01-21T16:51:50.712496,28.471363,RX,0x123,8,79 7A 7B 7C 00 08 89 79,yz{|...y,False,False,False
2026-01-21T16:51:50.714949,28.473816,RX,0x123,8,7A 7B 7C 7D 00 08 89 7A,z{|}...z,False,False,False
2026-01-21T16:51:50.716813,28.475680,RX,0x123,8,7B 7C 7D 7E 00 08 89 7B,{|}~...{,False,False,False
2026-01-21T16:51:50.718212,28.477079,RX,0x123,8,7C 7D 7E 7F 00 08 89 7C,|}~....|,False,False,False
2026-01-21T16:51:50.719217,28.478084,RX,0x123,8,7D 7E 7F 80 00 08 89 7D,}~.....},False,False,False
2026-01-21T16:51:50.721559,28.480426,RX,0x123,8,7E 7F 80 81 00 08 89 7E,~......~,False,False,False
2026-01-21T16:51:50.723368,28.482235,RX,0x123,8,7F 80 81 82 00 08 89 7F,........,False,False,False
2026-01-21T16:51:50.724823,28.483690,RX,0x123,8,80 81 82 83 00 08 89 80,........,False,False,False
2026-01-21T16:51:50.726193,28.485060,RX,0x123,8,81 82 83 84 00 08 89 81,........,False,False,False
2026-01-21T16:51:50.727518,28.486385,RX,0x123,8,82 83 84 85 00 08 89 82,........,False,False,False
2026-01-21T16:51:50.728983,28.487850,RX,0x123,8,83 84 85 86 00 08 89 83,........,False,False,False
2026-01-21T16:51:50.730330,28.489197,RX,0x123,8,84 85 86 87 00 08 89 84,........,False,False,False
2026-01-21T16:51:50.731761,28.490628,RX,0x123,8,85 86 87 88 00 08 89 85,........,False,False,False
2026-01-21T16:51:50.733195,28.492062,RX,0x123,8,86 87 88 89 00 08 89 86,........,False,False,False
2026-01-21T16:51:50.734723,28.493590,RX,0x123,8,87 88 89 8A 00 08 89 87,........,False,False,False
2026-01-21T16:51:50.736234,28.495101,RX,0x123,8,88 89 8A 8B 00 08 89 88,........,False,False,False
2026-01-21T16:51:50.738064,28.496931,RX,0x123,8,89 8A 8B 8C 00 08 89 89,........,False,False,False
2026-01-21T16:51:50.739551,28.498418,RX,0x123,8,8A 8B 8C 8D 00 08 89 8A,........,False,False,False
2026-01-21T16:51:50.740986,28.499853,RX,0x123,8,8B 8C 8D 8E 00 08 89 8B,........,False,False,False
2026-01-21T16:51:50.741998,28.500865,RX,0x123,8,8C 8D 8E 8F 00 08 89 8C,........,False,False,False
2026-01-21T16:51:50.744124,28.502991,RX,0x123,8,8D 8E 8F 90 00 08 89 8D,........,False,False,False
2026-01-21T16:51:50.745453,28.504320,RX,0x123,8,8E 8F 90 91 00 08 89 8E,........,False,False,False
2026-01-21T16:51:50.746807,28.505674,RX,0x123,8,8F 90 91 92 00 08 89 8F,........,False,False,False
2026-01-21T16:51:50.748163,28.507030,RX,0x123,8,90 91 92 93 00 08 89 90,........,False,False,False
2026-01-21T16:51:50.749563,28.508430,RX,0x123,8,91 92 93 94 00 08 89 91,........,False,False,False
2026-01-21T16:51:50.751238,28.510105,RX,0x123,8,92 93 94 95 00 08 89 92,........,False,False,False
2026-01-21T16:51:50.753236,28.512103,RX,0x123,8,93 94 95 96 00 08 89 93,........,False,False,False
2026-01-21T16:51:50.754248,28.513115,RX,0x123,8,94 95 96 97 00 08 89 94,........,False,False,False
2026-01-21T16:51:50.756461,28.515328,RX,0x123,8,95 96 97 98 00 08 89 95,........,False,False,False
2026-01-21T16:51:50.757780,28.516647,RX,0x123,8,96 97 98 99 00 08 89 96,........,False,False,False
2026-01-21T16:51:50.759316,28.518183,RX,0x123,8,97 98 99 9A 00 08 89 97,........,False,False,False
2026-01-21T16:51:50.760326,28.519193,RX,0x123,8,98 99 9A 9B 00 08 89 98,........,False,False,False
2026-01-21T16:51:50.762754,28.521621,RX,0x123,8,99 9A 9B 9C 00 08 89 99,........,False,False,False
2026-01-21T16:51:50.764591,28.523458,RX,0x123,8,9A 9B 9C 9D 00 08 89 9A,........,False,False,False
2026-01-21T16:51:50.766007,28.524873,RX,0x123,8,9B 9C 9D 9E 00 08 89 9B,........,False,False,False
2026-01-21T16:51:50.767735,28.526602,RX,0x123,8,9C 9D 9E 9F 00 08 89 9C,........,False,False,False
2026-01-21T16:51:50.769929,28.528796,RX,0x123,8,9D 9E 9F A0 00 08 89 9D,........,False,False,False
2026-01-21T16:51:50.771471,28.530339,RX,0x123,8,9E 9F A0 A1 00 08 89 9E,........,False,False,False
2026-01-21T16:51:50.772950,28.531817,RX,0x123,8,9F A0 A1 A2 00 08 89 9F,........,False,False,False
2026-01-21T16:51:50.775028,28.533895,RX,0x123,8,A0 A1 A2 A3 00 08 89 A0,........,False,False,False
2026-01-21T16:51:50.776353,28.535220,RX,0x123,8,A1 A2 A3 A4 00 08 89 A1,........,False,False,False
2026-01-21T16:51:50.777903,28.536770,RX,0x123,8,A2 A3 A4 A5 00 08 89 A2,........,False,False,False
2026-01-21T16:51:50.779827,28.538694,RX,0x123,8,A3 A4 A5 A6 00 08 89 A3,........,False,False,False
2026-01-21T16:51:50.781175,28.540042,RX,0x123,8,A4 A5 A6 A7 00 08 89 A4,........,False,False,False
2026-01-21T16:51:50.782758,28.541625,RX,0x123,8,A5 A6 A7 A8 00 08 89 A5,........,False,False,False
2026-01-21T16:51:50.784575,28.543442,RX,0x123,8,A6 A7 A8 A9 00 08 89 A6,........,False,False,False
2026-01-21T16:51:50.786575,28.545442,RX,0x123,8,A7 A8 A9 AA 00 08 89 A7,........,False,False,False
2026-01-21T16:51:50.788095,28.546962,RX,0x123,8,A8 A9 AA AB 00 08 89 A8,........,False,False,False
2026-01-21T16:51:50.789649,28.548516,RX,0x123,8,A9 AA AB AC 00 08 89 A9,........,False,False,False
2026-01-21T16:51:50.790983,28.549850,RX,0x123,8,AA AB AC AD 00 08 89 AA,........,False,False,False
2026-01-21T16:51:50.792334,28.551201,RX,0x123,8,AB AC AD AE 00 08 89 AB,........,False,False,False
2026-01-21T16:51:50.793682,28.552549,RX,0x123,8,AC AD AE AF 00 08 89 AC,........,False,False,False
2026-01-21T16:51:50.795242,28.554109,RX,0x123,8,AD AE AF B0 00 08 89 AD,........,False,False,False
2026-01-21T16:51:50.796761,28.555628,RX,0x123,8,AE AF B0 B1 00 08 89 AE,........,False,False,False
2026-01-21T16:51:50.798450,28.557317,RX,0x123,8,AF B0 B1 B2 00 08 89 AF,........,False,False,False
2026-01-21T16:51:50.800216,28.559083,RX,0x123,8,B0 B1 B2 B3 00 08 89 B0,........,False,False,False
2026-01-21T16:51:50.801974,28.560841,RX,0x123,8,B1 B2 B3 B4 00 08 89 B1,........,False,False,False
2026-01-21T16:51:50.803663,28.562530,RX,0x123,8,B2 B3 B4 B5 00 08 89 B2,........,False,False,False
2026-01-21T16:51:50.805604,28.564471,RX,0x123,8,B3 B4 B5 B6 00 08 89 B3,........,False,False,False
2026-01-21T16:51:50.807513,28.566380,RX,0x123,8,B4 B5 B6 B7 00 08 89 B4,........,False,False,False
2026-01-21T16:51:50.808754,28.567621,RX,0x123,8,B5 B6 B7 B8 00 08 89 B5,........,False,False,False
2026-01-21T16:51:50.811079,28.569946,RX,0x123,8,B6 B7 B8 B9 00 08 89 B6,........,False,False,False
2026-01-21T16:51:50.812086,28.570953,RX,0x123,8,B7 B8 B9 BA 00 08 89 B7,........,False,False,False
2026-01-21T16:51:50.814647,28.573514,RX,0x123,8,B8 B9 BA BB 00 08 89 B8,........,False,False,False
2026-01-21T16:51:50.816882,28.575335,RX,0x123,8,B9 BA BB BC 00 08 89 B9,........,False,False,False
2026-01-21T16:51:50.818446,28.577313,RX,0x123,8,BA BB BC BD 00 08 89 BA,........,False,False,False
2026-01-21T16:51:50.820997,28.579864,RX,0x123,8,BB BC BD BE 00 08 89 BB,........,False,False,False
2026-01-21T16:51:50.822576,28.581444,RX,0x123,8,BC BD BE BF 00 08 89 BC,........,False,False,False
2026-01-21T16:51:50.823587,28.582454,RX,0x123,8,BD BE BF C0 00 08 89 BD,........,False,False,False
2026-01-21T16:51:50.826020,28.584888,RX,0x123,8,BE BF C0 C1 00 08 89 BE,........,False,False,False
2026-01-21T16:51:50.827923,28.586790,RX,0x123,8,BF C0 C1 C2 00 08 89 BF,........,False,False,False
2026-01-21T16:51:50.829963,28.588830,RX,0x123,8,C0 C1 C2 C3 00 08 89 C0,........,False,False,False
2026-01-21T16:51:50.831640,28.590507,RX,0x123,8,C1 C2 C3 C4 00 08 89 C1,........,False,False,False
2026-01-21T16:51:50.833344,28.592211,RX,0x123,8,C2 C3 C4 C5 00 08 89 C2,........,False,False,False
2026-01-21T16:51:50.835256,28.594123,RX,0x123,8,C3 C4 C5 C6 00 08 89 C3,........,False,False,False
2026-01-21T16:51:50.836861,28.595727,RX,0x123,8,C4 C5 C6 C7 00 08 89 C4,........,False,False,False
2026-01-21T16:51:50.839019,28.597886,RX,0x123,8,C5 C6 C7 C8 00 08 89 C5,........,False,False,False
2026-01-21T16:51:50.840657,28.599524,RX,0x123,8,C6 C7 C8 C9 00 08 89 C6,........,False,False,False
2026-01-21T16:51:50.842648,28.601515,RX,0x123,8,C7 C8 C9 CA 00 08 89 C7,........,False,False,False
2026-01-21T16:51:50.844440,28.603307,RX,0x123,8,C8 C9 CA CB 00 08 89 C8,........,False,False,False
2026-01-21T16:51:50.845999,28.604866,RX,0x123,8,C9 CA CB CC 00 08 89 C9,........,False,False,False
2026-01-21T16:51:50.847581,28.606448,RX,0x123,8,CA CB CC CD 00 08 89 CA,........,False,False,False
2026-01-21T16:51:50.849227,28.608094,RX,0x123,8,CB CC CD CE 00 08 89 CB,........,False,False,False
2026-01-21T16:51:50.851223,28.610090,RX,0x123,8,CC CD CE CF 00 08 89 CC,........,False,False,False
2026-01-21T16:51:50.852831,28.611697,RX,0x123,8,CD CE CF D0 00 08 89 CD,........,False,False,False
2026-01-21T16:51:50.854259,28.613126,RX,0x123,8,CE CF D0 D1 00 08 89 CE,........,False,False,False
2026-01-21T16:51:50.855862,28.614729,RX,0x123,8,CF D0 D1 D2 00 08 89 CF,........,False,False,False
2026-01-21T16:51:50.857614,28.616481,RX,0x123,8,D0 D1 D2 D3 00 08 89 D0,........,False,False,False
2026-01-21T16:51:50.859320,28.618187,RX,0x123,8,D1 D2 D3 D4 00 08 89 D1,........,False,False,False
2026-01-21T16:51:50.861164,28.620031,RX,0x123,8,D2 D3 D4 D5 00 08 89 D2,........,False,False,False
2026-01-21T16:51:50.863442,28.622309,RX,0x123,8,D3 D4 D5 D6 00 08 89 D3,........,False,False,False
2026-01-21T16:51:50.864977,28.623844,RX,0x123,8,D4 D5 D6 D7 00 08 89 D4,........,False,False,False
2026-01-21T16:51:50.866662,28.625530,RX,0x123,8,D5 D6 D7 D8 00 08 89 D5,........,False,False,False
2026-01-21T16:51:50.868624,28.627491,RX,0x123,8,D6 D7 D8 D9 00 08 89 D6,........,False,False,False
2026-01-21T16:51:50.870477,28.629344,RX,0x123,8,D7 D8 D9 DA 00 08 89 D7,........,False,False,False
2026-01-21T16:51:50.872009,28.630876,RX,0x123,8,D8 D9 DA DB 00 08 89 D8,........,False,False,False
2026-01-21T16:51:50.873414,28.632281,RX,0x123,8,D9 DA DB DC 00 08 89 D9,........,False,False,False
2026-01-21T16:51:50.874751,28.633618,RX,0x123,8,DA DB DC DD 00 08 89 DA,........,False,False,False
2026-01-21T16:51:50.876555,28.635422,RX,0x123,8,DB DC DD DE 00 08 89 DB,........,False,False,False
2026-01-21T16:51:50.878044,28.636911,RX,0x123,8,DC DD DE DF 00 08 89 DC,........,False,False,False
2026-01-21T16:51:50.879054,28.637921,RX,0x123,8,DD DE DF E0 00 08 89 DD,........,False,False,False
2026-01-21T16:51:50.881257,28.640124,RX,0x123,8,DE DF E0 E1 00 08 89 DE,........,False,False,False
2026-01-21T16:51:50.882747,28.641614,RX,0x123,8,DF E0 E1 E2 00 08 89 DF,........,False,False,False
2026-01-21T16:51:50.884343,28.643210,RX,0x123,8,E0 E1 E2 E3 00 08 89 E0,........,False,False,False
2026-01-21T16:51:50.886155,28.645021,RX,0x123,8,E1 E2 E3 E4 00 08 89 E1,........,False,False,False
2026-01-21T16:51:50.887165,28.646031,RX,0x123,8,E2 E3 E4 E5 00 08 89 E2,........,False,False,False
2026-01-21T16:51:50.889310,28.648177,RX,0x123,8,E3 E4 E5 E6 00 08 89 E3,........,False,False,False
2026-01-21T16:51:50.890320,28.649187,RX,0x123,8,E4 E5 E6 E7 00 08 89 E4,........,False,False,False
2026-01-21T16:51:50.892815,28.651682,RX,0x123,8,E5 E6 E7 E8 00 08 89 E5,........,False,False,False
2026-01-21T16:51:50.894550,28.653417,RX,0x123,8,E6 E7 E8 E9 00 08 89 E6,........,False,False,False
2026-01-21T16:51:50.895945,28.654813,RX,0x123,8,E7 E8 E9 EA 00 08 89 E7,........,False,False,False
2026-01-21T16:51:50.897317,28.656184,RX,0x123,8,E8 E9 EA EB 00 08 89 E8,........,False,False,False
2026-01-21T16:51:50.898322,28.657189,RX,0x123,8,E9 EA EB EC 00 08 89 E9,........,False,False,False
2026-01-21T16:51:50.900502,28.659369,RX,0x123,8,EA EB EC ED 00 08 89 EA,........,False,False,False
2026-01-21T16:51:50.901824,28.660691,RX,0x123,8,EB EC ED EE 00 08 89 EB,........,False,False,False
2026-01-21T16:51:50.903254,28.662121,RX,0x123,8,EC ED EE EF 00 08 89 EC,........,False,False,False
2026-01-21T16:51:50.904264,28.663131,RX,0x123,8,ED EE EF F0 00 08 89 ED,........,False,False,False
2026-01-21T16:51:50.906499,28.665366,RX,0x123,8,EE EF F0 F1 00 08 89 EE,........,False,False,False
2026-01-21T16:51:50.908227,28.667094,RX,0x123,8,EF F0 F1 F2 00 08 89 EF,........,False,False,False
2026-01-21T16:51:50.910131,28.668998,RX,0x123,8,F0 F1 F2 F3 00 08 89 F0,........,False,False,False
2026-01-21T16:51:50.911537,28.670404,RX,0x123,8,F1 F2 F3 F4 00 08 89 F1,........,False,False,False
2026-01-21T16:51:50.912912,28.671779,RX,0x123,8,F2 F3 F4 F5 00 08 89 F2,........,False,False,False
2026-01-21T16:51:50.913924,28.672791,RX,0x123,8,F3 F4 F5 F6 00 08 89 F3,........,False,False,False
2026-01-21T16:51:50.916185,28.675052,RX,0x123,8,F4 F5 F6 F7 00 08 89 F4,........,False,False,False
2026-01-21T16:51:50.917671,28.676538,RX,0x123,8,F5 F6 F7 F8 00 08 89 F5,........,False,False,False
2026-01-21T16:51:50.918679,28.677546,RX,0x123,8,F6 F7 F8 F9 00 08 89 F6,........,False,False,False
2026-01-21T16:51:50.921559,28.680426,RX,0x123,8,F7 F8 F9 FA 00 08 89 F7,........,False,False,False
2026-01-21T16:51:50.929222,28.688089,RX,0x123,8,F8 F9 FA FB 00 08 89 F8,........,False,False,False
2026-01-21T16:51:50.931221,28.690088,RX,0x123,8,F9 FA FB FC 00 08 89 F9,........,False,False,False
2026-01-21T16:51:50.932888,28.691755,RX,0x123,8,FA FB FC FD 00 08 89 FA,........,False,False,False
2026-01-21T16:51:50.934242,28.693109,RX,0x123,8,FB FC FD FE 00 08 89 FB,........,False,False,False
2026-01-21T16:51:50.935910,28.694777,RX,0x123,8,FC FD FE FF 00 08 89 FC,........,False,False,False
2026-01-21T16:51:50.937367,28.696234,RX,0x123,8,FD FE FF 00 00 08 89 FD,........,False,False,False
2026-01-21T16:51:50.938857,28.697724,RX,0x123,8,FE FF 00 01 00 08 89 FE,........,False,False,False
2026-01-21T16:51:50.940330,28.699197,RX,0x123,8,FF 00 01 02 00 08 89 FF,........,False,False,False
2026-01-21T16:51:50.941724,28.700591,RX,0x123,8,00 01 02 03 00 08 8A 00,........,False,False,False
2026-01-21T16:51:50.943349,28.702216,RX,0x123,8,01 02 03 04 00 08 8A 01,........,False,False,False
2026-01-21T16:51:50.944773,28.703640,RX,0x123,8,02 03 04 05 00 08 8A 02,........,False,False,False
2026-01-21T16:51:50.946352,28.705219,RX,0x123,8,03 04 05 06 00 08 8A 03,........,False,False,False
2026-01-21T16:51:50.947794,28.706661,RX,0x123,8,04 05 06 07 00 08 8A 04,........,False,False,False
2026-01-21T16:51:50.949103,28.707970,RX,0x123,8,05 06 07 08 00 08 8A 05,........,False,False,False
2026-01-21T16:51:50.950108,28.708975,RX,0x123,8,06 07 08 09 00 08 8A 06,........,False,False,False
2026-01-21T16:51:50.952211,28.711078,RX,0x123,8,07 08 09 0A 00 08 8A 07,........,False,False,False
2026-01-21T16:51:50.953760,28.712626,RX,0x123,8,08 09 0A 0B 00 08 8A 08,........,False,False,False
2026-01-21T16:51:50.955303,28.714170,RX,0x123,8,09 0A 0B 0C 00 08 8A 09,........,False,False,False
2026-01-21T16:51:50.956956,28.715823,RX,0x123,8,0A 0B 0C 0D 00 08 8A 0A,........,False,False,False
2026-01-21T16:51:50.958505,28.717372,RX,0x123,8,0B 0C 0D 0E 00 08 8A 0B,........,False,False,False
2026-01-21T16:51:50.959932,28.718799,RX,0x123,8,0C 0D 0E 0F 00 08 8A 0C,........,False,False,False
2026-01-21T16:51:50.961324,28.720191,RX,0x123,8,0D 0E 0F 10 00 08 8A 0D,........,False,False,False
2026-01-21T16:51:50.962719,28.721586,RX,0x123,8,0E 0F 10 11 00 08 8A 0E,........,False,False,False
2026-01-21T16:51:50.964138,28.723005,RX,0x123,8,0F 10 11 12 00 08 8A 0F,........,False,False,False
2026-01-21T16:51:50.965681,28.724547,RX,0x123,8,10 11 12 13 00 08 8A 10,........,False,False,False
2026-01-21T16:51:50.967370,28.726237,RX,0x123,8,11 12 13 14 00 08 8A 11,........,False,False,False
2026-01-21T16:51:50.969105,28.727973,RX,0x123,8,12 13 14 15 00 08 8A 12,........,False,False,False
2026-01-21T16:51:50.971400,28.730267,RX,0x123,8,13 14 15 16 00 08 8A 13,........,False,False,False
2026-01-21T16:51:50.972823,28.731690,RX,0x123,8,14 15 16 17 00 08 8A 14,........,False,False,False
2026-01-21T16:51:50.974489,28.733356,RX,0x123,8,15 16 17 18 00 08 8A 15,........,False,False,False
2026-01-21T16:51:50.975932,28.734799,RX,0x123,8,16 17 18 19 00 08 8A 16,........,False,False,False
2026-01-21T16:51:50.977355,28.736222,RX,0x123,8,17 18 19 1A 00 08 8A 17,........,False,False,False
2026-01-21T16:51:50.978942,28.737809,RX,0x123,8,18 19 1A 1B 00 08 8A 18,........,False,False,False
2026-01-21T16:51:50.980398,28.739265,RX,0x123,8,19 1A 1B 1C 00 08 8A 19,........,False,False,False
2026-01-21T16:51:50.981991,28.740858,RX,0x123,8,1A 1B 1C 1D 00 08 8A 1A,........,False,False,False
2026-01-21T16:51:50.983679,28.742546,RX,0x123,8,1B 1C 1D 1E 00 08 8A 1B,........,False,False,False
2026-01-21T16:51:50.985597,28.744464,RX,0x123,8,1C 1D 1E 1F 00 08 8A 1C,........,False,False,False
2026-01-21T16:51:50.987200,28.746067,RX,0x123,8,1D 1E 1F 20 00 08 8A 1D,... ....,False,False,False
2026-01-21T16:51:50.988827,28.747694,RX,0x123,8,1E 1F 20 21 00 08 8A 1E,.. !....,False,False,False
2026-01-21T16:51:50.990161,28.749028,RX,0x123,8,1F 20 21 22 00 08 8A 1F,". !""....",False,False,False
2026-01-21T16:51:50.991531,28.750398,RX,0x123,8,20 21 22 23 00 08 8A 20," !""#... ",False,False,False
2026-01-21T16:51:50.992921,28.751788,RX,0x123,8,21 22 23 24 00 08 8A 21,"!""#$...!",False,False,False
2026-01-21T16:51:50.994268,28.753135,RX,0x123,8,22 23 24 25 00 08 8A 22,"""#$%...""",False,False,False
2026-01-21T16:51:50.995654,28.754521,RX,0x123,8,23 24 25 26 00 08 8A 23,#$%&...#,False,False,False
2026-01-21T16:51:50.997012,28.755879,RX,0x123,8,24 25 26 27 00 08 8A 24,$%&'...$,False,False,False
2026-01-21T16:51:50.998398,28.757265,RX,0x123,8,25 26 27 28 00 08 8A 25,%&'(...%,False,False,False
2026-01-21T16:51:50.999869,28.758736,RX,0x123,8,26 27 28 29 00 08 8A 26,&'()...&,False,False,False
2026-01-21T16:51:51.001505,28.760372,RX,0x123,8,27 28 29 2A 00 08 8A 27,'()*...',False,False,False
2026-01-21T16:51:51.003650,28.762517,RX,0x123,8,28 29 2A 2B 00 08 8A 28,()*+...(,False,False,False
2026-01-21T16:51:51.005220,28.764087,RX,0x123,8,29 2A 2B 2C 00 08 8A 29,")*+,...)",False,False,False
2026-01-21T16:51:51.006746,28.765613,RX,0x123,8,2A 2B 2C 2D 00 08 8A 2A,"*+,-...*",False,False,False
2026-01-21T16:51:51.008075,28.766942,RX,0x123,8,2B 2C 2D 2E 00 08 8A 2B,"+,-....+",False,False,False
2026-01-21T16:51:51.009087,28.767954,RX,0x123,8,2C 2D 2E 2F 00 08 8A 2C,",-./...,",False,False,False
2026-01-21T16:51:51.010973,28.769840,RX,0x123,8,2D 2E 2F 30 00 08 8A 2D,-./0...-,False,False,False
2026-01-21T16:51:51.012429,28.771296,RX,0x123,8,2E 2F 30 31 00 08 8A 2E,./01....,False,False,False
2026-01-21T16:51:51.013997,28.772864,RX,0x123,8,2F 30 31 32 00 08 8A 2F,/012.../,False,False,False
2026-01-21T16:51:51.015367,28.774234,RX,0x123,8,30 31 32 33 00 08 8A 30,0123...0,False,False,False
2026-01-21T16:51:51.016924,28.775791,RX,0x123,8,31 32 33 34 00 08 8A 31,1234...1,False,False,False
2026-01-21T16:51:51.018887,28.777754,RX,0x123,8,32 33 34 35 00 08 8A 32,2345...2,False,False,False
2026-01-21T16:51:51.020747,28.779614,RX,0x123,8,33 34 35 36 00 08 8A 33,3456...3,False,False,False
2026-01-21T16:51:51.022183,28.781050,RX,0x123,8,34 35 36 37 00 08 8A 34,4567...4,False,False,False
2026-01-21T16:51:51.023704,28.782571,RX,0x123,8,35 36 37 38 00 08 8A 35,5678...5,False,False,False
2026-01-21T16:51:51.025173,28.784040,RX,0x123,8,36 37 38 39 00 08 8A 36,6789...6,False,False,False
2026-01-21T16:51:51.026518,28.785385,RX,0x123,8,37 38 39 3A 00 08 8A 37,789:...7,False,False,False
2026-01-21T16:51:51.027902,28.786769,RX,0x123,8,38 39 3A 3B 00 08 8A 38,89:;...8,False,False,False
2026-01-21T16:51:51.029217,28.788084,RX,0x123,8,39 3A 3B 3C 00 08 8A 39,9:;<...9,False,False,False
2026-01-21T16:51:51.030228,28.789095,RX,0x123,8,3A 3B 3C 3D 00 08 8A 3A,:;<=...:,False,False,False
2026-01-21T16:51:51.032423,28.791290,RX,0x123,8,3B 3C 3D 3E 00 08 8A 3B,;<=>...;,False,False,False
2026-01-21T16:51:51.033852,28.792719,RX,0x123,8,3C 3D 3E 3F 00 08 8A 3C,<=>?...<,False,False,False
2026-01-21T16:51:51.035165,28.794032,RX,0x123,8,3D 3E 3F 40 00 08 8A 3D,=>?@...=,False,False,False
2026-01-21T16:51:51.036856,28.795723,RX,0x123,8,3E 3F 40 41 00 08 8A 3E,>?@A...>,False,False,False
2026-01-21T16:51:51.038692,28.797559,RX,0x123,8,3F 40 41 42 00 08 8A 3F,?@AB...?,False,False,False
2026-01-21T16:51:51.040022,28.798889,RX,0x123,8,40 41 42 43 00 08 8A 40,@ABC...@,False,False,False
2026-01-21T16:51:51.041492,28.800359,RX,0x123,8,41 42 43 44 00 08 8A 41,ABCD...A,False,False,False
2026-01-21T16:51:51.043014,28.801881,RX,0x123,8,42 43 44 45 00 08 8A 42,BCDE...B,False,False,False
2026-01-21T16:51:51.044567,28.803434,RX,0x123,8,43 44 45 46 00 08 8A 43,CDEF...C,False,False,False
2026-01-21T16:51:51.046648,28.805515,RX,0x123,8,44 45 46 47 00 08 8A 44,DEFG...D,False,False,False
2026-01-21T16:51:51.048291,28.807158,RX,0x123,8,45 46 47 48 00 08 8A 45,EFGH...E,False,False,False
2026-01-21T16:51:51.049831,28.808697,RX,0x123,8,46 47 48 49 00 08 8A 46,FGHI...F,False,False,False
2026-01-21T16:51:51.051095,28.809962,RX,0x123,8,47 48 49 4A 00 08 8A 47,GHIJ...G,False,False,False
2026-01-21T16:51:51.053277,28.812144,RX,0x123,8,48 49 4A 4B 00 08 8A 48,HIJK...H,False,False,False
2026-01-21T16:51:51.054289,28.813156,RX,0x123,8,49 4A 4B 4C 00 08 8A 49,IJKL...I,False,False,False
2026-01-21T16:51:51.056451,28.815318,RX,0x123,8,4A 4B 4C 4D 00 08 8A 4A,JKLM...J,False,False,False
2026-01-21T16:51:51.057779,28.816646,RX,0x123,8,4B 4C 4D 4E 00 08 8A 4B,KLMN...K,False,False,False
2026-01-21T16:51:51.058791,28.817658,RX,0x123,8,4C 4D 4E 4F 00 08 8A 4C,LMNO...L,False,False,False
2026-01-21T16:51:51.061030,28.819897,RX,0x123,8,4D 4E 4F 50 00 08 8A 4D,MNOP...M,False,False,False
2026-01-21T16:51:51.062601,28.821468,RX,0x123,8,4E 4F 50 51 00 08 8A 4E,NOPQ...N,False,False,False
2026-01-21T16:51:51.064575,28.823442,RX,0x123,8,4F 50 51 52 00 08 8A 4F,OPQR...O,False,False,False
2026-01-21T16:51:51.066028,28.824895,RX,0x123,8,50 51 52 53 00 08 8A 50,PQRS...P,False,False,False
2026-01-21T16:51:51.067465,28.826332,RX,0x123,8,51 52 53 54 00 08 8A 51,QRST...Q,False,False,False
2026-01-21T16:51:51.069157,28.828024,RX,0x123,8,52 53 54 55 00 08 8A 52,RSTU...R,False,False,False
2026-01-21T16:51:51.070501,28.829368,RX,0x123,8,53 54 55 56 00 08 8A 53,STUV...S,False,False,False
2026-01-21T16:51:51.073143,28.832010,RX,0x123,8,54 55 56 57 00 08 8A 54,TUVW...T,False,False,False
2026-01-21T16:51:51.074571,28.833438,RX,0x123,8,55 56 57 58 00 08 8A 55,UVWX...U,False,False,False
2026-01-21T16:51:51.076137,28.835005,RX,0x123,8,56 57 58 59 00 08 8A 56,VWXY...V,False,False,False
2026-01-21T16:51:51.078065,28.836932,RX,0x123,8,57 58 59 5A 00 08 8A 57,WXYZ...W,False,False,False
2026-01-21T16:51:51.079482,28.838349,RX,0x123,8,58 59 5A 5B 00 08 8A 58,XYZ[...X,False,False,False
2026-01-21T16:51:51.080923,28.839790,RX,0x123,8,59 5A 5B 5C 00 08 8A 59,YZ[\...Y,False,False,False
2026-01-21T16:51:51.082466,28.841333,RX,0x123,8,5A 5B 5C 5D 00 08 8A 5A,Z[\]...Z,False,False,False
2026-01-21T16:51:51.084500,28.843367,RX,0x123,8,5B 5C 5D 5E 00 08 8A 5B,[\]^...[,False,False,False
2026-01-21T16:51:51.086364,28.845231,RX,0x123,8,5C 5D 5E 5F 00 08 8A 5C,\]^_...\,False,False,False
2026-01-21T16:51:51.088092,28.846959,RX,0x123,8,5D 5E 5F 60 00 08 8A 5D,]^_`...],False,False,False
2026-01-21T16:51:51.089933,28.848800,RX,0x123,8,5E 5F 60 61 00 08 8A 5E,^_`a...^,False,False,False
2026-01-21T16:51:51.091471,28.850338,RX,0x123,8,5F 60 61 62 00 08 8A 5F,_`ab..._,False,False,False
2026-01-21T16:51:51.092952,28.851819,RX,0x123,8,60 61 62 63 00 08 8A 60,`abc...`,False,False,False
2026-01-21T16:51:51.094322,28.853189,RX,0x123,8,61 62 63 64 00 08 8A 61,abcd...a,False,False,False
2026-01-21T16:51:51.095334,28.854201,RX,0x123,8,62 63 64 65 00 08 8A 62,bcde...b,False,False,False
2026-01-21T16:51:51.097562,28.856429,RX,0x123,8,63 64 65 66 00 08 8A 63,cdef...c,False,False,False
2026-01-21T16:51:51.098957,28.857824,RX,0x123,8,64 65 66 67 00 08 8A 64,defg...d,False,False,False
2026-01-21T16:51:51.100406,28.859272,RX,0x123,8,65 66 67 68 00 08 8A 65,efgh...e,False,False,False
2026-01-21T16:51:51.101770,28.860637,RX,0x123,8,66 67 68 69 00 08 8A 66,fghi...f,False,False,False
2026-01-21T16:51:51.103152,28.862019,RX,0x123,8,67 68 69 6A 00 08 8A 67,ghij...g,False,False,False
2026-01-21T16:51:51.104570,28.863437,RX,0x123,8,68 69 6A 6B 00 08 8A 68,hijk...h,False,False,False
2026-01-21T16:51:51.106022,28.864889,RX,0x123,8,69 6A 6B 6C 00 08 8A 69,ijkl...i,False,False,False
2026-01-21T16:51:51.107388,28.866255,RX,0x123,8,6A 6B 6C 6D 00 08 8A 6A,jklm...j,False,False,False
2026-01-21T16:51:51.108396,28.867263,RX,0x123,8,6B 6C 6D 6E 00 08 8A 6B,klmn...k,False,False,False
2026-01-21T16:51:51.110724,28.869591,RX,0x123,8,6C 6D 6E 6F 00 08 8A 6C,lmno...l,False,False,False
2026-01-21T16:51:51.111734,28.870601,RX,0x123,8,6D 6E 6F 70 00 08 8A 6D,mnop...m,False,False,False
2026-01-21T16:51:51.113961,28.872828,RX,0x123,8,6E 6F 70 71 00 08 8A 6E,nopq...n,False,False,False
2026-01-21T16:51:51.115445,28.874312,RX,0x123,8,6F 70 71 72 00 08 8A 6F,opqr...o,False,False,False
2026-01-21T16:51:51.116795,28.875662,RX,0x123,8,70 71 72 73 00 08 8A 70,pqrs...p,False,False,False
2026-01-21T16:51:51.118184,28.877051,RX,0x123,8,71 72 73 74 00 08 8A 71,qrst...q,False,False,False
2026-01-21T16:51:51.119609,28.878476,RX,0x123,8,72 73 74 75 00 08 8A 72,rstu...r,False,False,False
2026-01-21T16:51:51.121237,28.880104,RX,0x123,8,73 74 75 76 00 08 8A 73,stuv...s,False,False,False
2026-01-21T16:51:51.122650,28.881517,RX,0x123,8,74 75 76 77 00 08 8A 74,tuvw...t,False,False,False
2026-01-21T16:51:51.124451,28.883318,RX,0x123,8,75 76 77 78 00 08 8A 75,uvwx...u,False,False,False
2026-01-21T16:51:51.126228,28.885096,RX,0x123,8,76 77 78 79 00 08 8A 76,vwxy...v,False,False,False
2026-01-21T16:51:51.128022,28.886889,RX,0x123,8,77 78 79 7A 00 08 8A 77,wxyz...w,False,False,False
2026-01-21T16:51:51.130688,28.889555,RX,0x123,8,78 79 7A 7B 00 08 8A 78,xyz{...x,False,False,False
2026-01-21T16:51:51.132239,28.891106,RX,0x123,8,79 7A 7B 7C 00 08 8A 79,yz{|...y,False,False,False
2026-01-21T16:51:51.133762,28.892629,RX,0x123,8,7A 7B 7C 7D 00 08 8A 7A,z{|}...z,False,False,False
2026-01-21T16:51:51.135464,28.894331,RX,0x123,8,7B 7C 7D 7E 00 08 8A 7B,{|}~...{,False,False,False
2026-01-21T16:51:51.137546,28.896413,RX,0x123,8,7C 7D 7E 7F 00 08 8A 7C,|}~....|,False,False,False
2026-01-21T16:51:51.139265,28.898132,RX,0x123,8,7D 7E 7F 80 00 08 8A 7D,}~.....},False,False,False
2026-01-21T16:51:51.141184,28.900051,RX,0x123,8,7E 7F 80 81 00 08 8A 7E,~......~,False,False,False
2026-01-21T16:51:51.142631,28.901498,RX,0x123,8,7F 80 81 82 00 08 8A 7F,........,False,False,False
2026-01-21T16:51:51.144055,28.902922,RX,0x123,8,80 81 82 83 00 08 8A 80,........,False,False,False
2026-01-21T16:51:51.145515,28.904382,RX,0x123,8,81 82 83 84 00 08 8A 81,........,False,False,False
2026-01-21T16:51:51.147110,28.905977,RX,0x123,8,82 83 84 85 00 08 8A 82,........,False,False,False
2026-01-21T16:51:51.148970,28.907837,RX,0x123,8,83 84 85 86 00 08 8A 83,........,False,False,False
2026-01-21T16:51:51.150535,28.909402,RX,0x123,8,84 85 86 87 00 08 8A 84,........,False,False,False
2026-01-21T16:51:51.151935,28.910801,RX,0x123,8,85 86 87 88 00 08 8A 85,........,False,False,False
2026-01-21T16:51:51.153250,28.912117,RX,0x123,8,86 87 88 89 00 08 8A 86,........,False,False,False
2026-01-21T16:51:51.154873,28.913740,RX,0x123,8,87 88 89 8A 00 08 8A 87,........,False,False,False
2026-01-21T16:51:51.156729,28.915596,RX,0x123,8,88 89 8A 8B 00 08 8A 88,........,False,False,False
2026-01-21T16:51:51.158625,28.917492,RX,0x123,8,89 8A 8B 8C 00 08 8A 89,........,False,False,False
2026-01-21T16:51:51.160149,28.919016,RX,0x123,8,8A 8B 8C 8D 00 08 8A 8A,........,False,False,False
2026-01-21T16:51:51.161558,28.920425,RX,0x123,8,8B 8C 8D 8E 00 08 8A 8B,........,False,False,False
2026-01-21T16:51:51.162899,28.921766,RX,0x123,8,8C 8D 8E 8F 00 08 8A 8C,........,False,False,False
2026-01-21T16:51:51.164276,28.923143,RX,0x123,8,8D 8E 8F 90 00 08 8A 8D,........,False,False,False
2026-01-21T16:51:51.165632,28.924499,RX,0x123,8,8E 8F 90 91 00 08 8A 8E,........,False,False,False
2026-01-21T16:51:51.166637,28.925504,RX,0x123,8,8F 90 91 92 00 08 8A 8F,........,False,False,False
2026-01-21T16:51:51.168420,28.927287,RX,0x123,8,90 91 92 93 00 08 8A 90,........,False,False,False
2026-01-21T16:51:51.170208,28.929075,RX,0x123,8,91 92 93 94 00 08 8A 91,........,False,False,False
2026-01-21T16:51:51.172015,28.930882,RX,0x123,8,92 93 94 95 00 08 8A 92,........,False,False,False
2026-01-21T16:51:51.173803,28.932670,RX,0x123,8,93 94 95 96 00 08 8A 93,........,False,False,False
2026-01-21T16:51:51.176035,28.934902,RX,0x123,8,94 95 96 97 00 08 8A 94,........,False,False,False
2026-01-21T16:51:51.177623,28.936490,RX,0x123,8,95 96 97 98 00 08 8A 95,........,False,False,False
2026-01-21T16:51:51.179442,28.938308,RX,0x123,8,96 97 98 99 00 08 8A 96,........,False,False,False
2026-01-21T16:51:51.181503,28.940370,RX,0x123,8,97 98 99 9A 00 08 8A 97,........,False,False,False
2026-01-21T16:51:51.183113,28.941980,RX,0x123,8,98 99 9A 9B 00 08 8A 98,........,False,False,False
2026-01-21T16:51:51.184762,28.943630,RX,0x123,8,99 9A 9B 9C 00 08 8A 99,........,False,False,False
2026-01-21T16:51:51.186598,28.945464,RX,0x123,8,9A 9B 9C 9D 00 08 8A 9A,........,False,False,False
2026-01-21T16:51:51.187982,28.946849,RX,0x123,8,9B 9C 9D 9E 00 08 8A 9B,........,False,False,False
2026-01-21T16:51:51.189552,28.948419,RX,0x123,8,9C 9D 9E 9F 00 08 8A 9C,........,False,False,False
2026-01-21T16:51:51.191581,28.950448,RX,0x123,8,9D 9E 9F A0 00 08 8A 9D,........,False,False,False
2026-01-21T16:51:51.193663,28.952530,RX,0x123,8,9E 9F A0 A1 00 08 8A 9E,........,False,False,False
2026-01-21T16:51:51.195257,28.954124,RX,0x123,8,9F A0 A1 A2 00 08 8A 9F,........,False,False,False
2026-01-21T16:51:51.197119,28.955986,RX,0x123,8,A0 A1 A2 A3 00 08 8A A0,........,False,False,False
2026-01-21T16:51:51.198508,28.957375,RX,0x123,8,A1 A2 A3 A4 00 08 8A A1,........,False,False,False
2026-01-21T16:51:51.200111,28.958978,RX,0x123,8,A2 A3 A4 A5 00 08 8A A2,........,False,False,False
2026-01-21T16:51:51.201663,28.960530,RX,0x123,8,A3 A4 A5 A6 00 08 8A A3,........,False,False,False
2026-01-21T16:51:51.203273,28.962140,RX,0x123,8,A4 A5 A6 A7 00 08 8A A4,........,False,False,False
2026-01-21T16:51:51.204871,28.963737,RX,0x123,8,A5 A6 A7 A8 00 08 8A A5,........,False,False,False
2026-01-21T16:51:51.206946,28.965813,RX,0x123,8,A6 A7 A8 A9 00 08 8A A6,........,False,False,False
2026-01-21T16:51:51.208434,28.967300,RX,0x123,8,A7 A8 A9 AA 00 08 8A A7,........,False,False,False
2026-01-21T16:51:51.209439,28.968306,RX,0x123,8,A8 A9 AA AB 00 08 8A A8,........,False,False,False
2026-01-21T16:51:51.211695,28.970562,RX,0x123,8,A9 AA AB AC 00 08 8A A9,........,False,False,False
2026-01-21T16:51:51.213378,28.972245,RX,0x123,8,AA AB AC AD 00 08 8A AA,........,False,False,False
2026-01-21T16:51:51.214808,28.973675,RX,0x123,8,AB AC AD AE 00 08 8A AB,........,False,False,False
2026-01-21T16:51:51.215814,28.974681,RX,0x123,8,AC AD AE AF 00 08 8A AC,........,False,False,False
2026-01-21T16:51:51.217924,28.976791,RX,0x123,8,AD AE AF B0 00 08 8A AD,........,False,False,False
2026-01-21T16:51:51.219246,28.978113,RX,0x123,8,AE AF B0 B1 00 08 8A AE,........,False,False,False
2026-01-21T16:51:51.220252,28.979119,RX,0x123,8,AF B0 B1 B2 00 08 8A AF,........,False,False,False
2026-01-21T16:51:51.222497,28.981364,RX,0x123,8,B0 B1 B2 B3 00 08 8A B0,........,False,False,False
2026-01-21T16:51:51.223503,28.982370,RX,0x123,8,B1 B2 B3 B4 00 08 8A B1,........,False,False,False
2026-01-21T16:51:51.225621,28.984488,RX,0x123,8,B2 B3 B4 B5 00 08 8A B2,........,False,False,False
2026-01-21T16:51:51.228022,28.986889,RX,0x123,8,B3 B4 B5 B6 00 08 8A B3,........,False,False,False
2026-01-21T16:51:51.229393,28.988261,RX,0x123,8,B4 B5 B6 B7 00 08 8A B4,........,False,False,False
2026-01-21T16:51:51.231455,28.990322,RX,0x123,8,B5 B6 B7 B8 00 08 8A B5,........,False,False,False
2026-01-21T16:51:51.233316,28.992183,RX,0x123,8,B6 B7 B8 B9 00 08 8A B6,........,False,False,False
2026-01-21T16:51:51.235078,28.993945,RX,0x123,8,B7 B8 B9 BA 00 08 8A B7,........,False,False,False
2026-01-21T16:51:51.236879,28.995746,RX,0x123,8,B8 B9 BA BB 00 08 8A B8,........,False,False,False
2026-01-21T16:51:51.238692,28.997559,RX,0x123,8,B9 BA BB BC 00 08 8A B9,........,False,False,False
2026-01-21T16:51:51.240230,28.999097,RX,0x123,8,BA BB BC BD 00 08 8A BA,........,False,False,False
2026-01-21T16:51:51.242175,29.001042,RX,0x123,8,BB BC BD BE 00 08 8A BB,........,False,False,False
2026-01-21T16:51:51.243765,29.002632,RX,0x123,8,BC BD BE BF 00 08 8A BC,........,False,False,False
2026-01-21T16:51:51.245397,29.004265,RX,0x123,8,BD BE BF C0 00 08 8A BD,........,False,False,False
2026-01-21T16:51:51.246843,29.005710,RX,0x123,8,BE BF C0 C1 00 08 8A BE,........,False,False,False
2026-01-21T16:51:51.248332,29.007199,RX,0x123,8,BF C0 C1 C2 00 08 8A BF,........,False,False,False
2026-01-21T16:51:51.249906,29.008774,RX,0x123,8,C0 C1 C2 C3 00 08 8A C0,........,False,False,False
2026-01-21T16:51:51.251836,29.010703,RX,0x123,8,C1 C2 C3 C4 00 08 8A C1,........,False,False,False
2026-01-21T16:51:51.253209,29.012076,RX,0x123,8,C2 C3 C4 C5 00 08 8A C2,........,False,False,False
2026-01-21T16:51:51.254548,29.013415,RX,0x123,8,C3 C4 C5 C6 00 08 8A C3,........,False,False,False
2026-01-21T16:51:51.255931,29.014798,RX,0x123,8,C4 C5 C6 C7 00 08 8A C4,........,False,False,False
2026-01-21T16:51:51.257407,29.016274,RX,0x123,8,C5 C6 C7 C8 00 08 8A C5,........,False,False,False
2026-01-21T16:51:51.258824,29.017691,RX,0x123,8,C6 C7 C8 C9 00 08 8A C6,........,False,False,False
2026-01-21T16:51:51.260185,29.019053,RX,0x123,8,C7 C8 C9 CA 00 08 8A C7,........,False,False,False
2026-01-21T16:51:51.261199,29.020066,RX,0x123,8,C8 C9 CA CB 00 08 8A C8,........,False,False,False
2026-01-21T16:51:51.263467,29.022334,RX,0x123,8,C9 CA CB CC 00 08 8A C9,........,False,False,False
2026-01-21T16:51:51.264886,29.023753,RX,0x123,8,CA CB CC CD 00 08 8A CA,........,False,False,False
2026-01-21T16:51:51.266362,29.025229,RX,0x123,8,CB CC CD CE 00 08 8A CB,........,False,False,False
2026-01-21T16:51:51.267799,29.026666,RX,0x123,8,CC CD CE CF 00 08 8A CC,........,False,False,False
2026-01-21T16:51:51.269140,29.028007,RX,0x123,8,CD CE CF D0 00 08 8A CD,........,False,False,False
2026-01-21T16:51:51.270484,29.029351,RX,0x123,8,CE CF D0 D1 00 08 8A CE,........,False,False,False
2026-01-21T16:51:51.272028,29.030895,RX,0x123,8,CF D0 D1 D2 00 08 8A CF,........,False,False,False
2026-01-21T16:51:51.273843,29.032710,RX,0x123,8,D0 D1 D2 D3 00 08 8A D0,........,False,False,False
2026-01-21T16:51:51.275309,29.034176,RX,0x123,8,D1 D2 D3 D4 00 08 8A D1,........,False,False,False
2026-01-21T16:51:51.277126,29.035993,RX,0x123,8,D2 D3 D4 D5 00 08 8A D2,........,False,False,False
2026-01-21T16:51:51.278833,29.037700,RX,0x123,8,D3 D4 D5 D6 00 08 8A D3,........,False,False,False
2026-01-21T16:51:51.280526,29.039393,RX,0x123,8,D4 D5 D6 D7 00 08 8A D4,........,False,False,False
2026-01-21T16:51:51.282002,29.040869,RX,0x123,8,D5 D6 D7 D8 00 08 8A D5,........,False,False,False
2026-01-21T16:51:51.283432,29.042299,RX,0x123,8,D6 D7 D8 D9 00 08 8A D6,........,False,False,False
2026-01-21T16:51:51.285051,29.043918,RX,0x123,8,D7 D8 D9 DA 00 08 8A D7,........,False,False,False
2026-01-21T16:51:51.286441,29.045308,RX,0x123,8,D8 D9 DA DB 00 08 8A D8,........,False,False,False
2026-01-21T16:51:51.288078,29.046945,RX,0x123,8,D9 DA DB DC 00 08 8A D9,........,False,False,False
2026-01-21T16:51:51.289676,29.048543,RX,0x123,8,DA DB DC DD 00 08 8A DA,........,False,False,False
2026-01-21T16:51:51.291203,29.050070,RX,0x123,8,DB DC DD DE 00 08 8A DB,........,False,False,False
2026-01-21T16:51:51.292829,29.051696,RX,0x123,8,DC DD DE DF 00 08 8A DC,........,False,False,False
2026-01-21T16:51:51.294225,29.053092,RX,0x123,8,DD DE DF E0 00 08 8A DD,........,False,False,False
2026-01-21T16:51:51.295912,29.054779,RX,0x123,8,DE DF E0 E1 00 08 8A DE,........,False,False,False
2026-01-21T16:51:51.297723,29.056590,RX,0x123,8,DF E0 E1 E2 00 08 8A DF,........,False,False,False
2026-01-21T16:51:51.299224,29.058091,RX,0x123,8,E0 E1 E2 E3 00 08 8A E0,........,False,False,False
2026-01-21T16:51:51.300680,29.059546,RX,0x123,8,E1 E2 E3 E4 00 08 8A E1,........,False,False,False
2026-01-21T16:51:51.302074,29.060941,RX,0x123,8,E2 E3 E4 E5 00 08 8A E2,........,False,False,False
2026-01-21T16:51:51.303673,29.062540,RX,0x123,8,E3 E4 E5 E6 00 08 8A E3,........,False,False,False
2026-01-21T16:51:51.305163,29.064030,RX,0x123,8,E4 E5 E6 E7 00 08 8A E4,........,False,False,False
2026-01-21T16:51:51.306672,29.065539,RX,0x123,8,E5 E6 E7 E8 00 08 8A E5,........,False,False,False
2026-01-21T16:51:51.308243,29.067110,RX,0x123,8,E6 E7 E8 E9 00 08 8A E6,........,False,False,False
2026-01-21T16:51:51.309715,29.068582,RX,0x123,8,E7 E8 E9 EA 00 08 8A E7,........,False,False,False
2026-01-21T16:51:51.311743,29.070610,RX,0x123,8,E8 E9 EA EB 00 08 8A E8,........,False,False,False
2026-01-21T16:51:51.313078,29.071945,RX,0x123,8,E9 EA EB EC 00 08 8A E9,........,False,False,False
2026-01-21T16:51:51.314568,29.073436,RX,0x123,8,EA EB EC ED 00 08 8A EA,........,False,False,False
2026-01-21T16:51:51.316096,29.074964,RX,0x123,8,EB EC ED EE 00 08 8A EB,........,False,False,False
2026-01-21T16:51:51.317116,29.075983,RX,0x123,8,EC ED EE EF 00 08 8A EC,........,False,False,False
2026-01-21T16:51:51.319478,29.078345,RX,0x123,8,ED EE EF F0 00 08 8A ED,........,False,False,False
2026-01-21T16:51:51.321014,29.079881,RX,0x123,8,EE EF F0 F1 00 08 8A EE,........,False,False,False
2026-01-21T16:51:51.322561,29.081428,RX,0x123,8,EF F0 F1 F2 00 08 8A EF,........,False,False,False
2026-01-21T16:51:51.324585,29.083452,RX,0x123,8,F0 F1 F2 F3 00 08 8A F0,........,False,False,False
2026-01-21T16:51:51.326336,29.085203,RX,0x123,8,F1 F2 F3 F4 00 08 8A F1,........,False,False,False
2026-01-21T16:51:51.328274,29.087141,RX,0x123,8,F2 F3 F4 F5 00 08 8A F2,........,False,False,False
2026-01-21T16:51:51.329689,29.088556,RX,0x123,8,F3 F4 F5 F6 00 08 8A F3,........,False,False,False
2026-01-21T16:51:51.331357,29.090224,RX,0x123,8,F4 F5 F6 F7 00 08 8A F4,........,False,False,False
2026-01-21T16:51:51.332771,29.091638,RX,0x123,8,F5 F6 F7 F8 00 08 8A F5,........,False,False,False
2026-01-21T16:51:51.334206,29.093073,RX,0x123,8,F6 F7 F8 F9 00 08 8A F6,........,False,False,False
2026-01-21T16:51:51.335775,29.094643,RX,0x123,8,F7 F8 F9 FA 00 08 8A F7,........,False,False,False
2026-01-21T16:51:51.337727,29.096594,RX,0x123,8,F8 F9 FA FB 00 08 8A F8,........,False,False,False
2026-01-21T16:51:51.339300,29.098167,RX,0x123,8,F9 FA FB FC 00 08 8A F9,........,False,False,False
2026-01-21T16:51:51.341307,29.100174,RX,0x123,8,FA FB FC FD 00 08 8A FA,........,False,False,False
2026-01-21T16:51:51.343142,29.102009,RX,0x123,8,FB FC FD FE 00 08 8A FB,........,False,False,False
2026-01-21T16:51:51.344962,29.103829,RX,0x123,8,FC FD FE FF 00 08 8A FC,........,False,False,False
2026-01-21T16:51:51.345978,29.104845,RX,0x123,8,FD FE FF 00 00 08 8A FD,........,False,False,False
2026-01-21T16:51:51.348562,29.107429,RX,0x123,8,FE FF 00 01 00 08 8A FE,........,False,False,False
2026-01-21T16:51:51.350407,29.109274,RX,0x123,8,FF 00 01 02 00 08 8A FF,........,False,False,False
2026-01-21T16:51:51.351955,29.110822,RX,0x123,8,00 01 02 03 00 08 8B 00,........,False,False,False
2026-01-21T16:51:51.353868,29.112735,RX,0x123,8,01 02 03 04 00 08 8B 01,........,False,False,False
2026-01-21T16:51:51.354879,29.113746,RX,0x123,8,02 03 04 05 00 08 8B 02,........,False,False,False
2026-01-21T16:51:51.357202,29.116068,RX,0x123,8,03 04 05 06 00 08 8B 03,........,False,False,False
2026-01-21T16:51:51.358834,29.117701,RX,0x123,8,04 05 06 07 00 08 8B 04,........,False,False,False
2026-01-21T16:51:51.360300,29.119167,RX,0x123,8,05 06 07 08 00 08 8B 05,........,False,False,False
2026-01-21T16:51:51.361891,29.120758,RX,0x123,8,06 07 08 09 00 08 8B 06,........,False,False,False
2026-01-21T16:51:51.363298,29.122165,RX,0x123,8,07 08 09 0A 00 08 8B 07,........,False,False,False
2026-01-21T16:51:51.364967,29.123834,RX,0x123,8,08 09 0A 0B 00 08 8B 08,........,False,False,False
2026-01-21T16:51:51.366645,29.125512,RX,0x123,8,09 0A 0B 0C 00 08 8B 09,........,False,False,False
2026-01-21T16:51:51.368359,29.127225,RX,0x123,8,0A 0B 0C 0D 00 08 8B 0A,........,False,False,False
2026-01-21T16:51:51.369874,29.128741,RX,0x123,8,0B 0C 0D 0E 00 08 8B 0B,........,False,False,False
2026-01-21T16:51:51.371538,29.130404,RX,0x123,8,0C 0D 0E 0F 00 08 8B 0C,........,False,False,False
2026-01-21T16:51:51.373368,29.132235,RX,0x123,8,0D 0E 0F 10 00 08 8B 0D,........,False,False,False
2026-01-21T16:51:51.374836,29.133703,RX,0x123,8,0E 0F 10 11 00 08 8B 0E,........,False,False,False
2026-01-21T16:51:51.376375,29.135242,RX,0x123,8,0F 10 11 12 00 08 8B 0F,........,False,False,False
2026-01-21T16:51:51.378369,29.137236,RX,0x123,8,10 11 12 13 00 08 8B 10,........,False,False,False
2026-01-21T16:51:51.380193,29.139060,RX,0x123,8,11 12 13 14 00 08 8B 11,........,False,False,False
2026-01-21T16:51:51.381717,29.140584,RX,0x123,8,12 13 14 15 00 08 8B 12,........,False,False,False
2026-01-21T16:51:51.383519,29.142385,RX,0x123,8,13 14 15 16 00 08 8B 13,........,False,False,False
2026-01-21T16:51:51.385001,29.143867,RX,0x123,8,14 15 16 17 00 08 8B 14,........,False,False,False
2026-01-21T16:51:51.386376,29.145243,RX,0x123,8,15 16 17 18 00 08 8B 15,........,False,False,False
2026-01-21T16:51:51.387709,29.146576,RX,0x123,8,16 17 18 19 00 08 8B 16,........,False,False,False
2026-01-21T16:51:51.389029,29.147896,RX,0x123,8,17 18 19 1A 00 08 8B 17,........,False,False,False
2026-01-21T16:51:51.390665,29.149532,RX,0x123,8,18 19 1A 1B 00 08 8B 18,........,False,False,False
2026-01-21T16:51:51.392697,29.151564,RX,0x123,8,19 1A 1B 1C 00 08 8B 19,........,False,False,False
2026-01-21T16:51:51.394239,29.153106,RX,0x123,8,1A 1B 1C 1D 00 08 8B 1A,........,False,False,False
2026-01-21T16:51:51.395748,29.154615,RX,0x123,8,1B 1C 1D 1E 00 08 8B 1B,........,False,False,False
2026-01-21T16:51:51.397809,29.156219,RX,0x123,8,1C 1D 1E 1F 00 08 8B 1C,........,False,False,False
2026-01-21T16:51:51.399234,29.158101,RX,0x123,8,1D 1E 1F 20 00 08 8B 1D,... ....,False,False,False
2026-01-21T16:51:51.400724,29.159591,RX,0x123,8,1E 1F 20 21 00 08 8B 1E,.. !....,False,False,False
2026-01-21T16:51:51.402156,29.161023,RX,0x123,8,1F 20 21 22 00 08 8B 1F,". !""....",False,False,False
2026-01-21T16:51:51.403555,29.162422,RX,0x123,8,20 21 22 23 00 08 8B 20," !""#... ",False,False,False
2026-01-21T16:51:51.405208,29.164075,RX,0x123,8,21 22 23 24 00 08 8B 21,"!""#$...!",False,False,False
2026-01-21T16:51:51.407291,29.166158,RX,0x123,8,22 23 24 25 00 08 8B 22,"""#$%...""",False,False,False
2026-01-21T16:51:51.408975,29.167842,RX,0x123,8,23 24 25 26 00 08 8B 23,#$%&...#,False,False,False
2026-01-21T16:51:51.409981,29.168848,RX,0x123,8,24 25 26 27 00 08 8B 24,$%&'...$,False,False,False
2026-01-21T16:51:51.412646,29.171513,RX,0x123,8,25 26 27 28 00 08 8B 25,%&'(...%,False,False,False
2026-01-21T16:51:51.414190,29.173057,RX,0x123,8,26 27 28 29 00 08 8B 26,&'()...&,False,False,False
2026-01-21T16:51:51.416423,29.175290,RX,0x123,8,27 28 29 2A 00 08 8B 27,'()*...',False,False,False
2026-01-21T16:51:51.418045,29.176912,RX,0x123,8,28 29 2A 2B 00 08 8B 28,()*+...(,False,False,False
2026-01-21T16:51:51.420055,29.178922,RX,0x123,8,29 2A 2B 2C 00 08 8B 29,")*+,...)",False,False,False
2026-01-21T16:51:51.421734,29.180601,RX,0x123,8,2A 2B 2C 2D 00 08 8B 2A,"*+,-...*",False,False,False
2026-01-21T16:51:51.423354,29.182221,RX,0x123,8,2B 2C 2D 2E 00 08 8B 2B,"+,-....+",False,False,False
2026-01-21T16:51:51.424926,29.183793,RX,0x123,8,2C 2D 2E 2F 00 08 8B 2C,",-./...,",False,False,False
2026-01-21T16:51:51.425940,29.184807,RX,0x123,8,2D 2E 2F 30 00 08 8B 2D,-./0...-,False,False,False
2026-01-21T16:51:51.428311,29.187178,RX,0x123,8,2E 2F 30 31 00 08 8B 2E,./01....,False,False,False
2026-01-21T16:51:51.429735,29.188601,RX,0x123,8,2F 30 31 32 00 08 8B 2F,/012.../,False,False,False
2026-01-21T16:51:51.431278,29.190145,RX,0x123,8,30 31 32 33 00 08 8B 30,0123...0,False,False,False
2026-01-21T16:51:51.432825,29.191692,RX,0x123,8,31 32 33 34 00 08 8B 31,1234...1,False,False,False
2026-01-21T16:51:51.434448,29.193315,RX,0x123,8,32 33 34 35 00 08 8B 32,2345...2,False,False,False
2026-01-21T16:51:51.435954,29.194821,RX,0x123,8,33 34 35 36 00 08 8B 33,3456...3,False,False,False
2026-01-21T16:51:51.437577,29.196444,RX,0x123,8,34 35 36 37 00 08 8B 34,4567...4,False,False,False
2026-01-21T16:51:51.438940,29.197807,RX,0x123,8,35 36 37 38 00 08 8B 35,5678...5,False,False,False
2026-01-21T16:51:51.440362,29.199229,RX,0x123,8,36 37 38 39 00 08 8B 36,6789...6,False,False,False
2026-01-21T16:51:51.441372,29.200239,RX,0x123,8,37 38 39 3A 00 08 8B 37,789:...7,False,False,False
2026-01-21T16:51:51.443765,29.202632,RX,0x123,8,38 39 3A 3B 00 08 8B 38,89:;...8,False,False,False
2026-01-21T16:51:51.445562,29.204429,RX,0x123,8,39 3A 3B 3C 00 08 8B 39,9:;<...9,False,False,False
2026-01-21T16:51:51.447252,29.206119,RX,0x123,8,3A 3B 3C 3D 00 08 8B 3A,:;<=...:,False,False,False
2026-01-21T16:51:51.448666,29.207533,RX,0x123,8,3B 3C 3D 3E 00 08 8B 3B,;<=>...;,False,False,False
2026-01-21T16:51:51.450503,29.209370,RX,0x123,8,3C 3D 3E 3F 00 08 8B 3C,<=>?...<,False,False,False
2026-01-21T16:51:51.452103,29.210970,RX,0x123,8,3D 3E 3F 40 00 08 8B 3D,=>?@...=,False,False,False
2026-01-21T16:51:51.453605,29.212472,RX,0x123,8,3E 3F 40 41 00 08 8B 3E,>?@A...>,False,False,False
2026-01-21T16:51:51.455180,29.214047,RX,0x123,8,3F 40 41 42 00 08 8B 3F,?@AB...?,False,False,False
2026-01-21T16:51:51.457118,29.215985,RX,0x123,8,40 41 42 43 00 08 8B 40,@ABC...@,False,False,False
2026-01-21T16:51:51.458589,29.217456,RX,0x123,8,41 42 43 44 00 08 8B 41,ABCD...A,False,False,False
2026-01-21T16:51:51.460158,29.219025,RX,0x123,8,42 43 44 45 00 08 8B 42,BCDE...B,False,False,False
2026-01-21T16:51:51.462121,29.220988,RX,0x123,8,43 44 45 46 00 08 8B 43,CDEF...C,False,False,False
2026-01-21T16:51:51.463886,29.222753,RX,0x123,8,44 45 46 47 00 08 8B 44,DEFG...D,False,False,False
2026-01-21T16:51:51.466841,29.225708,RX,0x123,8,45 46 47 48 00 08 8B 45,EFGH...E,False,False,False
2026-01-21T16:51:51.468672,29.227539,RX,0x123,8,46 47 48 49 00 08 8B 46,FGHI...F,False,False,False
2026-01-21T16:51:51.470751,29.229619,RX,0x123,8,47 48 49 4A 00 08 8B 47,GHIJ...G,False,False,False
2026-01-21T16:51:51.472520,29.231387,RX,0x123,8,48 49 4A 4B 00 08 8B 48,HIJK...H,False,False,False
2026-01-21T16:51:51.474090,29.232957,RX,0x123,8,49 4A 4B 4C 00 08 8B 49,IJKL...I,False,False,False
2026-01-21T16:51:51.475838,29.234705,RX,0x123,8,4A 4B 4C 4D 00 08 8B 4A,JKLM...J,False,False,False
2026-01-21T16:51:51.477644,29.236511,RX,0x123,8,4B 4C 4D 4E 00 08 8B 4B,KLMN...K,False,False,False
2026-01-21T16:51:51.479967,29.238833,RX,0x123,8,4C 4D 4E 4F 00 08 8B 4C,LMNO...L,False,False,False
2026-01-21T16:51:51.481874,29.240741,RX,0x123,8,4D 4E 4F 50 00 08 8B 4D,MNOP...M,False,False,False
2026-01-21T16:51:51.484442,29.243309,RX,0x123,8,4E 4F 50 51 00 08 8B 4E,NOPQ...N,False,False,False
2026-01-21T16:51:51.486180,29.245047,RX,0x123,8,4F 50 51 52 00 08 8B 4F,OPQR...O,False,False,False
2026-01-21T16:51:51.488529,29.247396,RX,0x123,8,50 51 52 53 00 08 8B 50,PQRS...P,False,False,False
2026-01-21T16:51:51.490233,29.249100,RX,0x123,8,51 52 53 54 00 08 8B 51,QRST...Q,False,False,False
2026-01-21T16:51:51.491682,29.250549,RX,0x123,8,52 53 54 55 00 08 8B 52,RSTU...R,False,False,False
2026-01-21T16:51:51.493145,29.252012,RX,0x123,8,53 54 55 56 00 08 8B 53,STUV...S,False,False,False
2026-01-21T16:51:51.494498,29.253365,RX,0x123,8,54 55 56 57 00 08 8B 54,TUVW...T,False,False,False
2026-01-21T16:51:51.496279,29.255146,RX,0x123,8,55 56 57 58 00 08 8B 55,UVWX...U,False,False,False
2026-01-21T16:51:51.497676,29.256543,RX,0x123,8,56 57 58 59 00 08 8B 56,VWXY...V,False,False,False
2026-01-21T16:51:51.498991,29.257858,RX,0x123,8,57 58 59 5A 00 08 8B 57,WXYZ...W,False,False,False
2026-01-21T16:51:51.500537,29.259404,RX,0x123,8,58 59 5A 5B 00 08 8B 58,XYZ[...X,False,False,False
2026-01-21T16:51:51.502311,29.261178,RX,0x123,8,59 5A 5B 5C 00 08 8B 59,YZ[\...Y,False,False,False
2026-01-21T16:51:51.503930,29.262797,RX,0x123,8,5A 5B 5C 5D 00 08 8B 5A,Z[\]...Z,False,False,False
2026-01-21T16:51:51.505475,29.264342,RX,0x123,8,5B 5C 5D 5E 00 08 8B 5B,[\]^...[,False,False,False
2026-01-21T16:51:51.507327,29.266194,RX,0x123,8,5C 5D 5E 5F 00 08 8B 5C,\]^_...\,False,False,False
2026-01-21T16:51:51.509218,29.268085,RX,0x123,8,5D 5E 5F 60 00 08 8B 5D,]^_`...],False,False,False
2026-01-21T16:51:51.511362,29.270229,RX,0x123,8,5E 5F 60 61 00 08 8B 5E,^_`a...^,False,False,False
2026-01-21T16:51:51.512870,29.271736,RX,0x123,8,5F 60 61 62 00 08 8B 5F,_`ab..._,False,False,False
2026-01-21T16:51:51.514904,29.273462,RX,0x123,8,60 61 62 63 00 08 8B 60,`abc...`,False,False,False
2026-01-21T16:51:51.516581,29.275448,RX,0x123,8,61 62 63 64 00 08 8B 61,abcd...a,False,False,False
2026-01-21T16:51:51.518703,29.277187,RX,0x123,8,62 63 64 65 00 08 8B 62,bcde...b,False,False,False
2026-01-21T16:51:51.520180,29.279047,RX,0x123,8,63 64 65 66 00 08 8B 63,cdef...c,False,False,False
2026-01-21T16:51:51.521684,29.280551,RX,0x123,8,64 65 66 67 00 08 8B 64,defg...d,False,False,False
2026-01-21T16:51:51.523350,29.282217,RX,0x123,8,65 66 67 68 00 08 8B 65,efgh...e,False,False,False
2026-01-21T16:51:51.525210,29.284077,RX,0x123,8,66 67 68 69 00 08 8B 66,fghi...f,False,False,False
2026-01-21T16:51:51.527479,29.286345,RX,0x123,8,67 68 69 6A 00 08 8B 67,ghij...g,False,False,False
2026-01-21T16:51:51.529355,29.288222,RX,0x123,8,68 69 6A 6B 00 08 8B 68,hijk...h,False,False,False
2026-01-21T16:51:51.531749,29.290616,RX,0x123,8,69 6A 6B 6C 00 08 8B 69,ijkl...i,False,False,False
2026-01-21T16:51:51.533627,29.292494,RX,0x123,8,6A 6B 6C 6D 00 08 8B 6A,jklm...j,False,False,False
2026-01-21T16:51:51.536488,29.295355,RX,0x123,8,6B 6C 6D 6E 00 08 8B 6B,klmn...k,False,False,False
2026-01-21T16:51:51.538346,29.297213,RX,0x123,8,6C 6D 6E 6F 00 08 8B 6C,lmno...l,False,False,False
2026-01-21T16:51:51.539818,29.298685,RX,0x123,8,6D 6E 6F 70 00 08 8B 6D,mnop...m,False,False,False
2026-01-21T16:51:51.541485,29.300352,RX,0x123,8,6E 6F 70 71 00 08 8B 6E,nopq...n,False,False,False
2026-01-21T16:51:51.543434,29.302302,RX,0x123,8,6F 70 71 72 00 08 8B 6F,opqr...o,False,False,False
2026-01-21T16:51:51.545140,29.304008,RX,0x123,8,70 71 72 73 00 08 8B 70,pqrs...p,False,False,False
2026-01-21T16:51:51.546545,29.305413,RX,0x123,8,71 72 73 74 00 08 8B 71,qrst...q,False,False,False
2026-01-21T16:51:51.547890,29.306756,RX,0x123,8,72 73 74 75 00 08 8B 72,rstu...r,False,False,False
2026-01-21T16:51:51.549247,29.308114,RX,0x123,8,73 74 75 76 00 08 8B 73,stuv...s,False,False,False
2026-01-21T16:51:51.550257,29.309124,RX,0x123,8,74 75 76 77 00 08 8B 74,tuvw...t,False,False,False
2026-01-21T16:51:51.552817,29.311684,RX,0x123,8,75 76 77 78 00 08 8B 75,uvwx...u,False,False,False
2026-01-21T16:51:51.554740,29.313607,RX,0x123,8,76 77 78 79 00 08 8B 76,vwxy...v,False,False,False
2026-01-21T16:51:51.556225,29.315092,RX,0x123,8,77 78 79 7A 00 08 8B 77,wxyz...w,False,False,False
2026-01-21T16:51:51.557945,29.316813,RX,0x123,8,78 79 7A 7B 00 08 8B 78,xyz{...x,False,False,False
2026-01-21T16:51:51.559691,29.318558,RX,0x123,8,79 7A 7B 7C 00 08 8B 79,yz{|...y,False,False,False
2026-01-21T16:51:51.561484,29.320351,RX,0x123,8,7A 7B 7C 7D 00 08 8B 7A,z{|}...z,False,False,False
2026-01-21T16:51:51.563505,29.322372,RX,0x123,8,7B 7C 7D 7E 00 08 8B 7B,{|}~...{,False,False,False
2026-01-21T16:51:51.565727,29.324594,RX,0x123,8,7C 7D 7E 7F 00 08 8B 7C,|}~....|,False,False,False
2026-01-21T16:51:51.567916,29.326783,RX,0x123,8,7D 7E 7F 80 00 08 8B 7D,}~.....},False,False,False
2026-01-21T16:51:51.569716,29.328583,RX,0x123,8,7E 7F 80 81 00 08 8B 7E,~......~,False,False,False
2026-01-21T16:51:51.571716,29.330583,RX,0x123,8,7F 80 81 82 00 08 8B 7F,........,False,False,False
2026-01-21T16:51:51.573495,29.332362,RX,0x123,8,80 81 82 83 00 08 8B 80,........,False,False,False
2026-01-21T16:51:51.575033,29.333900,RX,0x123,8,81 82 83 84 00 08 8B 81,........,False,False,False
2026-01-21T16:51:51.576708,29.335575,RX,0x123,8,82 83 84 85 00 08 8B 82,........,False,False,False
2026-01-21T16:51:51.578302,29.337169,RX,0x123,8,83 84 85 86 00 08 8B 83,........,False,False,False
2026-01-21T16:51:51.579725,29.338592,RX,0x123,8,84 85 86 87 00 08 8B 84,........,False,False,False
2026-01-21T16:51:51.581150,29.340017,RX,0x123,8,85 86 87 88 00 08 8B 85,........,False,False,False
2026-01-21T16:51:51.582764,29.341631,RX,0x123,8,86 87 88 89 00 08 8B 86,........,False,False,False
2026-01-21T16:51:51.584444,29.343312,RX,0x123,8,87 88 89 8A 00 08 8B 87,........,False,False,False
2026-01-21T16:51:51.585994,29.344861,RX,0x123,8,88 89 8A 8B 00 08 8B 88,........,False,False,False
2026-01-21T16:51:51.587309,29.346176,RX,0x123,8,89 8A 8B 8C 00 08 8B 89,........,False,False,False
2026-01-21T16:51:51.588320,29.347187,RX,0x123,8,8A 8B 8C 8D 00 08 8B 8A,........,False,False,False
2026-01-21T16:51:51.590122,29.348989,RX,0x123,8,8B 8C 8D 8E 00 08 8B 8B,........,False,False,False
2026-01-21T16:51:51.591876,29.350743,RX,0x123,8,8C 8D 8E 8F 00 08 8B 8C,........,False,False,False
2026-01-21T16:51:51.593607,29.352474,RX,0x123,8,8D 8E 8F 90 00 08 8B 8D,........,False,False,False
2026-01-21T16:51:51.595787,29.354654,RX,0x123,8,8E 8F 90 91 00 08 8B 8E,........,False,False,False
2026-01-21T16:51:51.596800,29.355667,RX,0x123,8,8F 90 91 92 00 08 8B 8F,........,False,False,False
2026-01-21T16:51:51.599489,29.358356,RX,0x123,8,90 91 92 93 00 08 8B 90,........,False,False,False
2026-01-21T16:51:51.601351,29.360218,RX,0x123,8,91 92 93 94 00 08 8B 91,........,False,False,False
2026-01-21T16:51:51.603420,29.362287,RX,0x123,8,92 93 94 95 00 08 8B 92,........,False,False,False
2026-01-21T16:51:51.604884,29.363751,RX,0x123,8,93 94 95 96 00 08 8B 93,........,False,False,False
2026-01-21T16:51:51.606600,29.365467,RX,0x123,8,94 95 96 97 00 08 8B 94,........,False,False,False
2026-01-21T16:51:51.608450,29.367317,RX,0x123,8,95 96 97 98 00 08 8B 95,........,False,False,False
2026-01-21T16:51:51.609544,29.368411,RX,0x123,8,96 97 98 99 00 08 8B 96,........,False,False,False
2026-01-21T16:51:51.612094,29.370961,RX,0x123,8,97 98 99 9A 00 08 8B 97,........,False,False,False
2026-01-21T16:51:51.613922,29.372789,RX,0x123,8,98 99 9A 9B 00 08 8B 98,........,False,False,False
2026-01-21T16:51:51.615487,29.374354,RX,0x123,8,99 9A 9B 9C 00 08 8B 99,........,False,False,False
2026-01-21T16:51:51.617110,29.375977,RX,0x123,8,9A 9B 9C 9D 00 08 8B 9A,........,False,False,False
2026-01-21T16:51:51.618483,29.377351,RX,0x123,8,9B 9C 9D 9E 00 08 8B 9B,........,False,False,False
2026-01-21T16:51:51.619820,29.378687,RX,0x123,8,9C 9D 9E 9F 00 08 8B 9C,........,False,False,False
2026-01-21T16:51:51.621141,29.380008,RX,0x123,8,9D 9E 9F A0 00 08 8B 9D,........,False,False,False
2026-01-21T16:51:51.622581,29.381448,RX,0x123,8,9E 9F A0 A1 00 08 8B 9E,........,False,False,False
2026-01-21T16:51:51.624063,29.382930,RX,0x123,8,9F A0 A1 A2 00 08 8B 9F,........,False,False,False
2026-01-21T16:51:51.625546,29.384413,RX,0x123,8,A0 A1 A2 A3 00 08 8B A0,........,False,False,False
2026-01-21T16:51:51.626558,29.385425,RX,0x123,8,A1 A2 A3 A4 00 08 8B A1,........,False,False,False
2026-01-21T16:51:51.628849,29.387716,RX,0x123,8,A2 A3 A4 A5 00 08 8B A2,........,False,False,False
2026-01-21T16:51:51.630439,29.389306,RX,0x123,8,A3 A4 A5 A6 00 08 8B A3,........,False,False,False
2026-01-21T16:51:51.632010,29.390877,RX,0x123,8,A4 A5 A6 A7 00 08 8B A4,........,False,False,False
2026-01-21T16:51:51.633679,29.392546,RX,0x123,8,A5 A6 A7 A8 00 08 8B A5,........,False,False,False
2026-01-21T16:51:51.635890,29.394757,RX,0x123,8,A6 A7 A8 A9 00 08 8B A6,........,False,False,False
2026-01-21T16:51:51.637565,29.396432,RX,0x123,8,A7 A8 A9 AA 00 08 8B A7,........,False,False,False
2026-01-21T16:51:51.639166,29.398033,RX,0x123,8,A8 A9 AA AB 00 08 8B A8,........,False,False,False
2026-01-21T16:51:51.640577,29.399444,RX,0x123,8,A9 AA AB AC 00 08 8B A9,........,False,False,False
2026-01-21T16:51:51.641586,29.400454,RX,0x123,8,AA AB AC AD 00 08 8B AA,........,False,False,False
2026-01-21T16:51:51.644087,29.402954,RX,0x123,8,AB AC AD AE 00 08 8B AB,........,False,False,False
2026-01-21T16:51:51.645726,29.404593,RX,0x123,8,AC AD AE AF 00 08 8B AC,........,False,False,False
2026-01-21T16:51:51.647142,29.406009,RX,0x123,8,AD AE AF B0 00 08 8B AD,........,False,False,False
2026-01-21T16:51:51.648782,29.407649,RX,0x123,8,AE AF B0 B1 00 08 8B AE,........,False,False,False
2026-01-21T16:51:51.650701,29.409568,RX,0x123,8,AF B0 B1 B2 00 08 8B AF,........,False,False,False
2026-01-21T16:51:51.653081,29.411948,RX,0x123,8,B0 B1 B2 B3 00 08 8B B0,........,False,False,False
2026-01-21T16:51:51.654679,29.413546,RX,0x123,8,B1 B2 B3 B4 00 08 8B B1,........,False,False,False
2026-01-21T16:51:51.656138,29.415004,RX,0x123,8,B2 B3 B4 B5 00 08 8B B2,........,False,False,False
2026-01-21T16:51:51.657542,29.416409,RX,0x123,8,B3 B4 B5 B6 00 08 8B B3,........,False,False,False
2026-01-21T16:51:51.659069,29.417936,RX,0x123,8,B4 B5 B6 B7 00 08 8B B4,........,False,False,False
2026-01-21T16:51:51.660381,29.419248,RX,0x123,8,B5 B6 B7 B8 00 08 8B B5,........,False,False,False
2026-01-21T16:51:51.661859,29.420726,RX,0x123,8,B6 B7 B8 B9 00 08 8B B6,........,False,False,False
2026-01-21T16:51:51.663415,29.422282,RX,0x123,8,B7 B8 B9 BA 00 08 8B B7,........,False,False,False
2026-01-21T16:51:51.664764,29.423631,RX,0x123,8,B8 B9 BA BB 00 08 8B B8,........,False,False,False
2026-01-21T16:51:51.666193,29.425060,RX,0x123,8,B9 BA BB BC 00 08 8B B9,........,False,False,False
2026-01-21T16:51:51.667512,29.426379,RX,0x123,8,BA BB BC BD 00 08 8B BA,........,False,False,False
2026-01-21T16:51:51.668523,29.427390,RX,0x123,8,BB BC BD BE 00 08 8B BB,........,False,False,False
2026-01-21T16:51:51.670718,29.429585,RX,0x123,8,BC BD BE BF 00 08 8B BC,........,False,False,False
2026-01-21T16:51:51.671726,29.430593,RX,0x123,8,BD BE BF C0 00 08 8B BD,........,False,False,False
2026-01-21T16:51:51.673899,29.432766,RX,0x123,8,BE BF C0 C1 00 08 8B BE,........,False,False,False
2026-01-21T16:51:51.674906,29.433773,RX,0x123,8,BF C0 C1 C2 00 08 8B BF,........,False,False,False
2026-01-21T16:51:51.677293,29.436160,RX,0x123,8,C0 C1 C2 C3 00 08 8B C0,........,False,False,False
2026-01-21T16:51:51.678298,29.437165,RX,0x123,8,C1 C2 C3 C4 00 08 8B C1,........,False,False,False
2026-01-21T16:51:51.680485,29.439353,RX,0x123,8,C2 C3 C4 C5 00 08 8B C2,........,False,False,False
2026-01-21T16:51:51.681933,29.440800,RX,0x123,8,C3 C4 C5 C6 00 08 8B C3,........,False,False,False
2026-01-21T16:51:51.683501,29.442368,RX,0x123,8,C4 C5 C6 C7 00 08 8B C4,........,False,False,False
2026-01-21T16:51:51.685368,29.444235,RX,0x123,8,C5 C6 C7 C8 00 08 8B C5,........,False,False,False
2026-01-21T16:51:51.686798,29.445665,RX,0x123,8,C6 C7 C8 C9 00 08 8B C6,........,False,False,False
2026-01-21T16:51:51.688185,29.447052,RX,0x123,8,C7 C8 C9 CA 00 08 8B C7,........,False,False,False
2026-01-21T16:51:51.689670,29.448537,RX,0x123,8,C8 C9 CA CB 00 08 8B C8,........,False,False,False
2026-01-21T16:51:51.691318,29.450185,RX,0x123,8,C9 CA CB CC 00 08 8B C9,........,False,False,False
2026-01-21T16:51:51.693219,29.452086,RX,0x123,8,CA CB CC CD 00 08 8B CA,........,False,False,False
2026-01-21T16:51:51.694233,29.453100,RX,0x123,8,CB CC CD CE 00 08 8B CB,........,False,False,False
2026-01-21T16:51:51.696586,29.455454,RX,0x123,8,CC CD CE CF 00 08 8B CC,........,False,False,False
2026-01-21T16:51:51.698476,29.457343,RX,0x123,8,CD CE CF D0 00 08 8B CD,........,False,False,False
2026-01-21T16:51:51.700080,29.458947,RX,0x123,8,CE CF D0 D1 00 08 8B CE,........,False,False,False
2026-01-21T16:51:51.701505,29.460371,RX,0x123,8,CF D0 D1 D2 00 08 8B CF,........,False,False,False
2026-01-21T16:51:51.702881,29.461748,RX,0x123,8,D0 D1 D2 D3 00 08 8B D0,........,False,False,False
2026-01-21T16:51:51.704388,29.463255,RX,0x123,8,D1 D2 D3 D4 00 08 8B D1,........,False,False,False
2026-01-21T16:51:51.705393,29.464260,RX,0x123,8,D2 D3 D4 D5 00 08 8B D2,........,False,False,False
2026-01-21T16:51:51.708643,29.467510,RX,0x123,8,D3 D4 D5 D6 00 08 8B D3,........,False,False,False
2026-01-21T16:51:51.708643,29.467510,RX,0x123,8,D4 D5 D6 D7 00 08 8B D4,........,False,False,False
2026-01-21T16:51:51.710373,29.469240,RX,0x123,8,D5 D6 D7 D8 00 08 8B D5,........,False,False,False
2026-01-21T16:51:51.712440,29.471307,RX,0x123,8,D6 D7 D8 D9 00 08 8B D6,........,False,False,False
2026-01-21T16:51:51.713916,29.472783,RX,0x123,8,D7 D8 D9 DA 00 08 8B D7,........,False,False,False
2026-01-21T16:51:51.715251,29.474118,RX,0x123,8,D8 D9 DA DB 00 08 8B D8,........,False,False,False
2026-01-21T16:51:51.716603,29.475471,RX,0x123,8,D9 DA DB DC 00 08 8B D9,........,False,False,False
2026-01-21T16:51:51.718165,29.477032,RX,0x123,8,DA DB DC DD 00 08 8B DA,........,False,False,False
2026-01-21T16:51:51.719626,29.478493,RX,0x123,8,DB DC DD DE 00 08 8B DB,........,False,False,False
2026-01-21T16:51:51.720948,29.479815,RX,0x123,8,DC DD DE DF 00 08 8B DC,........,False,False,False
2026-01-21T16:51:51.722286,29.481153,RX,0x123,8,DD DE DF E0 00 08 8B DD,........,False,False,False
2026-01-21T16:51:51.723602,29.482469,RX,0x123,8,DE DF E0 E1 00 08 8B DE,........,False,False,False
2026-01-21T16:51:51.725030,29.483897,RX,0x123,8,DF E0 E1 E2 00 08 8B DF,........,False,False,False
2026-01-21T16:51:51.726043,29.484910,RX,0x123,8,E0 E1 E2 E3 00 08 8B E0,........,False,False,False
2026-01-21T16:51:51.728366,29.487233,RX,0x123,8,E1 E2 E3 E4 00 08 8B E1,........,False,False,False
2026-01-21T16:51:51.730245,29.489112,RX,0x123,8,E2 E3 E4 E5 00 08 8B E2,........,False,False,False
2026-01-21T16:51:51.731763,29.490630,RX,0x123,8,E3 E4 E5 E6 00 08 8B E3,........,False,False,False
2026-01-21T16:51:51.733325,29.492192,RX,0x123,8,E4 E5 E6 E7 00 08 8B E4,........,False,False,False
2026-01-21T16:51:51.735212,29.494079,RX,0x123,8,E5 E6 E7 E8 00 08 8B E5,........,False,False,False
2026-01-21T16:51:51.736657,29.495524,RX,0x123,8,E6 E7 E8 E9 00 08 8B E6,........,False,False,False
2026-01-21T16:51:51.738353,29.497220,RX,0x123,8,E7 E8 E9 EA 00 08 8B E7,........,False,False,False
2026-01-21T16:51:51.739939,29.498806,RX,0x123,8,E8 E9 EA EB 00 08 8B E8,........,False,False,False
2026-01-21T16:51:51.741941,29.500808,RX,0x123,8,E9 EA EB EC 00 08 8B E9,........,False,False,False
2026-01-21T16:51:51.743482,29.502349,RX,0x123,8,EA EB EC ED 00 08 8B EA,........,False,False,False
2026-01-21T16:51:51.745189,29.504056,RX,0x123,8,EB EC ED EE 00 08 8B EB,........,False,False,False
2026-01-21T16:51:51.746558,29.505425,RX,0x123,8,EC ED EE EF 00 08 8B EC,........,False,False,False
2026-01-21T16:51:51.747886,29.506753,RX,0x123,8,ED EE EF F0 00 08 8B ED,........,False,False,False
2026-01-21T16:51:51.749210,29.508077,RX,0x123,8,EE EF F0 F1 00 08 8B EE,........,False,False,False
2026-01-21T16:51:51.750217,29.509084,RX,0x123,8,EF F0 F1 F2 00 08 8B EF,........,False,False,False
2026-01-21T16:51:51.752746,29.511613,RX,0x123,8,F0 F1 F2 F3 00 08 8B F0,........,False,False,False
2026-01-21T16:51:51.754339,29.513206,RX,0x123,8,F1 F2 F3 F4 00 08 8B F1,........,False,False,False
2026-01-21T16:51:51.756014,29.514881,RX,0x123,8,F2 F3 F4 F5 00 08 8B F2,........,False,False,False
2026-01-21T16:51:51.757687,29.516554,RX,0x123,8,F3 F4 F5 F6 00 08 8B F3,........,False,False,False
2026-01-21T16:51:51.759419,29.518286,RX,0x123,8,F4 F5 F6 F7 00 08 8B F4,........,False,False,False
2026-01-21T16:51:51.760909,29.519776,RX,0x123,8,F5 F6 F7 F8 00 08 8B F5,........,False,False,False
2026-01-21T16:51:51.762653,29.521520,RX,0x123,8,F6 F7 F8 F9 00 08 8B F6,........,False,False,False
2026-01-21T16:51:51.763712,29.522578,RX,0x123,8,F7 F8 F9 FA 00 08 8B F7,........,False,False,False
2026-01-21T16:51:51.766385,29.525252,RX,0x123,8,F8 F9 FA FB 00 08 8B F8,........,False,False,False
2026-01-21T16:51:51.767873,29.526740,RX,0x123,8,F9 FA FB FC 00 08 8B F9,........,False,False,False
2026-01-21T16:51:51.769231,29.528098,RX,0x123,8,FA FB FC FD 00 08 8B FA,........,False,False,False
2026-01-21T16:51:51.770785,29.529652,RX,0x123,8,FB FC FD FE 00 08 8B FB,........,False,False,False
2026-01-21T16:51:51.772367,29.531234,RX,0x123,8,FC FD FE FF 00 08 8B FC,........,False,False,False
2026-01-21T16:51:51.774334,29.533201,RX,0x123,8,FD FE FF 00 00 08 8B FD,........,False,False,False
2026-01-21T16:51:51.776333,29.535200,RX,0x123,8,FE FF 00 01 00 08 8B FE,........,False,False,False
2026-01-21T16:51:51.777682,29.536549,RX,0x123,8,FF 00 01 02 00 08 8B FF,........,False,False,False
2026-01-21T16:51:51.778688,29.537555,RX,0x123,8,00 01 02 03 00 08 8C 00,........,False,False,False
2026-01-21T16:51:51.781208,29.540075,RX,0x123,8,01 02 03 04 00 08 8C 01,........,False,False,False
2026-01-21T16:51:51.782717,29.541584,RX,0x123,8,02 03 04 05 00 08 8C 02,........,False,False,False
2026-01-21T16:51:51.783726,29.542593,RX,0x123,8,03 04 05 06 00 08 8C 03,........,False,False,False
2026-01-21T16:51:51.786261,29.545128,RX,0x123,8,04 05 06 07 00 08 8C 04,........,False,False,False
2026-01-21T16:51:51.788544,29.547411,RX,0x123,8,05 06 07 08 00 08 8C 05,........,False,False,False
2026-01-21T16:51:51.790096,29.548963,RX,0x123,8,06 07 08 09 00 08 8C 06,........,False,False,False
2026-01-21T16:51:51.792170,29.551037,RX,0x123,8,07 08 09 0A 00 08 8C 07,........,False,False,False
2026-01-21T16:51:51.793265,29.552132,RX,0x123,8,08 09 0A 0B 00 08 8C 08,........,False,False,False
2026-01-21T16:51:51.795535,29.554402,RX,0x123,8,09 0A 0B 0C 00 08 8C 09,........,False,False,False
2026-01-21T16:51:51.796941,29.555808,RX,0x123,8,0A 0B 0C 0D 00 08 8C 0A,........,False,False,False
2026-01-21T16:51:51.798372,29.557239,RX,0x123,8,0B 0C 0D 0E 00 08 8C 0B,........,False,False,False
2026-01-21T16:51:51.799848,29.558715,RX,0x123,8,0C 0D 0E 0F 00 08 8C 0C,........,False,False,False
2026-01-21T16:51:51.801899,29.560313,RX,0x123,8,0D 0E 0F 10 00 08 8C 0D,........,False,False,False
2026-01-21T16:51:51.803640,29.562507,RX,0x123,8,0E 0F 10 11 00 08 8C 0E,........,False,False,False
2026-01-21T16:51:51.805102,29.563969,RX,0x123,8,0F 10 11 12 00 08 8C 0F,........,False,False,False
2026-01-21T16:51:51.806761,29.565628,RX,0x123,8,10 11 12 13 00 08 8C 10,........,False,False,False
2026-01-21T16:51:51.808707,29.567575,RX,0x123,8,11 12 13 14 00 08 8C 11,........,False,False,False
2026-01-21T16:51:51.809715,29.568582,RX,0x123,8,12 13 14 15 00 08 8C 12,........,False,False,False
2026-01-21T16:51:51.811557,29.570424,RX,0x123,8,13 14 15 16 00 08 8C 13,........,False,False,False
2026-01-21T16:51:51.812930,29.571797,RX,0x123,8,14 15 16 17 00 08 8C 14,........,False,False,False
2026-01-21T16:51:51.814405,29.573272,RX,0x123,8,15 16 17 18 00 08 8C 15,........,False,False,False
2026-01-21T16:51:51.815986,29.574853,RX,0x123,8,16 17 18 19 00 08 8C 16,........,False,False,False
2026-01-21T16:51:51.817627,29.576494,RX,0x123,8,17 18 19 1A 00 08 8C 17,........,False,False,False
2026-01-21T16:51:51.819233,29.578100,RX,0x123,8,18 19 1A 1B 00 08 8C 18,........,False,False,False
2026-01-21T16:51:51.820713,29.579580,RX,0x123,8,19 1A 1B 1C 00 08 8C 19,........,False,False,False
2026-01-21T16:51:51.822253,29.581120,RX,0x123,8,1A 1B 1C 1D 00 08 8C 1A,........,False,False,False
2026-01-21T16:51:51.823265,29.582132,RX,0x123,8,1B 1C 1D 1E 00 08 8C 1B,........,False,False,False
2026-01-21T16:51:51.825439,29.584306,RX,0x123,8,1C 1D 1E 1F 00 08 8C 1C,........,False,False,False
2026-01-21T16:51:51.826451,29.585318,RX,0x123,8,1D 1E 1F 20 00 08 8C 1D,... ....,False,False,False
2026-01-21T16:51:51.828928,29.587795,RX,0x123,8,1E 1F 20 21 00 08 8C 1E,.. !....,False,False,False
2026-01-21T16:51:51.830789,29.589656,RX,0x123,8,1F 20 21 22 00 08 8C 1F,". !""....",False,False,False
2026-01-21T16:51:51.832475,29.591342,RX,0x123,8,20 21 22 23 00 08 8C 20," !""#... ",False,False,False
2026-01-21T16:51:51.834176,29.593043,RX,0x123,8,21 22 23 24 00 08 8C 21,"!""#$...!",False,False,False
2026-01-21T16:51:51.835732,29.594599,RX,0x123,8,22 23 24 25 00 08 8C 22,"""#$%...""",False,False,False
2026-01-21T16:51:51.838010,29.596877,RX,0x123,8,23 24 25 26 00 08 8C 23,#$%&...#,False,False,False
2026-01-21T16:51:51.839762,29.598629,RX,0x123,8,24 25 26 27 00 08 8C 24,$%&'...$,False,False,False
2026-01-21T16:51:51.841559,29.600426,RX,0x123,8,25 26 27 28 00 08 8C 25,%&'(...%,False,False,False
2026-01-21T16:51:51.843978,29.602845,RX,0x123,8,26 27 28 29 00 08 8C 26,&'()...&,False,False,False
2026-01-21T16:51:51.845783,29.604650,RX,0x123,8,27 28 29 2A 00 08 8C 27,'()*...',False,False,False
2026-01-21T16:51:51.847936,29.606803,RX,0x123,8,28 29 2A 2B 00 08 8C 28,()*+...(,False,False,False
2026-01-21T16:51:51.849548,29.608415,RX,0x123,8,29 2A 2B 2C 00 08 8C 29,")*+,...)",False,False,False
2026-01-21T16:51:51.851046,29.609913,RX,0x123,8,2A 2B 2C 2D 00 08 8C 2A,"*+,-...*",False,False,False
2026-01-21T16:51:51.852805,29.611672,RX,0x123,8,2B 2C 2D 2E 00 08 8C 2B,"+,-....+",False,False,False
2026-01-21T16:51:51.854249,29.613116,RX,0x123,8,2C 2D 2E 2F 00 08 8C 2C,",-./...,",False,False,False
2026-01-21T16:51:51.855695,29.614562,RX,0x123,8,2D 2E 2F 30 00 08 8C 2D,-./0...-,False,False,False
2026-01-21T16:51:51.857111,29.615978,RX,0x123,8,2E 2F 30 31 00 08 8C 2E,./01....,False,False,False
2026-01-21T16:51:51.858751,29.617618,RX,0x123,8,2F 30 31 32 00 08 8C 2F,/012.../,False,False,False
2026-01-21T16:51:51.860232,29.619099,RX,0x123,8,30 31 32 33 00 08 8C 30,0123...0,False,False,False
2026-01-21T16:51:51.861698,29.620565,RX,0x123,8,31 32 33 34 00 08 8C 31,1234...1,False,False,False
2026-01-21T16:51:51.863348,29.622215,RX,0x123,8,32 33 34 35 00 08 8C 32,2345...2,False,False,False
2026-01-21T16:51:51.864949,29.623816,RX,0x123,8,33 34 35 36 00 08 8C 33,3456...3,False,False,False
2026-01-21T16:51:51.866892,29.625759,RX,0x123,8,34 35 36 37 00 08 8C 34,4567...4,False,False,False
2026-01-21T16:51:51.868783,29.626798,RX,0x123,8,35 36 37 38 00 08 8C 35,5678...5,False,False,False
2026-01-21T16:51:51.870478,29.629345,RX,0x123,8,36 37 38 39 00 08 8C 36,6789...6,False,False,False
2026-01-21T16:51:51.872123,29.630990,RX,0x123,8,37 38 39 3A 00 08 8C 37,789:...7,False,False,False
2026-01-21T16:51:51.874044,29.632911,RX,0x123,8,38 39 3A 3B 00 08 8C 38,89:;...8,False,False,False
2026-01-21T16:51:51.876197,29.635064,RX,0x123,8,39 3A 3B 3C 00 08 8C 39,9:;<...9,False,False,False
2026-01-21T16:51:51.878159,29.637026,RX,0x123,8,3A 3B 3C 3D 00 08 8C 3A,:;<=...:,False,False,False
2026-01-21T16:51:51.879719,29.638586,RX,0x123,8,3B 3C 3D 3E 00 08 8C 3B,;<=>...;,False,False,False
2026-01-21T16:51:51.881717,29.640584,RX,0x123,8,3C 3D 3E 3F 00 08 8C 3C,<=>?...<,False,False,False
2026-01-21T16:51:51.884411,29.643278,RX,0x123,8,3D 3E 3F 40 00 08 8C 3D,=>?@...=,False,False,False
2026-01-21T16:51:51.886427,29.645294,RX,0x123,8,3E 3F 40 41 00 08 8C 3E,>?@A...>,False,False,False
2026-01-21T16:51:51.887897,29.646764,RX,0x123,8,3F 40 41 42 00 08 8C 3F,?@AB...?,False,False,False
2026-01-21T16:51:51.889349,29.648216,RX,0x123,8,40 41 42 43 00 08 8C 40,@ABC...@,False,False,False
2026-01-21T16:51:51.890920,29.649787,RX,0x123,8,41 42 43 44 00 08 8C 41,ABCD...A,False,False,False
2026-01-21T16:51:51.892921,29.651788,RX,0x123,8,42 43 44 45 00 08 8C 42,BCDE...B,False,False,False
2026-01-21T16:51:51.895015,29.653882,RX,0x123,8,43 44 45 46 00 08 8C 43,CDEF...C,False,False,False
2026-01-21T16:51:51.897067,29.655934,RX,0x123,8,44 45 46 47 00 08 8C 44,DEFG...D,False,False,False
2026-01-21T16:51:51.898591,29.657458,RX,0x123,8,45 46 47 48 00 08 8C 45,EFGH...E,False,False,False
2026-01-21T16:51:51.899925,29.658792,RX,0x123,8,46 47 48 49 00 08 8C 46,FGHI...F,False,False,False
2026-01-21T16:51:51.901379,29.660246,RX,0x123,8,47 48 49 4A 00 08 8C 47,GHIJ...G,False,False,False
2026-01-21T16:51:51.902932,29.661799,RX,0x123,8,48 49 4A 4B 00 08 8C 48,HIJK...H,False,False,False
2026-01-21T16:51:51.904931,29.663798,RX,0x123,8,49 4A 4B 4C 00 08 8C 49,IJKL...I,False,False,False
2026-01-21T16:51:51.906277,29.665144,RX,0x123,8,4A 4B 4C 4D 00 08 8C 4A,JKLM...J,False,False,False
2026-01-21T16:51:51.907636,29.666502,RX,0x123,8,4B 4C 4D 4E 00 08 8C 4B,KLMN...K,False,False,False
2026-01-21T16:51:51.909019,29.667886,RX,0x123,8,4C 4D 4E 4F 00 08 8C 4C,LMNO...L,False,False,False
2026-01-21T16:51:51.910028,29.668895,RX,0x123,8,4D 4E 4F 50 00 08 8C 4D,MNOP...M,False,False,False
2026-01-21T16:51:51.912377,29.671244,RX,0x123,8,4E 4F 50 51 00 08 8C 4E,NOPQ...N,False,False,False
2026-01-21T16:51:51.914037,29.672904,RX,0x123,8,4F 50 51 52 00 08 8C 4F,OPQR...O,False,False,False
2026-01-21T16:51:51.915491,29.674358,RX,0x123,8,50 51 52 53 00 08 8C 50,PQRS...P,False,False,False
2026-01-21T16:51:51.916615,29.675482,RX,0x123,8,51 52 53 54 00 08 8C 51,QRST...Q,False,False,False
2026-01-21T16:51:51.919037,29.677904,RX,0x123,8,52 53 54 55 00 08 8C 52,RSTU...R,False,False,False
2026-01-21T16:51:51.920470,29.679337,RX,0x123,8,53 54 55 56 00 08 8C 53,STUV...S,False,False,False
2026-01-21T16:51:51.921973,29.680840,RX,0x123,8,54 55 56 57 00 08 8C 54,TUVW...T,False,False,False
2026-01-21T16:51:51.923601,29.682468,RX,0x123,8,55 56 57 58 00 08 8C 55,UVWX...U,False,False,False
2026-01-21T16:51:51.925052,29.683919,RX,0x123,8,56 57 58 59 00 08 8C 56,VWXY...V,False,False,False
2026-01-21T16:51:51.926560,29.685427,RX,0x123,8,57 58 59 5A 00 08 8C 57,WXYZ...W,False,False,False
2026-01-21T16:51:51.927884,29.686751,RX,0x123,8,58 59 5A 5B 00 08 8C 58,XYZ[...X,False,False,False
2026-01-21T16:51:51.929351,29.688218,RX,0x123,8,59 5A 5B 5C 00 08 8C 59,YZ[\...Y,False,False,False
2026-01-21T16:51:51.930870,29.689737,RX,0x123,8,5A 5B 5C 5D 00 08 8C 5A,Z[\]...Z,False,False,False
2026-01-21T16:51:51.932396,29.691263,RX,0x123,8,5B 5C 5D 5E 00 08 8C 5B,[\]^...[,False,False,False
2026-01-21T16:51:51.933756,29.692623,RX,0x123,8,5C 5D 5E 5F 00 08 8C 5C,\]^_...\,False,False,False
2026-01-21T16:51:51.935281,29.694148,RX,0x123,8,5D 5E 5F 60 00 08 8C 5D,]^_`...],False,False,False
2026-01-21T16:51:51.936663,29.695530,RX,0x123,8,5E 5F 60 61 00 08 8C 5E,^_`a...^,False,False,False
2026-01-21T16:51:51.937678,29.696545,RX,0x123,8,5F 60 61 62 00 08 8C 5F,_`ab..._,False,False,False
2026-01-21T16:51:51.939802,29.698669,RX,0x123,8,60 61 62 63 00 08 8C 60,`abc...`,False,False,False
2026-01-21T16:51:51.941174,29.700041,RX,0x123,8,61 62 63 64 00 08 8C 61,abcd...a,False,False,False
2026-01-21T16:51:51.942677,29.701544,RX,0x123,8,62 63 64 65 00 08 8C 62,bcde...b,False,False,False
2026-01-21T16:51:51.944164,29.703031,RX,0x123,8,63 64 65 66 00 08 8C 63,cdef...c,False,False,False
2026-01-21T16:51:51.945768,29.704634,RX,0x123,8,64 65 66 67 00 08 8C 64,defg...d,False,False,False
2026-01-21T16:51:51.947990,29.706856,RX,0x123,8,65 66 67 68 00 08 8C 65,efgh...e,False,False,False
2026-01-21T16:51:51.950439,29.709306,RX,0x123,8,66 67 68 69 00 08 8C 66,fghi...f,False,False,False
2026-01-21T16:51:51.952178,29.711045,RX,0x123,8,67 68 69 6A 00 08 8C 67,ghij...g,False,False,False
2026-01-21T16:51:51.953704,29.712571,RX,0x123,8,68 69 6A 6B 00 08 8C 68,hijk...h,False,False,False
2026-01-21T16:51:51.955104,29.713971,RX,0x123,8,69 6A 6B 6C 00 08 8C 69,ijkl...i,False,False,False
2026-01-21T16:51:51.956475,29.715341,RX,0x123,8,6A 6B 6C 6D 00 08 8C 6A,jklm...j,False,False,False
2026-01-21T16:51:51.958166,29.717033,RX,0x123,8,6B 6C 6D 6E 00 08 8C 6B,klmn...k,False,False,False
2026-01-21T16:51:51.959625,29.718492,RX,0x123,8,6C 6D 6E 6F 00 08 8C 6C,lmno...l,False,False,False
2026-01-21T16:51:51.961125,29.719992,RX,0x123,8,6D 6E 6F 70 00 08 8C 6D,mnop...m,False,False,False
2026-01-21T16:51:51.962559,29.721426,RX,0x123,8,6E 6F 70 71 00 08 8C 6E,nopq...n,False,False,False
2026-01-21T16:51:51.964173,29.723040,RX,0x123,8,6F 70 71 72 00 08 8C 6F,opqr...o,False,False,False
2026-01-21T16:51:51.966097,29.724964,RX,0x123,8,70 71 72 73 00 08 8C 70,pqrs...p,False,False,False
2026-01-21T16:51:51.967579,29.726446,RX,0x123,8,71 72 73 74 00 08 8C 71,qrst...q,False,False,False
2026-01-21T16:51:51.969023,29.727890,RX,0x123,8,72 73 74 75 00 08 8C 72,rstu...r,False,False,False
2026-01-21T16:51:51.970385,29.729252,RX,0x123,8,73 74 75 76 00 08 8C 73,stuv...s,False,False,False
2026-01-21T16:51:51.971721,29.730588,RX,0x123,8,74 75 76 77 00 08 8C 74,tuvw...t,False,False,False
2026-01-21T16:51:51.973303,29.732170,RX,0x123,8,75 76 77 78 00 08 8C 75,uvwx...u,False,False,False
2026-01-21T16:51:51.975103,29.733970,RX,0x123,8,76 77 78 79 00 08 8C 76,vwxy...v,False,False,False
2026-01-21T16:51:51.976970,29.735837,RX,0x123,8,77 78 79 7A 00 08 8C 77,wxyz...w,False,False,False
2026-01-21T16:51:51.979141,29.738008,RX,0x123,8,78 79 7A 7B 00 08 8C 78,xyz{...x,False,False,False
2026-01-21T16:51:51.981245,29.740113,RX,0x123,8,79 7A 7B 7C 00 08 8C 79,yz{|...y,False,False,False
2026-01-21T16:51:51.982884,29.741751,RX,0x123,8,7A 7B 7C 7D 00 08 8C 7A,z{|}...z,False,False,False
2026-01-21T16:51:51.983889,29.742756,RX,0x123,8,7B 7C 7D 7E 00 08 8C 7B,{|}~...{,False,False,False
2026-01-21T16:51:51.985722,29.744589,RX,0x123,8,7C 7D 7E 7F 00 08 8C 7C,|}~....|,False,False,False
2026-01-21T16:51:51.988100,29.746967,RX,0x123,8,7D 7E 7F 80 00 08 8C 7D,}~.....},False,False,False
2026-01-21T16:51:51.989619,29.748486,RX,0x123,8,7E 7F 80 81 00 08 8C 7E,~......~,False,False,False
2026-01-21T16:51:51.991409,29.750276,RX,0x123,8,7F 80 81 82 00 08 8C 7F,........,False,False,False
2026-01-21T16:51:51.993165,29.752032,RX,0x123,8,80 81 82 83 00 08 8C 80,........,False,False,False
2026-01-21T16:51:51.995355,29.754222,RX,0x123,8,81 82 83 84 00 08 8C 81,........,False,False,False
2026-01-21T16:51:51.997262,29.756129,RX,0x123,8,82 83 84 85 00 08 8C 82,........,False,False,False
2026-01-21T16:51:51.999711,29.758578,RX,0x123,8,83 84 85 86 00 08 8C 83,........,False,False,False
2026-01-21T16:51:52.001571,29.760438,RX,0x123,8,84 85 86 87 00 08 8C 84,........,False,False,False
2026-01-21T16:51:52.003252,29.762119,RX,0x123,8,85 86 87 88 00 08 8C 85,........,False,False,False
2026-01-21T16:51:52.005051,29.763918,RX,0x123,8,86 87 88 89 00 08 8C 86,........,False,False,False
2026-01-21T16:51:52.006907,29.765774,RX,0x123,8,87 88 89 8A 00 08 8C 87,........,False,False,False
2026-01-21T16:51:52.008242,29.767109,RX,0x123,8,88 89 8A 8B 00 08 8C 88,........,False,False,False
2026-01-21T16:51:52.009694,29.768561,RX,0x123,8,89 8A 8B 8C 00 08 8C 89,........,False,False,False
2026-01-21T16:51:52.010705,29.769572,RX,0x123,8,8A 8B 8C 8D 00 08 8C 8A,........,False,False,False
2026-01-21T16:51:52.012618,29.771486,RX,0x123,8,8B 8C 8D 8E 00 08 8C 8B,........,False,False,False
2026-01-21T16:51:52.014111,29.772978,RX,0x123,8,8C 8D 8E 8F 00 08 8C 8C,........,False,False,False
2026-01-21T16:51:52.015504,29.774371,RX,0x123,8,8D 8E 8F 90 00 08 8C 8D,........,False,False,False
2026-01-21T16:51:52.017090,29.775957,RX,0x123,8,8E 8F 90 91 00 08 8C 8E,........,False,False,False
2026-01-21T16:51:52.018547,29.777414,RX,0x123,8,8F 90 91 92 00 08 8C 8F,........,False,False,False
2026-01-21T16:51:52.019962,29.778829,RX,0x123,8,90 91 92 93 00 08 8C 90,........,False,False,False
2026-01-21T16:51:52.021429,29.780297,RX,0x123,8,91 92 93 94 00 08 8C 91,........,False,False,False
2026-01-21T16:51:52.022767,29.781634,RX,0x123,8,92 93 94 95 00 08 8C 92,........,False,False,False
2026-01-21T16:51:52.024297,29.783164,RX,0x123,8,93 94 95 96 00 08 8C 93,........,False,False,False
2026-01-21T16:51:52.025705,29.784572,RX,0x123,8,94 95 96 97 00 08 8C 94,........,False,False,False
2026-01-21T16:51:52.026716,29.785583,RX,0x123,8,95 96 97 98 00 08 8C 95,........,False,False,False
2026-01-21T16:51:52.029031,29.787898,RX,0x123,8,96 97 98 99 00 08 8C 96,........,False,False,False
2026-01-21T16:51:52.030407,29.789274,RX,0x123,8,97 98 99 9A 00 08 8C 97,........,False,False,False
2026-01-21T16:51:52.031419,29.790286,RX,0x123,8,98 99 9A 9B 00 08 8C 98,........,False,False,False
2026-01-21T16:51:52.033505,29.792372,RX,0x123,8,99 9A 9B 9C 00 08 8C 99,........,False,False,False
2026-01-21T16:51:52.035182,29.794049,RX,0x123,8,9A 9B 9C 9D 00 08 8C 9A,........,False,False,False
2026-01-21T16:51:52.036530,29.795397,RX,0x123,8,9B 9C 9D 9E 00 08 8C 9B,........,False,False,False
2026-01-21T16:51:52.037894,29.796761,RX,0x123,8,9C 9D 9E 9F 00 08 8C 9C,........,False,False,False
2026-01-21T16:51:52.039249,29.798116,RX,0x123,8,9D 9E 9F A0 00 08 8C 9D,........,False,False,False
2026-01-21T16:51:52.040631,29.799498,RX,0x123,8,9E 9F A0 A1 00 08 8C 9E,........,False,False,False
2026-01-21T16:51:52.042112,29.800979,RX,0x123,8,9F A0 A1 A2 00 08 8C 9F,........,False,False,False
2026-01-21T16:51:52.043526,29.802393,RX,0x123,8,A0 A1 A2 A3 00 08 8C A0,........,False,False,False
2026-01-21T16:51:52.044533,29.803400,RX,0x123,8,A1 A2 A3 A4 00 08 8C A1,........,False,False,False
2026-01-21T16:51:52.046324,29.805191,RX,0x123,8,A2 A3 A4 A5 00 08 8C A2,........,False,False,False
2026-01-21T16:51:52.048736,29.806971,RX,0x123,8,A3 A4 A5 A6 00 08 8C A3,........,False,False,False
2026-01-21T16:51:52.050355,29.809222,RX,0x123,8,A4 A5 A6 A7 00 08 8C A4,........,False,False,False
2026-01-21T16:51:52.052171,29.811038,RX,0x123,8,A5 A6 A7 A8 00 08 8C A5,........,False,False,False
2026-01-21T16:51:52.053787,29.812654,RX,0x123,8,A6 A7 A8 A9 00 08 8C A6,........,False,False,False
2026-01-21T16:51:52.055802,29.814669,RX,0x123,8,A7 A8 A9 AA 00 08 8C A7,........,False,False,False
2026-01-21T16:51:52.057431,29.816298,RX,0x123,8,A8 A9 AA AB 00 08 8C A8,........,False,False,False
2026-01-21T16:51:52.059353,29.818220,RX,0x123,8,A9 AA AB AC 00 08 8C A9,........,False,False,False
2026-01-21T16:51:52.060881,29.819748,RX,0x123,8,AA AB AC AD 00 08 8C AA,........,False,False,False
2026-01-21T16:51:52.063177,29.822044,RX,0x123,8,AB AC AD AE 00 08 8C AB,........,False,False,False
2026-01-21T16:51:52.065541,29.824408,RX,0x123,8,AC AD AE AF 00 08 8C AC,........,False,False,False
2026-01-21T16:51:52.067283,29.826150,RX,0x123,8,AD AE AF B0 00 08 8C AD,........,False,False,False
2026-01-21T16:51:52.068802,29.827669,RX,0x123,8,AE AF B0 B1 00 08 8C AE,........,False,False,False
2026-01-21T16:51:52.070110,29.828977,RX,0x123,8,AF B0 B1 B2 00 08 8C AF,........,False,False,False
2026-01-21T16:51:52.071512,29.830379,RX,0x123,8,B0 B1 B2 B3 00 08 8C B0,........,False,False,False
2026-01-21T16:51:52.073074,29.831941,RX,0x123,8,B1 B2 B3 B4 00 08 8C B1,........,False,False,False
2026-01-21T16:51:52.074108,29.832975,RX,0x123,8,B2 B3 B4 B5 00 08 8C B2,........,False,False,False
2026-01-21T16:51:52.076444,29.835311,RX,0x123,8,B3 B4 B5 B6 00 08 8C B3,........,False,False,False
2026-01-21T16:51:52.077912,29.836779,RX,0x123,8,B4 B5 B6 B7 00 08 8C B4,........,False,False,False
2026-01-21T16:51:52.080026,29.838893,RX,0x123,8,B5 B6 B7 B8 00 08 8C B5,........,False,False,False
2026-01-21T16:51:52.081485,29.840352,RX,0x123,8,B6 B7 B8 B9 00 08 8C B6,........,False,False,False
2026-01-21T16:51:52.082898,29.841765,RX,0x123,8,B7 B8 B9 BA 00 08 8C B7,........,False,False,False
2026-01-21T16:51:52.084264,29.843131,RX,0x123,8,B8 B9 BA BB 00 08 8C B8,........,False,False,False
2026-01-21T16:51:52.085804,29.844671,RX,0x123,8,B9 BA BB BC 00 08 8C B9,........,False,False,False
2026-01-21T16:51:52.087284,29.846151,RX,0x123,8,BA BB BC BD 00 08 8C BA,........,False,False,False
2026-01-21T16:51:52.088736,29.847603,RX,0x123,8,BB BC BD BE 00 08 8C BB,........,False,False,False
2026-01-21T16:51:52.090089,29.848956,RX,0x123,8,BC BD BE BF 00 08 8C BC,........,False,False,False
2026-01-21T16:51:52.091487,29.850354,RX,0x123,8,BD BE BF C0 00 08 8C BD,........,False,False,False
2026-01-21T16:51:52.092941,29.851808,RX,0x123,8,BE BF C0 C1 00 08 8C BE,........,False,False,False
2026-01-21T16:51:52.094522,29.853389,RX,0x123,8,BF C0 C1 C2 00 08 8C BF,........,False,False,False
2026-01-21T16:51:52.096493,29.855360,RX,0x123,8,C0 C1 C2 C3 00 08 8C C0,........,False,False,False
2026-01-21T16:51:52.098803,29.857670,RX,0x123,8,C1 C2 C3 C4 00 08 8C C1,........,False,False,False
2026-01-21T16:51:52.100647,29.859514,RX,0x123,8,C2 C3 C4 C5 00 08 8C C2,........,False,False,False
2026-01-21T16:51:52.103018,29.861885,RX,0x123,8,C3 C4 C5 C6 00 08 8C C3,........,False,False,False
2026-01-21T16:51:52.104921,29.863788,RX,0x123,8,C4 C5 C6 C7 00 08 8C C4,........,False,False,False
2026-01-21T16:51:52.107121,29.865988,RX,0x123,8,C5 C6 C7 C8 00 08 8C C5,........,False,False,False
2026-01-21T16:51:52.108792,29.867659,RX,0x123,8,C6 C7 C8 C9 00 08 8C C6,........,False,False,False
2026-01-21T16:51:52.109808,29.868675,RX,0x123,8,C7 C8 C9 CA 00 08 8C C7,........,False,False,False
2026-01-21T16:51:52.111743,29.870610,RX,0x123,8,C8 C9 CA CB 00 08 8C C8,........,False,False,False
2026-01-21T16:51:52.114519,29.873386,RX,0x123,8,C9 CA CB CC 00 08 8C C9,........,False,False,False
2026-01-21T16:51:52.116295,29.875162,RX,0x123,8,CA CB CC CD 00 08 8C CA,........,False,False,False
2026-01-21T16:51:52.117775,29.876642,RX,0x123,8,CB CC CD CE 00 08 8C CB,........,False,False,False
2026-01-21T16:51:52.119566,29.878433,RX,0x123,8,CC CD CE CF 00 08 8C CC,........,False,False,False
2026-01-21T16:51:52.121393,29.880260,RX,0x123,8,CD CE CF D0 00 08 8C CD,........,False,False,False
2026-01-21T16:51:52.122406,29.881273,RX,0x123,8,CE CF D0 D1 00 08 8C CE,........,False,False,False
2026-01-21T16:51:52.124867,29.883734,RX,0x123,8,CF D0 D1 D2 00 08 8C CF,........,False,False,False
2026-01-21T16:51:52.126250,29.885117,RX,0x123,8,D0 D1 D2 D3 00 08 8C D0,........,False,False,False
2026-01-21T16:51:52.127752,29.886619,RX,0x123,8,D1 D2 D3 D4 00 08 8C D1,........,False,False,False
2026-01-21T16:51:52.129105,29.887972,RX,0x123,8,D2 D3 D4 D5 00 08 8C D2,........,False,False,False
2026-01-21T16:51:52.130112,29.888979,RX,0x123,8,D3 D4 D5 D6 00 08 8C D3,........,False,False,False
2026-01-21T16:51:52.132272,29.891139,RX,0x123,8,D4 D5 D6 D7 00 08 8C D4,........,False,False,False
2026-01-21T16:51:52.133760,29.892627,RX,0x123,8,D5 D6 D7 D8 00 08 8C D5,........,False,False,False
2026-01-21T16:51:52.135201,29.894068,RX,0x123,8,D6 D7 D8 D9 00 08 8C D6,........,False,False,False
2026-01-21T16:51:52.136681,29.895548,RX,0x123,8,D7 D8 D9 DA 00 08 8C D7,........,False,False,False
2026-01-21T16:51:52.137692,29.896559,RX,0x123,8,D8 D9 DA DB 00 08 8C D8,........,False,False,False
2026-01-21T16:51:52.139776,29.898643,RX,0x123,8,D9 DA DB DC 00 08 8C D9,........,False,False,False
2026-01-21T16:51:52.140787,29.899654,RX,0x123,8,DA DB DC DD 00 08 8C DA,........,False,False,False
2026-01-21T16:51:52.142945,29.901812,RX,0x123,8,DB DC DD DE 00 08 8C DB,........,False,False,False
2026-01-21T16:51:52.144431,29.903298,RX,0x123,8,DC DD DE DF 00 08 8C DC,........,False,False,False
2026-01-21T16:51:52.146203,29.905070,RX,0x123,8,DD DE DF E0 00 08 8C DD,........,False,False,False
2026-01-21T16:51:52.147963,29.906829,RX,0x123,8,DE DF E0 E1 00 08 8C DE,........,False,False,False
2026-01-21T16:51:52.149368,29.908235,RX,0x123,8,DF E0 E1 E2 00 08 8C DF,........,False,False,False
2026-01-21T16:51:52.150760,29.909627,RX,0x123,8,E0 E1 E2 E3 00 08 8C E0,........,False,False,False
2026-01-21T16:51:52.152433,29.911300,RX,0x123,8,E1 E2 E3 E4 00 08 8C E1,........,False,False,False
2026-01-21T16:51:52.154289,29.913156,RX,0x123,8,E2 E3 E4 E5 00 08 8C E2,........,False,False,False
2026-01-21T16:51:52.155727,29.914594,RX,0x123,8,E3 E4 E5 E6 00 08 8C E3,........,False,False,False
2026-01-21T16:51:52.157131,29.915998,RX,0x123,8,E4 E5 E6 E7 00 08 8C E4,........,False,False,False
2026-01-21T16:51:52.158593,29.917459,RX,0x123,8,E5 E6 E7 E8 00 08 8C E5,........,False,False,False
2026-01-21T16:51:52.160238,29.919105,RX,0x123,8,E6 E7 E8 E9 00 08 8C E6,........,False,False,False
2026-01-21T16:51:52.162060,29.920927,RX,0x123,8,E7 E8 E9 EA 00 08 8C E7,........,False,False,False
2026-01-21T16:51:52.163875,29.922742,RX,0x123,8,E8 E9 EA EB 00 08 8C E8,........,False,False,False
2026-01-21T16:51:52.165619,29.924485,RX,0x123,8,E9 EA EB EC 00 08 8C E9,........,False,False,False
2026-01-21T16:51:52.167881,29.926748,RX,0x123,8,EA EB EC ED 00 08 8C EA,........,False,False,False
2026-01-21T16:51:52.169291,29.928158,RX,0x123,8,EB EC ED EE 00 08 8C EB,........,False,False,False
2026-01-21T16:51:52.170689,29.929556,RX,0x123,8,EC ED EE EF 00 08 8C EC,........,False,False,False
2026-01-21T16:51:52.172193,29.931060,RX,0x123,8,ED EE EF F0 00 08 8C ED,........,False,False,False
2026-01-21T16:51:52.173872,29.932739,RX,0x123,8,EE EF F0 F1 00 08 8C EE,........,False,False,False
2026-01-21T16:51:52.175662,29.934529,RX,0x123,8,EF F0 F1 F2 00 08 8C EF,........,False,False,False
2026-01-21T16:51:52.177164,29.936031,RX,0x123,8,F0 F1 F2 F3 00 08 8C F0,........,False,False,False
2026-01-21T16:51:52.178601,29.937468,RX,0x123,8,F1 F2 F3 F4 00 08 8C F1,........,False,False,False
2026-01-21T16:51:52.180228,29.939095,RX,0x123,8,F2 F3 F4 F5 00 08 8C F2,........,False,False,False
2026-01-21T16:51:52.181957,29.940824,RX,0x123,8,F3 F4 F5 F6 00 08 8C F3,........,False,False,False
2026-01-21T16:51:52.183562,29.942429,RX,0x123,8,F4 F5 F6 F7 00 08 8C F4,........,False,False,False
2026-01-21T16:51:52.185088,29.943955,RX,0x123,8,F5 F6 F7 F8 00 08 8C F5,........,False,False,False
2026-01-21T16:51:52.186632,29.945499,RX,0x123,8,F6 F7 F8 F9 00 08 8C F6,........,False,False,False
2026-01-21T16:51:52.188101,29.946968,RX,0x123,8,F7 F8 F9 FA 00 08 8C F7,........,False,False,False
2026-01-21T16:51:52.189786,29.948653,RX,0x123,8,F8 F9 FA FB 00 08 8C F8,........,False,False,False
2026-01-21T16:51:52.191235,29.950102,RX,0x123,8,F9 FA FB FC 00 08 8C F9,........,False,False,False
2026-01-21T16:51:52.192647,29.951514,RX,0x123,8,FA FB FC FD 00 08 8C FA,........,False,False,False
2026-01-21T16:51:52.194045,29.952912,RX,0x123,8,FB FC FD FE 00 08 8C FB,........,False,False,False
2026-01-21T16:51:52.195636,29.954503,RX,0x123,8,FC FD FE FF 00 08 8C FC,........,False,False,False
2026-01-21T16:51:52.197263,29.956130,RX,0x123,8,FD FE FF 00 00 08 8C FD,........,False,False,False
2026-01-21T16:51:52.198806,29.957673,RX,0x123,8,FE FF 00 01 00 08 8C FE,........,False,False,False
2026-01-21T16:51:52.200257,29.959124,RX,0x123,8,FF 00 01 02 00 08 8C FF,........,False,False,False
2026-01-21T16:51:52.201631,29.960498,RX,0x123,8,00 01 02 03 00 08 8D 00,........,False,False,False
2026-01-21T16:51:52.203103,29.961970,RX,0x123,8,01 02 03 04 00 08 8D 01,........,False,False,False
2026-01-21T16:51:52.205303,29.964170,RX,0x123,8,02 03 04 05 00 08 8D 02,........,False,False,False
2026-01-21T16:51:52.206115,29.964982,RX,0x123,8,03 04 05 06 00 08 8D 03,........,False,False,False
2026-01-21T16:51:52.207555,29.966422,RX,0x123,8,04 05 06 07 00 08 8D 04,........,False,False,False
2026-01-21T16:51:52.209011,29.967878,RX,0x123,8,05 06 07 08 00 08 8D 05,........,False,False,False
2026-01-21T16:51:52.210024,29.968892,RX,0x123,8,06 07 08 09 00 08 8D 06,........,False,False,False
2026-01-21T16:51:52.212571,29.971438,RX,0x123,8,07 08 09 0A 00 08 8D 07,........,False,False,False
2026-01-21T16:51:52.213583,29.972450,RX,0x123,8,08 09 0A 0B 00 08 8D 08,........,False,False,False
2026-01-21T16:51:52.215954,29.974821,RX,0x123,8,09 0A 0B 0C 00 08 8D 09,........,False,False,False
2026-01-21T16:51:52.218011,29.976878,RX,0x123,8,0A 0B 0C 0D 00 08 8D 0A,........,False,False,False
2026-01-21T16:51:52.219525,29.978392,RX,0x123,8,0B 0C 0D 0E 00 08 8D 0B,........,False,False,False
2026-01-21T16:51:52.221300,29.980167,RX,0x123,8,0C 0D 0E 0F 00 08 8D 0C,........,False,False,False
2026-01-21T16:51:52.223108,29.981975,RX,0x123,8,0D 0E 0F 10 00 08 8D 0D,........,False,False,False
2026-01-21T16:51:52.225684,29.984186,RX,0x123,8,0E 0F 10 11 00 08 8D 0E,........,False,False,False
2026-01-21T16:51:52.227192,29.986059,RX,0x123,8,0F 10 11 12 00 08 8D 0F,........,False,False,False
2026-01-21T16:51:52.229544,29.987621,RX,0x123,8,10 11 12 13 00 08 8D 10,........,False,False,False
2026-01-21T16:51:52.231285,29.990152,RX,0x123,8,11 12 13 14 00 08 8D 11,........,False,False,False
2026-01-21T16:51:52.232858,29.991725,RX,0x123,8,12 13 14 15 00 08 8D 12,........,False,False,False
2026-01-21T16:51:52.235262,29.994129,RX,0x123,8,13 14 15 16 00 08 8D 13,........,False,False,False
2026-01-21T16:51:52.237285,29.996152,RX,0x123,8,14 15 16 17 00 08 8D 14,........,False,False,False
2026-01-21T16:51:52.239204,29.998071,RX,0x123,8,15 16 17 18 00 08 8D 15,........,False,False,False
2026-01-21T16:51:52.240214,29.999081,RX,0x123,8,16 17 18 19 00 08 8D 16,........,False,False,False
2026-01-21T16:51:52.242404,30.001271,RX,0x123,8,17 18 19 1A 00 08 8D 17,........,False,False,False
2026-01-21T16:51:52.244231,30.003098,RX,0x123,8,18 19 1A 1B 00 08 8D 18,........,False,False,False
2026-01-21T16:51:52.246309,30.005176,RX,0x123,8,19 1A 1B 1C 00 08 8D 19,........,False,False,False
2026-01-21T16:51:52.247844,30.006711,RX,0x123,8,1A 1B 1C 1D 00 08 8D 1A,........,False,False,False
2026-01-21T16:51:52.249620,30.008487,RX,0x123,8,1B 1C 1D 1E 00 08 8D 1B,........,False,False,False
2026-01-21T16:51:52.251392,30.010259,RX,0x123,8,1C 1D 1E 1F 00 08 8D 1C,........,False,False,False
2026-01-21T16:51:52.253740,30.012607,RX,0x123,8,1D 1E 1F 20 00 08 8D 1D,... ....,False,False,False
2026-01-21T16:51:52.255548,30.014415,RX,0x123,8,1E 1F 20 21 00 08 8D 1E,.. !....,False,False,False
2026-01-21T16:51:52.257627,30.016494,RX,0x123,8,1F 20 21 22 00 08 8D 1F,". !""....",False,False,False
2026-01-21T16:51:52.259070,30.017936,RX,0x123,8,20 21 22 23 00 08 8D 20," !""#... ",False,False,False
2026-01-21T16:51:52.260431,30.019298,RX,0x123,8,21 22 23 24 00 08 8D 21,"!""#$...!",False,False,False
2026-01-21T16:51:52.261795,30.020662,RX,0x123,8,22 23 24 25 00 08 8D 22,"""#$%...""",False,False,False
2026-01-21T16:51:52.263241,30.022108,RX,0x123,8,23 24 25 26 00 08 8D 23,#$%&...#,False,False,False
2026-01-21T16:51:52.264597,30.023463,RX,0x123,8,24 25 26 27 00 08 8D 24,$%&'...$,False,False,False
2026-01-21T16:51:52.266096,30.024963,RX,0x123,8,25 26 27 28 00 08 8D 25,%&'(...%,False,False,False
2026-01-21T16:51:52.267103,30.025970,RX,0x123,8,26 27 28 29 00 08 8D 26,&'()...&,False,False,False
2026-01-21T16:51:52.269084,30.027951,RX,0x123,8,27 28 29 2A 00 08 8D 27,'()*...',False,False,False
2026-01-21T16:51:52.270092,30.028959,RX,0x123,8,28 29 2A 2B 00 08 8D 28,()*+...(,False,False,False
2026-01-21T16:51:52.272264,30.031131,RX,0x123,8,29 2A 2B 2C 00 08 8D 29,")*+,...)",False,False,False
2026-01-21T16:51:52.273647,30.032514,RX,0x123,8,2A 2B 2C 2D 00 08 8D 2A,"*+,-...*",False,False,False
2026-01-21T16:51:52.275029,30.033896,RX,0x123,8,2B 2C 2D 2E 00 08 8D 2B,"+,-....+",False,False,False
2026-01-21T16:51:52.276679,30.035546,RX,0x123,8,2C 2D 2E 2F 00 08 8D 2C,",-./...,",False,False,False
2026-01-21T16:51:52.278018,30.036885,RX,0x123,8,2D 2E 2F 30 00 08 8D 2D,-./0...-,False,False,False
2026-01-21T16:51:52.279328,30.038196,RX,0x123,8,2E 2F 30 31 00 08 8D 2E,./01....,False,False,False
2026-01-21T16:51:52.280334,30.039201,RX,0x123,8,2F 30 31 32 00 08 8D 2F,/012.../,False,False,False
2026-01-21T16:51:52.282463,30.041330,RX,0x123,8,30 31 32 33 00 08 8D 30,0123...0,False,False,False
2026-01-21T16:51:52.283469,30.042336,RX,0x123,8,31 32 33 34 00 08 8D 31,1234...1,False,False,False
2026-01-21T16:51:52.285644,30.044511,RX,0x123,8,32 33 34 35 00 08 8D 32,2345...2,False,False,False
2026-01-21T16:51:52.287225,30.046092,RX,0x123,8,33 34 35 36 00 08 8D 33,3456...3,False,False,False
2026-01-21T16:51:52.288576,30.047442,RX,0x123,8,34 35 36 37 00 08 8D 34,4567...4,False,False,False
2026-01-21T16:51:52.289949,30.048816,RX,0x123,8,35 36 37 38 00 08 8D 35,5678...5,False,False,False
2026-01-21T16:51:52.291575,30.050442,RX,0x123,8,36 37 38 39 00 08 8D 36,6789...6,False,False,False
2026-01-21T16:51:52.293567,30.052434,RX,0x123,8,37 38 39 3A 00 08 8D 37,789:...7,False,False,False
2026-01-21T16:51:52.294574,30.053441,RX,0x123,8,38 39 3A 3B 00 08 8D 38,89:;...8,False,False,False
2026-01-21T16:51:52.296817,30.055685,RX,0x123,8,39 3A 3B 3C 00 08 8D 39,9:;<...9,False,False,False
2026-01-21T16:51:52.298500,30.057367,RX,0x123,8,3A 3B 3C 3D 00 08 8D 3A,:;<=...:,False,False,False
2026-01-21T16:51:52.300219,30.059086,RX,0x123,8,3B 3C 3D 3E 00 08 8D 3B,;<=>...;,False,False,False
2026-01-21T16:51:52.301915,30.060782,RX,0x123,8,3C 3D 3E 3F 00 08 8D 3C,<=>?...<,False,False,False
2026-01-21T16:51:52.303778,30.062645,RX,0x123,8,3D 3E 3F 40 00 08 8D 3D,=>?@...=,False,False,False
2026-01-21T16:51:52.305561,30.064428,RX,0x123,8,3E 3F 40 41 00 08 8D 3E,>?@A...>,False,False,False
2026-01-21T16:51:52.306925,30.065792,RX,0x123,8,3F 40 41 42 00 08 8D 3F,?@AB...?,False,False,False
2026-01-21T16:51:52.307936,30.066803,RX,0x123,8,40 41 42 43 00 08 8D 40,@ABC...@,False,False,False
2026-01-21T16:51:52.310199,30.069066,RX,0x123,8,41 42 43 44 00 08 8D 41,ABCD...A,False,False,False
2026-01-21T16:51:52.311213,30.070080,RX,0x123,8,42 43 44 45 00 08 8D 42,BCDE...B,False,False,False
2026-01-21T16:51:52.313035,30.071902,RX,0x123,8,43 44 45 46 00 08 8D 43,CDEF...C,False,False,False
2026-01-21T16:51:52.314373,30.073240,RX,0x123,8,44 45 46 47 00 08 8D 44,DEFG...D,False,False,False
2026-01-21T16:51:52.315385,30.074252,RX,0x123,8,45 46 47 48 00 08 8D 45,EFGH...E,False,False,False
2026-01-21T16:51:52.317165,30.076032,RX,0x123,8,46 47 48 49 00 08 8D 46,FGHI...F,False,False,False
2026-01-21T16:51:52.319399,30.078266,RX,0x123,8,47 48 49 4A 00 08 8D 47,GHIJ...G,False,False,False
2026-01-21T16:51:52.320411,30.079278,RX,0x123,8,48 49 4A 4B 00 08 8D 48,HIJK...H,False,False,False
2026-01-21T16:51:52.322165,30.081032,RX,0x123,8,49 4A 4B 4C 00 08 8D 49,IJKL...I,False,False,False
2026-01-21T16:51:52.324301,30.083168,RX,0x123,8,4A 4B 4C 4D 00 08 8D 4A,JKLM...J,False,False,False
2026-01-21T16:51:52.325307,30.084174,RX,0x123,8,4B 4C 4D 4E 00 08 8D 4B,KLMN...K,False,False,False
2026-01-21T16:51:52.327408,30.086275,RX,0x123,8,4C 4D 4E 4F 00 08 8D 4C,LMNO...L,False,False,False
2026-01-21T16:51:52.328760,30.087627,RX,0x123,8,4D 4E 4F 50 00 08 8D 4D,MNOP...M,False,False,False
2026-01-21T16:51:52.329773,30.088640,RX,0x123,8,4E 4F 50 51 00 08 8D 4E,NOPQ...N,False,False,False
2026-01-21T16:51:52.332037,30.090904,RX,0x123,8,4F 50 51 52 00 08 8D 4F,OPQR...O,False,False,False
2026-01-21T16:51:52.333685,30.092551,RX,0x123,8,50 51 52 53 00 08 8D 50,PQRS...P,False,False,False
2026-01-21T16:51:52.335409,30.094276,RX,0x123,8,51 52 53 54 00 08 8D 51,QRST...Q,False,False,False
2026-01-21T16:51:52.337034,30.095901,RX,0x123,8,52 53 54 55 00 08 8D 52,RSTU...R,False,False,False
2026-01-21T16:51:52.338728,30.097595,RX,0x123,8,53 54 55 56 00 08 8D 53,STUV...S,False,False,False
2026-01-21T16:51:52.340217,30.099084,RX,0x123,8,54 55 56 57 00 08 8D 54,TUVW...T,False,False,False
2026-01-21T16:51:52.341553,30.100420,RX,0x123,8,55 56 57 58 00 08 8D 55,UVWX...U,False,False,False
2026-01-21T16:51:52.342945,30.101812,RX,0x123,8,56 57 58 59 00 08 8D 56,VWXY...V,False,False,False
2026-01-21T16:51:52.344538,30.103405,RX,0x123,8,57 58 59 5A 00 08 8D 57,WXYZ...W,False,False,False
2026-01-21T16:51:52.346048,30.104915,RX,0x123,8,58 59 5A 5B 00 08 8D 58,XYZ[...X,False,False,False
2026-01-21T16:51:52.347392,30.106260,RX,0x123,8,59 5A 5B 5C 00 08 8D 59,YZ[\...Y,False,False,False
2026-01-21T16:51:52.349001,30.107867,RX,0x123,8,5A 5B 5C 5D 00 08 8D 5A,Z[\]...Z,False,False,False
2026-01-21T16:51:52.350869,30.109737,RX,0x123,8,5B 5C 5D 5E 00 08 8D 5B,[\]^...[,False,False,False
2026-01-21T16:51:52.352677,30.111544,RX,0x123,8,5C 5D 5E 5F 00 08 8D 5C,\]^_...\,False,False,False
2026-01-21T16:51:52.354482,30.113349,RX,0x123,8,5D 5E 5F 60 00 08 8D 5D,]^_`...],False,False,False
2026-01-21T16:51:52.356536,30.115403,RX,0x123,8,5E 5F 60 61 00 08 8D 5E,^_`a...^,False,False,False
2026-01-21T16:51:52.357891,30.116758,RX,0x123,8,5F 60 61 62 00 08 8D 5F,_`ab..._,False,False,False
2026-01-21T16:51:52.359330,30.118197,RX,0x123,8,60 61 62 63 00 08 8D 60,`abc...`,False,False,False
2026-01-21T16:51:52.360991,30.119859,RX,0x123,8,61 62 63 64 00 08 8D 61,abcd...a,False,False,False
2026-01-21T16:51:52.362882,30.121749,RX,0x123,8,62 63 64 65 00 08 8D 62,bcde...b,False,False,False
2026-01-21T16:51:52.364339,30.123207,RX,0x123,8,63 64 65 66 00 08 8D 63,cdef...c,False,False,False
2026-01-21T16:51:52.365709,30.124576,RX,0x123,8,64 65 66 67 00 08 8D 64,defg...d,False,False,False
2026-01-21T16:51:52.367050,30.125917,RX,0x123,8,65 66 67 68 00 08 8D 65,efgh...e,False,False,False
2026-01-21T16:51:52.368455,30.127322,RX,0x123,8,66 67 68 69 00 08 8D 66,fghi...f,False,False,False
2026-01-21T16:51:52.369961,30.128828,RX,0x123,8,67 68 69 6A 00 08 8D 67,ghij...g,False,False,False
2026-01-21T16:51:52.371597,30.130464,RX,0x123,8,68 69 6A 6B 00 08 8D 68,hijk...h,False,False,False
2026-01-21T16:51:52.372947,30.131814,RX,0x123,8,69 6A 6B 6C 00 08 8D 69,ijkl...i,False,False,False
2026-01-21T16:51:52.374424,30.133291,RX,0x123,8,6A 6B 6C 6D 00 08 8D 6A,jklm...j,False,False,False
2026-01-21T16:51:52.375965,30.134832,RX,0x123,8,6B 6C 6D 6E 00 08 8D 6B,klmn...k,False,False,False
2026-01-21T16:51:52.377457,30.136324,RX,0x123,8,6C 6D 6E 6F 00 08 8D 6C,lmno...l,False,False,False
2026-01-21T16:51:52.378912,30.137779,RX,0x123,8,6D 6E 6F 70 00 08 8D 6D,mnop...m,False,False,False
2026-01-21T16:51:52.380528,30.139395,RX,0x123,8,6E 6F 70 71 00 08 8D 6E,nopq...n,False,False,False
2026-01-21T16:51:52.382551,30.141418,RX,0x123,8,6F 70 71 72 00 08 8D 6F,opqr...o,False,False,False
2026-01-21T16:51:52.384292,30.143159,RX,0x123,8,70 71 72 73 00 08 8D 70,pqrs...p,False,False,False
2026-01-21T16:51:52.386269,30.145136,RX,0x123,8,71 72 73 74 00 08 8D 71,qrst...q,False,False,False
2026-01-21T16:51:52.388384,30.147251,RX,0x123,8,72 73 74 75 00 08 8D 72,rstu...r,False,False,False
2026-01-21T16:51:52.390021,30.148888,RX,0x123,8,73 74 75 76 00 08 8D 73,stuv...s,False,False,False
2026-01-21T16:51:52.391622,30.150489,RX,0x123,8,74 75 76 77 00 08 8D 74,tuvw...t,False,False,False
2026-01-21T16:51:52.393533,30.152400,RX,0x123,8,75 76 77 78 00 08 8D 75,uvwx...u,False,False,False
2026-01-21T16:51:52.395319,30.154186,RX,0x123,8,76 77 78 79 00 08 8D 76,vwxy...v,False,False,False
2026-01-21T16:51:52.396762,30.155629,RX,0x123,8,77 78 79 7A 00 08 8D 77,wxyz...w,False,False,False
2026-01-21T16:51:52.398381,30.157248,RX,0x123,8,78 79 7A 7B 00 08 8D 78,xyz{...x,False,False,False
2026-01-21T16:51:52.400261,30.159128,RX,0x123,8,79 7A 7B 7C 00 08 8D 79,yz{|...y,False,False,False
2026-01-21T16:51:52.401659,30.160526,RX,0x123,8,7A 7B 7C 7D 00 08 8D 7A,z{|}...z,False,False,False
2026-01-21T16:51:52.403092,30.161959,RX,0x123,8,7B 7C 7D 7E 00 08 8D 7B,{|}~...{,False,False,False
2026-01-21T16:51:52.404718,30.163585,RX,0x123,8,7C 7D 7E 7F 00 08 8D 7C,|}~....|,False,False,False
2026-01-21T16:51:52.406655,30.165522,RX,0x123,8,7D 7E 7F 80 00 08 8D 7D,}~.....},False,False,False
2026-01-21T16:51:52.408164,30.167031,RX,0x123,8,7E 7F 80 81 00 08 8D 7E,~......~,False,False,False
2026-01-21T16:51:52.409737,30.168604,RX,0x123,8,7F 80 81 82 00 08 8D 7F,........,False,False,False
2026-01-21T16:51:52.411696,30.170563,RX,0x123,8,80 81 82 83 00 08 8D 80,........,False,False,False
2026-01-21T16:51:52.413719,30.172586,RX,0x123,8,81 82 83 84 00 08 8D 81,........,False,False,False
2026-01-21T16:51:52.415134,30.174001,RX,0x123,8,82 83 84 85 00 08 8D 82,........,False,False,False
2026-01-21T16:51:52.416613,30.175480,RX,0x123,8,83 84 85 86 00 08 8D 83,........,False,False,False
2026-01-21T16:51:52.418630,30.177115,RX,0x123,8,84 85 86 87 00 08 8D 84,........,False,False,False
2026-01-21T16:51:52.420140,30.179007,RX,0x123,8,85 86 87 88 00 08 8D 85,........,False,False,False
2026-01-21T16:51:52.422116,30.180983,RX,0x123,8,86 87 88 89 00 08 8D 86,........,False,False,False
2026-01-21T16:51:52.423845,30.182712,RX,0x123,8,87 88 89 8A 00 08 8D 87,........,False,False,False
2026-01-21T16:51:52.425931,30.184798,RX,0x123,8,88 89 8A 8B 00 08 8D 88,........,False,False,False
2026-01-21T16:51:52.427915,30.186782,RX,0x123,8,89 8A 8B 8C 00 08 8D 89,........,False,False,False
2026-01-21T16:51:52.429563,30.188431,RX,0x123,8,8A 8B 8C 8D 00 08 8D 8A,........,False,False,False
2026-01-21T16:51:52.431266,30.190133,RX,0x123,8,8B 8C 8D 8E 00 08 8D 8B,........,False,False,False
2026-01-21T16:51:52.432615,30.191482,RX,0x123,8,8C 8D 8E 8F 00 08 8D 8C,........,False,False,False
2026-01-21T16:51:52.434081,30.192948,RX,0x123,8,8D 8E 8F 90 00 08 8D 8D,........,False,False,False
2026-01-21T16:51:52.435444,30.194311,RX,0x123,8,8E 8F 90 91 00 08 8D 8E,........,False,False,False
2026-01-21T16:51:52.437200,30.196067,RX,0x123,8,8F 90 91 92 00 08 8D 8F,........,False,False,False
2026-01-21T16:51:52.439026,30.197893,RX,0x123,8,90 91 92 93 00 08 8D 90,........,False,False,False
2026-01-21T16:51:52.440739,30.199606,RX,0x123,8,91 92 93 94 00 08 8D 91,........,False,False,False
2026-01-21T16:51:52.442221,30.201088,RX,0x123,8,92 93 94 95 00 08 8D 92,........,False,False,False
2026-01-21T16:51:52.443553,30.202420,RX,0x123,8,93 94 95 96 00 08 8D 93,........,False,False,False
2026-01-21T16:51:52.444980,30.203847,RX,0x123,8,94 95 96 97 00 08 8D 94,........,False,False,False
2026-01-21T16:51:52.446401,30.205268,RX,0x123,8,95 96 97 98 00 08 8D 95,........,False,False,False
2026-01-21T16:51:52.447407,30.206274,RX,0x123,8,96 97 98 99 00 08 8D 96,........,False,False,False
2026-01-21T16:51:52.449196,30.208063,RX,0x123,8,97 98 99 9A 00 08 8D 97,........,False,False,False
2026-01-21T16:51:52.451415,30.210282,RX,0x123,8,98 99 9A 9B 00 08 8D 98,........,False,False,False
2026-01-21T16:51:52.453127,30.211994,RX,0x123,8,99 9A 9B 9C 00 08 8D 99,........,False,False,False
2026-01-21T16:51:52.455162,30.213677,RX,0x123,8,9A 9B 9C 9D 00 08 8D 9A,........,False,False,False
2026-01-21T16:51:52.456679,30.215546,RX,0x123,8,9B 9C 9D 9E 00 08 8D 9B,........,False,False,False
2026-01-21T16:51:52.458177,30.217044,RX,0x123,8,9C 9D 9E 9F 00 08 8D 9C,........,False,False,False
2026-01-21T16:51:52.459615,30.218482,RX,0x123,8,9D 9E 9F A0 00 08 8D 9D,........,False,False,False
2026-01-21T16:51:52.461108,30.219975,RX,0x123,8,9E 9F A0 A1 00 08 8D 9E,........,False,False,False
2026-01-21T16:51:52.462465,30.221332,RX,0x123,8,9F A0 A1 A2 00 08 8D 9F,........,False,False,False
2026-01-21T16:51:52.464260,30.223127,RX,0x123,8,A0 A1 A2 A3 00 08 8D A0,........,False,False,False
2026-01-21T16:51:52.465985,30.224852,RX,0x123,8,A1 A2 A3 A4 00 08 8D A1,........,False,False,False
2026-01-21T16:51:52.468237,30.227104,RX,0x123,8,A2 A3 A4 A5 00 08 8D A2,........,False,False,False
2026-01-21T16:51:52.469632,30.228500,RX,0x123,8,A3 A4 A5 A6 00 08 8D A3,........,False,False,False
2026-01-21T16:51:52.471093,30.229959,RX,0x123,8,A4 A5 A6 A7 00 08 8D A4,........,False,False,False
2026-01-21T16:51:52.472101,30.230968,RX,0x123,8,A5 A6 A7 A8 00 08 8D A5,........,False,False,False
2026-01-21T16:51:52.474508,30.233375,RX,0x123,8,A6 A7 A8 A9 00 08 8D A6,........,False,False,False
2026-01-21T16:51:52.476430,30.235297,RX,0x123,8,A7 A8 A9 AA 00 08 8D A7,........,False,False,False
2026-01-21T16:51:52.478367,30.237234,RX,0x123,8,A8 A9 AA AB 00 08 8D A8,........,False,False,False
2026-01-21T16:51:52.479821,30.238688,RX,0x123,8,A9 AA AB AC 00 08 8D A9,........,False,False,False
2026-01-21T16:51:52.481296,30.240162,RX,0x123,8,AA AB AC AD 00 08 8D AA,........,False,False,False
2026-01-21T16:51:52.482749,30.241616,RX,0x123,8,AB AC AD AE 00 08 8D AB,........,False,False,False
2026-01-21T16:51:52.484218,30.243085,RX,0x123,8,AC AD AE AF 00 08 8D AC,........,False,False,False
2026-01-21T16:51:52.485708,30.244575,RX,0x123,8,AD AE AF B0 00 08 8D AD,........,False,False,False
2026-01-21T16:51:52.487148,30.246015,RX,0x123,8,AE AF B0 B1 00 08 8D AE,........,False,False,False
2026-01-21T16:51:52.488502,30.247369,RX,0x123,8,AF B0 B1 B2 00 08 8D AF,........,False,False,False
2026-01-21T16:51:52.489861,30.248728,RX,0x123,8,B0 B1 B2 B3 00 08 8D B0,........,False,False,False
2026-01-21T16:51:52.491185,30.250052,RX,0x123,8,B1 B2 B3 B4 00 08 8D B1,........,False,False,False
2026-01-21T16:51:52.492578,30.251445,RX,0x123,8,B2 B3 B4 B5 00 08 8D B2,........,False,False,False
2026-01-21T16:51:52.494159,30.253026,RX,0x123,8,B3 B4 B5 B6 00 08 8D B3,........,False,False,False
2026-01-21T16:51:52.495655,30.254523,RX,0x123,8,B4 B5 B6 B7 00 08 8D B4,........,False,False,False
2026-01-21T16:51:52.496712,30.255579,RX,0x123,8,B5 B6 B7 B8 00 08 8D B5,........,False,False,False
2026-01-21T16:51:52.499072,30.257939,RX,0x123,8,B6 B7 B8 B9 00 08 8D B6,........,False,False,False
2026-01-21T16:51:52.500681,30.259548,RX,0x123,8,B7 B8 B9 BA 00 08 8D B7,........,False,False,False
2026-01-21T16:51:52.502042,30.260909,RX,0x123,8,B8 B9 BA BB 00 08 8D B8,........,False,False,False
2026-01-21T16:51:52.503448,30.262315,RX,0x123,8,B9 BA BB BC 00 08 8D B9,........,False,False,False
2026-01-21T16:51:52.504918,30.263785,RX,0x123,8,BA BB BC BD 00 08 8D BA,........,False,False,False
2026-01-21T16:51:52.505923,30.264790,RX,0x123,8,BB BC BD BE 00 08 8D BB,........,False,False,False
2026-01-21T16:51:52.507665,30.266532,RX,0x123,8,BC BD BE BF 00 08 8D BC,........,False,False,False
2026-01-21T16:51:52.509382,30.268248,RX,0x123,8,BD BE BF C0 00 08 8D BD,........,False,False,False
2026-01-21T16:51:52.511123,30.269990,RX,0x123,8,BE BF C0 C1 00 08 8D BE,........,False,False,False
2026-01-21T16:51:52.513230,30.272097,RX,0x123,8,BF C0 C1 C2 00 08 8D BF,........,False,False,False
2026-01-21T16:51:52.514813,30.273680,RX,0x123,8,C0 C1 C2 C3 00 08 8D C0,........,False,False,False
2026-01-21T16:51:52.516388,30.275255,RX,0x123,8,C1 C2 C3 C4 00 08 8D C1,........,False,False,False
2026-01-21T16:51:52.518280,30.277147,RX,0x123,8,C2 C3 C4 C5 00 08 8D C2,........,False,False,False
2026-01-21T16:51:52.520028,30.278895,RX,0x123,8,C3 C4 C5 C6 00 08 8D C3,........,False,False,False
2026-01-21T16:51:52.521475,30.280342,RX,0x123,8,C4 C5 C6 C7 00 08 8D C4,........,False,False,False
2026-01-21T16:51:52.522815,30.281682,RX,0x123,8,C5 C6 C7 C8 00 08 8D C5,........,False,False,False
2026-01-21T16:51:52.524158,30.283025,RX,0x123,8,C6 C7 C8 C9 00 08 8D C6,........,False,False,False
2026-01-21T16:51:52.525678,30.284545,RX,0x123,8,C7 C8 C9 CA 00 08 8D C7,........,False,False,False
2026-01-21T16:51:52.526686,30.285553,RX,0x123,8,C8 C9 CA CB 00 08 8D C8,........,False,False,False
2026-01-21T16:51:52.528893,30.287760,RX,0x123,8,C9 CA CB CC 00 08 8D C9,........,False,False,False
2026-01-21T16:51:52.530415,30.289282,RX,0x123,8,CA CB CC CD 00 08 8D CA,........,False,False,False
2026-01-21T16:51:52.531995,30.290862,RX,0x123,8,CB CC CD CE 00 08 8D CB,........,False,False,False
2026-01-21T16:51:52.533423,30.292290,RX,0x123,8,CC CD CE CF 00 08 8D CC,........,False,False,False
2026-01-21T16:51:52.534745,30.293612,RX,0x123,8,CD CE CF D0 00 08 8D CD,........,False,False,False
2026-01-21T16:51:52.536260,30.295127,RX,0x123,8,CE CF D0 D1 00 08 8D CE,........,False,False,False
2026-01-21T16:51:52.537732,30.296599,RX,0x123,8,CF D0 D1 D2 00 08 8D CF,........,False,False,False
2026-01-21T16:51:52.539060,30.297927,RX,0x123,8,D0 D1 D2 D3 00 08 8D D0,........,False,False,False
2026-01-21T16:51:52.540394,30.299261,RX,0x123,8,D1 D2 D3 D4 00 08 8D D1,........,False,False,False
2026-01-21T16:51:52.541781,30.300648,RX,0x123,8,D2 D3 D4 D5 00 08 8D D2,........,False,False,False
2026-01-21T16:51:52.543571,30.302438,RX,0x123,8,D3 D4 D5 D6 00 08 8D D3,........,False,False,False
2026-01-21T16:51:52.545330,30.304197,RX,0x123,8,D4 D5 D6 D7 00 08 8D D4,........,False,False,False
2026-01-21T16:51:52.547507,30.306374,RX,0x123,8,D5 D6 D7 D8 00 08 8D D5,........,False,False,False
2026-01-21T16:51:52.549058,30.307925,RX,0x123,8,D6 D7 D8 D9 00 08 8D D6,........,False,False,False
2026-01-21T16:51:52.550782,30.309649,RX,0x123,8,D7 D8 D9 DA 00 08 8D D7,........,False,False,False
2026-01-21T16:51:52.552677,30.311544,RX,0x123,8,D8 D9 DA DB 00 08 8D D8,........,False,False,False
2026-01-21T16:51:52.554236,30.313103,RX,0x123,8,D9 DA DB DC 00 08 8D D9,........,False,False,False
2026-01-21T16:51:52.556222,30.315089,RX,0x123,8,DA DB DC DD 00 08 8D DA,........,False,False,False
2026-01-21T16:51:52.558195,30.317062,RX,0x123,8,DB DC DD DE 00 08 8D DB,........,False,False,False
2026-01-21T16:51:52.559553,30.318419,RX,0x123,8,DC DD DE DF 00 08 8D DC,........,False,False,False
2026-01-21T16:51:52.561206,30.320073,RX,0x123,8,DD DE DF E0 00 08 8D DD,........,False,False,False
2026-01-21T16:51:52.562703,30.321570,RX,0x123,8,DE DF E0 E1 00 08 8D DE,........,False,False,False
2026-01-21T16:51:52.564210,30.323077,RX,0x123,8,DF E0 E1 E2 00 08 8D DF,........,False,False,False
2026-01-21T16:51:52.565763,30.324630,RX,0x123,8,E0 E1 E2 E3 00 08 8D E0,........,False,False,False
2026-01-21T16:51:52.568033,30.326900,RX,0x123,8,E1 E2 E3 E4 00 08 8D E1,........,False,False,False
2026-01-21T16:51:52.569589,30.328456,RX,0x123,8,E2 E3 E4 E5 00 08 8D E2,........,False,False,False
2026-01-21T16:51:52.571772,30.330639,RX,0x123,8,E3 E4 E5 E6 00 08 8D E3,........,False,False,False
2026-01-21T16:51:52.573240,30.332107,RX,0x123,8,E4 E5 E6 E7 00 08 8D E4,........,False,False,False
2026-01-21T16:51:52.574926,30.333793,RX,0x123,8,E5 E6 E7 E8 00 08 8D E5,........,False,False,False
2026-01-21T16:51:52.576469,30.335336,RX,0x123,8,E6 E7 E8 E9 00 08 8D E6,........,False,False,False
2026-01-21T16:51:52.578184,30.337051,RX,0x123,8,E7 E8 E9 EA 00 08 8D E7,........,False,False,False
2026-01-21T16:51:52.579654,30.338521,RX,0x123,8,E8 E9 EA EB 00 08 8D E8,........,False,False,False
2026-01-21T16:51:52.581161,30.340029,RX,0x123,8,E9 EA EB EC 00 08 8D E9,........,False,False,False
2026-01-21T16:51:52.582615,30.341482,RX,0x123,8,EA EB EC ED 00 08 8D EA,........,False,False,False
2026-01-21T16:51:52.584295,30.342492,RX,0x123,8,EB EC ED EE 00 08 8D EB,........,False,False,False
2026-01-21T16:51:52.586320,30.345187,RX,0x123,8,EC ED EE EF 00 08 8D EC,........,False,False,False
2026-01-21T16:51:52.587848,30.346715,RX,0x123,8,ED EE EF F0 00 08 8D ED,........,False,False,False
2026-01-21T16:51:52.589257,30.348124,RX,0x123,8,EE EF F0 F1 00 08 8D EE,........,False,False,False
2026-01-21T16:51:52.590709,30.349576,RX,0x123,8,EF F0 F1 F2 00 08 8D EF,........,False,False,False
2026-01-21T16:51:52.592567,30.351434,RX,0x123,8,F0 F1 F2 F3 00 08 8D F0,........,False,False,False
2026-01-21T16:51:52.593581,30.352448,RX,0x123,8,F1 F2 F3 F4 00 08 8D F1,........,False,False,False
2026-01-21T16:51:52.596247,30.355114,RX,0x123,8,F2 F3 F4 F5 00 08 8D F2,........,False,False,False
2026-01-21T16:51:52.598176,30.357043,RX,0x123,8,F3 F4 F5 F6 00 08 8D F3,........,False,False,False
2026-01-21T16:51:52.600448,30.359315,RX,0x123,8,F4 F5 F6 F7 00 08 8D F4,........,False,False,False
2026-01-21T16:51:52.602364,30.361231,RX,0x123,8,F5 F6 F7 F8 00 08 8D F5,........,False,False,False
2026-01-21T16:51:52.603992,30.362859,RX,0x123,8,F6 F7 F8 F9 00 08 8D F6,........,False,False,False
2026-01-21T16:51:52.605932,30.364799,RX,0x123,8,F7 F8 F9 FA 00 08 8D F7,........,False,False,False
2026-01-21T16:51:52.608123,30.366989,RX,0x123,8,F8 F9 FA FB 00 08 8D F8,........,False,False,False
2026-01-21T16:51:52.609666,30.368533,RX,0x123,8,F9 FA FB FC 00 08 8D F9,........,False,False,False
2026-01-21T16:51:52.610678,30.369545,RX,0x123,8,FA FB FC FD 00 08 8D FA,........,False,False,False
2026-01-21T16:51:52.612640,30.371506,RX,0x123,8,FB FC FD FE 00 08 8D FB,........,False,False,False
2026-01-21T16:51:52.614335,30.373202,RX,0x123,8,FC FD FE FF 00 08 8D FC,........,False,False,False
2026-01-21T16:51:52.615742,30.374609,RX,0x123,8,FD FE FF 00 00 08 8D FD,........,False,False,False
2026-01-21T16:51:52.617172,30.376039,RX,0x123,8,FE FF 00 01 00 08 8D FE,........,False,False,False
2026-01-21T16:51:52.618666,30.377533,RX,0x123,8,FF 00 01 02 00 08 8D FF,........,False,False,False
2026-01-21T16:51:52.620156,30.379023,RX,0x123,8,00 01 02 03 00 08 8E 00,........,False,False,False
2026-01-21T16:51:52.621801,30.380668,RX,0x123,8,01 02 03 04 00 08 8E 01,........,False,False,False
2026-01-21T16:51:52.623951,30.382818,RX,0x123,8,02 03 04 05 00 08 8E 02,........,False,False,False
2026-01-21T16:51:52.625832,30.384699,RX,0x123,8,03 04 05 06 00 08 8E 03,........,False,False,False
2026-01-21T16:51:52.627902,30.386769,RX,0x123,8,04 05 06 07 00 08 8E 04,........,False,False,False
2026-01-21T16:51:52.629374,30.388241,RX,0x123,8,05 06 07 08 00 08 8E 05,........,False,False,False
2026-01-21T16:51:52.630816,30.389683,RX,0x123,8,06 07 08 09 00 08 8E 06,........,False,False,False
2026-01-21T16:51:52.632209,30.391076,RX,0x123,8,07 08 09 0A 00 08 8E 07,........,False,False,False
2026-01-21T16:51:52.633902,30.392769,RX,0x123,8,08 09 0A 0B 00 08 8E 08,........,False,False,False
2026-01-21T16:51:52.635780,30.394647,RX,0x123,8,09 0A 0B 0C 00 08 8E 09,........,False,False,False
2026-01-21T16:51:52.638059,30.396925,RX,0x123,8,0A 0B 0C 0D 00 08 8E 0A,........,False,False,False
2026-01-21T16:51:52.639612,30.398479,RX,0x123,8,0B 0C 0D 0E 00 08 8E 0B,........,False,False,False
2026-01-21T16:51:52.641206,30.400073,RX,0x123,8,0C 0D 0E 0F 00 08 8E 0C,........,False,False,False
2026-01-21T16:51:52.642704,30.401570,RX,0x123,8,0D 0E 0F 10 00 08 8E 0D,........,False,False,False
2026-01-21T16:51:52.644211,30.403078,RX,0x123,8,0E 0F 10 11 00 08 8E 0E,........,False,False,False
2026-01-21T16:51:52.645835,30.404702,RX,0x123,8,0F 10 11 12 00 08 8E 0F,........,False,False,False
2026-01-21T16:51:52.647371,30.406238,RX,0x123,8,10 11 12 13 00 08 8E 10,........,False,False,False
2026-01-21T16:51:52.648885,30.407753,RX,0x123,8,11 12 13 14 00 08 8E 11,........,False,False,False
2026-01-21T16:51:52.650203,30.409070,RX,0x123,8,12 13 14 15 00 08 8E 12,........,False,False,False
2026-01-21T16:51:52.651540,30.410407,RX,0x123,8,13 14 15 16 00 08 8E 13,........,False,False,False
2026-01-21T16:51:52.652875,30.411742,RX,0x123,8,14 15 16 17 00 08 8E 14,........,False,False,False
2026-01-21T16:51:52.654256,30.413123,RX,0x123,8,15 16 17 18 00 08 8E 15,........,False,False,False
2026-01-21T16:51:52.655268,30.414135,RX,0x123,8,16 17 18 19 00 08 8E 16,........,False,False,False
2026-01-21T16:51:52.657417,30.416285,RX,0x123,8,17 18 19 1A 00 08 8E 17,........,False,False,False
2026-01-21T16:51:52.658976,30.417843,RX,0x123,8,18 19 1A 1B 00 08 8E 18,........,False,False,False
2026-01-21T16:51:52.661300,30.420167,RX,0x123,8,19 1A 1B 1C 00 08 8E 19,........,False,False,False
2026-01-21T16:51:52.662788,30.421655,RX,0x123,8,1A 1B 1C 1D 00 08 8E 1A,........,False,False,False
2026-01-21T16:51:52.664208,30.423075,RX,0x123,8,1B 1C 1D 1E 00 08 8E 1B,........,False,False,False
2026-01-21T16:51:52.665774,30.424641,RX,0x123,8,1C 1D 1E 1F 00 08 8E 1C,........,False,False,False
2026-01-21T16:51:52.667843,30.426710,RX,0x123,8,1D 1E 1F 20 00 08 8E 1D,... ....,False,False,False
2026-01-21T16:51:52.670116,30.428983,RX,0x123,8,1E 1F 20 21 00 08 8E 1E,.. !....,False,False,False
2026-01-21T16:51:52.671614,30.430481,RX,0x123,8,1F 20 21 22 00 08 8E 1F,". !""....",False,False,False
2026-01-21T16:51:52.673117,30.431984,RX,0x123,8,20 21 22 23 00 08 8E 20," !""#... ",False,False,False
2026-01-21T16:51:52.674562,30.433429,RX,0x123,8,21 22 23 24 00 08 8E 21,"!""#$...!",False,False,False
2026-01-21T16:51:52.675902,30.434769,RX,0x123,8,22 23 24 25 00 08 8E 22,"""#$%...""",False,False,False
2026-01-21T16:51:52.677348,30.436215,RX,0x123,8,23 24 25 26 00 08 8E 23,#$%&...#,False,False,False
2026-01-21T16:51:52.678687,30.437554,RX,0x123,8,24 25 26 27 00 08 8E 24,$%&'...$,False,False,False
2026-01-21T16:51:52.679694,30.438561,RX,0x123,8,25 26 27 28 00 08 8E 25,%&'(...%,False,False,False
2026-01-21T16:51:52.681729,30.440596,RX,0x123,8,26 27 28 29 00 08 8E 26,&'()...&,False,False,False
2026-01-21T16:51:52.682740,30.441607,RX,0x123,8,27 28 29 2A 00 08 8E 27,'()*...',False,False,False
2026-01-21T16:51:52.685074,30.443941,RX,0x123,8,28 29 2A 2B 00 08 8E 28,()*+...(,False,False,False
2026-01-21T16:51:52.686814,30.445681,RX,0x123,8,29 2A 2B 2C 00 08 8E 29,")*+,...)",False,False,False
2026-01-21T16:51:52.688476,30.447343,RX,0x123,8,2A 2B 2C 2D 00 08 8E 2A,"*+,-...*",False,False,False
2026-01-21T16:51:52.689855,30.448722,RX,0x123,8,2B 2C 2D 2E 00 08 8E 2B,"+,-....+",False,False,False
2026-01-21T16:51:52.691665,30.450532,RX,0x123,8,2C 2D 2E 2F 00 08 8E 2C,",-./...,",False,False,False
2026-01-21T16:51:52.694036,30.452903,RX,0x123,8,2D 2E 2F 30 00 08 8E 2D,-./0...-,False,False,False
2026-01-21T16:51:52.695413,30.454279,RX,0x123,8,2E 2F 30 31 00 08 8E 2E,./01....,False,False,False
2026-01-21T16:51:52.696970,30.455837,RX,0x123,8,2F 30 31 32 00 08 8E 2F,/012.../,False,False,False
2026-01-21T16:51:52.698483,30.457350,RX,0x123,8,30 31 32 33 00 08 8E 30,0123...0,False,False,False
2026-01-21T16:51:52.700024,30.458891,RX,0x123,8,31 32 33 34 00 08 8E 31,1234...1,False,False,False
2026-01-21T16:51:52.701089,30.459956,RX,0x123,8,32 33 34 35 00 08 8E 32,2345...2,False,False,False
2026-01-21T16:51:52.703650,30.462517,RX,0x123,8,33 34 35 36 00 08 8E 33,3456...3,False,False,False
2026-01-21T16:51:52.706076,30.464943,RX,0x123,8,34 35 36 37 00 08 8E 34,4567...4,False,False,False
2026-01-21T16:51:52.707835,30.466702,RX,0x123,8,35 36 37 38 00 08 8E 35,5678...5,False,False,False
2026-01-21T16:51:52.709791,30.468658,RX,0x123,8,36 37 38 39 00 08 8E 36,6789...6,False,False,False
2026-01-21T16:51:52.710799,30.469666,RX,0x123,8,37 38 39 3A 00 08 8E 37,789:...7,False,False,False
2026-01-21T16:51:52.712815,30.471682,RX,0x123,8,38 39 3A 3B 00 08 8E 38,89:;...8,False,False,False
2026-01-21T16:51:52.714495,30.473362,RX,0x123,8,39 3A 3B 3C 00 08 8E 39,9:;<...9,False,False,False
2026-01-21T16:51:52.716236,30.475103,RX,0x123,8,3A 3B 3C 3D 00 08 8E 3A,:;<=...:,False,False,False
2026-01-21T16:51:52.717895,30.476762,RX,0x123,8,3B 3C 3D 3E 00 08 8E 3B,;<=>...;,False,False,False
2026-01-21T16:51:52.719642,30.478509,RX,0x123,8,3C 3D 3E 3F 00 08 8E 3C,<=>?...<,False,False,False
2026-01-21T16:51:52.721518,30.480385,RX,0x123,8,3D 3E 3F 40 00 08 8E 3D,=>?@...=,False,False,False
2026-01-21T16:51:52.723769,30.482636,RX,0x123,8,3E 3F 40 41 00 08 8E 3E,>?@A...>,False,False,False
2026-01-21T16:51:52.725417,30.484283,RX,0x123,8,3F 40 41 42 00 08 8E 3F,?@AB...?,False,False,False
2026-01-21T16:51:52.727371,30.485309,RX,0x123,8,40 41 42 43 00 08 8E 40,@ABC...@,False,False,False
2026-01-21T16:51:52.728792,30.487659,RX,0x123,8,41 42 43 44 00 08 8E 41,ABCD...A,False,False,False
2026-01-21T16:51:52.730148,30.489015,RX,0x123,8,42 43 44 45 00 08 8E 42,BCDE...B,False,False,False
2026-01-21T16:51:52.731544,30.490411,RX,0x123,8,43 44 45 46 00 08 8E 43,CDEF...C,False,False,False
2026-01-21T16:51:52.732880,30.491747,RX,0x123,8,44 45 46 47 00 08 8E 44,DEFG...D,False,False,False
2026-01-21T16:51:52.734219,30.493086,RX,0x123,8,45 46 47 48 00 08 8E 45,EFGH...E,False,False,False
2026-01-21T16:51:52.735641,30.494508,RX,0x123,8,46 47 48 49 00 08 8E 46,FGHI...F,False,False,False
2026-01-21T16:51:52.736654,30.495521,RX,0x123,8,47 48 49 4A 00 08 8E 47,GHIJ...G,False,False,False
2026-01-21T16:51:52.738434,30.497301,RX,0x123,8,48 49 4A 4B 00 08 8E 48,HIJK...H,False,False,False
2026-01-21T16:51:52.740978,30.499845,RX,0x123,8,49 4A 4B 4C 00 08 8E 49,IJKL...I,False,False,False
2026-01-21T16:51:52.742944,30.501811,RX,0x123,8,4A 4B 4C 4D 00 08 8E 4A,JKLM...J,False,False,False
2026-01-21T16:51:52.744462,30.503329,RX,0x123,8,4B 4C 4D 4E 00 08 8E 4B,KLMN...K,False,False,False
2026-01-21T16:51:52.746351,30.505218,RX,0x123,8,4C 4D 4E 4F 00 08 8E 4C,LMNO...L,False,False,False
2026-01-21T16:51:52.747671,30.506538,RX,0x123,8,4D 4E 4F 50 00 08 8E 4D,MNOP...M,False,False,False
2026-01-21T16:51:52.749994,30.508862,RX,0x123,8,4E 4F 50 51 00 08 8E 4E,NOPQ...N,False,False,False
2026-01-21T16:51:52.751473,30.510340,RX,0x123,8,4F 50 51 52 00 08 8E 4F,OPQR...O,False,False,False
2026-01-21T16:51:52.752878,30.511745,RX,0x123,8,50 51 52 53 00 08 8E 50,PQRS...P,False,False,False
2026-01-21T16:51:52.753889,30.512756,RX,0x123,8,51 52 53 54 00 08 8E 51,QRST...Q,False,False,False
2026-01-21T16:51:52.756367,30.515234,RX,0x123,8,52 53 54 55 00 08 8E 52,RSTU...R,False,False,False
2026-01-21T16:51:52.758104,30.516971,RX,0x123,8,53 54 55 56 00 08 8E 53,STUV...S,False,False,False
2026-01-21T16:51:52.759531,30.518398,RX,0x123,8,54 55 56 57 00 08 8E 54,TUVW...T,False,False,False
2026-01-21T16:51:52.760894,30.519761,RX,0x123,8,55 56 57 58 00 08 8E 55,UVWX...U,False,False,False
2026-01-21T16:51:52.762619,30.521486,RX,0x123,8,56 57 58 59 00 08 8E 56,VWXY...V,False,False,False
2026-01-21T16:51:52.764059,30.522926,RX,0x123,8,57 58 59 5A 00 08 8E 57,WXYZ...W,False,False,False
2026-01-21T16:51:52.765558,30.524425,RX,0x123,8,58 59 5A 5B 00 08 8E 58,XYZ[...X,False,False,False
2026-01-21T16:51:52.767221,30.526088,RX,0x123,8,59 5A 5B 5C 00 08 8E 59,YZ[\...Y,False,False,False
2026-01-21T16:51:52.768762,30.527629,RX,0x123,8,5A 5B 5C 5D 00 08 8E 5A,Z[\]...Z,False,False,False
2026-01-21T16:51:52.770171,30.529038,RX,0x123,8,5B 5C 5D 5E 00 08 8E 5B,[\]^...[,False,False,False
2026-01-21T16:51:52.771543,30.530410,RX,0x123,8,5C 5D 5E 5F 00 08 8E 5C,\]^_...\,False,False,False
2026-01-21T16:51:52.772862,30.531729,RX,0x123,8,5D 5E 5F 60 00 08 8E 5D,]^_`...],False,False,False
2026-01-21T16:51:52.774264,30.533131,RX,0x123,8,5E 5F 60 61 00 08 8E 5E,^_`a...^,False,False,False
2026-01-21T16:51:52.775275,30.534142,RX,0x123,8,5F 60 61 62 00 08 8E 5F,_`ab..._,False,False,False
2026-01-21T16:51:52.777705,30.536572,RX,0x123,8,60 61 62 63 00 08 8E 60,`abc...`,False,False,False
2026-01-21T16:51:52.779200,30.538068,RX,0x123,8,61 62 63 64 00 08 8E 61,abcd...a,False,False,False
2026-01-21T16:51:52.780513,30.539380,RX,0x123,8,62 63 64 65 00 08 8E 62,bcde...b,False,False,False
2026-01-21T16:51:52.782228,30.541095,RX,0x123,8,63 64 65 66 00 08 8E 63,cdef...c,False,False,False
2026-01-21T16:51:52.784061,30.542928,RX,0x123,8,64 65 66 67 00 08 8E 64,defg...d,False,False,False
2026-01-21T16:51:52.785658,30.544525,RX,0x123,8,65 66 67 68 00 08 8E 65,efgh...e,False,False,False
2026-01-21T16:51:52.787616,30.546483,RX,0x123,8,66 67 68 69 00 08 8E 66,fghi...f,False,False,False
2026-01-21T16:51:52.789884,30.548752,RX,0x123,8,67 68 69 6A 00 08 8E 67,ghij...g,False,False,False
2026-01-21T16:51:52.791774,30.550641,RX,0x123,8,68 69 6A 6B 00 08 8E 68,hijk...h,False,False,False
2026-01-21T16:51:52.793385,30.552252,RX,0x123,8,69 6A 6B 6C 00 08 8E 69,ijkl...i,False,False,False
2026-01-21T16:51:52.794940,30.553807,RX,0x123,8,6A 6B 6C 6D 00 08 8E 6A,jklm...j,False,False,False
2026-01-21T16:51:52.796408,30.555275,RX,0x123,8,6B 6C 6D 6E 00 08 8E 6B,klmn...k,False,False,False
2026-01-21T16:51:52.798114,30.556981,RX,0x123,8,6C 6D 6E 6F 00 08 8E 6C,lmno...l,False,False,False
2026-01-21T16:51:52.800060,30.558927,RX,0x123,8,6D 6E 6F 70 00 08 8E 6D,mnop...m,False,False,False
2026-01-21T16:51:52.801665,30.560532,RX,0x123,8,6E 6F 70 71 00 08 8E 6E,nopq...n,False,False,False
2026-01-21T16:51:52.803308,30.562175,RX,0x123,8,6F 70 71 72 00 08 8E 6F,opqr...o,False,False,False
2026-01-21T16:51:52.804922,30.563789,RX,0x123,8,70 71 72 73 00 08 8E 70,pqrs...p,False,False,False
2026-01-21T16:51:52.806250,30.565117,RX,0x123,8,71 72 73 74 00 08 8E 71,qrst...q,False,False,False
2026-01-21T16:51:52.807621,30.566488,RX,0x123,8,72 73 74 75 00 08 8E 72,rstu...r,False,False,False
2026-01-21T16:51:52.809399,30.568266,RX,0x123,8,73 74 75 76 00 08 8E 73,stuv...s,False,False,False
2026-01-21T16:51:52.811255,30.570122,RX,0x123,8,74 75 76 77 00 08 8E 74,tuvw...t,False,False,False
2026-01-21T16:51:52.812681,30.571548,RX,0x123,8,75 76 77 78 00 08 8E 75,uvwx...u,False,False,False
2026-01-21T16:51:52.814057,30.572924,RX,0x123,8,76 77 78 79 00 08 8E 76,vwxy...v,False,False,False
2026-01-21T16:51:52.815558,30.574425,RX,0x123,8,77 78 79 7A 00 08 8E 77,wxyz...w,False,False,False
2026-01-21T16:51:52.816568,30.575435,RX,0x123,8,78 79 7A 7B 00 08 8E 78,xyz{...x,False,False,False
2026-01-21T16:51:52.824103,30.582970,RX,0x123,8,79 7A 7B 7C 00 08 8E 79,yz{|...y,False,False,False
2026-01-21T16:51:52.827812,30.586679,RX,0x123,8,7A 7B 7C 7D 00 08 8E 7A,z{|}...z,False,False,False
2026-01-21T16:51:52.829328,30.588195,RX,0x123,8,7B 7C 7D 7E 00 08 8E 7B,{|}~...{,False,False,False
2026-01-21T16:51:52.830759,30.589626,RX,0x123,8,7C 7D 7E 7F 00 08 8E 7C,|}~....|,False,False,False
2026-01-21T16:51:52.832120,30.590987,RX,0x123,8,7D 7E 7F 80 00 08 8E 7D,}~.....},False,False,False
2026-01-21T16:51:52.833483,30.592350,RX,0x123,8,7E 7F 80 81 00 08 8E 7E,~......~,False,False,False
2026-01-21T16:51:52.834900,30.593767,RX,0x123,8,7F 80 81 82 00 08 8E 7F,........,False,False,False
2026-01-21T16:51:52.836427,30.595294,RX,0x123,8,80 81 82 83 00 08 8E 80,........,False,False,False
2026-01-21T16:51:52.837975,30.596842,RX,0x123,8,81 82 83 84 00 08 8E 81,........,False,False,False
2026-01-21T16:51:52.839529,30.598397,RX,0x123,8,82 83 84 85 00 08 8E 82,........,False,False,False
2026-01-21T16:51:52.840902,30.599769,RX,0x123,8,83 84 85 86 00 08 8E 83,........,False,False,False
2026-01-21T16:51:52.842226,30.601093,RX,0x123,8,84 85 86 87 00 08 8E 84,........,False,False,False
2026-01-21T16:51:52.844150,30.603017,RX,0x123,8,85 86 87 88 00 08 8E 85,........,False,False,False
2026-01-21T16:51:52.845674,30.604541,RX,0x123,8,86 87 88 89 00 08 8E 86,........,False,False,False
2026-01-21T16:51:52.847113,30.605980,RX,0x123,8,87 88 89 8A 00 08 8E 87,........,False,False,False
2026-01-21T16:51:52.848677,30.607544,RX,0x123,8,88 89 8A 8B 00 08 8E 88,........,False,False,False
2026-01-21T16:51:52.850436,30.609303,RX,0x123,8,89 8A 8B 8C 00 08 8E 89,........,False,False,False
2026-01-21T16:51:52.851523,30.610390,RX,0x123,8,8A 8B 8C 8D 00 08 8E 8A,........,False,False,False
2026-01-21T16:51:52.854211,30.613078,RX,0x123,8,8B 8C 8D 8E 00 08 8E 8B,........,False,False,False
2026-01-21T16:51:52.857236,30.616103,RX,0x123,8,8C 8D 8E 8F 00 08 8E 8C,........,False,False,False
2026-01-21T16:51:52.858757,30.617625,RX,0x123,8,8D 8E 8F 90 00 08 8E 8D,........,False,False,False
2026-01-21T16:51:52.860406,30.619272,RX,0x123,8,8E 8F 90 91 00 08 8E 8E,........,False,False,False
2026-01-21T16:51:52.862291,30.621158,RX,0x123,8,8F 90 91 92 00 08 8E 8F,........,False,False,False
2026-01-21T16:51:52.863769,30.622636,RX,0x123,8,90 91 92 93 00 08 8E 90,........,False,False,False
2026-01-21T16:51:52.865160,30.624027,RX,0x123,8,91 92 93 94 00 08 8E 91,........,False,False,False
2026-01-21T16:51:52.866575,30.625442,RX,0x123,8,92 93 94 95 00 08 8E 92,........,False,False,False
2026-01-21T16:51:52.867980,30.626847,RX,0x123,8,93 94 95 96 00 08 8E 93,........,False,False,False
2026-01-21T16:51:52.869467,30.628334,RX,0x123,8,94 95 96 97 00 08 8E 94,........,False,False,False
2026-01-21T16:51:52.870882,30.629749,RX,0x123,8,95 96 97 98 00 08 8E 95,........,False,False,False
2026-01-21T16:51:52.872425,30.631293,RX,0x123,8,96 97 98 99 00 08 8E 96,........,False,False,False
2026-01-21T16:51:52.873941,30.632808,RX,0x123,8,97 98 99 9A 00 08 8E 97,........,False,False,False
2026-01-21T16:51:52.875714,30.634581,RX,0x123,8,98 99 9A 9B 00 08 8E 98,........,False,False,False
2026-01-21T16:51:52.877204,30.636071,RX,0x123,8,99 9A 9B 9C 00 08 8E 99,........,False,False,False
2026-01-21T16:51:52.878846,30.637713,RX,0x123,8,9A 9B 9C 9D 00 08 8E 9A,........,False,False,False
2026-01-21T16:51:52.880322,30.639189,RX,0x123,8,9B 9C 9D 9E 00 08 8E 9B,........,False,False,False
2026-01-21T16:51:52.881331,30.640198,RX,0x123,8,9C 9D 9E 9F 00 08 8E 9C,........,False,False,False
2026-01-21T16:51:52.883668,30.642534,RX,0x123,8,9D 9E 9F A0 00 08 8E 9D,........,False,False,False
2026-01-21T16:51:52.885288,30.644155,RX,0x123,8,9E 9F A0 A1 00 08 8E 9E,........,False,False,False
2026-01-21T16:51:52.886807,30.645674,RX,0x123,8,9F A0 A1 A2 00 08 8E 9F,........,False,False,False
2026-01-21T16:51:52.888288,30.647155,RX,0x123,8,A0 A1 A2 A3 00 08 8E A0,........,False,False,False
2026-01-21T16:51:52.889775,30.648642,RX,0x123,8,A1 A2 A3 A4 00 08 8E A1,........,False,False,False
2026-01-21T16:51:52.890784,30.649651,RX,0x123,8,A2 A3 A4 A5 00 08 8E A2,........,False,False,False
2026-01-21T16:51:52.892592,30.651459,RX,0x123,8,A3 A4 A5 A6 00 08 8E A3,........,False,False,False
2026-01-21T16:51:52.894873,30.653740,RX,0x123,8,A4 A5 A6 A7 00 08 8E A4,........,False,False,False
2026-01-21T16:51:52.895879,30.654746,RX,0x123,8,A5 A6 A7 A8 00 08 8E A5,........,False,False,False
2026-01-21T16:51:52.898051,30.656918,RX,0x123,8,A6 A7 A8 A9 00 08 8E A6,........,False,False,False
2026-01-21T16:51:52.899370,30.658237,RX,0x123,8,A7 A8 A9 AA 00 08 8E A7,........,False,False,False
2026-01-21T16:51:52.900376,30.659243,RX,0x123,8,A8 A9 AA AB 00 08 8E A8,........,False,False,False
2026-01-21T16:51:52.902550,30.661417,RX,0x123,8,A9 AA AB AC 00 08 8E A9,........,False,False,False
2026-01-21T16:51:52.904008,30.662875,RX,0x123,8,AA AB AC AD 00 08 8E AA,........,False,False,False
2026-01-21T16:51:52.905461,30.664328,RX,0x123,8,AB AC AD AE 00 08 8E AB,........,False,False,False
2026-01-21T16:51:52.906895,30.665762,RX,0x123,8,AC AD AE AF 00 08 8E AC,........,False,False,False
2026-01-21T16:51:52.908257,30.667124,RX,0x123,8,AD AE AF B0 00 08 8E AD,........,False,False,False
2026-01-21T16:51:52.909978,30.668845,RX,0x123,8,AE AF B0 B1 00 08 8E AE,........,False,False,False
2026-01-21T16:51:52.910958,30.669825,RX,0x123,8,AF B0 B1 B2 00 08 8E AF,........,False,False,False
2026-01-21T16:51:52.913005,30.671872,RX,0x123,8,B0 B1 B2 B3 00 08 8E B0,........,False,False,False
2026-01-21T16:51:52.914508,30.673375,RX,0x123,8,B1 B2 B3 B4 00 08 8E B1,........,False,False,False
2026-01-21T16:51:52.915514,30.674381,RX,0x123,8,B2 B3 B4 B5 00 08 8E B2,........,False,False,False
2026-01-21T16:51:52.917861,30.676728,RX,0x123,8,B3 B4 B5 B6 00 08 8E B3,........,False,False,False
2026-01-21T16:51:52.919349,30.678216,RX,0x123,8,B4 B5 B6 B7 00 08 8E B4,........,False,False,False
2026-01-21T16:51:52.920678,30.679545,RX,0x123,8,B5 B6 B7 B8 00 08 8E B5,........,False,False,False
2026-01-21T16:51:52.922332,30.681199,RX,0x123,8,B6 B7 B8 B9 00 08 8E B6,........,False,False,False
2026-01-21T16:51:52.923936,30.682802,RX,0x123,8,B7 B8 B9 BA 00 08 8E B7,........,False,False,False
2026-01-21T16:51:52.925472,30.684339,RX,0x123,8,B8 B9 BA BB 00 08 8E B8,........,False,False,False
2026-01-21T16:51:52.927163,30.686030,RX,0x123,8,B9 BA BB BC 00 08 8E B9,........,False,False,False
2026-01-21T16:51:52.928935,30.687803,RX,0x123,8,BA BB BC BD 00 08 8E BA,........,False,False,False
2026-01-21T16:51:52.930987,30.689854,RX,0x123,8,BB BC BD BE 00 08 8E BB,........,False,False,False
2026-01-21T16:51:52.932600,30.691467,RX,0x123,8,BC BD BE BF 00 08 8E BC,........,False,False,False
2026-01-21T16:51:52.934083,30.692950,RX,0x123,8,BD BE BF C0 00 08 8E BD,........,False,False,False
2026-01-21T16:51:52.935760,30.694627,RX,0x123,8,BE BF C0 C1 00 08 8E BE,........,False,False,False
2026-01-21T16:51:52.936755,30.695622,RX,0x123,8,BF C0 C1 C2 00 08 8E BF,........,False,False,False
2026-01-21T16:51:52.938839,30.697706,RX,0x123,8,C0 C1 C2 C3 00 08 8E C0,........,False,False,False
2026-01-21T16:51:52.939845,30.698712,RX,0x123,8,C1 C2 C3 C4 00 08 8E C1,........,False,False,False
2026-01-21T16:51:52.941595,30.700462,RX,0x123,8,C2 C3 C4 C5 00 08 8E C2,........,False,False,False
2026-01-21T16:51:52.943976,30.702843,RX,0x123,8,C3 C4 C5 C6 00 08 8E C3,........,False,False,False
2026-01-21T16:51:52.945513,30.704380,RX,0x123,8,C4 C5 C6 C7 00 08 8E C4,........,False,False,False
2026-01-21T16:51:52.946843,30.705710,RX,0x123,8,C5 C6 C7 C8 00 08 8E C5,........,False,False,False
2026-01-21T16:51:52.948643,30.707510,RX,0x123,8,C6 C7 C8 C9 00 08 8E C6,........,False,False,False
2026-01-21T16:51:52.950273,30.709140,RX,0x123,8,C7 C8 C9 CA 00 08 8E C7,........,False,False,False
2026-01-21T16:51:52.951279,30.710146,RX,0x123,8,C8 C9 CA CB 00 08 8E C8,........,False,False,False
2026-01-21T16:51:52.953513,30.712380,RX,0x123,8,C9 CA CB CC 00 08 8E C9,........,False,False,False
2026-01-21T16:51:52.954884,30.713751,RX,0x123,8,CA CB CC CD 00 08 8E CA,........,False,False,False
2026-01-21T16:51:52.956197,30.715064,RX,0x123,8,CB CC CD CE 00 08 8E CB,........,False,False,False
2026-01-21T16:51:52.957552,30.716419,RX,0x123,8,CC CD CE CF 00 08 8E CC,........,False,False,False
2026-01-21T16:51:52.958557,30.717424,RX,0x123,8,CD CE CF D0 00 08 8E CD,........,False,False,False
2026-01-21T16:51:52.960956,30.719823,RX,0x123,8,CE CF D0 D1 00 08 8E CE,........,False,False,False
2026-01-21T16:51:52.962407,30.721274,RX,0x123,8,CF D0 D1 D2 00 08 8E CF,........,False,False,False
2026-01-21T16:51:52.964061,30.722928,RX,0x123,8,D0 D1 D2 D3 00 08 8E D0,........,False,False,False
2026-01-21T16:51:52.966047,30.724914,RX,0x123,8,D1 D2 D3 D4 00 08 8E D1,........,False,False,False
2026-01-21T16:51:52.968246,30.727113,RX,0x123,8,D2 D3 D4 D5 00 08 8E D2,........,False,False,False
2026-01-21T16:51:52.970228,30.729095,RX,0x123,8,D3 D4 D5 D6 00 08 8E D3,........,False,False,False
2026-01-21T16:51:52.971827,30.730694,RX,0x123,8,D4 D5 D6 D7 00 08 8E D4,........,False,False,False
2026-01-21T16:51:52.973751,30.732618,RX,0x123,8,D5 D6 D7 D8 00 08 8E D5,........,False,False,False
2026-01-21T16:51:52.975696,30.734562,RX,0x123,8,D6 D7 D8 D9 00 08 8E D6,........,False,False,False
2026-01-21T16:51:52.977369,30.736236,RX,0x123,8,D7 D8 D9 DA 00 08 8E D7,........,False,False,False
2026-01-21T16:51:52.979219,30.738086,RX,0x123,8,D8 D9 DA DB 00 08 8E D8,........,False,False,False
2026-01-21T16:51:52.980693,30.739560,RX,0x123,8,D9 DA DB DC 00 08 8E D9,........,False,False,False
2026-01-21T16:51:52.982104,30.740971,RX,0x123,8,DA DB DC DD 00 08 8E DA,........,False,False,False
2026-01-21T16:51:52.983884,30.742751,RX,0x123,8,DB DC DD DE 00 08 8E DB,........,False,False,False
2026-01-21T16:51:52.985880,30.744747,RX,0x123,8,DC DD DE DF 00 08 8E DC,........,False,False,False
2026-01-21T16:51:52.987686,30.746553,RX,0x123,8,DD DE DF E0 00 08 8E DD,........,False,False,False
2026-01-21T16:51:52.989144,30.748011,RX,0x123,8,DE DF E0 E1 00 08 8E DE,........,False,False,False
2026-01-21T16:51:52.990711,30.749578,RX,0x123,8,DF E0 E1 E2 00 08 8E DF,........,False,False,False
2026-01-21T16:51:52.992562,30.751429,RX,0x123,8,E0 E1 E2 E3 00 08 8E E0,........,False,False,False
2026-01-21T16:51:52.994288,30.753155,RX,0x123,8,E1 E2 E3 E4 00 08 8E E1,........,False,False,False
2026-01-21T16:51:52.996142,30.755009,RX,0x123,8,E2 E3 E4 E5 00 08 8E E2,........,False,False,False
2026-01-21T16:51:52.997743,30.756610,RX,0x123,8,E3 E4 E5 E6 00 08 8E E3,........,False,False,False
2026-01-21T16:51:52.999118,30.757985,RX,0x123,8,E4 E5 E6 E7 00 08 8E E4,........,False,False,False
2026-01-21T16:51:53.000721,30.759588,RX,0x123,8,E5 E6 E7 E8 00 08 8E E5,........,False,False,False
2026-01-21T16:51:53.002755,30.761622,RX,0x123,8,E6 E7 E8 E9 00 08 8E E6,........,False,False,False
2026-01-21T16:51:53.004461,30.763328,RX,0x123,8,E7 E8 E9 EA 00 08 8E E7,........,False,False,False
2026-01-21T16:51:53.006486,30.765353,RX,0x123,8,E8 E9 EA EB 00 08 8E E8,........,False,False,False
2026-01-21T16:51:53.008142,30.767009,RX,0x123,8,E9 EA EB EC 00 08 8E E9,........,False,False,False
2026-01-21T16:51:53.010078,30.768945,RX,0x123,8,EA EB EC ED 00 08 8E EA,........,False,False,False
2026-01-21T16:51:53.011088,30.769955,RX,0x123,8,EB EC ED EE 00 08 8E EB,........,False,False,False
2026-01-21T16:51:53.013220,30.772087,RX,0x123,8,EC ED EE EF 00 08 8E EC,........,False,False,False
2026-01-21T16:51:53.014715,30.773582,RX,0x123,8,ED EE EF F0 00 08 8E ED,........,False,False,False
2026-01-21T16:51:53.016560,30.775427,RX,0x123,8,EE EF F0 F1 00 08 8E EE,........,False,False,False
2026-01-21T16:51:53.018344,30.777211,RX,0x123,8,EF F0 F1 F2 00 08 8E EF,........,False,False,False
2026-01-21T16:51:53.019838,30.778706,RX,0x123,8,F0 F1 F2 F3 00 08 8E F0,........,False,False,False
2026-01-21T16:51:53.021297,30.780164,RX,0x123,8,F1 F2 F3 F4 00 08 8E F1,........,False,False,False
2026-01-21T16:51:53.023345,30.781709,RX,0x123,8,F2 F3 F4 F5 00 08 8E F2,........,False,False,False
2026-01-21T16:51:53.024315,30.783182,RX,0x123,8,F3 F4 F5 F6 00 08 8E F3,........,False,False,False
2026-01-21T16:51:53.025800,30.784667,RX,0x123,8,F4 F5 F6 F7 00 08 8E F4,........,False,False,False
2026-01-21T16:51:53.027309,30.786176,RX,0x123,8,F5 F6 F7 F8 00 08 8E F5,........,False,False,False
2026-01-21T16:51:53.028802,30.787669,RX,0x123,8,F6 F7 F8 F9 00 08 8E F6,........,False,False,False
2026-01-21T16:51:53.030337,30.789204,RX,0x123,8,F7 F8 F9 FA 00 08 8E F7,........,False,False,False
2026-01-21T16:51:53.031871,30.790738,RX,0x123,8,F8 F9 FA FB 00 08 8E F8,........,False,False,False
2026-01-21T16:51:53.033640,30.792507,RX,0x123,8,F9 FA FB FC 00 08 8E F9,........,False,False,False
2026-01-21T16:51:53.035010,30.793877,RX,0x123,8,FA FB FC FD 00 08 8E FA,........,False,False,False
2026-01-21T16:51:53.036324,30.795191,RX,0x123,8,FB FC FD FE 00 08 8E FB,........,False,False,False
2026-01-21T16:51:53.037744,30.796611,RX,0x123,8,FC FD FE FF 00 08 8E FC,........,False,False,False
2026-01-21T16:51:53.039122,30.797989,RX,0x123,8,FD FE FF 00 00 08 8E FD,........,False,False,False
2026-01-21T16:51:53.040499,30.799366,RX,0x123,8,FE FF 00 01 00 08 8E FE,........,False,False,False
2026-01-21T16:51:53.041510,30.800376,RX,0x123,8,FF 00 01 02 00 08 8E FF,........,False,False,False
2026-01-21T16:51:53.043638,30.802505,RX,0x123,8,00 01 02 03 00 08 8F 00,........,False,False,False
2026-01-21T16:51:53.045487,30.804354,RX,0x123,8,01 02 03 04 00 08 8F 01,........,False,False,False
2026-01-21T16:51:53.047121,30.805988,RX,0x123,8,02 03 04 05 00 08 8F 02,........,False,False,False
2026-01-21T16:51:53.048794,30.807661,RX,0x123,8,03 04 05 06 00 08 8F 03,........,False,False,False
2026-01-21T16:51:53.050688,30.809555,RX,0x123,8,04 05 06 07 00 08 8F 04,........,False,False,False
2026-01-21T16:51:53.052291,30.811158,RX,0x123,8,05 06 07 08 00 08 8F 05,........,False,False,False
2026-01-21T16:51:53.054954,30.813821,RX,0x123,8,06 07 08 09 00 08 8F 06,........,False,False,False
2026-01-21T16:51:53.056567,30.815434,RX,0x123,8,07 08 09 0A 00 08 8F 07,........,False,False,False
2026-01-21T16:51:53.058251,30.817117,RX,0x123,8,08 09 0A 0B 00 08 8F 08,........,False,False,False
2026-01-21T16:51:53.059857,30.818724,RX,0x123,8,09 0A 0B 0C 00 08 8F 09,........,False,False,False
2026-01-21T16:51:53.061399,30.820266,RX,0x123,8,0A 0B 0C 0D 00 08 8F 0A,........,False,False,False
2026-01-21T16:51:53.063211,30.822078,RX,0x123,8,0B 0C 0D 0E 00 08 8F 0B,........,False,False,False
2026-01-21T16:51:53.064672,30.823539,RX,0x123,8,0C 0D 0E 0F 00 08 8F 0C,........,False,False,False
2026-01-21T16:51:53.066079,30.824947,RX,0x123,8,0D 0E 0F 10 00 08 8F 0D,........,False,False,False
2026-01-21T16:51:53.067702,30.826569,RX,0x123,8,0E 0F 10 11 00 08 8F 0E,........,False,False,False
2026-01-21T16:51:53.069314,30.828181,RX,0x123,8,0F 10 11 12 00 08 8F 0F,........,False,False,False
2026-01-21T16:51:53.071091,30.829958,RX,0x123,8,10 11 12 13 00 08 8F 10,........,False,False,False
2026-01-21T16:51:53.072102,30.830969,RX,0x123,8,11 12 13 14 00 08 8F 11,........,False,False,False
2026-01-21T16:51:53.074469,30.833336,RX,0x123,8,12 13 14 15 00 08 8F 12,........,False,False,False
2026-01-21T16:51:53.076060,30.834927,RX,0x123,8,13 14 15 16 00 08 8F 13,........,False,False,False
2026-01-21T16:51:53.077450,30.836317,RX,0x123,8,14 15 16 17 00 08 8F 14,........,False,False,False
2026-01-21T16:51:53.078906,30.837773,RX,0x123,8,15 16 17 18 00 08 8F 15,........,False,False,False
2026-01-21T16:51:53.080329,30.839196,RX,0x123,8,16 17 18 19 00 08 8F 16,........,False,False,False
2026-01-21T16:51:53.081335,30.840202,RX,0x123,8,17 18 19 1A 00 08 8F 17,........,False,False,False
2026-01-21T16:51:53.083536,30.842403,RX,0x123,8,18 19 1A 1B 00 08 8F 18,........,False,False,False
2026-01-21T16:51:53.084855,30.843722,RX,0x123,8,19 1A 1B 1C 00 08 8F 19,........,False,False,False
2026-01-21T16:51:53.085868,30.844735,RX,0x123,8,1A 1B 1C 1D 00 08 8F 1A,........,False,False,False
2026-01-21T16:51:53.088261,30.847128,RX,0x123,8,1B 1C 1D 1E 00 08 8F 1B,........,False,False,False
2026-01-21T16:51:53.090194,30.849061,RX,0x123,8,1C 1D 1E 1F 00 08 8F 1C,........,False,False,False
2026-01-21T16:51:53.091570,30.850436,RX,0x123,8,1D 1E 1F 20 00 08 8F 1D,... ....,False,False,False
2026-01-21T16:51:53.093220,30.852087,RX,0x123,8,1E 1F 20 21 00 08 8F 1E,.. !....,False,False,False
2026-01-21T16:51:53.095121,30.853988,RX,0x123,8,1F 20 21 22 00 08 8F 1F,". !""....",False,False,False
2026-01-21T16:51:53.097542,30.856409,RX,0x123,8,20 21 22 23 00 08 8F 20," !""#... ",False,False,False
2026-01-21T16:51:53.099243,30.858110,RX,0x123,8,21 22 23 24 00 08 8F 21,"!""#$...!",False,False,False
2026-01-21T16:51:53.101638,30.860505,RX,0x123,8,22 23 24 25 00 08 8F 22,"""#$%...""",False,False,False
2026-01-21T16:51:53.103522,30.862389,RX,0x123,8,23 24 25 26 00 08 8F 23,#$%&...#,False,False,False
2026-01-21T16:51:53.106019,30.864886,RX,0x123,8,24 25 26 27 00 08 8F 24,$%&'...$,False,False,False
2026-01-21T16:51:53.107720,30.866587,RX,0x123,8,25 26 27 28 00 08 8F 25,%&'(...%,False,False,False
2026-01-21T16:51:53.109177,30.868044,RX,0x123,8,26 27 28 29 00 08 8F 26,&'()...&,False,False,False
2026-01-21T16:51:53.110186,30.869053,RX,0x123,8,27 28 29 2A 00 08 8F 27,'()*...',False,False,False
2026-01-21T16:51:53.112892,30.871759,RX,0x123,8,28 29 2A 2B 00 08 8F 28,()*+...(,False,False,False
2026-01-21T16:51:53.114512,30.873379,RX,0x123,8,29 2A 2B 2C 00 08 8F 29,")*+,...)",False,False,False
2026-01-21T16:51:53.116275,30.875142,RX,0x123,8,2A 2B 2C 2D 00 08 8F 2A,"*+,-...*",False,False,False
2026-01-21T16:51:53.117780,30.876647,RX,0x123,8,2B 2C 2D 2E 00 08 8F 2B,"+,-....+",False,False,False
2026-01-21T16:51:53.119195,30.878062,RX,0x123,8,2C 2D 2E 2F 00 08 8F 2C,",-./...,",False,False,False
2026-01-21T16:51:53.120928,30.879795,RX,0x123,8,2D 2E 2F 30 00 08 8F 2D,-./0...-,False,False,False
2026-01-21T16:51:53.122900,30.881767,RX,0x123,8,2E 2F 30 31 00 08 8F 2E,./01....,False,False,False
2026-01-21T16:51:53.124403,30.883271,RX,0x123,8,2F 30 31 32 00 08 8F 2F,/012.../,False,False,False
2026-01-21T16:51:53.126124,30.884991,RX,0x123,8,30 31 32 33 00 08 8F 30,0123...0,False,False,False
2026-01-21T16:51:53.127688,30.886555,RX,0x123,8,31 32 33 34 00 08 8F 31,1234...1,False,False,False
2026-01-21T16:51:53.129110,30.887977,RX,0x123,8,32 33 34 35 00 08 8F 32,2345...2,False,False,False
2026-01-21T16:51:53.131501,30.890368,RX,0x123,8,33 34 35 36 00 08 8F 33,3456...3,False,False,False
2026-01-21T16:51:53.133507,30.892374,RX,0x123,8,34 35 36 37 00 08 8F 34,4567...4,False,False,False
2026-01-21T16:51:53.135423,30.894290,RX,0x123,8,35 36 37 38 00 08 8F 35,5678...5,False,False,False
2026-01-21T16:51:53.137089,30.895956,RX,0x123,8,36 37 38 39 00 08 8F 36,6789...6,False,False,False
2026-01-21T16:51:53.138992,30.897859,RX,0x123,8,37 38 39 3A 00 08 8F 37,789:...7,False,False,False
2026-01-21T16:51:53.140653,30.899520,RX,0x123,8,38 39 3A 3B 00 08 8F 38,89:;...8,False,False,False
2026-01-21T16:51:53.142499,30.901366,RX,0x123,8,39 3A 3B 3C 00 08 8F 39,9:;<...9,False,False,False
2026-01-21T16:51:53.144299,30.903166,RX,0x123,8,3A 3B 3C 3D 00 08 8F 3A,:;<=...:,False,False,False
2026-01-21T16:51:53.146000,30.904867,RX,0x123,8,3B 3C 3D 3E 00 08 8F 3B,;<=>...;,False,False,False
2026-01-21T16:51:53.148299,30.907166,RX,0x123,8,3C 3D 3E 3F 00 08 8F 3C,<=>?...<,False,False,False
2026-01-21T16:51:53.149743,30.908610,RX,0x123,8,3D 3E 3F 40 00 08 8F 3D,=>?@...=,False,False,False
2026-01-21T16:51:53.151110,30.909977,RX,0x123,8,3E 3F 40 41 00 08 8F 3E,>?@A...>,False,False,False
2026-01-21T16:51:53.152488,30.911355,RX,0x123,8,3F 40 41 42 00 08 8F 3F,?@AB...?,False,False,False
2026-01-21T16:51:53.153929,30.912796,RX,0x123,8,40 41 42 43 00 08 8F 40,@ABC...@,False,False,False
2026-01-21T16:51:53.155419,30.914286,RX,0x123,8,41 42 43 44 00 08 8F 41,ABCD...A,False,False,False
2026-01-21T16:51:53.156832,30.915699,RX,0x123,8,42 43 44 45 00 08 8F 42,BCDE...B,False,False,False
2026-01-21T16:51:53.158271,30.917139,RX,0x123,8,43 44 45 46 00 08 8F 43,CDEF...C,False,False,False
2026-01-21T16:51:53.159277,30.918144,RX,0x123,8,44 45 46 47 00 08 8F 44,DEFG...D,False,False,False
2026-01-21T16:51:53.161525,30.920393,RX,0x123,8,45 46 47 48 00 08 8F 45,EFGH...E,False,False,False
2026-01-21T16:51:53.163518,30.922385,RX,0x123,8,46 47 48 49 00 08 8F 46,FGHI...F,False,False,False
2026-01-21T16:51:53.165502,30.924369,RX,0x123,8,47 48 49 4A 00 08 8F 47,GHIJ...G,False,False,False
2026-01-21T16:51:53.167229,30.926096,RX,0x123,8,48 49 4A 4B 00 08 8F 48,HIJK...H,False,False,False
2026-01-21T16:51:53.168703,30.927570,RX,0x123,8,49 4A 4B 4C 00 08 8F 49,IJKL...I,False,False,False
2026-01-21T16:51:53.170499,30.929366,RX,0x123,8,4A 4B 4C 4D 00 08 8F 4A,JKLM...J,False,False,False
2026-01-21T16:51:53.172268,30.931135,RX,0x123,8,4B 4C 4D 4E 00 08 8F 4B,KLMN...K,False,False,False
2026-01-21T16:51:53.174325,30.933192,RX,0x123,8,4C 4D 4E 4F 00 08 8F 4C,LMNO...L,False,False,False
2026-01-21T16:51:53.175859,30.934726,RX,0x123,8,4D 4E 4F 50 00 08 8F 4D,MNOP...M,False,False,False
2026-01-21T16:51:53.176866,30.935733,RX,0x123,8,4E 4F 50 51 00 08 8F 4E,NOPQ...N,False,False,False
2026-01-21T16:51:53.179006,30.937873,RX,0x123,8,4F 50 51 52 00 08 8F 4F,OPQR...O,False,False,False
2026-01-21T16:51:53.181530,30.940397,RX,0x123,8,50 51 52 53 00 08 8F 50,PQRS...P,False,False,False
2026-01-21T16:51:53.182885,30.941752,RX,0x123,8,51 52 53 54 00 08 8F 51,QRST...Q,False,False,False
2026-01-21T16:51:53.184654,30.943521,RX,0x123,8,52 53 54 55 00 08 8F 52,RSTU...R,False,False,False
2026-01-21T16:51:53.186300,30.945167,RX,0x123,8,53 54 55 56 00 08 8F 53,STUV...S,False,False,False
2026-01-21T16:51:53.188463,30.947330,RX,0x123,8,54 55 56 57 00 08 8F 54,TUVW...T,False,False,False
2026-01-21T16:51:53.189994,30.948861,RX,0x123,8,55 56 57 58 00 08 8F 55,UVWX...U,False,False,False
2026-01-21T16:51:53.191057,30.949924,RX,0x123,8,56 57 58 59 00 08 8F 56,VWXY...V,False,False,False
2026-01-21T16:51:53.193178,30.952045,RX,0x123,8,57 58 59 5A 00 08 8F 57,WXYZ...W,False,False,False
2026-01-21T16:51:53.194749,30.953616,RX,0x123,8,58 59 5A 5B 00 08 8F 58,XYZ[...X,False,False,False
2026-01-21T16:51:53.196746,30.955614,RX,0x123,8,59 5A 5B 5C 00 08 8F 59,YZ[\...Y,False,False,False
2026-01-21T16:51:53.198242,30.957109,RX,0x123,8,5A 5B 5C 5D 00 08 8F 5A,Z[\]...Z,False,False,False
2026-01-21T16:51:53.199254,30.958121,RX,0x123,8,5B 5C 5D 5E 00 08 8F 5B,[\]^...[,False,False,False
2026-01-21T16:51:53.201616,30.960482,RX,0x123,8,5C 5D 5E 5F 00 08 8F 5C,\]^_...\,False,False,False
2026-01-21T16:51:53.203605,30.962471,RX,0x123,8,5D 5E 5F 60 00 08 8F 5D,]^_`...],False,False,False
2026-01-21T16:51:53.205641,30.964508,RX,0x123,8,5E 5F 60 61 00 08 8F 5E,^_`a...^,False,False,False
2026-01-21T16:51:53.207256,30.966123,RX,0x123,8,5F 60 61 62 00 08 8F 5F,_`ab..._,False,False,False
2026-01-21T16:51:53.208832,30.967699,RX,0x123,8,60 61 62 63 00 08 8F 60,`abc...`,False,False,False
2026-01-21T16:51:53.210361,30.969228,RX,0x123,8,61 62 63 64 00 08 8F 61,abcd...a,False,False,False
2026-01-21T16:51:53.211373,30.970240,RX,0x123,8,62 63 64 65 00 08 8F 62,bcde...b,False,False,False
2026-01-21T16:51:53.213491,30.972358,RX,0x123,8,63 64 65 66 00 08 8F 63,cdef...c,False,False,False
2026-01-21T16:51:53.214499,30.973366,RX,0x123,8,64 65 66 67 00 08 8F 64,defg...d,False,False,False
2026-01-21T16:51:53.217006,30.975873,RX,0x123,8,65 66 67 68 00 08 8F 65,efgh...e,False,False,False
2026-01-21T16:51:53.219272,30.978139,RX,0x123,8,66 67 68 69 00 08 8F 66,fghi...f,False,False,False
2026-01-21T16:51:53.220856,30.979723,RX,0x123,8,67 68 69 6A 00 08 8F 67,ghij...g,False,False,False
2026-01-21T16:51:53.222821,30.981688,RX,0x123,8,68 69 6A 6B 00 08 8F 68,hijk...h,False,False,False
2026-01-21T16:51:53.225064,30.983931,RX,0x123,8,69 6A 6B 6C 00 08 8F 69,ijkl...i,False,False,False
2026-01-21T16:51:53.226775,30.985642,RX,0x123,8,6A 6B 6C 6D 00 08 8F 6A,jklm...j,False,False,False
2026-01-21T16:51:53.228687,30.987554,RX,0x123,8,6B 6C 6D 6E 00 08 8F 6B,klmn...k,False,False,False
2026-01-21T16:51:53.230211,30.989078,RX,0x123,8,6C 6D 6E 6F 00 08 8F 6C,lmno...l,False,False,False
2026-01-21T16:51:53.231699,30.990566,RX,0x123,8,6D 6E 6F 70 00 08 8F 6D,mnop...m,False,False,False
2026-01-21T16:51:53.233534,30.992401,RX,0x123,8,6E 6F 70 71 00 08 8F 6E,nopq...n,False,False,False
2026-01-21T16:51:53.234842,30.993709,RX,0x123,8,6F 70 71 72 00 08 8F 6F,opqr...o,False,False,False
2026-01-21T16:51:53.236399,30.995266,RX,0x123,8,70 71 72 73 00 08 8F 70,pqrs...p,False,False,False
2026-01-21T16:51:53.238393,30.997260,RX,0x123,8,71 72 73 74 00 08 8F 71,qrst...q,False,False,False
2026-01-21T16:51:53.239864,30.998731,RX,0x123,8,72 73 74 75 00 08 8F 72,rstu...r,False,False,False
2026-01-21T16:51:53.241302,31.000169,RX,0x123,8,73 74 75 76 00 08 8F 73,stuv...s,False,False,False
2026-01-21T16:51:53.242873,31.001740,RX,0x123,8,74 75 76 77 00 08 8F 74,tuvw...t,False,False,False
2026-01-21T16:51:53.244843,31.003710,RX,0x123,8,75 76 77 78 00 08 8F 75,uvwx...u,False,False,False
2026-01-21T16:51:53.247232,31.006099,RX,0x123,8,76 77 78 79 00 08 8F 76,vwxy...v,False,False,False
2026-01-21T16:51:53.248986,31.007853,RX,0x123,8,77 78 79 7A 00 08 8F 77,wxyz...w,False,False,False
2026-01-21T16:51:53.250718,31.009584,RX,0x123,8,78 79 7A 7B 00 08 8F 78,xyz{...x,False,False,False
2026-01-21T16:51:53.252273,31.011141,RX,0x123,8,79 7A 7B 7C 00 08 8F 79,yz{|...y,False,False,False
2026-01-21T16:51:53.253933,31.012800,RX,0x123,8,7A 7B 7C 7D 00 08 8F 7A,z{|}...z,False,False,False
2026-01-21T16:51:53.255967,31.014834,RX,0x123,8,7B 7C 7D 7E 00 08 8F 7B,{|}~...{,False,False,False
2026-01-21T16:51:53.257406,31.016273,RX,0x123,8,7C 7D 7E 7F 00 08 8F 7C,|}~....|,False,False,False
2026-01-21T16:51:53.258819,31.017686,RX,0x123,8,7D 7E 7F 80 00 08 8F 7D,}~.....},False,False,False
2026-01-21T16:51:53.260569,31.019436,RX,0x123,8,7E 7F 80 81 00 08 8F 7E,~......~,False,False,False
2026-01-21T16:51:53.261891,31.020758,RX,0x123,8,7F 80 81 82 00 08 8F 7F,........,False,False,False
2026-01-21T16:51:53.263240,31.022107,RX,0x123,8,80 81 82 83 00 08 8F 80,........,False,False,False
2026-01-21T16:51:53.264252,31.023118,RX,0x123,8,81 82 83 84 00 08 8F 81,........,False,False,False
2026-01-21T16:51:53.266873,31.025740,RX,0x123,8,82 83 84 85 00 08 8F 82,........,False,False,False
2026-01-21T16:51:53.268288,31.027156,RX,0x123,8,83 84 85 86 00 08 8F 83,........,False,False,False
2026-01-21T16:51:53.269865,31.028732,RX,0x123,8,84 85 86 87 00 08 8F 84,........,False,False,False
2026-01-21T16:51:53.271316,31.030183,RX,0x123,8,85 86 87 88 00 08 8F 85,........,False,False,False
2026-01-21T16:51:53.272835,31.031702,RX,0x123,8,86 87 88 89 00 08 8F 86,........,False,False,False
2026-01-21T16:51:53.274523,31.033390,RX,0x123,8,87 88 89 8A 00 08 8F 87,........,False,False,False
2026-01-21T16:51:53.276039,31.034905,RX,0x123,8,88 89 8A 8B 00 08 8F 88,........,False,False,False
2026-01-21T16:51:53.278055,31.036922,RX,0x123,8,89 8A 8B 8C 00 08 8F 89,........,False,False,False
2026-01-21T16:51:53.279377,31.038244,RX,0x123,8,8A 8B 8C 8D 00 08 8F 8A,........,False,False,False
2026-01-21T16:51:53.280809,31.039676,RX,0x123,8,8B 8C 8D 8E 00 08 8F 8B,........,False,False,False
2026-01-21T16:51:53.282516,31.041383,RX,0x123,8,8C 8D 8E 8F 00 08 8F 8C,........,False,False,False
2026-01-21T16:51:53.283878,31.042745,RX,0x123,8,8D 8E 8F 90 00 08 8F 8D,........,False,False,False
2026-01-21T16:51:53.284884,31.043751,RX,0x123,8,8E 8F 90 91 00 08 8F 8E,........,False,False,False
2026-01-21T16:51:53.287014,31.045880,RX,0x123,8,8F 90 91 92 00 08 8F 8F,........,False,False,False
2026-01-21T16:51:53.288329,31.047196,RX,0x123,8,90 91 92 93 00 08 8F 90,........,False,False,False
2026-01-21T16:51:53.289830,31.048697,RX,0x123,8,91 92 93 94 00 08 8F 91,........,False,False,False
2026-01-21T16:51:53.291188,31.050055,RX,0x123,8,92 93 94 95 00 08 8F 92,........,False,False,False
2026-01-21T16:51:53.292195,31.051062,RX,0x123,8,93 94 95 96 00 08 8F 93,........,False,False,False
2026-01-21T16:51:53.294359,31.053226,RX,0x123,8,94 95 96 97 00 08 8F 94,........,False,False,False
2026-01-21T16:51:53.295716,31.054583,RX,0x123,8,95 96 97 98 00 08 8F 95,........,False,False,False
2026-01-21T16:51:53.296722,31.055589,RX,0x123,8,96 97 98 99 00 08 8F 96,........,False,False,False
2026-01-21T16:51:53.298921,31.057788,RX,0x123,8,97 98 99 9A 00 08 8F 97,........,False,False,False
2026-01-21T16:51:53.299917,31.058784,RX,0x123,8,98 99 9A 9B 00 08 8F 98,........,False,False,False
2026-01-21T16:51:53.302173,31.061039,RX,0x123,8,99 9A 9B 9C 00 08 8F 99,........,False,False,False
2026-01-21T16:51:53.303615,31.062482,RX,0x123,8,9A 9B 9C 9D 00 08 8F 9A,........,False,False,False
2026-01-21T16:51:53.304986,31.063853,RX,0x123,8,9B 9C 9D 9E 00 08 8F 9B,........,False,False,False
2026-01-21T16:51:53.306440,31.065307,RX,0x123,8,9C 9D 9E 9F 00 08 8F 9C,........,False,False,False
2026-01-21T16:51:53.307840,31.066707,RX,0x123,8,9D 9E 9F A0 00 08 8F 9D,........,False,False,False
2026-01-21T16:51:53.309213,31.068080,RX,0x123,8,9E 9F A0 A1 00 08 8F 9E,........,False,False,False
2026-01-21T16:51:53.310219,31.069086,RX,0x123,8,9F A0 A1 A2 00 08 8F 9F,........,False,False,False
2026-01-21T16:51:53.312197,31.071064,RX,0x123,8,A0 A1 A2 A3 00 08 8F A0,........,False,False,False
2026-01-21T16:51:53.314037,31.072904,RX,0x123,8,A1 A2 A3 A4 00 08 8F A1,........,False,False,False
2026-01-21T16:51:53.315042,31.073909,RX,0x123,8,A2 A3 A4 A5 00 08 8F A2,........,False,False,False
2026-01-21T16:51:53.317235,31.076102,RX,0x123,8,A3 A4 A5 A6 00 08 8F A3,........,False,False,False
2026-01-21T16:51:53.318690,31.077557,RX,0x123,8,A4 A5 A6 A7 00 08 8F A4,........,False,False,False
2026-01-21T16:51:53.320029,31.078897,RX,0x123,8,A5 A6 A7 A8 00 08 8F A5,........,False,False,False
2026-01-21T16:51:53.321909,31.080776,RX,0x123,8,A6 A7 A8 A9 00 08 8F A6,........,False,False,False
2026-01-21T16:51:53.323765,31.082632,RX,0x123,8,A7 A8 A9 AA 00 08 8F A7,........,False,False,False
2026-01-21T16:51:53.326034,31.084901,RX,0x123,8,A8 A9 AA AB 00 08 8F A8,........,False,False,False
2026-01-21T16:51:53.327845,31.086712,RX,0x123,8,A9 AA AB AC 00 08 8F A9,........,False,False,False
2026-01-21T16:51:53.329380,31.088247,RX,0x123,8,AA AB AC AD 00 08 8F AA,........,False,False,False
2026-01-21T16:51:53.331034,31.089901,RX,0x123,8,AB AC AD AE 00 08 8F AB,........,False,False,False
2026-01-21T16:51:53.332389,31.091256,RX,0x123,8,AC AD AE AF 00 08 8F AC,........,False,False,False
2026-01-21T16:51:53.333887,31.092754,RX,0x123,8,AD AE AF B0 00 08 8F AD,........,False,False,False
2026-01-21T16:51:53.335602,31.094469,RX,0x123,8,AE AF B0 B1 00 08 8F AE,........,False,False,False
2026-01-21T16:51:53.337592,31.096459,RX,0x123,8,AF B0 B1 B2 00 08 8F AF,........,False,False,False
2026-01-21T16:51:53.339821,31.098688,RX,0x123,8,B0 B1 B2 B3 00 08 8F B0,........,False,False,False
2026-01-21T16:51:53.341798,31.100665,RX,0x123,8,B1 B2 B3 B4 00 08 8F B1,........,False,False,False
2026-01-21T16:51:53.344185,31.103052,RX,0x123,8,B2 B3 B4 B5 00 08 8F B2,........,False,False,False
2026-01-21T16:51:53.345882,31.104749,RX,0x123,8,B3 B4 B5 B6 00 08 8F B3,........,False,False,False
2026-01-21T16:51:53.347583,31.106450,RX,0x123,8,B4 B5 B6 B7 00 08 8F B4,........,False,False,False
2026-01-21T16:51:53.349408,31.108275,RX,0x123,8,B5 B6 B7 B8 00 08 8F B5,........,False,False,False
2026-01-21T16:51:53.351947,31.110814,RX,0x123,8,B6 B7 B8 B9 00 08 8F B6,........,False,False,False
2026-01-21T16:51:53.353660,31.112526,RX,0x123,8,B7 B8 B9 BA 00 08 8F B7,........,False,False,False
2026-01-21T16:51:53.355790,31.114657,RX,0x123,8,B8 B9 BA BB 00 08 8F B8,........,False,False,False
2026-01-21T16:51:53.357683,31.116550,RX,0x123,8,B9 BA BB BC 00 08 8F B9,........,False,False,False
2026-01-21T16:51:53.359149,31.118016,RX,0x123,8,BA BB BC BD 00 08 8F BA,........,False,False,False
2026-01-21T16:51:53.361171,31.119024,RX,0x123,8,BB BC BD BE 00 08 8F BB,........,False,False,False
2026-01-21T16:51:53.362722,31.121589,RX,0x123,8,BC BD BE BF 00 08 8F BC,........,False,False,False
2026-01-21T16:51:53.364291,31.123158,RX,0x123,8,BD BE BF C0 00 08 8F BD,........,False,False,False
2026-01-21T16:51:53.366147,31.125014,RX,0x123,8,BE BF C0 C1 00 08 8F BE,........,False,False,False
2026-01-21T16:51:53.368067,31.126934,RX,0x123,8,BF C0 C1 C2 00 08 8F BF,........,False,False,False
2026-01-21T16:51:53.369926,31.128793,RX,0x123,8,C0 C1 C2 C3 00 08 8F C0,........,False,False,False
2026-01-21T16:51:53.371686,31.130553,RX,0x123,8,C1 C2 C3 C4 00 08 8F C1,........,False,False,False
2026-01-21T16:51:53.373178,31.132046,RX,0x123,8,C2 C3 C4 C5 00 08 8F C2,........,False,False,False
2026-01-21T16:51:53.374658,31.133525,RX,0x123,8,C3 C4 C5 C6 00 08 8F C3,........,False,False,False
2026-01-21T16:51:53.376229,31.135096,RX,0x123,8,C4 C5 C6 C7 00 08 8F C4,........,False,False,False
2026-01-21T16:51:53.377933,31.136800,RX,0x123,8,C5 C6 C7 C8 00 08 8F C5,........,False,False,False
2026-01-21T16:51:53.379255,31.138122,RX,0x123,8,C6 C7 C8 C9 00 08 8F C6,........,False,False,False
2026-01-21T16:51:53.380623,31.139490,RX,0x123,8,C7 C8 C9 CA 00 08 8F C7,........,False,False,False
2026-01-21T16:51:53.382153,31.141020,RX,0x123,8,C8 C9 CA CB 00 08 8F C8,........,False,False,False
2026-01-21T16:51:53.383966,31.142833,RX,0x123,8,C9 CA CB CC 00 08 8F C9,........,False,False,False
2026-01-21T16:51:53.385958,31.144825,RX,0x123,8,CA CB CC CD 00 08 8F CA,........,False,False,False
2026-01-21T16:51:53.387896,31.146763,RX,0x123,8,CB CC CD CE 00 08 8F CB,........,False,False,False
2026-01-21T16:51:53.389789,31.148655,RX,0x123,8,CC CD CE CF 00 08 8F CC,........,False,False,False
2026-01-21T16:51:53.391247,31.150114,RX,0x123,8,CD CE CF D0 00 08 8F CD,........,False,False,False
2026-01-21T16:51:53.392773,31.151640,RX,0x123,8,CE CF D0 D1 00 08 8F CE,........,False,False,False
2026-01-21T16:51:53.394685,31.153552,RX,0x123,8,CF D0 D1 D2 00 08 8F CF,........,False,False,False
2026-01-21T16:51:53.396340,31.155206,RX,0x123,8,D0 D1 D2 D3 00 08 8F D0,........,False,False,False
2026-01-21T16:51:53.397968,31.156835,RX,0x123,8,D1 D2 D3 D4 00 08 8F D1,........,False,False,False
2026-01-21T16:51:53.399359,31.158226,RX,0x123,8,D2 D3 D4 D5 00 08 8F D2,........,False,False,False
2026-01-21T16:51:53.400868,31.159735,RX,0x123,8,D3 D4 D5 D6 00 08 8F D3,........,False,False,False
2026-01-21T16:51:53.402642,31.161509,RX,0x123,8,D4 D5 D6 D7 00 08 8F D4,........,False,False,False
2026-01-21T16:51:53.404418,31.163285,RX,0x123,8,D5 D6 D7 D8 00 08 8F D5,........,False,False,False
2026-01-21T16:51:53.406697,31.165565,RX,0x123,8,D6 D7 D8 D9 00 08 8F D6,........,False,False,False
2026-01-21T16:51:53.408580,31.167447,RX,0x123,8,D7 D8 D9 DA 00 08 8F D7,........,False,False,False
2026-01-21T16:51:53.410264,31.169131,RX,0x123,8,D8 D9 DA DB 00 08 8F D8,........,False,False,False
2026-01-21T16:51:53.412131,31.170998,RX,0x123,8,D9 DA DB DC 00 08 8F D9,........,False,False,False
2026-01-21T16:51:53.413754,31.172621,RX,0x123,8,DA DB DC DD 00 08 8F DA,........,False,False,False
2026-01-21T16:51:53.415527,31.174394,RX,0x123,8,DB DC DD DE 00 08 8F DB,........,False,False,False
2026-01-21T16:51:53.417075,31.175942,RX,0x123,8,DC DD DE DF 00 08 8F DC,........,False,False,False
2026-01-21T16:51:53.419026,31.177892,RX,0x123,8,DD DE DF E0 00 08 8F DD,........,False,False,False
2026-01-21T16:51:53.420567,31.179434,RX,0x123,8,DE DF E0 E1 00 08 8F DE,........,False,False,False
2026-01-21T16:51:53.422106,31.180973,RX,0x123,8,DF E0 E1 E2 00 08 8F DF,........,False,False,False
2026-01-21T16:51:53.423631,31.182498,RX,0x123,8,E0 E1 E2 E3 00 08 8F E0,........,False,False,False
2026-01-21T16:51:53.425154,31.184021,RX,0x123,8,E1 E2 E3 E4 00 08 8F E1,........,False,False,False
2026-01-21T16:51:53.426498,31.185365,RX,0x123,8,E2 E3 E4 E5 00 08 8F E2,........,False,False,False
2026-01-21T16:51:53.428167,31.187034,RX,0x123,8,E3 E4 E5 E6 00 08 8F E3,........,False,False,False
2026-01-21T16:51:53.430408,31.189275,RX,0x123,8,E4 E5 E6 E7 00 08 8F E4,........,False,False,False
2026-01-21T16:51:53.432188,31.191055,RX,0x123,8,E5 E6 E7 E8 00 08 8F E5,........,False,False,False
2026-01-21T16:51:53.434349,31.193216,RX,0x123,8,E6 E7 E8 E9 00 08 8F E6,........,False,False,False
2026-01-21T16:51:53.436297,31.195164,RX,0x123,8,E7 E8 E9 EA 00 08 8F E7,........,False,False,False
2026-01-21T16:51:53.437848,31.196715,RX,0x123,8,E8 E9 EA EB 00 08 8F E8,........,False,False,False
2026-01-21T16:51:53.439348,31.198215,RX,0x123,8,E9 EA EB EC 00 08 8F E9,........,False,False,False
2026-01-21T16:51:53.440370,31.199236,RX,0x123,8,EA EB EC ED 00 08 8F EA,........,False,False,False
2026-01-21T16:51:53.442158,31.201025,RX,0x123,8,EB EC ED EE 00 08 8F EB,........,False,False,False
2026-01-21T16:51:53.444408,31.203275,RX,0x123,8,EC ED EE EF 00 08 8F EC,........,False,False,False
2026-01-21T16:51:53.445729,31.204596,RX,0x123,8,ED EE EF F0 00 08 8F ED,........,False,False,False
2026-01-21T16:51:53.447372,31.206239,RX,0x123,8,EE EF F0 F1 00 08 8F EE,........,False,False,False
2026-01-21T16:51:53.448842,31.207710,RX,0x123,8,EF F0 F1 F2 00 08 8F EF,........,False,False,False
2026-01-21T16:51:53.450224,31.209091,RX,0x123,8,F0 F1 F2 F3 00 08 8F F0,........,False,False,False
2026-01-21T16:51:53.451822,31.210689,RX,0x123,8,F1 F2 F3 F4 00 08 8F F1,........,False,False,False
2026-01-21T16:51:53.453201,31.212068,RX,0x123,8,F2 F3 F4 F5 00 08 8F F2,........,False,False,False
2026-01-21T16:51:53.454636,31.213503,RX,0x123,8,F3 F4 F5 F6 00 08 8F F3,........,False,False,False
2026-01-21T16:51:53.455953,31.214820,RX,0x123,8,F4 F5 F6 F7 00 08 8F F4,........,False,False,False
2026-01-21T16:51:53.457362,31.216229,RX,0x123,8,F5 F6 F7 F8 00 08 8F F5,........,False,False,False
2026-01-21T16:51:53.458798,31.217665,RX,0x123,8,F6 F7 F8 F9 00 08 8F F6,........,False,False,False
2026-01-21T16:51:53.460255,31.219122,RX,0x123,8,F7 F8 F9 FA 00 08 8F F7,........,False,False,False
2026-01-21T16:51:53.461734,31.220602,RX,0x123,8,F8 F9 FA FB 00 08 8F F8,........,False,False,False
2026-01-21T16:51:53.463184,31.222051,RX,0x123,8,F9 FA FB FC 00 08 8F F9,........,False,False,False
2026-01-21T16:51:53.464791,31.223658,RX,0x123,8,FA FB FC FD 00 08 8F FA,........,False,False,False
2026-01-21T16:51:53.466232,31.225099,RX,0x123,8,FB FC FD FE 00 08 8F FB,........,False,False,False
2026-01-21T16:51:53.468779,31.227646,RX,0x123,8,FC FD FE FF 00 08 8F FC,........,False,False,False
2026-01-21T16:51:53.470523,31.229390,RX,0x123,8,FD FE FF 00 00 08 8F FD,........,False,False,False
2026-01-21T16:51:53.472008,31.230875,RX,0x123,8,FE FF 00 01 00 08 8F FE,........,False,False,False
2026-01-21T16:51:53.473343,31.232210,RX,0x123,8,FF 00 01 02 00 08 8F FF,........,False,False,False
2026-01-21T16:51:53.474674,31.233541,RX,0x123,8,00 01 02 03 00 08 90 00,........,False,False,False
2026-01-21T16:51:53.476120,31.234987,RX,0x123,8,01 02 03 04 00 08 90 01,........,False,False,False
2026-01-21T16:51:53.477717,31.236584,RX,0x123,8,02 03 04 05 00 08 90 02,........,False,False,False
2026-01-21T16:51:53.479403,31.238270,RX,0x123,8,03 04 05 06 00 08 90 03,........,False,False,False
2026-01-21T16:51:53.480933,31.239800,RX,0x123,8,04 05 06 07 00 08 90 04,........,False,False,False
2026-01-21T16:51:53.482262,31.241129,RX,0x123,8,05 06 07 08 00 08 90 05,........,False,False,False
2026-01-21T16:51:53.483621,31.242488,RX,0x123,8,06 07 08 09 00 08 90 06,........,False,False,False
2026-01-21T16:51:53.485254,31.244121,RX,0x123,8,07 08 09 0A 00 08 90 07,........,False,False,False
2026-01-21T16:51:53.486689,31.245556,RX,0x123,8,08 09 0A 0B 00 08 90 08,........,False,False,False
2026-01-21T16:51:53.488183,31.247050,RX,0x123,8,09 0A 0B 0C 00 08 90 09,........,False,False,False
2026-01-21T16:51:53.489605,31.248472,RX,0x123,8,0A 0B 0C 0D 00 08 90 0A,........,False,False,False
2026-01-21T16:51:53.491087,31.249954,RX,0x123,8,0B 0C 0D 0E 00 08 90 0B,........,False,False,False
2026-01-21T16:51:53.492653,31.251520,RX,0x123,8,0C 0D 0E 0F 00 08 90 0C,........,False,False,False
2026-01-21T16:51:53.494375,31.253242,RX,0x123,8,0D 0E 0F 10 00 08 90 0D,........,False,False,False
2026-01-21T16:51:53.495382,31.254249,RX,0x123,8,0E 0F 10 11 00 08 90 0E,........,False,False,False
2026-01-21T16:51:53.497685,31.256552,RX,0x123,8,0F 10 11 12 00 08 90 0F,........,False,False,False
2026-01-21T16:51:53.499601,31.258468,RX,0x123,8,10 11 12 13 00 08 90 10,........,False,False,False
2026-01-21T16:51:53.501129,31.259996,RX,0x123,8,11 12 13 14 00 08 90 11,........,False,False,False
2026-01-21T16:51:53.502477,31.261344,RX,0x123,8,12 13 14 15 00 08 90 12,........,False,False,False
2026-01-21T16:51:53.504198,31.263066,RX,0x123,8,13 14 15 16 00 08 90 13,........,False,False,False
2026-01-21T16:51:53.505513,31.264380,RX,0x123,8,14 15 16 17 00 08 90 14,........,False,False,False
2026-01-21T16:51:53.507783,31.266650,RX,0x123,8,15 16 17 18 00 08 90 15,........,False,False,False
2026-01-21T16:51:53.508789,31.267657,RX,0x123,8,16 17 18 19 00 08 90 16,........,False,False,False
2026-01-21T16:51:53.511221,31.270088,RX,0x123,8,17 18 19 1A 00 08 90 17,........,False,False,False
2026-01-21T16:51:53.513150,31.272017,RX,0x123,8,18 19 1A 1B 00 08 90 18,........,False,False,False
2026-01-21T16:51:53.515079,31.273946,RX,0x123,8,19 1A 1B 1C 00 08 90 19,........,False,False,False
2026-01-21T16:51:53.516084,31.274951,RX,0x123,8,1A 1B 1C 1D 00 08 90 1A,........,False,False,False
2026-01-21T16:51:53.518199,31.277066,RX,0x123,8,1B 1C 1D 1E 00 08 90 1B,........,False,False,False
2026-01-21T16:51:53.519793,31.278660,RX,0x123,8,1C 1D 1E 1F 00 08 90 1C,........,False,False,False
2026-01-21T16:51:53.521107,31.279974,RX,0x123,8,1D 1E 1F 20 00 08 90 1D,... ....,False,False,False
2026-01-21T16:51:53.522117,31.280984,RX,0x123,8,1E 1F 20 21 00 08 90 1E,.. !....,False,False,False
2026-01-21T16:51:53.523893,31.282759,RX,0x123,8,1F 20 21 22 00 08 90 1F,". !""....",False,False,False
2026-01-21T16:51:53.526075,31.284942,RX,0x123,8,20 21 22 23 00 08 90 20," !""#... ",False,False,False
2026-01-21T16:51:53.527797,31.286664,RX,0x123,8,21 22 23 24 00 08 90 21,"!""#$...!",False,False,False
2026-01-21T16:51:53.529658,31.288525,RX,0x123,8,22 23 24 25 00 08 90 22,"""#$%...""",False,False,False
2026-01-21T16:51:53.531371,31.290238,RX,0x123,8,23 24 25 26 00 08 90 23,#$%&...#,False,False,False
2026-01-21T16:51:53.533236,31.292104,RX,0x123,8,24 25 26 27 00 08 90 24,$%&'...$,False,False,False
2026-01-21T16:51:53.534759,31.293626,RX,0x123,8,25 26 27 28 00 08 90 25,%&'(...%,False,False,False
2026-01-21T16:51:53.536567,31.295434,RX,0x123,8,26 27 28 29 00 08 90 26,&'()...&,False,False,False
2026-01-21T16:51:53.538320,31.297187,RX,0x123,8,27 28 29 2A 00 08 90 27,'()*...',False,False,False
2026-01-21T16:51:53.540622,31.299489,RX,0x123,8,28 29 2A 2B 00 08 90 28,()*+...(,False,False,False
2026-01-21T16:51:53.542259,31.301126,RX,0x123,8,29 2A 2B 2C 00 08 90 29,")*+,...)",False,False,False
2026-01-21T16:51:53.543855,31.302722,RX,0x123,8,2A 2B 2C 2D 00 08 90 2A,"*+,-...*",False,False,False
2026-01-21T16:51:53.545790,31.304657,RX,0x123,8,2B 2C 2D 2E 00 08 90 2B,"+,-....+",False,False,False
2026-01-21T16:51:53.547930,31.306797,RX,0x123,8,2C 2D 2E 2F 00 08 90 2C,",-./...,",False,False,False
2026-01-21T16:51:53.549877,31.308743,RX,0x123,8,2D 2E 2F 30 00 08 90 2D,-./0...-,False,False,False
2026-01-21T16:51:53.551484,31.310351,RX,0x123,8,2E 2F 30 31 00 08 90 2E,./01....,False,False,False
2026-01-21T16:51:53.553431,31.312298,RX,0x123,8,2F 30 31 32 00 08 90 2F,/012.../,False,False,False
2026-01-21T16:51:53.555408,31.314275,RX,0x123,8,30 31 32 33 00 08 90 30,0123...0,False,False,False
2026-01-21T16:51:53.556831,31.315697,RX,0x123,8,31 32 33 34 00 08 90 31,1234...1,False,False,False
2026-01-21T16:51:53.558459,31.317327,RX,0x123,8,32 33 34 35 00 08 90 32,2345...2,False,False,False
2026-01-21T16:51:53.559902,31.318769,RX,0x123,8,33 34 35 36 00 08 90 33,3456...3,False,False,False
2026-01-21T16:51:53.561494,31.320361,RX,0x123,8,34 35 36 37 00 08 90 34,4567...4,False,False,False
2026-01-21T16:51:53.562930,31.321797,RX,0x123,8,35 36 37 38 00 08 90 35,5678...5,False,False,False
2026-01-21T16:51:53.564587,31.323454,RX,0x123,8,36 37 38 39 00 08 90 36,6789...6,False,False,False
2026-01-21T16:51:53.565594,31.324461,RX,0x123,8,37 38 39 3A 00 08 90 37,789:...7,False,False,False
2026-01-21T16:51:53.567855,31.326722,RX,0x123,8,38 39 3A 3B 00 08 90 38,89:;...8,False,False,False
2026-01-21T16:51:53.569430,31.328297,RX,0x123,8,39 3A 3B 3C 00 08 90 39,9:;<...9,False,False,False
2026-01-21T16:51:53.571838,31.330705,RX,0x123,8,3A 3B 3C 3D 00 08 90 3A,:;<=...:,False,False,False
2026-01-21T16:51:53.573911,31.332778,RX,0x123,8,3B 3C 3D 3E 00 08 90 3B,;<=>...;,False,False,False
2026-01-21T16:51:53.575736,31.334603,RX,0x123,8,3C 3D 3E 3F 00 08 90 3C,<=>?...<,False,False,False
2026-01-21T16:51:53.576832,31.335699,RX,0x123,8,3D 3E 3F 40 00 08 90 3D,=>?@...=,False,False,False
2026-01-21T16:51:53.579514,31.338381,RX,0x123,8,3E 3F 40 41 00 08 90 3E,>?@A...>,False,False,False
2026-01-21T16:51:53.581040,31.339907,RX,0x123,8,3F 40 41 42 00 08 90 3F,?@AB...?,False,False,False
2026-01-21T16:51:53.582503,31.341370,RX,0x123,8,40 41 42 43 00 08 90 40,@ABC...@,False,False,False
2026-01-21T16:51:53.584081,31.342948,RX,0x123,8,41 42 43 44 00 08 90 41,ABCD...A,False,False,False
2026-01-21T16:51:53.585600,31.344467,RX,0x123,8,42 43 44 45 00 08 90 42,BCDE...B,False,False,False
2026-01-21T16:51:53.587343,31.346210,RX,0x123,8,43 44 45 46 00 08 90 43,CDEF...C,False,False,False
2026-01-21T16:51:53.588873,31.347740,RX,0x123,8,44 45 46 47 00 08 90 44,DEFG...D,False,False,False
2026-01-21T16:51:53.590377,31.349243,RX,0x123,8,45 46 47 48 00 08 90 45,EFGH...E,False,False,False
2026-01-21T16:51:53.591804,31.350671,RX,0x123,8,46 47 48 49 00 08 90 46,FGHI...F,False,False,False
2026-01-21T16:51:53.592814,31.351681,RX,0x123,8,47 48 49 4A 00 08 90 47,GHIJ...G,False,False,False
2026-01-21T16:51:53.595054,31.353921,RX,0x123,8,48 49 4A 4B 00 08 90 48,HIJK...H,False,False,False
2026-01-21T16:51:53.596065,31.354932,RX,0x123,8,49 4A 4B 4C 00 08 90 49,IJKL...I,False,False,False
2026-01-21T16:51:53.598342,31.357209,RX,0x123,8,4A 4B 4C 4D 00 08 90 4A,JKLM...J,False,False,False
2026-01-21T16:51:53.599666,31.358532,RX,0x123,8,4B 4C 4D 4E 00 08 90 4B,KLMN...K,False,False,False
2026-01-21T16:51:53.601039,31.359906,RX,0x123,8,4C 4D 4E 4F 00 08 90 4C,LMNO...L,False,False,False
2026-01-21T16:51:53.602735,31.361602,RX,0x123,8,4D 4E 4F 50 00 08 90 4D,MNOP...M,False,False,False
2026-01-21T16:51:53.604435,31.363302,RX,0x123,8,4E 4F 50 51 00 08 90 4E,NOPQ...N,False,False,False
2026-01-21T16:51:53.606478,31.365345,RX,0x123,8,4F 50 51 52 00 08 90 4F,OPQR...O,False,False,False
2026-01-21T16:51:53.607941,31.366808,RX,0x123,8,50 51 52 53 00 08 90 50,PQRS...P,False,False,False
2026-01-21T16:51:53.608953,31.367820,RX,0x123,8,51 52 53 54 00 08 90 51,QRST...Q,False,False,False
2026-01-21T16:51:53.611479,31.370346,RX,0x123,8,52 53 54 55 00 08 90 52,RSTU...R,False,False,False
2026-01-21T16:51:53.612485,31.371352,RX,0x123,8,53 54 55 56 00 08 90 53,STUV...S,False,False,False
2026-01-21T16:51:53.614522,31.373389,RX,0x123,8,54 55 56 57 00 08 90 54,TUVW...T,False,False,False
2026-01-21T16:51:53.616165,31.375032,RX,0x123,8,55 56 57 58 00 08 90 55,UVWX...U,False,False,False
2026-01-21T16:51:53.617817,31.376684,RX,0x123,8,56 57 58 59 00 08 90 56,VWXY...V,False,False,False
2026-01-21T16:51:53.619330,31.378196,RX,0x123,8,57 58 59 5A 00 08 90 57,WXYZ...W,False,False,False
2026-01-21T16:51:53.620964,31.379831,RX,0x123,8,58 59 5A 5B 00 08 90 58,XYZ[...X,False,False,False
2026-01-21T16:51:53.622519,31.381386,RX,0x123,8,59 5A 5B 5C 00 08 90 59,YZ[\...Y,False,False,False
2026-01-21T16:51:53.624051,31.382918,RX,0x123,8,5A 5B 5C 5D 00 08 90 5A,Z[\]...Z,False,False,False
2026-01-21T16:51:53.625635,31.384502,RX,0x123,8,5B 5C 5D 5E 00 08 90 5B,[\]^...[,False,False,False
2026-01-21T16:51:53.627169,31.386036,RX,0x123,8,5C 5D 5E 5F 00 08 90 5C,\]^_...\,False,False,False
2026-01-21T16:51:53.628501,31.387367,RX,0x123,8,5D 5E 5F 60 00 08 90 5D,]^_`...],False,False,False
2026-01-21T16:51:53.629934,31.388801,RX,0x123,8,5E 5F 60 61 00 08 90 5E,^_`a...^,False,False,False
2026-01-21T16:51:53.631767,31.390634,RX,0x123,8,5F 60 61 62 00 08 90 5F,_`ab..._,False,False,False
2026-01-21T16:51:53.633878,31.392745,RX,0x123,8,60 61 62 63 00 08 90 60,`abc...`,False,False,False
2026-01-21T16:51:53.635650,31.394517,RX,0x123,8,61 62 63 64 00 08 90 61,abcd...a,False,False,False
2026-01-21T16:51:53.637471,31.396338,RX,0x123,8,62 63 64 65 00 08 90 62,bcde...b,False,False,False
2026-01-21T16:51:53.639389,31.398256,RX,0x123,8,63 64 65 66 00 08 90 63,cdef...c,False,False,False
2026-01-21T16:51:53.640725,31.399592,RX,0x123,8,64 65 66 67 00 08 90 64,defg...d,False,False,False
2026-01-21T16:51:53.641735,31.400602,RX,0x123,8,65 66 67 68 00 08 90 65,efgh...e,False,False,False
2026-01-21T16:51:53.644379,31.403246,RX,0x123,8,66 67 68 69 00 08 90 66,fghi...f,False,False,False
2026-01-21T16:51:53.645846,31.404713,RX,0x123,8,67 68 69 6A 00 08 90 67,ghij...g,False,False,False
2026-01-21T16:51:53.647366,31.406234,RX,0x123,8,68 69 6A 6B 00 08 90 68,hijk...h,False,False,False
2026-01-21T16:51:53.648894,31.407761,RX,0x123,8,69 6A 6B 6C 00 08 90 69,ijkl...i,False,False,False
2026-01-21T16:51:53.650817,31.409683,RX,0x123,8,6A 6B 6C 6D 00 08 90 6A,jklm...j,False,False,False
2026-01-21T16:51:53.652404,31.411271,RX,0x123,8,6B 6C 6D 6E 00 08 90 6B,klmn...k,False,False,False
2026-01-21T16:51:53.654439,31.412890,RX,0x123,8,6C 6D 6E 6F 00 08 90 6C,lmno...l,False,False,False
2026-01-21T16:51:53.655950,31.414817,RX,0x123,8,6D 6E 6F 70 00 08 90 6D,mnop...m,False,False,False
2026-01-21T16:51:53.657570,31.416437,RX,0x123,8,6E 6F 70 71 00 08 90 6E,nopq...n,False,False,False
2026-01-21T16:51:53.659049,31.417917,RX,0x123,8,6F 70 71 72 00 08 90 6F,opqr...o,False,False,False
2026-01-21T16:51:53.660529,31.419396,RX,0x123,8,70 71 72 73 00 08 90 70,pqrs...p,False,False,False
2026-01-21T16:51:53.662060,31.420927,RX,0x123,8,71 72 73 74 00 08 90 71,qrst...q,False,False,False
2026-01-21T16:51:53.663533,31.422400,RX,0x123,8,72 73 74 75 00 08 90 72,rstu...r,False,False,False
2026-01-21T16:51:53.665036,31.423903,RX,0x123,8,73 74 75 76 00 08 90 73,stuv...s,False,False,False
2026-01-21T16:51:53.666804,31.425671,RX,0x123,8,74 75 76 77 00 08 90 74,tuvw...t,False,False,False
2026-01-21T16:51:53.668484,31.427351,RX,0x123,8,75 76 77 78 00 08 90 75,uvwx...u,False,False,False
2026-01-21T16:51:53.670518,31.429384,RX,0x123,8,76 77 78 79 00 08 90 76,vwxy...v,False,False,False
2026-01-21T16:51:53.672167,31.431034,RX,0x123,8,77 78 79 7A 00 08 90 77,wxyz...w,False,False,False
2026-01-21T16:51:53.673709,31.432576,RX,0x123,8,78 79 7A 7B 00 08 90 78,xyz{...x,False,False,False
2026-01-21T16:51:53.674719,31.433586,RX,0x123,8,79 7A 7B 7C 00 08 90 79,yz{|...y,False,False,False
2026-01-21T16:51:53.676793,31.435660,RX,0x123,8,7A 7B 7C 7D 00 08 90 7A,z{|}...z,False,False,False
2026-01-21T16:51:53.678264,31.437131,RX,0x123,8,7B 7C 7D 7E 00 08 90 7B,{|}~...{,False,False,False
2026-01-21T16:51:53.679644,31.438511,RX,0x123,8,7C 7D 7E 7F 00 08 90 7C,|}~....|,False,False,False
2026-01-21T16:51:53.681095,31.439962,RX,0x123,8,7D 7E 7F 80 00 08 90 7D,}~.....},False,False,False
2026-01-21T16:51:53.682443,31.441310,RX,0x123,8,7E 7F 80 81 00 08 90 7E,~......~,False,False,False
2026-01-21T16:51:53.683859,31.442726,RX,0x123,8,7F 80 81 82 00 08 90 7F,........,False,False,False
2026-01-21T16:51:53.685326,31.444193,RX,0x123,8,80 81 82 83 00 08 90 80,........,False,False,False
2026-01-21T16:51:53.686783,31.445650,RX,0x123,8,81 82 83 84 00 08 90 81,........,False,False,False
2026-01-21T16:51:53.688160,31.447027,RX,0x123,8,82 83 84 85 00 08 90 82,........,False,False,False
2026-01-21T16:51:53.689546,31.448413,RX,0x123,8,83 84 85 86 00 08 90 83,........,False,False,False
2026-01-21T16:51:53.690884,31.449751,RX,0x123,8,84 85 86 87 00 08 90 84,........,False,False,False
2026-01-21T16:51:53.692597,31.451463,RX,0x123,8,85 86 87 88 00 08 90 85,........,False,False,False
2026-01-21T16:51:53.694737,31.453604,RX,0x123,8,86 87 88 89 00 08 90 86,........,False,False,False
2026-01-21T16:51:53.696307,31.455174,RX,0x123,8,87 88 89 8A 00 08 90 87,........,False,False,False
2026-01-21T16:51:53.698293,31.457160,RX,0x123,8,88 89 8A 8B 00 08 90 88,........,False,False,False
2026-01-21T16:51:53.699752,31.458619,RX,0x123,8,89 8A 8B 8C 00 08 90 89,........,False,False,False
2026-01-21T16:51:53.701316,31.460183,RX,0x123,8,8A 8B 8C 8D 00 08 90 8A,........,False,False,False
2026-01-21T16:51:53.703377,31.462244,RX,0x123,8,8B 8C 8D 8E 00 08 90 8B,........,False,False,False
2026-01-21T16:51:53.704987,31.463855,RX,0x123,8,8C 8D 8E 8F 00 08 90 8C,........,False,False,False
2026-01-21T16:51:53.706541,31.465408,RX,0x123,8,8D 8E 8F 90 00 08 90 8D,........,False,False,False
2026-01-21T16:51:53.708477,31.467344,RX,0x123,8,8E 8F 90 91 00 08 90 8E,........,False,False,False
2026-01-21T16:51:53.709909,31.468776,RX,0x123,8,8F 90 91 92 00 08 90 8F,........,False,False,False
2026-01-21T16:51:53.711831,31.470698,RX,0x123,8,90 91 92 93 00 08 90 90,........,False,False,False
2026-01-21T16:51:53.713543,31.472410,RX,0x123,8,91 92 93 94 00 08 90 91,........,False,False,False
2026-01-21T16:51:53.715200,31.474067,RX,0x123,8,92 93 94 95 00 08 90 92,........,False,False,False
2026-01-21T16:51:53.716718,31.475585,RX,0x123,8,93 94 95 96 00 08 90 93,........,False,False,False
2026-01-21T16:51:53.718396,31.477263,RX,0x123,8,94 95 96 97 00 08 90 94,........,False,False,False
2026-01-21T16:51:53.720078,31.478945,RX,0x123,8,95 96 97 98 00 08 90 95,........,False,False,False
2026-01-21T16:51:53.721745,31.480612,RX,0x123,8,96 97 98 99 00 08 90 96,........,False,False,False
2026-01-21T16:51:53.723174,31.482041,RX,0x123,8,97 98 99 9A 00 08 90 97,........,False,False,False
2026-01-21T16:51:53.724550,31.483417,RX,0x123,8,98 99 9A 9B 00 08 90 98,........,False,False,False
2026-01-21T16:51:53.725883,31.484750,RX,0x123,8,99 9A 9B 9C 00 08 90 99,........,False,False,False
2026-01-21T16:51:53.727832,31.485839,RX,0x123,8,9A 9B 9C 9D 00 08 90 9A,........,False,False,False
2026-01-21T16:51:53.729485,31.488352,RX,0x123,8,9B 9C 9D 9E 00 08 90 9B,........,False,False,False
2026-01-21T16:51:53.730966,31.489833,RX,0x123,8,9C 9D 9E 9F 00 08 90 9C,........,False,False,False
2026-01-21T16:51:53.732703,31.491570,RX,0x123,8,9D 9E 9F A0 00 08 90 9D,........,False,False,False
2026-01-21T16:51:53.734667,31.493534,RX,0x123,8,9E 9F A0 A1 00 08 90 9E,........,False,False,False
2026-01-21T16:51:53.736308,31.495175,RX,0x123,8,9F A0 A1 A2 00 08 90 9F,........,False,False,False
2026-01-21T16:51:53.737917,31.496784,RX,0x123,8,A0 A1 A2 A3 00 08 90 A0,........,False,False,False
2026-01-21T16:51:53.738989,31.497856,RX,0x123,8,A1 A2 A3 A4 00 08 90 A1,........,False,False,False
2026-01-21T16:51:53.741459,31.500326,RX,0x123,8,A2 A3 A4 A5 00 08 90 A2,........,False,False,False
2026-01-21T16:51:53.743011,31.501878,RX,0x123,8,A3 A4 A5 A6 00 08 90 A3,........,False,False,False
2026-01-21T16:51:53.744021,31.502888,RX,0x123,8,A4 A5 A6 A7 00 08 90 A4,........,False,False,False
2026-01-21T16:51:53.746578,31.505445,RX,0x123,8,A5 A6 A7 A8 00 08 90 A5,........,False,False,False
2026-01-21T16:51:53.748207,31.507074,RX,0x123,8,A6 A7 A8 A9 00 08 90 A6,........,False,False,False
2026-01-21T16:51:53.750130,31.508997,RX,0x123,8,A7 A8 A9 AA 00 08 90 A7,........,False,False,False
2026-01-21T16:51:53.752120,31.510987,RX,0x123,8,A8 A9 AA AB 00 08 90 A8,........,False,False,False
2026-01-21T16:51:53.753538,31.512405,RX,0x123,8,A9 AA AB AC 00 08 90 A9,........,False,False,False
2026-01-21T16:51:53.754942,31.513808,RX,0x123,8,AA AB AC AD 00 08 90 AA,........,False,False,False
2026-01-21T16:51:53.756407,31.515274,RX,0x123,8,AB AC AD AE 00 08 90 AB,........,False,False,False
2026-01-21T16:51:53.757419,31.516286,RX,0x123,8,AC AD AE AF 00 08 90 AC,........,False,False,False
2026-01-21T16:51:53.759473,31.518340,RX,0x123,8,AD AE AF B0 00 08 90 AD,........,False,False,False
2026-01-21T16:51:53.761447,31.520314,RX,0x123,8,AE AF B0 B1 00 08 90 AE,........,False,False,False
2026-01-21T16:51:53.763070,31.521937,RX,0x123,8,AF B0 B1 B2 00 08 90 AF,........,False,False,False
2026-01-21T16:51:53.764528,31.523395,RX,0x123,8,B0 B1 B2 B3 00 08 90 B0,........,False,False,False
2026-01-21T16:51:53.765973,31.524840,RX,0x123,8,B1 B2 B3 B4 00 08 90 B1,........,False,False,False
2026-01-21T16:51:53.767381,31.526248,RX,0x123,8,B2 B3 B4 B5 00 08 90 B2,........,False,False,False
2026-01-21T16:51:53.768710,31.527576,RX,0x123,8,B3 B4 B5 B6 00 08 90 B3,........,False,False,False
2026-01-21T16:51:53.770246,31.529113,RX,0x123,8,B4 B5 B6 B7 00 08 90 B4,........,False,False,False
2026-01-21T16:51:53.771675,31.530542,RX,0x123,8,B5 B6 B7 B8 00 08 90 B5,........,False,False,False
2026-01-21T16:51:53.773422,31.532289,RX,0x123,8,B6 B7 B8 B9 00 08 90 B6,........,False,False,False
2026-01-21T16:51:53.775068,31.533935,RX,0x123,8,B7 B8 B9 BA 00 08 90 B7,........,False,False,False
2026-01-21T16:51:53.776674,31.535541,RX,0x123,8,B8 B9 BA BB 00 08 90 B8,........,False,False,False
2026-01-21T16:51:53.778707,31.537574,RX,0x123,8,B9 BA BB BC 00 08 90 B9,........,False,False,False
2026-01-21T16:51:53.780382,31.539249,RX,0x123,8,BA BB BC BD 00 08 90 BA,........,False,False,False
2026-01-21T16:51:53.782002,31.540869,RX,0x123,8,BB BC BD BE 00 08 90 BB,........,False,False,False
2026-01-21T16:51:53.783922,31.542789,RX,0x123,8,BC BD BE BF 00 08 90 BC,........,False,False,False
2026-01-21T16:51:53.785397,31.544264,RX,0x123,8,BD BE BF C0 00 08 90 BD,........,False,False,False
2026-01-21T16:51:53.787058,31.545925,RX,0x123,8,BE BF C0 C1 00 08 90 BE,........,False,False,False
2026-01-21T16:51:53.788488,31.547355,RX,0x123,8,BF C0 C1 C2 00 08 90 BF,........,False,False,False
2026-01-21T16:51:53.789947,31.548814,RX,0x123,8,C0 C1 C2 C3 00 08 90 C0,........,False,False,False
2026-01-21T16:51:53.791392,31.550259,RX,0x123,8,C1 C2 C3 C4 00 08 90 C1,........,False,False,False
2026-01-21T16:51:53.792801,31.551668,RX,0x123,8,C2 C3 C4 C5 00 08 90 C2,........,False,False,False
2026-01-21T16:51:53.794670,31.553537,RX,0x123,8,C3 C4 C5 C6 00 08 90 C3,........,False,False,False
2026-01-21T16:51:53.796356,31.555223,RX,0x123,8,C4 C5 C6 C7 00 08 90 C4,........,False,False,False
2026-01-21T16:51:53.797706,31.556573,RX,0x123,8,C5 C6 C7 C8 00 08 90 C5,........,False,False,False
2026-01-21T16:51:53.799225,31.558092,RX,0x123,8,C6 C7 C8 C9 00 08 90 C6,........,False,False,False
2026-01-21T16:51:53.800877,31.559744,RX,0x123,8,C7 C8 C9 CA 00 08 90 C7,........,False,False,False
2026-01-21T16:51:53.802507,31.561373,RX,0x123,8,C8 C9 CA CB 00 08 90 C8,........,False,False,False
2026-01-21T16:51:53.804250,31.563117,RX,0x123,8,C9 CA CB CC 00 08 90 C9,........,False,False,False
2026-01-21T16:51:53.806213,31.565080,RX,0x123,8,CA CB CC CD 00 08 90 CA,........,False,False,False
2026-01-21T16:51:53.807921,31.566788,RX,0x123,8,CB CC CD CE 00 08 90 CB,........,False,False,False
2026-01-21T16:51:53.809767,31.568634,RX,0x123,8,CC CD CE CF 00 08 90 CC,........,False,False,False
2026-01-21T16:51:53.811748,31.570615,RX,0x123,8,CD CE CF D0 00 08 90 CD,........,False,False,False
2026-01-21T16:51:53.813740,31.572607,RX,0x123,8,CE CF D0 D1 00 08 90 CE,........,False,False,False
2026-01-21T16:51:53.815927,31.574794,RX,0x123,8,CF D0 D1 D2 00 08 90 CF,........,False,False,False
2026-01-21T16:51:53.817362,31.576229,RX,0x123,8,D0 D1 D2 D3 00 08 90 D0,........,False,False,False
2026-01-21T16:51:53.819124,31.577991,RX,0x123,8,D1 D2 D3 D4 00 08 90 D1,........,False,False,False
2026-01-21T16:51:53.821325,31.580192,RX,0x123,8,D2 D3 D4 D5 00 08 90 D2,........,False,False,False
2026-01-21T16:51:53.823099,31.581966,RX,0x123,8,D3 D4 D5 D6 00 08 90 D3,........,False,False,False
2026-01-21T16:51:53.824622,31.583489,RX,0x123,8,D4 D5 D6 D7 00 08 90 D4,........,False,False,False
2026-01-21T16:51:53.826653,31.585521,RX,0x123,8,D5 D6 D7 D8 00 08 90 D5,........,False,False,False
2026-01-21T16:51:53.828287,31.587154,RX,0x123,8,D6 D7 D8 D9 00 08 90 D6,........,False,False,False
2026-01-21T16:51:53.829951,31.588818,RX,0x123,8,D7 D8 D9 DA 00 08 90 D7,........,False,False,False
2026-01-21T16:51:53.831508,31.590375,RX,0x123,8,D8 D9 DA DB 00 08 90 D8,........,False,False,False
2026-01-21T16:51:53.834020,31.592887,RX,0x123,8,D9 DA DB DC 00 08 90 D9,........,False,False,False
2026-01-21T16:51:53.834776,31.593643,RX,0x123,8,DA DB DC DD 00 08 90 DA,........,False,False,False
2026-01-21T16:51:53.836894,31.595761,RX,0x123,8,DB DC DD DE 00 08 90 DB,........,False,False,False
2026-01-21T16:51:53.837906,31.596773,RX,0x123,8,DC DD DE DF 00 08 90 DC,........,False,False,False
2026-01-21T16:51:53.840444,31.599311,RX,0x123,8,DD DE DF E0 00 08 90 DD,........,False,False,False
2026-01-21T16:51:53.843042,31.601909,RX,0x123,8,DE DF E0 E1 00 08 90 DE,........,False,False,False
2026-01-21T16:51:53.844778,31.603645,RX,0x123,8,DF E0 E1 E2 00 08 90 DF,........,False,False,False
2026-01-21T16:51:53.847367,31.606234,RX,0x123,8,E0 E1 E2 E3 00 08 90 E0,........,False,False,False
2026-01-21T16:51:53.849232,31.608099,RX,0x123,8,E1 E2 E3 E4 00 08 90 E1,........,False,False,False
2026-01-21T16:51:53.850956,31.609823,RX,0x123,8,E2 E3 E4 E5 00 08 90 E2,........,False,False,False
2026-01-21T16:51:53.852852,31.611719,RX,0x123,8,E3 E4 E5 E6 00 08 90 E3,........,False,False,False
2026-01-21T16:51:53.855285,31.614151,RX,0x123,8,E4 E5 E6 E7 00 08 90 E4,........,False,False,False
2026-01-21T16:51:53.857108,31.615975,RX,0x123,8,E5 E6 E7 E8 00 08 90 E5,........,False,False,False
2026-01-21T16:51:53.859262,31.618129,RX,0x123,8,E6 E7 E8 E9 00 08 90 E6,........,False,False,False
2026-01-21T16:51:53.860777,31.619643,RX,0x123,8,E7 E8 E9 EA 00 08 90 E7,........,False,False,False
2026-01-21T16:51:53.862136,31.621003,RX,0x123,8,E8 E9 EA EB 00 08 90 E8,........,False,False,False
2026-01-21T16:51:53.863860,31.622727,RX,0x123,8,E9 EA EB EC 00 08 90 E9,........,False,False,False
2026-01-21T16:51:53.865696,31.624563,RX,0x123,8,EA EB EC ED 00 08 90 EA,........,False,False,False
2026-01-21T16:51:53.867928,31.626795,RX,0x123,8,EB EC ED EE 00 08 90 EB,........,False,False,False
2026-01-21T16:51:53.869650,31.628517,RX,0x123,8,EC ED EE EF 00 08 90 EC,........,False,False,False
2026-01-21T16:51:53.871616,31.630483,RX,0x123,8,ED EE EF F0 00 08 90 ED,........,False,False,False
2026-01-21T16:51:53.873100,31.631967,RX,0x123,8,EE EF F0 F1 00 08 90 EE,........,False,False,False
2026-01-21T16:51:53.874762,31.633630,RX,0x123,8,EF F0 F1 F2 00 08 90 EF,........,False,False,False
2026-01-21T16:51:53.876685,31.635552,RX,0x123,8,F0 F1 F2 F3 00 08 90 F0,........,False,False,False
2026-01-21T16:51:53.878440,31.637307,RX,0x123,8,F1 F2 F3 F4 00 08 90 F1,........,False,False,False
2026-01-21T16:51:53.880478,31.639345,RX,0x123,8,F2 F3 F4 F5 00 08 90 F2,........,False,False,False
2026-01-21T16:51:53.882047,31.640913,RX,0x123,8,F3 F4 F5 F6 00 08 90 F3,........,False,False,False
2026-01-21T16:51:53.883490,31.642357,RX,0x123,8,F4 F5 F6 F7 00 08 90 F4,........,False,False,False
2026-01-21T16:51:53.884800,31.643667,RX,0x123,8,F5 F6 F7 F8 00 08 90 F5,........,False,False,False
2026-01-21T16:51:53.886256,31.645123,RX,0x123,8,F6 F7 F8 F9 00 08 90 F6,........,False,False,False
2026-01-21T16:51:53.887894,31.646761,RX,0x123,8,F7 F8 F9 FA 00 08 90 F7,........,False,False,False
2026-01-21T16:51:53.889808,31.648675,RX,0x123,8,F8 F9 FA FB 00 08 90 F8,........,False,False,False
2026-01-21T16:51:53.891404,31.650271,RX,0x123,8,F9 FA FB FC 00 08 90 F9,........,False,False,False
2026-01-21T16:51:53.893358,31.652225,RX,0x123,8,FA FB FC FD 00 08 90 FA,........,False,False,False
2026-01-21T16:51:53.895079,31.653946,RX,0x123,8,FB FC FD FE 00 08 90 FB,........,False,False,False
2026-01-21T16:51:53.896439,31.655306,RX,0x123,8,FC FD FE FF 00 08 90 FC,........,False,False,False
2026-01-21T16:51:53.897988,31.656855,RX,0x123,8,FD FE FF 00 00 08 90 FD,........,False,False,False
2026-01-21T16:51:53.899510,31.658377,RX,0x123,8,FE FF 00 01 00 08 90 FE,........,False,False,False
2026-01-21T16:51:53.900996,31.659863,RX,0x123,8,FF 00 01 02 00 08 90 FF,........,False,False,False
2026-01-21T16:51:53.902323,31.661190,RX,0x123,8,00 01 02 03 00 08 91 00,........,False,False,False
2026-01-21T16:51:53.904371,31.662749,RX,0x123,8,01 02 03 04 00 08 91 01,........,False,False,False
2026-01-21T16:51:53.905822,31.664689,RX,0x123,8,02 03 04 05 00 08 91 02,........,False,False,False
2026-01-21T16:51:53.907386,31.666253,RX,0x123,8,03 04 05 06 00 08 91 03,........,False,False,False
2026-01-21T16:51:53.909020,31.667887,RX,0x123,8,04 05 06 07 00 08 91 04,........,False,False,False
2026-01-21T16:51:53.910334,31.669201,RX,0x123,8,05 06 07 08 00 08 91 05,........,False,False,False
2026-01-21T16:51:53.911876,31.670743,RX,0x123,8,06 07 08 09 00 08 91 06,........,False,False,False
2026-01-21T16:51:53.912960,31.671827,RX,0x123,8,07 08 09 0A 00 08 91 07,........,False,False,False
2026-01-21T16:51:53.914886,31.673753,RX,0x123,8,08 09 0A 0B 00 08 91 08,........,False,False,False
2026-01-21T16:51:53.916248,31.675115,RX,0x123,8,09 0A 0B 0C 00 08 91 09,........,False,False,False
2026-01-21T16:51:53.918088,31.676955,RX,0x123,8,0A 0B 0C 0D 00 08 91 0A,........,False,False,False
2026-01-21T16:51:53.920096,31.678963,RX,0x123,8,0B 0C 0D 0E 00 08 91 0B,........,False,False,False
2026-01-21T16:51:53.921435,31.680302,RX,0x123,8,0C 0D 0E 0F 00 08 91 0C,........,False,False,False
2026-01-21T16:51:53.923933,31.682800,RX,0x123,8,0D 0E 0F 10 00 08 91 0D,........,False,False,False
2026-01-21T16:51:53.925890,31.684757,RX,0x123,8,0E 0F 10 11 00 08 91 0E,........,False,False,False
2026-01-21T16:51:53.927893,31.685883,RX,0x123,8,0F 10 11 12 00 08 91 0F,........,False,False,False
2026-01-21T16:51:53.929525,31.688392,RX,0x123,8,10 11 12 13 00 08 91 10,........,False,False,False
2026-01-21T16:51:53.931505,31.690372,RX,0x123,8,11 12 13 14 00 08 91 11,........,False,False,False
2026-01-21T16:51:53.933242,31.692109,RX,0x123,8,12 13 14 15 00 08 91 12,........,False,False,False
2026-01-21T16:51:53.934884,31.693751,RX,0x123,8,13 14 15 16 00 08 91 13,........,False,False,False
2026-01-21T16:51:53.936482,31.695349,RX,0x123,8,14 15 16 17 00 08 91 14,........,False,False,False
2026-01-21T16:51:53.938611,31.697479,RX,0x123,8,15 16 17 18 00 08 91 15,........,False,False,False
2026-01-21T16:51:53.940117,31.698983,RX,0x123,8,16 17 18 19 00 08 91 16,........,False,False,False
2026-01-21T16:51:53.941715,31.700582,RX,0x123,8,17 18 19 1A 00 08 91 17,........,False,False,False
2026-01-21T16:51:53.943278,31.702145,RX,0x123,8,18 19 1A 1B 00 08 91 18,........,False,False,False
2026-01-21T16:51:53.945239,31.704106,RX,0x123,8,19 1A 1B 1C 00 08 91 19,........,False,False,False
2026-01-21T16:51:53.946844,31.705711,RX,0x123,8,1A 1B 1C 1D 00 08 91 1A,........,False,False,False
2026-01-21T16:51:53.948363,31.707230,RX,0x123,8,1B 1C 1D 1E 00 08 91 1B,........,False,False,False
2026-01-21T16:51:53.949936,31.708803,RX,0x123,8,1C 1D 1E 1F 00 08 91 1C,........,False,False,False
2026-01-21T16:51:53.952240,31.711107,RX,0x123,8,1D 1E 1F 20 00 08 91 1D,... ....,False,False,False
2026-01-21T16:51:53.953748,31.712615,RX,0x123,8,1E 1F 20 21 00 08 91 1E,.. !....,False,False,False
2026-01-21T16:51:53.955439,31.714306,RX,0x123,8,1F 20 21 22 00 08 91 1F,". !""....",False,False,False
2026-01-21T16:51:53.957387,31.716254,RX,0x123,8,20 21 22 23 00 08 91 20," !""#... ",False,False,False
2026-01-21T16:51:53.959020,31.717887,RX,0x123,8,21 22 23 24 00 08 91 21,"!""#$...!",False,False,False
2026-01-21T16:51:53.960522,31.719389,RX,0x123,8,22 23 24 25 00 08 91 22,"""#$%...""",False,False,False
2026-01-21T16:51:53.962209,31.721076,RX,0x123,8,23 24 25 26 00 08 91 23,#$%&...#,False,False,False
2026-01-21T16:51:53.963742,31.722609,RX,0x123,8,24 25 26 27 00 08 91 24,$%&'...$,False,False,False
2026-01-21T16:51:53.965262,31.724129,RX,0x123,8,25 26 27 28 00 08 91 25,%&'(...%,False,False,False
2026-01-21T16:51:53.966606,31.725473,RX,0x123,8,26 27 28 29 00 08 91 26,&'()...&,False,False,False
2026-01-21T16:51:53.968172,31.727039,RX,0x123,8,27 28 29 2A 00 08 91 27,'()*...',False,False,False
2026-01-21T16:51:53.969726,31.728593,RX,0x123,8,28 29 2A 2B 00 08 91 28,()*+...(,False,False,False
2026-01-21T16:51:53.971318,31.730185,RX,0x123,8,29 2A 2B 2C 00 08 91 29,")*+,...)",False,False,False
2026-01-21T16:51:53.973053,31.731920,RX,0x123,8,2A 2B 2C 2D 00 08 91 2A,"*+,-...*",False,False,False
2026-01-21T16:51:53.974706,31.733573,RX,0x123,8,2B 2C 2D 2E 00 08 91 2B,"+,-....+",False,False,False
2026-01-21T16:51:53.976495,31.735362,RX,0x123,8,2C 2D 2E 2F 00 08 91 2C,",-./...,",False,False,False
2026-01-21T16:51:53.978454,31.737321,RX,0x123,8,2D 2E 2F 30 00 08 91 2D,-./0...-,False,False,False
2026-01-21T16:51:53.980134,31.739001,RX,0x123,8,2E 2F 30 31 00 08 91 2E,./01....,False,False,False
2026-01-21T16:51:53.981541,31.740408,RX,0x123,8,2F 30 31 32 00 08 91 2F,/012.../,False,False,False
2026-01-21T16:51:53.983001,31.741868,RX,0x123,8,30 31 32 33 00 08 91 30,0123...0,False,False,False
2026-01-21T16:51:53.984653,31.743520,RX,0x123,8,31 32 33 34 00 08 91 31,1234...1,False,False,False
2026-01-21T16:51:53.986163,31.745030,RX,0x123,8,32 33 34 35 00 08 91 32,2345...2,False,False,False
2026-01-21T16:51:53.987498,31.746365,RX,0x123,8,33 34 35 36 00 08 91 33,3456...3,False,False,False
2026-01-21T16:51:53.988866,31.747733,RX,0x123,8,34 35 36 37 00 08 91 34,4567...4,False,False,False
2026-01-21T16:51:53.990897,31.749253,RX,0x123,8,35 36 37 38 00 08 91 35,5678...5,False,False,False
2026-01-21T16:51:53.991403,31.750270,RX,0x123,8,36 37 38 39 00 08 91 36,6789...6,False,False,False
2026-01-21T16:51:53.993970,31.752837,RX,0x123,8,37 38 39 3A 00 08 91 37,789:...7,False,False,False
2026-01-21T16:51:53.995779,31.754646,RX,0x123,8,38 39 3A 3B 00 08 91 38,89:;...8,False,False,False
2026-01-21T16:51:53.997196,31.756063,RX,0x123,8,39 3A 3B 3C 00 08 91 39,9:;<...9,False,False,False
2026-01-21T16:51:53.998671,31.757538,RX,0x123,8,3A 3B 3C 3D 00 08 91 3A,:;<=...:,False,False,False
2026-01-21T16:51:54.000014,31.758881,RX,0x123,8,3B 3C 3D 3E 00 08 91 3B,;<=>...;,False,False,False
2026-01-21T16:51:54.001414,31.760281,RX,0x123,8,3C 3D 3E 3F 00 08 91 3C,<=>?...<,False,False,False
2026-01-21T16:51:54.002980,31.761847,RX,0x123,8,3D 3E 3F 40 00 08 91 3D,=>?@...=,False,False,False
2026-01-21T16:51:54.004786,31.763653,RX,0x123,8,3E 3F 40 41 00 08 91 3E,>?@A...>,False,False,False
2026-01-21T16:51:54.006891,31.765758,RX,0x123,8,3F 40 41 42 00 08 91 3F,?@AB...?,False,False,False
2026-01-21T16:51:54.008594,31.767461,RX,0x123,8,40 41 42 43 00 08 91 40,@ABC...@,False,False,False
2026-01-21T16:51:54.010302,31.769170,RX,0x123,8,41 42 43 44 00 08 91 41,ABCD...A,False,False,False
2026-01-21T16:51:54.011785,31.770652,RX,0x123,8,42 43 44 45 00 08 91 42,BCDE...B,False,False,False
2026-01-21T16:51:54.013277,31.772144,RX,0x123,8,43 44 45 46 00 08 91 43,CDEF...C,False,False,False
2026-01-21T16:51:54.015784,31.774651,RX,0x123,8,44 45 46 47 00 08 91 44,DEFG...D,False,False,False
2026-01-21T16:51:54.017318,31.776185,RX,0x123,8,45 46 47 48 00 08 91 45,EFGH...E,False,False,False
2026-01-21T16:51:54.018737,31.777605,RX,0x123,8,46 47 48 49 00 08 91 46,FGHI...F,False,False,False
2026-01-21T16:51:54.020316,31.779183,RX,0x123,8,47 48 49 4A 00 08 91 47,GHIJ...G,False,False,False
2026-01-21T16:51:54.021827,31.780694,RX,0x123,8,48 49 4A 4B 00 08 91 48,HIJK...H,False,False,False
2026-01-21T16:51:54.023628,31.782495,RX,0x123,8,49 4A 4B 4C 00 08 91 49,IJKL...I,False,False,False
2026-01-21T16:51:54.024994,31.783861,RX,0x123,8,4A 4B 4C 4D 00 08 91 4A,JKLM...J,False,False,False
2026-01-21T16:51:54.026539,31.785406,RX,0x123,8,4B 4C 4D 4E 00 08 91 4B,KLMN...K,False,False,False
2026-01-21T16:51:54.028219,31.787086,RX,0x123,8,4C 4D 4E 4F 00 08 91 4C,LMNO...L,False,False,False
2026-01-21T16:51:54.029929,31.788795,RX,0x123,8,4D 4E 4F 50 00 08 91 4D,MNOP...M,False,False,False
2026-01-21T16:51:54.031332,31.790199,RX,0x123,8,4E 4F 50 51 00 08 91 4E,NOPQ...N,False,False,False
2026-01-21T16:51:54.032807,31.791674,RX,0x123,8,4F 50 51 52 00 08 91 4F,OPQR...O,False,False,False
2026-01-21T16:51:54.034507,31.793374,RX,0x123,8,50 51 52 53 00 08 91 50,PQRS...P,False,False,False
2026-01-21T16:51:54.036021,31.794888,RX,0x123,8,51 52 53 54 00 08 91 51,QRST...Q,False,False,False
2026-01-21T16:51:54.037418,31.796286,RX,0x123,8,52 53 54 55 00 08 91 52,RSTU...R,False,False,False
2026-01-21T16:51:54.038910,31.797777,RX,0x123,8,53 54 55 56 00 08 91 53,STUV...S,False,False,False
2026-01-21T16:51:54.040231,31.799098,RX,0x123,8,54 55 56 57 00 08 91 54,TUVW...T,False,False,False
2026-01-21T16:51:54.041908,31.800775,RX,0x123,8,55 56 57 58 00 08 91 55,UVWX...U,False,False,False
2026-01-21T16:51:54.043533,31.802400,RX,0x123,8,56 57 58 59 00 08 91 56,VWXY...V,False,False,False
2026-01-21T16:51:54.045237,31.804104,RX,0x123,8,57 58 59 5A 00 08 91 57,WXYZ...W,False,False,False
2026-01-21T16:51:54.047091,31.805958,RX,0x123,8,58 59 5A 5B 00 08 91 58,XYZ[...X,False,False,False
2026-01-21T16:51:54.048767,31.807634,RX,0x123,8,59 5A 5B 5C 00 08 91 59,YZ[\...Y,False,False,False
2026-01-21T16:51:54.050267,31.809134,RX,0x123,8,5A 5B 5C 5D 00 08 91 5A,Z[\]...Z,False,False,False
2026-01-21T16:51:54.051658,31.810525,RX,0x123,8,5B 5C 5D 5E 00 08 91 5B,[\]^...[,False,False,False
2026-01-21T16:51:54.053019,31.811886,RX,0x123,8,5C 5D 5E 5F 00 08 91 5C,\]^_...\,False,False,False
2026-01-21T16:51:54.054328,31.813195,RX,0x123,8,5D 5E 5F 60 00 08 91 5D,]^_`...],False,False,False
2026-01-21T16:51:54.055717,31.814584,RX,0x123,8,5E 5F 60 61 00 08 91 5E,^_`a...^,False,False,False
2026-01-21T16:51:54.057134,31.816001,RX,0x123,8,5F 60 61 62 00 08 91 5F,_`ab..._,False,False,False
2026-01-21T16:51:54.058479,31.817346,RX,0x123,8,60 61 62 63 00 08 91 60,`abc...`,False,False,False
2026-01-21T16:51:54.059490,31.818357,RX,0x123,8,61 62 63 64 00 08 91 61,abcd...a,False,False,False
2026-01-21T16:51:54.061654,31.820521,RX,0x123,8,62 63 64 65 00 08 91 62,bcde...b,False,False,False
2026-01-21T16:51:54.062992,31.821859,RX,0x123,8,63 64 65 66 00 08 91 63,cdef...c,False,False,False
2026-01-21T16:51:54.064479,31.823346,RX,0x123,8,64 65 66 67 00 08 91 64,defg...d,False,False,False
2026-01-21T16:51:54.065897,31.824764,RX,0x123,8,65 66 67 68 00 08 91 65,efgh...e,False,False,False
2026-01-21T16:51:54.067367,31.826234,RX,0x123,8,66 67 68 69 00 08 91 66,fghi...f,False,False,False
2026-01-21T16:51:54.068776,31.827643,RX,0x123,8,67 68 69 6A 00 08 91 67,ghij...g,False,False,False
2026-01-21T16:51:54.070407,31.829274,RX,0x123,8,68 69 6A 6B 00 08 91 68,hijk...h,False,False,False
2026-01-21T16:51:54.072326,31.831193,RX,0x123,8,69 6A 6B 6C 00 08 91 69,ijkl...i,False,False,False
2026-01-21T16:51:54.073692,31.832559,RX,0x123,8,6A 6B 6C 6D 00 08 91 6A,jklm...j,False,False,False
2026-01-21T16:51:54.075448,31.834315,RX,0x123,8,6B 6C 6D 6E 00 08 91 6B,klmn...k,False,False,False
2026-01-21T16:51:54.076807,31.835674,RX,0x123,8,6C 6D 6E 6F 00 08 91 6C,lmno...l,False,False,False
2026-01-21T16:51:54.078456,31.837323,RX,0x123,8,6D 6E 6F 70 00 08 91 6D,mnop...m,False,False,False
2026-01-21T16:51:54.079991,31.838858,RX,0x123,8,6E 6F 70 71 00 08 91 6E,nopq...n,False,False,False
2026-01-21T16:51:54.081603,31.840470,RX,0x123,8,6F 70 71 72 00 08 91 6F,opqr...o,False,False,False
2026-01-21T16:51:54.083223,31.842090,RX,0x123,8,70 71 72 73 00 08 91 70,pqrs...p,False,False,False
2026-01-21T16:51:54.084701,31.843568,RX,0x123,8,71 72 73 74 00 08 91 71,qrst...q,False,False,False
2026-01-21T16:51:54.086235,31.845101,RX,0x123,8,72 73 74 75 00 08 91 72,rstu...r,False,False,False
2026-01-21T16:51:54.087716,31.846583,RX,0x123,8,73 74 75 76 00 08 91 73,stuv...s,False,False,False
2026-01-21T16:51:54.089229,31.848096,RX,0x123,8,74 75 76 77 00 08 91 74,tuvw...t,False,False,False
2026-01-21T16:51:54.090783,31.849650,RX,0x123,8,75 76 77 78 00 08 91 75,uvwx...u,False,False,False
2026-01-21T16:51:54.092781,31.851648,RX,0x123,8,76 77 78 79 00 08 91 76,vwxy...v,False,False,False
2026-01-21T16:51:54.094121,31.852988,RX,0x123,8,77 78 79 7A 00 08 91 77,wxyz...w,False,False,False
2026-01-21T16:51:54.095540,31.854407,RX,0x123,8,78 79 7A 7B 00 08 91 78,xyz{...x,False,False,False
2026-01-21T16:51:54.096976,31.855843,RX,0x123,8,79 7A 7B 7C 00 08 91 79,yz{|...y,False,False,False
2026-01-21T16:51:54.098319,31.857186,RX,0x123,8,7A 7B 7C 7D 00 08 91 7A,z{|}...z,False,False,False
2026-01-21T16:51:54.099638,31.858505,RX,0x123,8,7B 7C 7D 7E 00 08 91 7B,{|}~...{,False,False,False
2026-01-21T16:51:54.100992,31.859859,RX,0x123,8,7C 7D 7E 7F 00 08 91 7C,|}~....|,False,False,False
2026-01-21T16:51:54.102341,31.861208,RX,0x123,8,7D 7E 7F 80 00 08 91 7D,}~.....},False,False,False
2026-01-21T16:51:54.103926,31.862793,RX,0x123,8,7E 7F 80 81 00 08 91 7E,~......~,False,False,False
2026-01-21T16:51:54.105826,31.864693,RX,0x123,8,7F 80 81 82 00 08 91 7F,........,False,False,False
2026-01-21T16:51:54.107267,31.866134,RX,0x123,8,80 81 82 83 00 08 91 80,........,False,False,False
2026-01-21T16:51:54.109195,31.868062,RX,0x123,8,81 82 83 84 00 08 91 81,........,False,False,False
2026-01-21T16:51:54.110892,31.869759,RX,0x123,8,82 83 84 85 00 08 91 82,........,False,False,False
2026-01-21T16:51:54.112481,31.871348,RX,0x123,8,83 84 85 86 00 08 91 83,........,False,False,False
2026-01-21T16:51:54.113487,31.872354,RX,0x123,8,84 85 86 87 00 08 91 84,........,False,False,False
2026-01-21T16:51:54.115769,31.874636,RX,0x123,8,85 86 87 88 00 08 91 85,........,False,False,False
2026-01-21T16:51:54.116779,31.875646,RX,0x123,8,86 87 88 89 00 08 91 86,........,False,False,False
2026-01-21T16:51:54.119146,31.878013,RX,0x123,8,87 88 89 8A 00 08 91 87,........,False,False,False
2026-01-21T16:51:54.120579,31.879446,RX,0x123,8,88 89 8A 8B 00 08 91 88,........,False,False,False
2026-01-21T16:51:54.121937,31.880804,RX,0x123,8,89 8A 8B 8C 00 08 91 89,........,False,False,False
2026-01-21T16:51:54.123012,31.881879,RX,0x123,8,8A 8B 8C 8D 00 08 91 8A,........,False,False,False
2026-01-21T16:51:54.125271,31.884138,RX,0x123,8,8B 8C 8D 8E 00 08 91 8B,........,False,False,False
2026-01-21T16:51:54.126334,31.885201,RX,0x123,8,8C 8D 8E 8F 00 08 91 8C,........,False,False,False
2026-01-21T16:51:54.128690,31.887557,RX,0x123,8,8D 8E 8F 90 00 08 91 8D,........,False,False,False
2026-01-21T16:51:54.130593,31.889460,RX,0x123,8,8E 8F 90 91 00 08 91 8E,........,False,False,False
2026-01-21T16:51:54.132263,31.891130,RX,0x123,8,8F 90 91 92 00 08 91 8F,........,False,False,False
2026-01-21T16:51:54.133718,31.892585,RX,0x123,8,90 91 92 93 00 08 91 90,........,False,False,False
2026-01-21T16:51:54.135092,31.893959,RX,0x123,8,91 92 93 94 00 08 91 91,........,False,False,False
2026-01-21T16:51:54.136460,31.895327,RX,0x123,8,92 93 94 95 00 08 91 92,........,False,False,False
2026-01-21T16:51:54.137468,31.896335,RX,0x123,8,93 94 95 96 00 08 91 93,........,False,False,False
2026-01-21T16:51:54.139231,31.898098,RX,0x123,8,94 95 96 97 00 08 91 94,........,False,False,False
2026-01-21T16:51:54.140985,31.899852,RX,0x123,8,95 96 97 98 00 08 91 95,........,False,False,False
2026-01-21T16:51:54.142783,31.901650,RX,0x123,8,96 97 98 99 00 08 91 96,........,False,False,False
2026-01-21T16:51:54.145106,31.903972,RX,0x123,8,97 98 99 9A 00 08 91 97,........,False,False,False
2026-01-21T16:51:54.146670,31.905537,RX,0x123,8,98 99 9A 9B 00 08 91 98,........,False,False,False
2026-01-21T16:51:54.148144,31.907011,RX,0x123,8,99 9A 9B 9C 00 08 91 99,........,False,False,False
2026-01-21T16:51:54.149782,31.908649,RX,0x123,8,9A 9B 9C 9D 00 08 91 9A,........,False,False,False
2026-01-21T16:51:54.151704,31.910571,RX,0x123,8,9B 9C 9D 9E 00 08 91 9B,........,False,False,False
2026-01-21T16:51:54.153522,31.911585,RX,0x123,8,9C 9D 9E 9F 00 08 91 9C,........,False,False,False
2026-01-21T16:51:54.155262,31.914129,RX,0x123,8,9D 9E 9F A0 00 08 91 9D,........,False,False,False
2026-01-21T16:51:54.157655,31.916522,RX,0x123,8,9E 9F A0 A1 00 08 91 9E,........,False,False,False
2026-01-21T16:51:54.159450,31.918317,RX,0x123,8,9F A0 A1 A2 00 08 91 9F,........,False,False,False
2026-01-21T16:51:54.161148,31.920015,RX,0x123,8,A0 A1 A2 A3 00 08 91 A0,........,False,False,False
2026-01-21T16:51:54.162781,31.921648,RX,0x123,8,A1 A2 A3 A4 00 08 91 A1,........,False,False,False
2026-01-21T16:51:54.164234,31.923101,RX,0x123,8,A2 A3 A4 A5 00 08 91 A2,........,False,False,False
2026-01-21T16:51:54.165821,31.924688,RX,0x123,8,A3 A4 A5 A6 00 08 91 A3,........,False,False,False
2026-01-21T16:51:54.167730,31.926597,RX,0x123,8,A4 A5 A6 A7 00 08 91 A4,........,False,False,False
2026-01-21T16:51:54.169134,31.928001,RX,0x123,8,A5 A6 A7 A8 00 08 91 A5,........,False,False,False
2026-01-21T16:51:54.170624,31.929491,RX,0x123,8,A6 A7 A8 A9 00 08 91 A6,........,False,False,False
2026-01-21T16:51:54.171994,31.930861,RX,0x123,8,A7 A8 A9 AA 00 08 91 A7,........,False,False,False
2026-01-21T16:51:54.173521,31.932388,RX,0x123,8,A8 A9 AA AB 00 08 91 A8,........,False,False,False
2026-01-21T16:51:54.175027,31.933894,RX,0x123,8,A9 AA AB AC 00 08 91 A9,........,False,False,False
2026-01-21T16:51:54.176424,31.935292,RX,0x123,8,AA AB AC AD 00 08 91 AA,........,False,False,False
2026-01-21T16:51:54.177765,31.936632,RX,0x123,8,AB AC AD AE 00 08 91 AB,........,False,False,False
2026-01-21T16:51:54.179398,31.938264,RX,0x123,8,AC AD AE AF 00 08 91 AC,........,False,False,False
2026-01-21T16:51:54.181312,31.940179,RX,0x123,8,AD AE AF B0 00 08 91 AD,........,False,False,False
2026-01-21T16:51:54.182914,31.941781,RX,0x123,8,AE AF B0 B1 00 08 91 AE,........,False,False,False
2026-01-21T16:51:54.184666,31.943533,RX,0x123,8,AF B0 B1 B2 00 08 91 AF,........,False,False,False
2026-01-21T16:51:54.185674,31.944541,RX,0x123,8,B0 B1 B2 B3 00 08 91 B0,........,False,False,False
2026-01-21T16:51:54.188079,31.946946,RX,0x123,8,B1 B2 B3 B4 00 08 91 B1,........,False,False,False
2026-01-21T16:51:54.189676,31.948543,RX,0x123,8,B2 B3 B4 B5 00 08 91 B2,........,False,False,False
2026-01-21T16:51:54.190686,31.949553,RX,0x123,8,B3 B4 B5 B6 00 08 91 B3,........,False,False,False
2026-01-21T16:51:54.193362,31.952229,RX,0x123,8,B4 B5 B6 B7 00 08 91 B4,........,False,False,False
2026-01-21T16:51:54.195010,31.953877,RX,0x123,8,B5 B6 B7 B8 00 08 91 B5,........,False,False,False
2026-01-21T16:51:54.196405,31.955272,RX,0x123,8,B6 B7 B8 B9 00 08 91 B6,........,False,False,False
2026-01-21T16:51:54.198041,31.956908,RX,0x123,8,B7 B8 B9 BA 00 08 91 B7,........,False,False,False
2026-01-21T16:51:54.199802,31.958669,RX,0x123,8,B8 B9 BA BB 00 08 91 B8,........,False,False,False
2026-01-21T16:51:54.201156,31.960023,RX,0x123,8,B9 BA BB BC 00 08 91 B9,........,False,False,False
2026-01-21T16:51:54.202683,31.961550,RX,0x123,8,BA BB BC BD 00 08 91 BA,........,False,False,False
2026-01-21T16:51:54.204212,31.963079,RX,0x123,8,BB BC BD BE 00 08 91 BB,........,False,False,False
2026-01-21T16:51:54.205776,31.964643,RX,0x123,8,BC BD BE BF 00 08 91 BC,........,False,False,False
2026-01-21T16:51:54.207249,31.966116,RX,0x123,8,BD BE BF C0 00 08 91 BD,........,False,False,False
2026-01-21T16:51:54.208725,31.967592,RX,0x123,8,BE BF C0 C1 00 08 91 BE,........,False,False,False
2026-01-21T16:51:54.210451,31.968603,RX,0x123,8,BF C0 C1 C2 00 08 91 BF,........,False,False,False
2026-01-21T16:51:54.212284,31.971152,RX,0x123,8,C0 C1 C2 C3 00 08 91 C0,........,False,False,False
2026-01-21T16:51:54.213297,31.972164,RX,0x123,8,C1 C2 C3 C4 00 08 91 C1,........,False,False,False
2026-01-21T16:51:54.215324,31.974191,RX,0x123,8,C2 C3 C4 C5 00 08 91 C2,........,False,False,False
2026-01-21T16:51:54.218026,31.976893,RX,0x123,8,C3 C4 C5 C6 00 08 91 C3,........,False,False,False
2026-01-21T16:51:54.219826,31.978693,RX,0x123,8,C4 C5 C6 C7 00 08 91 C4,........,False,False,False
2026-01-21T16:51:54.221935,31.980802,RX,0x123,8,C5 C6 C7 C8 00 08 91 C5,........,False,False,False
2026-01-21T16:51:54.223900,31.982767,RX,0x123,8,C6 C7 C8 C9 00 08 91 C6,........,False,False,False
2026-01-21T16:51:54.226148,31.985015,RX,0x123,8,C7 C8 C9 CA 00 08 91 C7,........,False,False,False
2026-01-21T16:51:54.228200,31.987067,RX,0x123,8,C8 C9 CA CB 00 08 91 C8,........,False,False,False
2026-01-21T16:51:54.230065,31.988932,RX,0x123,8,C9 CA CB CC 00 08 91 C9,........,False,False,False
2026-01-21T16:51:54.231078,31.989945,RX,0x123,8,CA CB CC CD 00 08 91 CA,........,False,False,False
2026-01-21T16:51:54.233360,31.992227,RX,0x123,8,CB CC CD CE 00 08 91 CB,........,False,False,False
2026-01-21T16:51:54.234916,31.993783,RX,0x123,8,CC CD CE CF 00 08 91 CC,........,False,False,False
2026-01-21T16:51:54.237159,31.996026,RX,0x123,8,CD CE CF D0 00 08 91 CD,........,False,False,False
2026-01-21T16:51:54.238833,31.997700,RX,0x123,8,CE CF D0 D1 00 08 91 CE,........,False,False,False
2026-01-21T16:51:54.240300,31.999167,RX,0x123,8,CF D0 D1 D2 00 08 91 CF,........,False,False,False
2026-01-21T16:51:54.242108,32.000975,RX,0x123,8,D0 D1 D2 D3 00 08 91 D0,........,False,False,False
2026-01-21T16:51:54.243894,32.002761,RX,0x123,8,D1 D2 D3 D4 00 08 91 D1,........,False,False,False
2026-01-21T16:51:54.245857,32.004724,RX,0x123,8,D2 D3 D4 D5 00 08 91 D2,........,False,False,False
2026-01-21T16:51:54.247871,32.006738,RX,0x123,8,D3 D4 D5 D6 00 08 91 D3,........,False,False,False
2026-01-21T16:51:54.249526,32.008393,RX,0x123,8,D4 D5 D6 D7 00 08 91 D4,........,False,False,False
2026-01-21T16:51:54.251053,32.009920,RX,0x123,8,D5 D6 D7 D8 00 08 91 D5,........,False,False,False
2026-01-21T16:51:54.252465,32.011333,RX,0x123,8,D6 D7 D8 D9 00 08 91 D6,........,False,False,False
2026-01-21T16:51:54.254118,32.012985,RX,0x123,8,D7 D8 D9 DA 00 08 91 D7,........,False,False,False
2026-01-21T16:51:54.255841,32.014708,RX,0x123,8,D8 D9 DA DB 00 08 91 D8,........,False,False,False
2026-01-21T16:51:54.257302,32.016169,RX,0x123,8,D9 DA DB DC 00 08 91 D9,........,False,False,False
2026-01-21T16:51:54.259421,32.018288,RX,0x123,8,DA DB DC DD 00 08 91 DA,........,False,False,False
2026-01-21T16:51:54.260431,32.019298,RX,0x123,8,DB DC DD DE 00 08 91 DB,........,False,False,False
2026-01-21T16:51:54.262660,32.021527,RX,0x123,8,DC DD DE DF 00 08 91 DC,........,False,False,False
2026-01-21T16:51:54.264131,32.022998,RX,0x123,8,DD DE DF E0 00 08 91 DD,........,False,False,False
2026-01-21T16:51:54.265522,32.024389,RX,0x123,8,DE DF E0 E1 00 08 91 DE,........,False,False,False
2026-01-21T16:51:54.267130,32.025997,RX,0x123,8,DF E0 E1 E2 00 08 91 DF,........,False,False,False
2026-01-21T16:51:54.269072,32.027940,RX,0x123,8,E0 E1 E2 E3 00 08 91 E0,........,False,False,False
2026-01-21T16:51:54.270646,32.029513,RX,0x123,8,E1 E2 E3 E4 00 08 91 E1,........,False,False,False
2026-01-21T16:51:54.272009,32.030876,RX,0x123,8,E2 E3 E4 E5 00 08 91 E2,........,False,False,False
2026-01-21T16:51:54.273511,32.032378,RX,0x123,8,E3 E4 E5 E6 00 08 91 E3,........,False,False,False
2026-01-21T16:51:54.274518,32.033385,RX,0x123,8,E4 E5 E6 E7 00 08 91 E4,........,False,False,False
2026-01-21T16:51:54.276781,32.035648,RX,0x123,8,E5 E6 E7 E8 00 08 91 E5,........,False,False,False
2026-01-21T16:51:54.278450,32.037317,RX,0x123,8,E6 E7 E8 E9 00 08 91 E6,........,False,False,False
2026-01-21T16:51:54.279459,32.038326,RX,0x123,8,E7 E8 E9 EA 00 08 91 E7,........,False,False,False
2026-01-21T16:51:54.281607,32.040474,RX,0x123,8,E8 E9 EA EB 00 08 91 E8,........,False,False,False
2026-01-21T16:51:54.282977,32.041844,RX,0x123,8,E9 EA EB EC 00 08 91 E9,........,False,False,False
2026-01-21T16:51:54.283984,32.042851,RX,0x123,8,EA EB EC ED 00 08 91 EA,........,False,False,False
2026-01-21T16:51:54.286299,32.045166,RX,0x123,8,EB EC ED EE 00 08 91 EB,........,False,False,False
2026-01-21T16:51:54.288010,32.046878,RX,0x123,8,EC ED EE EF 00 08 91 EC,........,False,False,False
2026-01-21T16:51:54.289892,32.048759,RX,0x123,8,ED EE EF F0 00 08 91 ED,........,False,False,False
2026-01-21T16:51:54.290903,32.049770,RX,0x123,8,EE EF F0 F1 00 08 91 EE,........,False,False,False
2026-01-21T16:51:54.292697,32.051564,RX,0x123,8,EF F0 F1 F2 00 08 91 EF,........,False,False,False
2026-01-21T16:51:54.295280,32.054147,RX,0x123,8,F0 F1 F2 F3 00 08 91 F0,........,False,False,False
2026-01-21T16:51:54.296482,32.055349,RX,0x123,8,F1 F2 F3 F4 00 08 91 F1,........,False,False,False
2026-01-21T16:51:54.298655,32.057522,RX,0x123,8,F2 F3 F4 F5 00 08 91 F2,........,False,False,False
2026-01-21T16:51:54.300101,32.058968,RX,0x123,8,F3 F4 F5 F6 00 08 91 F3,........,False,False,False
2026-01-21T16:51:54.301489,32.060356,RX,0x123,8,F4 F5 F6 F7 00 08 91 F4,........,False,False,False
2026-01-21T16:51:54.302836,32.061703,RX,0x123,8,F5 F6 F7 F8 00 08 91 F5,........,False,False,False
2026-01-21T16:51:54.303848,32.062715,RX,0x123,8,F6 F7 F8 F9 00 08 91 F6,........,False,False,False
2026-01-21T16:51:54.306364,32.065231,RX,0x123,8,F7 F8 F9 FA 00 08 91 F7,........,False,False,False
2026-01-21T16:51:54.308059,32.066926,RX,0x123,8,F8 F9 FA FB 00 08 91 F8,........,False,False,False
2026-01-21T16:51:54.309799,32.068666,RX,0x123,8,F9 FA FB FC 00 08 91 F9,........,False,False,False
2026-01-21T16:51:54.312037,32.070904,RX,0x123,8,FA FB FC FD 00 08 91 FA,........,False,False,False
2026-01-21T16:51:54.313454,32.072321,RX,0x123,8,FB FC FD FE 00 08 91 FB,........,False,False,False
2026-01-21T16:51:54.314469,32.073336,RX,0x123,8,FC FD FE FF 00 08 91 FC,........,False,False,False
2026-01-21T16:51:54.315980,32.074847,RX,0x123,8,FD FE FF 00 00 08 91 FD,........,False,False,False
2026-01-21T16:51:54.318261,32.077128,RX,0x123,8,FE FF 00 01 00 08 91 FE,........,False,False,False
2026-01-21T16:51:54.319779,32.078646,RX,0x123,8,FF 00 01 02 00 08 91 FF,........,False,False,False
2026-01-21T16:51:54.321333,32.080200,RX,0x123,8,00 01 02 03 00 08 92 00,........,False,False,False
2026-01-21T16:51:54.322696,32.081563,RX,0x123,8,01 02 03 04 00 08 92 01,........,False,False,False
2026-01-21T16:51:54.324206,32.083073,RX,0x123,8,02 03 04 05 00 08 92 02,........,False,False,False
2026-01-21T16:51:54.325540,32.084407,RX,0x123,8,03 04 05 06 00 08 92 03,........,False,False,False
2026-01-21T16:51:54.326897,32.085764,RX,0x123,8,04 05 06 07 00 08 92 04,........,False,False,False
2026-01-21T16:51:54.328476,32.087343,RX,0x123,8,05 06 07 08 00 08 92 05,........,False,False,False
2026-01-21T16:51:54.330466,32.089333,RX,0x123,8,06 07 08 09 00 08 92 06,........,False,False,False
2026-01-21T16:51:54.332343,32.091210,RX,0x123,8,07 08 09 0A 00 08 92 07,........,False,False,False
2026-01-21T16:51:54.334027,32.092894,RX,0x123,8,08 09 0A 0B 00 08 92 08,........,False,False,False
2026-01-21T16:51:54.335807,32.094674,RX,0x123,8,09 0A 0B 0C 00 08 92 09,........,False,False,False
2026-01-21T16:51:54.337326,32.096193,RX,0x123,8,0A 0B 0C 0D 00 08 92 0A,........,False,False,False
2026-01-21T16:51:54.339097,32.097964,RX,0x123,8,0B 0C 0D 0E 00 08 92 0B,........,False,False,False
2026-01-21T16:51:54.340871,32.099738,RX,0x123,8,0C 0D 0E 0F 00 08 92 0C,........,False,False,False
2026-01-21T16:51:54.343424,32.102291,RX,0x123,8,0D 0E 0F 10 00 08 92 0D,........,False,False,False
2026-01-21T16:51:54.345608,32.104475,RX,0x123,8,0E 0F 10 11 00 08 92 0E,........,False,False,False
2026-01-21T16:51:54.347172,32.106039,RX,0x123,8,0F 10 11 12 00 08 92 0F,........,False,False,False
2026-01-21T16:51:54.349189,32.108056,RX,0x123,8,10 11 12 13 00 08 92 10,........,False,False,False
2026-01-21T16:51:54.350807,32.109674,RX,0x123,8,11 12 13 14 00 08 92 11,........,False,False,False
2026-01-21T16:51:54.352780,32.111647,RX,0x123,8,12 13 14 15 00 08 92 12,........,False,False,False
2026-01-21T16:51:54.354758,32.113625,RX,0x123,8,13 14 15 16 00 08 92 13,........,False,False,False
2026-01-21T16:51:54.356337,32.115204,RX,0x123,8,14 15 16 17 00 08 92 14,........,False,False,False
2026-01-21T16:51:54.357838,32.116705,RX,0x123,8,15 16 17 18 00 08 92 15,........,False,False,False
2026-01-21T16:51:54.358849,32.117716,RX,0x123,8,16 17 18 19 00 08 92 16,........,False,False,False
2026-01-21T16:51:54.360649,32.119516,RX,0x123,8,17 18 19 1A 00 08 92 17,........,False,False,False
2026-01-21T16:51:54.362903,32.121770,RX,0x123,8,18 19 1A 1B 00 08 92 18,........,False,False,False
2026-01-21T16:51:54.364773,32.123640,RX,0x123,8,19 1A 1B 1C 00 08 92 19,........,False,False,False
2026-01-21T16:51:54.366321,32.125188,RX,0x123,8,1A 1B 1C 1D 00 08 92 1A,........,False,False,False
2026-01-21T16:51:54.368019,32.126886,RX,0x123,8,1B 1C 1D 1E 00 08 92 1B,........,False,False,False
2026-01-21T16:51:54.370089,32.128416,RX,0x123,8,1C 1D 1E 1F 00 08 92 1C,........,False,False,False
2026-01-21T16:51:54.371940,32.130807,RX,0x123,8,1D 1E 1F 20 00 08 92 1D,... ....,False,False,False
2026-01-21T16:51:54.373912,32.132779,RX,0x123,8,1E 1F 20 21 00 08 92 1E,.. !....,False,False,False
2026-01-21T16:51:54.375681,32.134548,RX,0x123,8,1F 20 21 22 00 08 92 1F,". !""....",False,False,False
2026-01-21T16:51:54.377338,32.136205,RX,0x123,8,20 21 22 23 00 08 92 20," !""#... ",False,False,False
2026-01-21T16:51:54.379320,32.138187,RX,0x123,8,21 22 23 24 00 08 92 21,"!""#$...!",False,False,False
2026-01-21T16:51:54.380858,32.139725,RX,0x123,8,22 23 24 25 00 08 92 22,"""#$%...""",False,False,False
2026-01-21T16:51:54.382790,32.141657,RX,0x123,8,23 24 25 26 00 08 92 23,#$%&...#,False,False,False
2026-01-21T16:51:54.384309,32.143176,RX,0x123,8,24 25 26 27 00 08 92 24,$%&'...$,False,False,False
2026-01-21T16:51:54.385772,32.144639,RX,0x123,8,25 26 27 28 00 08 92 25,%&'(...%,False,False,False
2026-01-21T16:51:54.387084,32.145951,RX,0x123,8,26 27 28 29 00 08 92 26,&'()...&,False,False,False
2026-01-21T16:51:54.388403,32.147270,RX,0x123,8,27 28 29 2A 00 08 92 27,'()*...',False,False,False
2026-01-21T16:51:54.389773,32.148640,RX,0x123,8,28 29 2A 2B 00 08 92 28,()*+...(,False,False,False
2026-01-21T16:51:54.391320,32.150187,RX,0x123,8,29 2A 2B 2C 00 08 92 29,")*+,...)",False,False,False
2026-01-21T16:51:54.392671,32.151538,RX,0x123,8,2A 2B 2C 2D 00 08 92 2A,"*+,-...*",False,False,False
2026-01-21T16:51:54.394066,32.152933,RX,0x123,8,2B 2C 2D 2E 00 08 92 2B,"+,-....+",False,False,False
2026-01-21T16:51:54.395749,32.154616,RX,0x123,8,2C 2D 2E 2F 00 08 92 2C,",-./...,",False,False,False
2026-01-21T16:51:54.397628,32.156495,RX,0x123,8,2D 2E 2F 30 00 08 92 2D,-./0...-,False,False,False
2026-01-21T16:51:54.399911,32.158777,RX,0x123,8,2E 2F 30 31 00 08 92 2E,./01....,False,False,False
2026-01-21T16:51:54.402172,32.161040,RX,0x123,8,2F 30 31 32 00 08 92 2F,/012.../,False,False,False
2026-01-21T16:51:54.403801,32.162668,RX,0x123,8,30 31 32 33 00 08 92 30,0123...0,False,False,False
2026-01-21T16:51:54.405754,32.164621,RX,0x123,8,31 32 33 34 00 08 92 31,1234...1,False,False,False
2026-01-21T16:51:54.408389,32.167256,RX,0x123,8,32 33 34 35 00 08 92 32,2345...2,False,False,False
2026-01-21T16:51:54.410089,32.168956,RX,0x123,8,33 34 35 36 00 08 92 33,3456...3,False,False,False
2026-01-21T16:51:54.412053,32.170920,RX,0x123,8,34 35 36 37 00 08 92 34,4567...4,False,False,False
2026-01-21T16:51:54.413535,32.172401,RX,0x123,8,35 36 37 38 00 08 92 35,5678...5,False,False,False
2026-01-21T16:51:54.416401,32.175268,RX,0x123,8,36 37 38 39 00 08 92 36,6789...6,False,False,False
2026-01-21T16:51:54.417812,32.176679,RX,0x123,8,37 38 39 3A 00 08 92 37,789:...7,False,False,False
2026-01-21T16:51:54.419660,32.178527,RX,0x123,8,38 39 3A 3B 00 08 92 38,89:;...8,False,False,False
2026-01-21T16:51:54.421699,32.180566,RX,0x123,8,39 3A 3B 3C 00 08 92 39,9:;<...9,False,False,False
2026-01-21T16:51:54.423762,32.182629,RX,0x123,8,3A 3B 3C 3D 00 08 92 3A,:;<=...:,False,False,False
2026-01-21T16:51:54.425687,32.184554,RX,0x123,8,3B 3C 3D 3E 00 08 92 3B,;<=>...;,False,False,False
2026-01-21T16:51:54.427605,32.186473,RX,0x123,8,3C 3D 3E 3F 00 08 92 3C,<=>?...<,False,False,False
2026-01-21T16:51:54.429211,32.188078,RX,0x123,8,3D 3E 3F 40 00 08 92 3D,=>?@...=,False,False,False
2026-01-21T16:51:54.431846,32.190713,RX,0x123,8,3E 3F 40 41 00 08 92 3E,>?@A...>,False,False,False
2026-01-21T16:51:54.433832,32.192699,RX,0x123,8,3F 40 41 42 00 08 92 3F,?@AB...?,False,False,False
2026-01-21T16:51:54.435774,32.194640,RX,0x123,8,40 41 42 43 00 08 92 40,@ABC...@,False,False,False
2026-01-21T16:51:54.437332,32.196199,RX,0x123,8,41 42 43 44 00 08 92 41,ABCD...A,False,False,False
2026-01-21T16:51:54.439697,32.198564,RX,0x123,8,42 43 44 45 00 08 92 42,BCDE...B,False,False,False
2026-01-21T16:51:54.441324,32.200191,RX,0x123,8,43 44 45 46 00 08 92 43,CDEF...C,False,False,False
2026-01-21T16:51:54.443482,32.202349,RX,0x123,8,44 45 46 47 00 08 92 44,DEFG...D,False,False,False
2026-01-21T16:51:54.445379,32.204246,RX,0x123,8,45 46 47 48 00 08 92 45,EFGH...E,False,False,False
2026-01-21T16:51:54.446857,32.205724,RX,0x123,8,46 47 48 49 00 08 92 46,FGHI...F,False,False,False
2026-01-21T16:51:54.448502,32.207369,RX,0x123,8,47 48 49 4A 00 08 92 47,GHIJ...G,False,False,False
2026-01-21T16:51:54.450442,32.209309,RX,0x123,8,48 49 4A 4B 00 08 92 48,HIJK...H,False,False,False
2026-01-21T16:51:54.451931,32.210799,RX,0x123,8,49 4A 4B 4C 00 08 92 49,IJKL...I,False,False,False
2026-01-21T16:51:54.453776,32.212643,RX,0x123,8,4A 4B 4C 4D 00 08 92 4A,JKLM...J,False,False,False
2026-01-21T16:51:54.455219,32.214086,RX,0x123,8,4B 4C 4D 4E 00 08 92 4B,KLMN...K,False,False,False
2026-01-21T16:51:54.457130,32.215997,RX,0x123,8,4C 4D 4E 4F 00 08 92 4C,LMNO...L,False,False,False
2026-01-21T16:51:54.458773,32.217641,RX,0x123,8,4D 4E 4F 50 00 08 92 4D,MNOP...M,False,False,False
2026-01-21T16:51:54.460512,32.219379,RX,0x123,8,4E 4F 50 51 00 08 92 4E,NOPQ...N,False,False,False
2026-01-21T16:51:54.462324,32.221191,RX,0x123,8,4F 50 51 52 00 08 92 4F,OPQR...O,False,False,False
2026-01-21T16:51:54.464315,32.223182,RX,0x123,8,50 51 52 53 00 08 92 50,PQRS...P,False,False,False
2026-01-21T16:51:54.465898,32.224765,RX,0x123,8,51 52 53 54 00 08 92 51,QRST...Q,False,False,False
2026-01-21T16:51:54.467871,32.226738,RX,0x123,8,52 53 54 55 00 08 92 52,RSTU...R,False,False,False
2026-01-21T16:51:54.469558,32.228425,RX,0x123,8,53 54 55 56 00 08 92 53,STUV...S,False,False,False
2026-01-21T16:51:54.471069,32.229936,RX,0x123,8,54 55 56 57 00 08 92 54,TUVW...T,False,False,False
2026-01-21T16:51:54.472630,32.231497,RX,0x123,8,55 56 57 58 00 08 92 55,UVWX...U,False,False,False
2026-01-21T16:51:54.474168,32.233035,RX,0x123,8,56 57 58 59 00 08 92 56,VWXY...V,False,False,False
2026-01-21T16:51:54.475557,32.234424,RX,0x123,8,57 58 59 5A 00 08 92 57,WXYZ...W,False,False,False
2026-01-21T16:51:54.476564,32.235431,RX,0x123,8,58 59 5A 5B 00 08 92 58,XYZ[...X,False,False,False
2026-01-21T16:51:54.478892,32.237759,RX,0x123,8,59 5A 5B 5C 00 08 92 59,YZ[\...Y,False,False,False
2026-01-21T16:51:54.480359,32.239226,RX,0x123,8,5A 5B 5C 5D 00 08 92 5A,Z[\]...Z,False,False,False
2026-01-21T16:51:54.481375,32.240242,RX,0x123,8,5B 5C 5D 5E 00 08 92 5B,[\]^...[,False,False,False
2026-01-21T16:51:54.483122,32.241989,RX,0x123,8,5C 5D 5E 5F 00 08 92 5C,\]^_...\,False,False,False
2026-01-21T16:51:54.485347,32.244214,RX,0x123,8,5D 5E 5F 60 00 08 92 5D,]^_`...],False,False,False
2026-01-21T16:51:54.486663,32.245530,RX,0x123,8,5E 5F 60 61 00 08 92 5E,^_`a...^,False,False,False
2026-01-21T16:51:54.488009,32.246876,RX,0x123,8,5F 60 61 62 00 08 92 5F,_`ab..._,False,False,False
2026-01-21T16:51:54.489514,32.248380,RX,0x123,8,60 61 62 63 00 08 92 60,`abc...`,False,False,False
2026-01-21T16:51:54.491017,32.249884,RX,0x123,8,61 62 63 64 00 08 92 61,abcd...a,False,False,False
2026-01-21T16:51:54.492022,32.250889,RX,0x123,8,62 63 64 65 00 08 92 62,bcde...b,False,False,False
2026-01-21T16:51:54.494386,32.253253,RX,0x123,8,63 64 65 66 00 08 92 63,cdef...c,False,False,False
2026-01-21T16:51:54.495795,32.254662,RX,0x123,8,64 65 66 67 00 08 92 64,defg...d,False,False,False
2026-01-21T16:51:54.496801,32.255668,RX,0x123,8,65 66 67 68 00 08 92 65,efgh...e,False,False,False
2026-01-21T16:51:54.499011,32.257878,RX,0x123,8,66 67 68 69 00 08 92 66,fghi...f,False,False,False
2026-01-21T16:51:54.500440,32.259307,RX,0x123,8,67 68 69 6A 00 08 92 67,ghij...g,False,False,False
2026-01-21T16:51:54.501836,32.260703,RX,0x123,8,68 69 6A 6B 00 08 92 68,hijk...h,False,False,False
2026-01-21T16:51:54.503540,32.262407,RX,0x123,8,69 6A 6B 6C 00 08 92 69,ijkl...i,False,False,False
2026-01-21T16:51:54.505225,32.264092,RX,0x123,8,6A 6B 6C 6D 00 08 92 6A,jklm...j,False,False,False
2026-01-21T16:51:54.506682,32.265549,RX,0x123,8,6B 6C 6D 6E 00 08 92 6B,klmn...k,False,False,False
2026-01-21T16:51:54.508225,32.267092,RX,0x123,8,6C 6D 6E 6F 00 08 92 6C,lmno...l,False,False,False
2026-01-21T16:51:54.509747,32.268615,RX,0x123,8,6D 6E 6F 70 00 08 92 6D,mnop...m,False,False,False
2026-01-21T16:51:54.511092,32.269959,RX,0x123,8,6E 6F 70 71 00 08 92 6E,nopq...n,False,False,False
2026-01-21T16:51:54.512711,32.271578,RX,0x123,8,6F 70 71 72 00 08 92 6F,opqr...o,False,False,False
2026-01-21T16:51:54.514649,32.273516,RX,0x123,8,70 71 72 73 00 08 92 70,pqrs...p,False,False,False
2026-01-21T16:51:54.516039,32.274906,RX,0x123,8,71 72 73 74 00 08 92 71,qrst...q,False,False,False
2026-01-21T16:51:54.517719,32.276586,RX,0x123,8,72 73 74 75 00 08 92 72,rstu...r,False,False,False
2026-01-21T16:51:54.519330,32.278197,RX,0x123,8,73 74 75 76 00 08 92 73,stuv...s,False,False,False
2026-01-21T16:51:54.521262,32.280129,RX,0x123,8,74 75 76 77 00 08 92 74,tuvw...t,False,False,False
2026-01-21T16:51:54.523811,32.282678,RX,0x123,8,75 76 77 78 00 08 92 75,uvwx...u,False,False,False
2026-01-21T16:51:54.525888,32.284755,RX,0x123,8,76 77 78 79 00 08 92 76,vwxy...v,False,False,False
2026-01-21T16:51:54.527456,32.286323,RX,0x123,8,77 78 79 7A 00 08 92 77,wxyz...w,False,False,False
2026-01-21T16:51:54.529436,32.288303,RX,0x123,8,78 79 7A 7B 00 08 92 78,xyz{...x,False,False,False
2026-01-21T16:51:54.530998,32.289865,RX,0x123,8,79 7A 7B 7C 00 08 92 79,yz{|...y,False,False,False
2026-01-21T16:51:54.532501,32.291368,RX,0x123,8,7A 7B 7C 7D 00 08 92 7A,z{|}...z,False,False,False
2026-01-21T16:51:54.534268,32.293135,RX,0x123,8,7B 7C 7D 7E 00 08 92 7B,{|}~...{,False,False,False
2026-01-21T16:51:54.536072,32.294939,RX,0x123,8,7C 7D 7E 7F 00 08 92 7C,|}~....|,False,False,False
2026-01-21T16:51:54.538120,32.296987,RX,0x123,8,7D 7E 7F 80 00 08 92 7D,}~.....},False,False,False
2026-01-21T16:51:54.539631,32.298498,RX,0x123,8,7E 7F 80 81 00 08 92 7E,~......~,False,False,False
2026-01-21T16:51:54.541276,32.300143,RX,0x123,8,7F 80 81 82 00 08 92 7F,........,False,False,False
2026-01-21T16:51:54.542911,32.301779,RX,0x123,8,80 81 82 83 00 08 92 80,........,False,False,False
2026-01-21T16:51:54.544401,32.303268,RX,0x123,8,81 82 83 84 00 08 92 81,........,False,False,False
2026-01-21T16:51:54.545960,32.304827,RX,0x123,8,82 83 84 85 00 08 92 82,........,False,False,False
2026-01-21T16:51:54.547328,32.306195,RX,0x123,8,83 84 85 86 00 08 92 83,........,False,False,False
2026-01-21T16:51:54.548840,32.307707,RX,0x123,8,84 85 86 87 00 08 92 84,........,False,False,False
2026-01-21T16:51:54.549854,32.308721,RX,0x123,8,85 86 87 88 00 08 92 85,........,False,False,False
2026-01-21T16:51:54.552371,32.311238,RX,0x123,8,86 87 88 89 00 08 92 86,........,False,False,False
2026-01-21T16:51:54.553379,32.312246,RX,0x123,8,87 88 89 8A 00 08 92 87,........,False,False,False
2026-01-21T16:51:54.556127,32.314994,RX,0x123,8,88 89 8A 8B 00 08 92 88,........,False,False,False
2026-01-21T16:51:54.557548,32.316415,RX,0x123,8,89 8A 8B 8C 00 08 92 89,........,False,False,False
2026-01-21T16:51:54.559855,32.318722,RX,0x123,8,8A 8B 8C 8D 00 08 92 8A,........,False,False,False
2026-01-21T16:51:54.561505,32.320372,RX,0x123,8,8B 8C 8D 8E 00 08 92 8B,........,False,False,False
2026-01-21T16:51:54.563344,32.322211,RX,0x123,8,8C 8D 8E 8F 00 08 92 8C,........,False,False,False
2026-01-21T16:51:54.564818,32.323684,RX,0x123,8,8D 8E 8F 90 00 08 92 8D,........,False,False,False
2026-01-21T16:51:54.566447,32.325314,RX,0x123,8,8E 8F 90 91 00 08 92 8E,........,False,False,False
2026-01-21T16:51:54.568444,32.327312,RX,0x123,8,8F 90 91 92 00 08 92 8F,........,False,False,False
2026-01-21T16:51:54.570407,32.329274,RX,0x123,8,90 91 92 93 00 08 92 90,........,False,False,False
2026-01-21T16:51:54.572371,32.331238,RX,0x123,8,91 92 93 94 00 08 92 91,........,False,False,False
2026-01-21T16:51:54.573751,32.332618,RX,0x123,8,92 93 94 95 00 08 92 92,........,False,False,False
2026-01-21T16:51:54.576313,32.335181,RX,0x123,8,93 94 95 96 00 08 92 93,........,False,False,False
2026-01-21T16:51:54.577982,32.336849,RX,0x123,8,94 95 96 97 00 08 92 94,........,False,False,False
2026-01-21T16:51:54.579079,32.337946,RX,0x123,8,95 96 97 98 00 08 92 95,........,False,False,False
2026-01-21T16:51:54.581396,32.340263,RX,0x123,8,96 97 98 99 00 08 92 96,........,False,False,False
2026-01-21T16:51:54.583791,32.342658,RX,0x123,8,97 98 99 9A 00 08 92 97,........,False,False,False
2026-01-21T16:51:54.584894,32.343760,RX,0x123,8,98 99 9A 9B 00 08 92 98,........,False,False,False
2026-01-21T16:51:54.586849,32.345716,RX,0x123,8,99 9A 9B 9C 00 08 92 99,........,False,False,False
2026-01-21T16:51:54.589493,32.348360,RX,0x123,8,9A 9B 9C 9D 00 08 92 9A,........,False,False,False
2026-01-21T16:51:54.591148,32.350015,RX,0x123,8,9B 9C 9D 9E 00 08 92 9B,........,False,False,False
2026-01-21T16:51:54.592870,32.351737,RX,0x123,8,9C 9D 9E 9F 00 08 92 9C,........,False,False,False
2026-01-21T16:51:54.594187,32.353054,RX,0x123,8,9D 9E 9F A0 00 08 92 9D,........,False,False,False
2026-01-21T16:51:54.597002,32.355869,RX,0x123,8,9E 9F A0 A1 00 08 92 9E,........,False,False,False
2026-01-21T16:51:54.598906,32.357773,RX,0x123,8,9F A0 A1 A2 00 08 92 9F,........,False,False,False
2026-01-21T16:51:54.600364,32.359231,RX,0x123,8,A0 A1 A2 A3 00 08 92 A0,........,False,False,False
2026-01-21T16:51:54.602399,32.361265,RX,0x123,8,A1 A2 A3 A4 00 08 92 A1,........,False,False,False
2026-01-21T16:51:54.603907,32.362774,RX,0x123,8,A2 A3 A4 A5 00 08 92 A2,........,False,False,False
2026-01-21T16:51:54.605559,32.364426,RX,0x123,8,A3 A4 A5 A6 00 08 92 A3,........,False,False,False
2026-01-21T16:51:54.607030,32.365896,RX,0x123,8,A4 A5 A6 A7 00 08 92 A4,........,False,False,False
2026-01-21T16:51:54.608426,32.367293,RX,0x123,8,A5 A6 A7 A8 00 08 92 A5,........,False,False,False
2026-01-21T16:51:54.609868,32.368735,RX,0x123,8,A6 A7 A8 A9 00 08 92 A6,........,False,False,False
2026-01-21T16:51:54.610880,32.369748,RX,0x123,8,A7 A8 A9 AA 00 08 92 A7,........,False,False,False
2026-01-21T16:51:54.613315,32.372182,RX,0x123,8,A8 A9 AA AB 00 08 92 A8,........,False,False,False
2026-01-21T16:51:54.615296,32.374163,RX,0x123,8,A9 AA AB AC 00 08 92 A9,........,False,False,False
2026-01-21T16:51:54.617329,32.376196,RX,0x123,8,AA AB AC AD 00 08 92 AA,........,False,False,False
2026-01-21T16:51:54.619101,32.377968,RX,0x123,8,AB AC AD AE 00 08 92 AB,........,False,False,False
2026-01-21T16:51:54.621332,32.380199,RX,0x123,8,AC AD AE AF 00 08 92 AC,........,False,False,False
2026-01-21T16:51:54.623019,32.381886,RX,0x123,8,AD AE AF B0 00 08 92 AD,........,False,False,False
2026-01-21T16:51:54.624528,32.383395,RX,0x123,8,AE AF B0 B1 00 08 92 AE,........,False,False,False
2026-01-21T16:51:54.626256,32.385123,RX,0x123,8,AF B0 B1 B2 00 08 92 AF,........,False,False,False
2026-01-21T16:51:54.628278,32.387145,RX,0x123,8,B0 B1 B2 B3 00 08 92 B0,........,False,False,False
2026-01-21T16:51:54.629924,32.388791,RX,0x123,8,B1 B2 B3 B4 00 08 92 B1,........,False,False,False
2026-01-21T16:51:54.631856,32.390723,RX,0x123,8,B2 B3 B4 B5 00 08 92 B2,........,False,False,False
2026-01-21T16:51:54.634047,32.392914,RX,0x123,8,B3 B4 B5 B6 00 08 92 B3,........,False,False,False
2026-01-21T16:51:54.635755,32.394622,RX,0x123,8,B4 B5 B6 B7 00 08 92 B4,........,False,False,False
2026-01-21T16:51:54.637604,32.396472,RX,0x123,8,B5 B6 B7 B8 00 08 92 B5,........,False,False,False
2026-01-21T16:51:54.639942,32.398809,RX,0x123,8,B6 B7 B8 B9 00 08 92 B6,........,False,False,False
2026-01-21T16:51:54.641947,32.400813,RX,0x123,8,B7 B8 B9 BA 00 08 92 B7,........,False,False,False
2026-01-21T16:51:54.643802,32.402669,RX,0x123,8,B8 B9 BA BB 00 08 92 B8,........,False,False,False
2026-01-21T16:51:54.645210,32.404077,RX,0x123,8,B9 BA BB BC 00 08 92 B9,........,False,False,False
2026-01-21T16:51:54.646530,32.405397,RX,0x123,8,BA BB BC BD 00 08 92 BA,........,False,False,False
2026-01-21T16:51:54.648566,32.407433,RX,0x123,8,BB BC BD BE 00 08 92 BB,........,False,False,False
2026-01-21T16:51:54.650081,32.408948,RX,0x123,8,BC BD BE BF 00 08 92 BC,........,False,False,False
2026-01-21T16:51:54.652079,32.410946,RX,0x123,8,BD BE BF C0 00 08 92 BD,........,False,False,False
2026-01-21T16:51:54.653574,32.412441,RX,0x123,8,BE BF C0 C1 00 08 92 BE,........,False,False,False
2026-01-21T16:51:54.654926,32.413793,RX,0x123,8,BF C0 C1 C2 00 08 92 BF,........,False,False,False
2026-01-21T16:51:54.656309,32.415177,RX,0x123,8,C0 C1 C2 C3 00 08 92 C0,........,False,False,False
2026-01-21T16:51:54.657674,32.416542,RX,0x123,8,C1 C2 C3 C4 00 08 92 C1,........,False,False,False
2026-01-21T16:51:54.659375,32.418242,RX,0x123,8,C2 C3 C4 C5 00 08 92 C2,........,False,False,False
2026-01-21T16:51:54.661341,32.420208,RX,0x123,8,C3 C4 C5 C6 00 08 92 C3,........,False,False,False
2026-01-21T16:51:54.662946,32.421813,RX,0x123,8,C4 C5 C6 C7 00 08 92 C4,........,False,False,False
2026-01-21T16:51:54.665190,32.424057,RX,0x123,8,C5 C6 C7 C8 00 08 92 C5,........,False,False,False
2026-01-21T16:51:54.666908,32.425774,RX,0x123,8,C6 C7 C8 C9 00 08 92 C6,........,False,False,False
2026-01-21T16:51:54.668754,32.427621,RX,0x123,8,C7 C8 C9 CA 00 08 92 C7,........,False,False,False
2026-01-21T16:51:54.670978,32.429845,RX,0x123,8,C8 C9 CA CB 00 08 92 C8,........,False,False,False
2026-01-21T16:51:54.672925,32.431792,RX,0x123,8,C9 CA CB CC 00 08 92 C9,........,False,False,False
2026-01-21T16:51:54.674613,32.433480,RX,0x123,8,CA CB CC CD 00 08 92 CA,........,False,False,False
2026-01-21T16:51:54.676325,32.435192,RX,0x123,8,CB CC CD CE 00 08 92 CB,........,False,False,False
2026-01-21T16:51:54.678499,32.437366,RX,0x123,8,CC CD CE CF 00 08 92 CC,........,False,False,False
2026-01-21T16:51:54.680073,32.438940,RX,0x123,8,CD CE CF D0 00 08 92 CD,........,False,False,False
2026-01-21T16:51:54.682054,32.440920,RX,0x123,8,CE CF D0 D1 00 08 92 CE,........,False,False,False
2026-01-21T16:51:54.684334,32.443201,RX,0x123,8,CF D0 D1 D2 00 08 92 CF,........,False,False,False
2026-01-21T16:51:54.686265,32.445132,RX,0x123,8,D0 D1 D2 D3 00 08 92 D0,........,False,False,False
2026-01-21T16:51:54.688620,32.447487,RX,0x123,8,D1 D2 D3 D4 00 08 92 D1,........,False,False,False
2026-01-21T16:51:54.690560,32.449427,RX,0x123,8,D2 D3 D4 D5 00 08 92 D2,........,False,False,False
2026-01-21T16:51:54.692122,32.450989,RX,0x123,8,D3 D4 D5 D6 00 08 92 D3,........,False,False,False
2026-01-21T16:51:54.693705,32.452572,RX,0x123,8,D4 D5 D6 D7 00 08 92 D4,........,False,False,False
2026-01-21T16:51:54.695673,32.454540,RX,0x123,8,D5 D6 D7 D8 00 08 92 D5,........,False,False,False
2026-01-21T16:51:54.697120,32.455987,RX,0x123,8,D6 D7 D8 D9 00 08 92 D6,........,False,False,False
2026-01-21T16:51:54.698674,32.457541,RX,0x123,8,D7 D8 D9 DA 00 08 92 D7,........,False,False,False
2026-01-21T16:51:54.700671,32.459538,RX,0x123,8,D8 D9 DA DB 00 08 92 D8,........,False,False,False
2026-01-21T16:51:54.702094,32.460961,RX,0x123,8,D9 DA DB DC 00 08 92 D9,........,False,False,False
2026-01-21T16:51:54.703485,32.462352,RX,0x123,8,DA DB DC DD 00 08 92 DA,........,False,False,False
2026-01-21T16:51:54.704943,32.463810,RX,0x123,8,DB DC DD DE 00 08 92 DB,........,False,False,False
2026-01-21T16:51:54.706662,32.465529,RX,0x123,8,DC DD DE DF 00 08 92 DC,........,False,False,False
2026-01-21T16:51:54.708052,32.466918,RX,0x123,8,DD DE DF E0 00 08 92 DD,........,False,False,False
2026-01-21T16:51:54.709534,32.468401,RX,0x123,8,DE DF E0 E1 00 08 92 DE,........,False,False,False
2026-01-21T16:51:54.711012,32.469879,RX,0x123,8,DF E0 E1 E2 00 08 92 DF,........,False,False,False
2026-01-21T16:51:54.712389,32.471256,RX,0x123,8,E0 E1 E2 E3 00 08 92 E0,........,False,False,False
2026-01-21T16:51:54.713967,32.472834,RX,0x123,8,E1 E2 E3 E4 00 08 92 E1,........,False,False,False
2026-01-21T16:51:54.715959,32.474826,RX,0x123,8,E2 E3 E4 E5 00 08 92 E2,........,False,False,False
2026-01-21T16:51:54.717306,32.476173,RX,0x123,8,E3 E4 E5 E6 00 08 92 E3,........,False,False,False
2026-01-21T16:51:54.718319,32.477186,RX,0x123,8,E4 E5 E6 E7 00 08 92 E4,........,False,False,False
2026-01-21T16:51:54.720065,32.478932,RX,0x123,8,E5 E6 E7 E8 00 08 92 E5,........,False,False,False
2026-01-21T16:51:54.722407,32.481274,RX,0x123,8,E6 E7 E8 E9 00 08 92 E6,........,False,False,False
2026-01-21T16:51:54.723822,32.482689,RX,0x123,8,E7 E8 E9 EA 00 08 92 E7,........,False,False,False
2026-01-21T16:51:54.725637,32.484504,RX,0x123,8,E8 E9 EA EB 00 08 92 E8,........,False,False,False
2026-01-21T16:51:54.727158,32.486025,RX,0x123,8,E9 EA EB EC 00 08 92 E9,........,False,False,False
2026-01-21T16:51:54.728976,32.487844,RX,0x123,8,EA EB EC ED 00 08 92 EA,........,False,False,False
2026-01-21T16:51:54.730482,32.489349,RX,0x123,8,EB EC ED EE 00 08 92 EB,........,False,False,False
2026-01-21T16:51:54.731976,32.490844,RX,0x123,8,EC ED EE EF 00 08 92 EC,........,False,False,False
2026-01-21T16:51:54.733453,32.492320,RX,0x123,8,ED EE EF F0 00 08 92 ED,........,False,False,False
2026-01-21T16:51:54.735209,32.494076,RX,0x123,8,EE EF F0 F1 00 08 92 EE,........,False,False,False
2026-01-21T16:51:54.736939,32.495806,RX,0x123,8,EF F0 F1 F2 00 08 92 EF,........,False,False,False
2026-01-21T16:51:54.737951,32.496818,RX,0x123,8,F0 F1 F2 F3 00 08 92 F0,........,False,False,False
2026-01-21T16:51:54.740254,32.499121,RX,0x123,8,F1 F2 F3 F4 00 08 92 F1,........,False,False,False
2026-01-21T16:51:54.741883,32.500751,RX,0x123,8,F2 F3 F4 F5 00 08 92 F2,........,False,False,False
2026-01-21T16:51:54.743965,32.502832,RX,0x123,8,F3 F4 F5 F6 00 08 92 F3,........,False,False,False
2026-01-21T16:51:54.745674,32.504541,RX,0x123,8,F4 F5 F6 F7 00 08 92 F4,........,False,False,False
2026-01-21T16:51:54.747181,32.506048,RX,0x123,8,F5 F6 F7 F8 00 08 92 F5,........,False,False,False
2026-01-21T16:51:54.748527,32.507394,RX,0x123,8,F6 F7 F8 F9 00 08 92 F6,........,False,False,False
2026-01-21T16:51:54.749539,32.508406,RX,0x123,8,F7 F8 F9 FA 00 08 92 F7,........,False,False,False
2026-01-21T16:51:54.751681,32.510548,RX,0x123,8,F8 F9 FA FB 00 08 92 F8,........,False,False,False
2026-01-21T16:51:54.753276,32.512143,RX,0x123,8,F9 FA FB FC 00 08 92 F9,........,False,False,False
2026-01-21T16:51:54.755112,32.513979,RX,0x123,8,FA FB FC FD 00 08 92 FA,........,False,False,False
2026-01-21T16:51:54.757313,32.516180,RX,0x123,8,FB FC FD FE 00 08 92 FB,........,False,False,False
2026-01-21T16:51:54.758755,32.517622,RX,0x123,8,FC FD FE FF 00 08 92 FC,........,False,False,False
2026-01-21T16:51:54.760259,32.519126,RX,0x123,8,FD FE FF 00 00 08 92 FD,........,False,False,False
2026-01-21T16:51:54.761639,32.520506,RX,0x123,8,FE FF 00 01 00 08 92 FE,........,False,False,False
2026-01-21T16:51:54.763156,32.522023,RX,0x123,8,FF 00 01 02 00 08 92 FF,........,False,False,False
2026-01-21T16:51:54.764744,32.523611,RX,0x123,8,00 01 02 03 00 08 93 00,........,False,False,False
2026-01-21T16:51:54.766435,32.525302,RX,0x123,8,01 02 03 04 00 08 93 01,........,False,False,False
2026-01-21T16:51:54.768083,32.526950,RX,0x123,8,02 03 04 05 00 08 93 02,........,False,False,False
2026-01-21T16:51:54.770117,32.528984,RX,0x123,8,03 04 05 06 00 08 93 03,........,False,False,False
2026-01-21T16:51:54.770972,32.529839,RX,0x123,8,04 05 06 07 00 08 93 04,........,False,False,False
2026-01-21T16:51:54.772609,32.531476,RX,0x123,8,05 06 07 08 00 08 93 05,........,False,False,False
2026-01-21T16:51:54.774328,32.533195,RX,0x123,8,06 07 08 09 00 08 93 06,........,False,False,False
2026-01-21T16:51:54.775996,32.534863,RX,0x123,8,07 08 09 0A 00 08 93 07,........,False,False,False
2026-01-21T16:51:54.777330,32.536197,RX,0x123,8,08 09 0A 0B 00 08 93 08,........,False,False,False
2026-01-21T16:51:54.779068,32.537935,RX,0x123,8,09 0A 0B 0C 00 08 93 09,........,False,False,False
2026-01-21T16:51:54.780552,32.539419,RX,0x123,8,0A 0B 0C 0D 00 08 93 0A,........,False,False,False
2026-01-21T16:51:54.781975,32.540842,RX,0x123,8,0B 0C 0D 0E 00 08 93 0B,........,False,False,False
2026-01-21T16:51:54.783479,32.542346,RX,0x123,8,0C 0D 0E 0F 00 08 93 0C,........,False,False,False
2026-01-21T16:51:54.785192,32.544060,RX,0x123,8,0D 0E 0F 10 00 08 93 0D,........,False,False,False
2026-01-21T16:51:54.787044,32.545911,RX,0x123,8,0E 0F 10 11 00 08 93 0E,........,False,False,False
2026-01-21T16:51:54.789354,32.548221,RX,0x123,8,0F 10 11 12 00 08 93 0F,........,False,False,False
2026-01-21T16:51:54.791091,32.549958,RX,0x123,8,10 11 12 13 00 08 93 10,........,False,False,False
2026-01-21T16:51:54.792439,32.551306,RX,0x123,8,11 12 13 14 00 08 93 11,........,False,False,False
2026-01-21T16:51:54.793992,32.552859,RX,0x123,8,12 13 14 15 00 08 93 12,........,False,False,False
2026-01-21T16:51:54.795992,32.554859,RX,0x123,8,13 14 15 16 00 08 93 13,........,False,False,False
2026-01-21T16:51:54.798082,32.556949,RX,0x123,8,14 15 16 17 00 08 93 14,........,False,False,False
2026-01-21T16:51:54.799856,32.558723,RX,0x123,8,15 16 17 18 00 08 93 15,........,False,False,False
2026-01-21T16:51:54.801764,32.560631,RX,0x123,8,16 17 18 19 00 08 93 16,........,False,False,False
2026-01-21T16:51:54.803521,32.562387,RX,0x123,8,17 18 19 1A 00 08 93 17,........,False,False,False
2026-01-21T16:51:54.805693,32.564560,RX,0x123,8,18 19 1A 1B 00 08 93 18,........,False,False,False
2026-01-21T16:51:54.807630,32.566497,RX,0x123,8,19 1A 1B 1C 00 08 93 19,........,False,False,False
2026-01-21T16:51:54.809913,32.568780,RX,0x123,8,1A 1B 1C 1D 00 08 93 1A,........,False,False,False
2026-01-21T16:51:54.811364,32.570231,RX,0x123,8,1B 1C 1D 1E 00 08 93 1B,........,False,False,False
2026-01-21T16:51:54.812847,32.571714,RX,0x123,8,1C 1D 1E 1F 00 08 93 1C,........,False,False,False
2026-01-21T16:51:54.813926,32.572793,RX,0x123,8,1D 1E 1F 20 00 08 93 1D,... ....,False,False,False
2026-01-21T16:51:54.816193,32.575060,RX,0x123,8,1E 1F 20 21 00 08 93 1E,.. !....,False,False,False
2026-01-21T16:51:54.818484,32.577351,RX,0x123,8,1F 20 21 22 00 08 93 1F,". !""....",False,False,False
2026-01-21T16:51:54.820136,32.579003,RX,0x123,8,20 21 22 23 00 08 93 20," !""#... ",False,False,False
2026-01-21T16:51:54.822288,32.581155,RX,0x123,8,21 22 23 24 00 08 93 21,"!""#$...!",False,False,False
2026-01-21T16:51:54.824091,32.582958,RX,0x123,8,22 23 24 25 00 08 93 22,"""#$%...""",False,False,False
2026-01-21T16:51:54.825648,32.584515,RX,0x123,8,23 24 25 26 00 08 93 23,#$%&...#,False,False,False
2026-01-21T16:51:54.827103,32.585970,RX,0x123,8,24 25 26 27 00 08 93 24,$%&'...$,False,False,False
2026-01-21T16:51:54.828723,32.587590,RX,0x123,8,25 26 27 28 00 08 93 25,%&'(...%,False,False,False
2026-01-21T16:51:54.830652,32.589519,RX,0x123,8,26 27 28 29 00 08 93 26,&'()...&,False,False,False
2026-01-21T16:51:54.832209,32.591076,RX,0x123,8,27 28 29 2A 00 08 93 27,'()*...',False,False,False
2026-01-21T16:51:54.833606,32.592473,RX,0x123,8,28 29 2A 2B 00 08 93 28,()*+...(,False,False,False
2026-01-21T16:51:54.835124,32.593991,RX,0x123,8,29 2A 2B 2C 00 08 93 29,")*+,...)",False,False,False
2026-01-21T16:51:54.836661,32.595528,RX,0x123,8,2A 2B 2C 2D 00 08 93 2A,"*+,-...*",False,False,False
2026-01-21T16:51:54.837734,32.596601,RX,0x123,8,2B 2C 2D 2E 00 08 93 2B,"+,-....+",False,False,False
2026-01-21T16:51:54.839922,32.598788,RX,0x123,8,2C 2D 2E 2F 00 08 93 2C,",-./...,",False,False,False
2026-01-21T16:51:54.841311,32.600178,RX,0x123,8,2D 2E 2F 30 00 08 93 2D,-./0...-,False,False,False
2026-01-21T16:51:54.842323,32.601190,RX,0x123,8,2E 2F 30 31 00 08 93 2E,./01....,False,False,False
2026-01-21T16:51:54.844091,32.602958,RX,0x123,8,2F 30 31 32 00 08 93 2F,/012.../,False,False,False
2026-01-21T16:51:54.846410,32.605277,RX,0x123,8,30 31 32 33 00 08 93 30,0123...0,False,False,False
2026-01-21T16:51:54.847908,32.606775,RX,0x123,8,31 32 33 34 00 08 93 31,1234...1,False,False,False
2026-01-21T16:51:54.849355,32.608222,RX,0x123,8,32 33 34 35 00 08 93 32,2345...2,False,False,False
2026-01-21T16:51:54.851383,32.609856,RX,0x123,8,33 34 35 36 00 08 93 33,3456...3,False,False,False
2026-01-21T16:51:54.852910,32.611777,RX,0x123,8,34 35 36 37 00 08 93 34,4567...4,False,False,False
2026-01-21T16:51:54.855551,32.614418,RX,0x123,8,35 36 37 38 00 08 93 35,5678...5,False,False,False
2026-01-21T16:51:54.857269,32.616136,RX,0x123,8,36 37 38 39 00 08 93 36,6789...6,False,False,False
2026-01-21T16:51:54.858945,32.617812,RX,0x123,8,37 38 39 3A 00 08 93 37,789:...7,False,False,False
2026-01-21T16:51:54.860926,32.619793,RX,0x123,8,38 39 3A 3B 00 08 93 38,89:;...8,False,False,False
2026-01-21T16:51:54.862632,32.621499,RX,0x123,8,39 3A 3B 3C 00 08 93 39,9:;<...9,False,False,False
2026-01-21T16:51:54.863980,32.622847,RX,0x123,8,3A 3B 3C 3D 00 08 93 3A,:;<=...:,False,False,False
2026-01-21T16:51:54.865354,32.624221,RX,0x123,8,3B 3C 3D 3E 00 08 93 3B,;<=>...;,False,False,False
2026-01-21T16:51:54.866749,32.625616,RX,0x123,8,3C 3D 3E 3F 00 08 93 3C,<=>?...<,False,False,False
2026-01-21T16:51:54.868136,32.627002,RX,0x123,8,3D 3E 3F 40 00 08 93 3D,=>?@...=,False,False,False
2026-01-21T16:51:54.869500,32.628367,RX,0x123,8,3E 3F 40 41 00 08 93 3E,>?@A...>,False,False,False
2026-01-21T16:51:54.870511,32.629378,RX,0x123,8,3F 40 41 42 00 08 93 3F,?@AB...?,False,False,False
2026-01-21T16:51:54.872727,32.631594,RX,0x123,8,40 41 42 43 00 08 93 40,@ABC...@,False,False,False
2026-01-21T16:51:54.874049,32.632915,RX,0x123,8,41 42 43 44 00 08 93 41,ABCD...A,False,False,False
2026-01-21T16:51:54.875055,32.633922,RX,0x123,8,42 43 44 45 00 08 93 42,BCDE...B,False,False,False
2026-01-21T16:51:54.877297,32.636164,RX,0x123,8,43 44 45 46 00 08 93 43,CDEF...C,False,False,False
2026-01-21T16:51:54.878865,32.637733,RX,0x123,8,44 45 46 47 00 08 93 44,DEFG...D,False,False,False
2026-01-21T16:51:54.880401,32.639268,RX,0x123,8,45 46 47 48 00 08 93 45,EFGH...E,False,False,False
2026-01-21T16:51:54.881876,32.640743,RX,0x123,8,46 47 48 49 00 08 93 46,FGHI...F,False,False,False
2026-01-21T16:51:54.883264,32.642131,RX,0x123,8,47 48 49 4A 00 08 93 47,GHIJ...G,False,False,False
2026-01-21T16:51:54.884925,32.643792,RX,0x123,8,48 49 4A 4B 00 08 93 48,HIJK...H,False,False,False
2026-01-21T16:51:54.886824,32.645691,RX,0x123,8,49 4A 4B 4C 00 08 93 49,IJKL...I,False,False,False
2026-01-21T16:51:54.888887,32.647754,RX,0x123,8,4A 4B 4C 4D 00 08 93 4A,JKLM...J,False,False,False
2026-01-21T16:51:54.890528,32.649395,RX,0x123,8,4B 4C 4D 4E 00 08 93 4B,KLMN...K,False,False,False
2026-01-21T16:51:54.892431,32.651298,RX,0x123,8,4C 4D 4E 4F 00 08 93 4C,LMNO...L,False,False,False
2026-01-21T16:51:54.895180,32.654047,RX,0x123,8,4D 4E 4F 50 00 08 93 4D,MNOP...M,False,False,False
2026-01-21T16:51:54.906180,32.665047,RX,0x123,8,4E 4F 50 51 00 08 93 4E,NOPQ...N,False,False,False
2026-01-21T16:51:54.907521,32.666388,RX,0x123,8,4F 50 51 52 00 08 93 4F,OPQR...O,False,False,False
2026-01-21T16:51:54.908911,32.667778,RX,0x123,8,50 51 52 53 00 08 93 50,PQRS...P,False,False,False
2026-01-21T16:51:54.910315,32.669182,RX,0x123,8,51 52 53 54 00 08 93 51,QRST...Q,False,False,False
2026-01-21T16:51:54.911789,32.670656,RX,0x123,8,52 53 54 55 00 08 93 52,RSTU...R,False,False,False
2026-01-21T16:51:54.913183,32.672050,RX,0x123,8,53 54 55 56 00 08 93 53,STUV...S,False,False,False
2026-01-21T16:51:54.914189,32.673056,RX,0x123,8,54 55 56 57 00 08 93 54,TUVW...T,False,False,False
2026-01-21T16:51:54.916796,32.675663,RX,0x123,8,55 56 57 58 00 08 93 55,UVWX...U,False,False,False
2026-01-21T16:51:54.918360,32.677227,RX,0x123,8,56 57 58 59 00 08 93 56,VWXY...V,False,False,False
2026-01-21T16:51:54.919706,32.678573,RX,0x123,8,57 58 59 5A 00 08 93 57,WXYZ...W,False,False,False
2026-01-21T16:51:54.921051,32.679918,RX,0x123,8,58 59 5A 5B 00 08 93 58,XYZ[...X,False,False,False
2026-01-21T16:51:54.922370,32.681237,RX,0x123,8,59 5A 5B 5C 00 08 93 59,YZ[\...Y,False,False,False
2026-01-21T16:51:54.923811,32.682678,RX,0x123,8,5A 5B 5C 5D 00 08 93 5A,Z[\]...Z,False,False,False
2026-01-21T16:51:54.925470,32.684337,RX,0x123,8,5B 5C 5D 5E 00 08 93 5B,[\]^...[,False,False,False
2026-01-21T16:51:54.926987,32.685853,RX,0x123,8,5C 5D 5E 5F 00 08 93 5C,\]^_...\,False,False,False
2026-01-21T16:51:54.928607,32.687474,RX,0x123,8,5D 5E 5F 60 00 08 93 5D,]^_`...],False,False,False
2026-01-21T16:51:54.930117,32.688984,RX,0x123,8,5E 5F 60 61 00 08 93 5E,^_`a...^,False,False,False
2026-01-21T16:51:54.931966,32.690833,RX,0x123,8,5F 60 61 62 00 08 93 5F,_`ab..._,False,False,False
2026-01-21T16:51:54.933820,32.692687,RX,0x123,8,60 61 62 63 00 08 93 60,`abc...`,False,False,False
2026-01-21T16:51:54.935407,32.694274,RX,0x123,8,61 62 63 64 00 08 93 61,abcd...a,False,False,False
2026-01-21T16:51:54.936828,32.695695,RX,0x123,8,62 63 64 65 00 08 93 62,bcde...b,False,False,False
2026-01-21T16:51:54.938263,32.697130,RX,0x123,8,63 64 65 66 00 08 93 63,cdef...c,False,False,False
2026-01-21T16:51:54.940075,32.698941,RX,0x123,8,64 65 66 67 00 08 93 64,defg...d,False,False,False
2026-01-21T16:51:54.941499,32.700366,RX,0x123,8,65 66 67 68 00 08 93 65,efgh...e,False,False,False
2026-01-21T16:51:54.942861,32.701728,RX,0x123,8,66 67 68 69 00 08 93 66,fghi...f,False,False,False
2026-01-21T16:51:54.943867,32.702734,RX,0x123,8,67 68 69 6A 00 08 93 67,ghij...g,False,False,False
2026-01-21T16:51:54.946097,32.704964,RX,0x123,8,68 69 6A 6B 00 08 93 68,hijk...h,False,False,False
2026-01-21T16:51:54.947533,32.706400,RX,0x123,8,69 6A 6B 6C 00 08 93 69,ijkl...i,False,False,False
2026-01-21T16:51:54.949307,32.708174,RX,0x123,8,6A 6B 6C 6D 00 08 93 6A,jklm...j,False,False,False
2026-01-21T16:51:54.950792,32.709659,RX,0x123,8,6B 6C 6D 6E 00 08 93 6B,klmn...k,False,False,False
2026-01-21T16:51:54.952394,32.711261,RX,0x123,8,6C 6D 6E 6F 00 08 93 6C,lmno...l,False,False,False
2026-01-21T16:51:54.954133,32.713000,RX,0x123,8,6D 6E 6F 70 00 08 93 6D,mnop...m,False,False,False
2026-01-21T16:51:54.955877,32.714744,RX,0x123,8,6E 6F 70 71 00 08 93 6E,nopq...n,False,False,False
2026-01-21T16:51:54.957224,32.716091,RX,0x123,8,6F 70 71 72 00 08 93 6F,opqr...o,False,False,False
2026-01-21T16:51:54.958574,32.717441,RX,0x123,8,70 71 72 73 00 08 93 70,pqrs...p,False,False,False
2026-01-21T16:51:54.959909,32.718776,RX,0x123,8,71 72 73 74 00 08 93 71,qrst...q,False,False,False
2026-01-21T16:51:54.961445,32.720312,RX,0x123,8,72 73 74 75 00 08 93 72,rstu...r,False,False,False
2026-01-21T16:51:54.963140,32.722007,RX,0x123,8,73 74 75 76 00 08 93 73,stuv...s,False,False,False
2026-01-21T16:51:54.964535,32.723402,RX,0x123,8,74 75 76 77 00 08 93 74,tuvw...t,False,False,False
2026-01-21T16:51:54.966054,32.724921,RX,0x123,8,75 76 77 78 00 08 93 75,uvwx...u,False,False,False
2026-01-21T16:51:54.967439,32.726306,RX,0x123,8,76 77 78 79 00 08 93 76,vwxy...v,False,False,False
2026-01-21T16:51:54.968761,32.727628,RX,0x123,8,77 78 79 7A 00 08 93 77,wxyz...w,False,False,False
2026-01-21T16:51:54.970248,32.729115,RX,0x123,8,78 79 7A 7B 00 08 93 78,xyz{...x,False,False,False
2026-01-21T16:51:54.971911,32.730778,RX,0x123,8,79 7A 7B 7C 00 08 93 79,yz{|...y,False,False,False
2026-01-21T16:51:54.973346,32.732213,RX,0x123,8,7A 7B 7C 7D 00 08 93 7A,z{|}...z,False,False,False
2026-01-21T16:51:54.974883,32.733750,RX,0x123,8,7B 7C 7D 7E 00 08 93 7B,{|}~...{,False,False,False
2026-01-21T16:51:54.976311,32.735178,RX,0x123,8,7C 7D 7E 7F 00 08 93 7C,|}~....|,False,False,False
2026-01-21T16:51:54.977717,32.736584,RX,0x123,8,7D 7E 7F 80 00 08 93 7D,}~.....},False,False,False
2026-01-21T16:51:54.979186,32.738054,RX,0x123,8,7E 7F 80 81 00 08 93 7E,~......~,False,False,False
2026-01-21T16:51:54.980848,32.739715,RX,0x123,8,7F 80 81 82 00 08 93 7F,........,False,False,False
2026-01-21T16:51:54.982451,32.741318,RX,0x123,8,80 81 82 83 00 08 93 80,........,False,False,False
2026-01-21T16:51:54.983873,32.742740,RX,0x123,8,81 82 83 84 00 08 93 81,........,False,False,False
2026-01-21T16:51:54.985467,32.744334,RX,0x123,8,82 83 84 85 00 08 93 82,........,False,False,False
2026-01-21T16:51:54.987231,32.746098,RX,0x123,8,83 84 85 86 00 08 93 83,........,False,False,False
2026-01-21T16:51:54.988711,32.747578,RX,0x123,8,84 85 86 87 00 08 93 84,........,False,False,False
2026-01-21T16:51:54.990203,32.749070,RX,0x123,8,85 86 87 88 00 08 93 85,........,False,False,False
2026-01-21T16:51:54.991859,32.750726,RX,0x123,8,86 87 88 89 00 08 93 86,........,False,False,False
2026-01-21T16:51:54.993628,32.752496,RX,0x123,8,87 88 89 8A 00 08 93 87,........,False,False,False
2026-01-21T16:51:54.995612,32.754479,RX,0x123,8,88 89 8A 8B 00 08 93 88,........,False,False,False
2026-01-21T16:51:54.998002,32.756870,RX,0x123,8,89 8A 8B 8C 00 08 93 89,........,False,False,False
2026-01-21T16:51:54.999712,32.758579,RX,0x123,8,8A 8B 8C 8D 00 08 93 8A,........,False,False,False
2026-01-21T16:51:55.001769,32.760636,RX,0x123,8,8B 8C 8D 8E 00 08 93 8B,........,False,False,False
2026-01-21T16:51:55.003873,32.762740,RX,0x123,8,8C 8D 8E 8F 00 08 93 8C,........,False,False,False
2026-01-21T16:51:55.005466,32.764333,RX,0x123,8,8D 8E 8F 90 00 08 93 8D,........,False,False,False
2026-01-21T16:51:55.007203,32.766070,RX,0x123,8,8E 8F 90 91 00 08 93 8E,........,False,False,False
2026-01-21T16:51:55.008565,32.767431,RX,0x123,8,8F 90 91 92 00 08 93 8F,........,False,False,False
2026-01-21T16:51:55.010047,32.768914,RX,0x123,8,90 91 92 93 00 08 93 90,........,False,False,False
2026-01-21T16:51:55.011631,32.770498,RX,0x123,8,91 92 93 94 00 08 93 91,........,False,False,False
2026-01-21T16:51:55.013596,32.772463,RX,0x123,8,92 93 94 95 00 08 93 92,........,False,False,False
2026-01-21T16:51:55.014601,32.773468,RX,0x123,8,93 94 95 96 00 08 93 93,........,False,False,False
2026-01-21T16:51:55.016454,32.775321,RX,0x123,8,94 95 96 97 00 08 93 94,........,False,False,False
2026-01-21T16:51:55.019343,32.777808,RX,0x123,8,95 96 97 98 00 08 93 95,........,False,False,False
2026-01-21T16:51:55.019343,32.778210,RX,0x123,8,96 97 98 99 00 08 93 96,........,False,False,False
2026-01-21T16:51:55.020703,32.779570,RX,0x123,8,97 98 99 9A 00 08 93 97,........,False,False,False
2026-01-21T16:51:55.022156,32.781023,RX,0x123,8,98 99 9A 9B 00 08 93 98,........,False,False,False
2026-01-21T16:51:55.023746,32.782613,RX,0x123,8,99 9A 9B 9C 00 08 93 99,........,False,False,False
2026-01-21T16:51:55.025222,32.784090,RX,0x123,8,9A 9B 9C 9D 00 08 93 9A,........,False,False,False
2026-01-21T16:51:55.026629,32.785496,RX,0x123,8,9B 9C 9D 9E 00 08 93 9B,........,False,False,False
2026-01-21T16:51:55.028036,32.786903,RX,0x123,8,9C 9D 9E 9F 00 08 93 9C,........,False,False,False
2026-01-21T16:51:55.029435,32.788301,RX,0x123,8,9D 9E 9F A0 00 08 93 9D,........,False,False,False
2026-01-21T16:51:55.030831,32.789698,RX,0x123,8,9E 9F A0 A1 00 08 93 9E,........,False,False,False
2026-01-21T16:51:55.032228,32.791095,RX,0x123,8,9F A0 A1 A2 00 08 93 9F,........,False,False,False
2026-01-21T16:51:55.033791,32.792659,RX,0x123,8,A0 A1 A2 A3 00 08 93 A0,........,False,False,False
2026-01-21T16:51:55.035222,32.794089,RX,0x123,8,A1 A2 A3 A4 00 08 93 A1,........,False,False,False
2026-01-21T16:51:55.036540,32.795407,RX,0x123,8,A2 A3 A4 A5 00 08 93 A2,........,False,False,False
2026-01-21T16:51:55.038284,32.797151,RX,0x123,8,A3 A4 A5 A6 00 08 93 A3,........,False,False,False
2026-01-21T16:51:55.040128,32.798995,RX,0x123,8,A4 A5 A6 A7 00 08 93 A4,........,False,False,False
2026-01-21T16:51:55.041557,32.800424,RX,0x123,8,A5 A6 A7 A8 00 08 93 A5,........,False,False,False
2026-01-21T16:51:55.042894,32.801761,RX,0x123,8,A6 A7 A8 A9 00 08 93 A6,........,False,False,False
2026-01-21T16:51:55.044261,32.803128,RX,0x123,8,A7 A8 A9 AA 00 08 93 A7,........,False,False,False
2026-01-21T16:51:55.045916,32.804783,RX,0x123,8,A8 A9 AA AB 00 08 93 A8,........,False,False,False
2026-01-21T16:51:55.047826,32.806693,RX,0x123,8,A9 AA AB AC 00 08 93 A9,........,False,False,False
2026-01-21T16:51:55.049977,32.808844,RX,0x123,8,AA AB AC AD 00 08 93 AA,........,False,False,False
2026-01-21T16:51:55.051541,32.810408,RX,0x123,8,AB AC AD AE 00 08 93 AB,........,False,False,False
2026-01-21T16:51:55.053544,32.812411,RX,0x123,8,AC AD AE AF 00 08 93 AC,........,False,False,False
2026-01-21T16:51:55.055673,32.814540,RX,0x123,8,AD AE AF B0 00 08 93 AD,........,False,False,False
2026-01-21T16:51:55.057264,32.816131,RX,0x123,8,AE AF B0 B1 00 08 93 AE,........,False,False,False
2026-01-21T16:51:55.058700,32.817567,RX,0x123,8,AF B0 B1 B2 00 08 93 AF,........,False,False,False
2026-01-21T16:51:55.060066,32.818933,RX,0x123,8,B0 B1 B2 B3 00 08 93 B0,........,False,False,False
2026-01-21T16:51:55.061643,32.820510,RX,0x123,8,B1 B2 B3 B4 00 08 93 B1,........,False,False,False
2026-01-21T16:51:55.063153,32.822020,RX,0x123,8,B2 B3 B4 B5 00 08 93 B2,........,False,False,False
2026-01-21T16:51:55.064536,32.823403,RX,0x123,8,B3 B4 B5 B6 00 08 93 B3,........,False,False,False
2026-01-21T16:51:55.066155,32.825022,RX,0x123,8,B4 B5 B6 B7 00 08 93 B4,........,False,False,False
2026-01-21T16:51:55.068496,32.827363,RX,0x123,8,B5 B6 B7 B8 00 08 93 B5,........,False,False,False
2026-01-21T16:51:55.070493,32.829360,RX,0x123,8,B6 B7 B8 B9 00 08 93 B6,........,False,False,False
2026-01-21T16:51:55.072601,32.831468,RX,0x123,8,B7 B8 B9 BA 00 08 93 B7,........,False,False,False
2026-01-21T16:51:55.074198,32.833065,RX,0x123,8,B8 B9 BA BB 00 08 93 B8,........,False,False,False
2026-01-21T16:51:55.075690,32.834557,RX,0x123,8,B9 BA BB BC 00 08 93 B9,........,False,False,False
2026-01-21T16:51:55.077294,32.836161,RX,0x123,8,BA BB BC BD 00 08 93 BA,........,False,False,False
2026-01-21T16:51:55.079337,32.838204,RX,0x123,8,BB BC BD BE 00 08 93 BB,........,False,False,False
2026-01-21T16:51:55.080920,32.839787,RX,0x123,8,BC BD BE BF 00 08 93 BC,........,False,False,False
2026-01-21T16:51:55.082614,32.841481,RX,0x123,8,BD BE BF C0 00 08 93 BD,........,False,False,False
2026-01-21T16:51:55.084481,32.843348,RX,0x123,8,BE BF C0 C1 00 08 93 BE,........,False,False,False
2026-01-21T16:51:55.086527,32.845394,RX,0x123,8,BF C0 C1 C2 00 08 93 BF,........,False,False,False
2026-01-21T16:51:55.088034,32.846901,RX,0x123,8,C0 C1 C2 C3 00 08 93 C0,........,False,False,False
2026-01-21T16:51:55.090318,32.849185,RX,0x123,8,C1 C2 C3 C4 00 08 93 C1,........,False,False,False
2026-01-21T16:51:55.091812,32.850679,RX,0x123,8,C2 C3 C4 C5 00 08 93 C2,........,False,False,False
2026-01-21T16:51:55.093300,32.852168,RX,0x123,8,C3 C4 C5 C6 00 08 93 C3,........,False,False,False
2026-01-21T16:51:55.094667,32.853534,RX,0x123,8,C4 C5 C6 C7 00 08 93 C4,........,False,False,False
2026-01-21T16:51:55.096284,32.855151,RX,0x123,8,C5 C6 C7 C8 00 08 93 C5,........,False,False,False
2026-01-21T16:51:55.098192,32.857059,RX,0x123,8,C6 C7 C8 C9 00 08 93 C6,........,False,False,False
2026-01-21T16:51:55.099846,32.858713,RX,0x123,8,C7 C8 C9 CA 00 08 93 C7,........,False,False,False
2026-01-21T16:51:55.101454,32.860321,RX,0x123,8,C8 C9 CA CB 00 08 93 C8,........,False,False,False
2026-01-21T16:51:55.103515,32.862382,RX,0x123,8,C9 CA CB CC 00 08 93 C9,........,False,False,False
2026-01-21T16:51:55.105189,32.864056,RX,0x123,8,CA CB CC CD 00 08 93 CA,........,False,False,False
2026-01-21T16:51:55.107215,32.866082,RX,0x123,8,CB CC CD CE 00 08 93 CB,........,False,False,False
2026-01-21T16:51:55.108693,32.867560,RX,0x123,8,CC CD CE CF 00 08 93 CC,........,False,False,False
2026-01-21T16:51:55.110167,32.869034,RX,0x123,8,CD CE CF D0 00 08 93 CD,........,False,False,False
2026-01-21T16:51:55.111666,32.870533,RX,0x123,8,CE CF D0 D1 00 08 93 CE,........,False,False,False
2026-01-21T16:51:55.112678,32.871545,RX,0x123,8,CF D0 D1 D2 00 08 93 CF,........,False,False,False
2026-01-21T16:51:55.114211,32.873078,RX,0x123,8,D0 D1 D2 D3 00 08 93 D0,........,False,False,False
2026-01-21T16:51:55.116829,32.875696,RX,0x123,8,D1 D2 D3 D4 00 08 93 D1,........,False,False,False
2026-01-21T16:51:55.118596,32.877463,RX,0x123,8,D2 D3 D4 D5 00 08 93 D2,........,False,False,False
2026-01-21T16:51:55.120046,32.878913,RX,0x123,8,D3 D4 D5 D6 00 08 93 D3,........,False,False,False
2026-01-21T16:51:55.121059,32.879926,RX,0x123,8,D4 D5 D6 D7 00 08 93 D4,........,False,False,False
2026-01-21T16:51:55.123604,32.882471,RX,0x123,8,D5 D6 D7 D8 00 08 93 D5,........,False,False,False
2026-01-21T16:51:55.125087,32.883954,RX,0x123,8,D6 D7 D8 D9 00 08 93 D6,........,False,False,False
2026-01-21T16:51:55.126550,32.885417,RX,0x123,8,D7 D8 D9 DA 00 08 93 D7,........,False,False,False
2026-01-21T16:51:55.128170,32.887037,RX,0x123,8,D8 D9 DA DB 00 08 93 D8,........,False,False,False
2026-01-21T16:51:55.130113,32.888980,RX,0x123,8,D9 DA DB DC 00 08 93 D9,........,False,False,False
2026-01-21T16:51:55.132318,32.891185,RX,0x123,8,DA DB DC DD 00 08 93 DA,........,False,False,False
2026-01-21T16:51:55.134623,32.893490,RX,0x123,8,DB DC DD DE 00 08 93 DB,........,False,False,False
2026-01-21T16:51:55.136449,32.895316,RX,0x123,8,DC DD DE DF 00 08 93 DC,........,False,False,False
2026-01-21T16:51:55.138166,32.897033,RX,0x123,8,DD DE DF E0 00 08 93 DD,........,False,False,False
2026-01-21T16:51:55.139556,32.898423,RX,0x123,8,DE DF E0 E1 00 08 93 DE,........,False,False,False
2026-01-21T16:51:55.140567,32.899434,RX,0x123,8,DF E0 E1 E2 00 08 93 DF,........,False,False,False
2026-01-21T16:51:55.142617,32.901484,RX,0x123,8,E0 E1 E2 E3 00 08 93 E0,........,False,False,False
2026-01-21T16:51:55.143940,32.902807,RX,0x123,8,E1 E2 E3 E4 00 08 93 E1,........,False,False,False
2026-01-21T16:51:55.144952,32.903819,RX,0x123,8,E2 E3 E4 E5 00 08 93 E2,........,False,False,False
2026-01-21T16:51:55.147483,32.906350,RX,0x123,8,E3 E4 E5 E6 00 08 93 E3,........,False,False,False
2026-01-21T16:51:55.148946,32.907813,RX,0x123,8,E4 E5 E6 E7 00 08 93 E4,........,False,False,False
2026-01-21T16:51:55.150383,32.909250,RX,0x123,8,E5 E6 E7 E8 00 08 93 E5,........,False,False,False
2026-01-21T16:51:55.151834,32.910701,RX,0x123,8,E6 E7 E8 E9 00 08 93 E6,........,False,False,False
2026-01-21T16:51:55.153292,32.912159,RX,0x123,8,E7 E8 E9 EA 00 08 93 E7,........,False,False,False
2026-01-21T16:51:55.154721,32.913588,RX,0x123,8,E8 E9 EA EB 00 08 93 E8,........,False,False,False
2026-01-21T16:51:55.156128,32.914995,RX,0x123,8,E9 EA EB EC 00 08 93 E9,........,False,False,False
2026-01-21T16:51:55.157534,32.916401,RX,0x123,8,EA EB EC ED 00 08 93 EA,........,False,False,False
2026-01-21T16:51:55.159116,32.917983,RX,0x123,8,EB EC ED EE 00 08 93 EB,........,False,False,False
2026-01-21T16:51:55.161092,32.919959,RX,0x123,8,EC ED EE EF 00 08 93 EC,........,False,False,False
2026-01-21T16:51:55.162960,32.921827,RX,0x123,8,ED EE EF F0 00 08 93 ED,........,False,False,False
2026-01-21T16:51:55.164398,32.923265,RX,0x123,8,EE EF F0 F1 00 08 93 EE,........,False,False,False
2026-01-21T16:51:55.165755,32.924622,RX,0x123,8,EF F0 F1 F2 00 08 93 EF,........,False,False,False
2026-01-21T16:51:55.167192,32.926059,RX,0x123,8,F0 F1 F2 F3 00 08 93 F0,........,False,False,False
2026-01-21T16:51:55.168547,32.927414,RX,0x123,8,F1 F2 F3 F4 00 08 93 F1,........,False,False,False
2026-01-21T16:51:55.170073,32.928940,RX,0x123,8,F2 F3 F4 F5 00 08 93 F2,........,False,False,False
2026-01-21T16:51:55.171668,32.930535,RX,0x123,8,F3 F4 F5 F6 00 08 93 F3,........,False,False,False
2026-01-21T16:51:55.173586,32.932453,RX,0x123,8,F4 F5 F6 F7 00 08 93 F4,........,False,False,False
2026-01-21T16:51:55.174955,32.933821,RX,0x123,8,F5 F6 F7 F8 00 08 93 F5,........,False,False,False
2026-01-21T16:51:55.176438,32.935305,RX,0x123,8,F6 F7 F8 F9 00 08 93 F6,........,False,False,False
2026-01-21T16:51:55.177893,32.936760,RX,0x123,8,F7 F8 F9 FA 00 08 93 F7,........,False,False,False
2026-01-21T16:51:55.179556,32.938423,RX,0x123,8,F8 F9 FA FB 00 08 93 F8,........,False,False,False
2026-01-21T16:51:55.181444,32.940311,RX,0x123,8,F9 FA FB FC 00 08 93 F9,........,False,False,False
2026-01-21T16:51:55.183621,32.942488,RX,0x123,8,FA FB FC FD 00 08 93 FA,........,False,False,False
2026-01-21T16:51:55.185525,32.944392,RX,0x123,8,FB FC FD FE 00 08 93 FB,........,False,False,False
2026-01-21T16:51:55.187890,32.946757,RX,0x123,8,FC FD FE FF 00 08 93 FC,........,False,False,False
2026-01-21T16:51:55.189678,32.948545,RX,0x123,8,FD FE FF 00 00 08 93 FD,........,False,False,False
2026-01-21T16:51:55.191752,32.950619,RX,0x123,8,FE FF 00 01 00 08 93 FE,........,False,False,False
2026-01-21T16:51:55.193184,32.952050,RX,0x123,8,FF 00 01 02 00 08 93 FF,........,False,False,False
2026-01-21T16:51:55.194611,32.953478,RX,0x123,8,00 01 02 03 00 08 94 00,........,False,False,False
2026-01-21T16:51:55.195976,32.954843,RX,0x123,8,01 02 03 04 00 08 94 01,........,False,False,False
2026-01-21T16:51:55.197538,32.956405,RX,0x123,8,02 03 04 05 00 08 94 02,........,False,False,False
2026-01-21T16:51:55.199533,32.958400,RX,0x123,8,03 04 05 06 00 08 94 03,........,False,False,False
2026-01-21T16:51:55.201632,32.960500,RX,0x123,8,04 05 06 07 00 08 94 04,........,False,False,False
2026-01-21T16:51:55.203096,32.961963,RX,0x123,8,05 06 07 08 00 08 94 05,........,False,False,False
2026-01-21T16:51:55.204578,32.963445,RX,0x123,8,06 07 08 09 00 08 94 06,........,False,False,False
2026-01-21T16:51:55.206042,32.964909,RX,0x123,8,07 08 09 0A 00 08 94 07,........,False,False,False
2026-01-21T16:51:55.207652,32.966519,RX,0x123,8,08 09 0A 0B 00 08 94 08,........,False,False,False
2026-01-21T16:51:55.209600,32.968467,RX,0x123,8,09 0A 0B 0C 00 08 94 09,........,False,False,False
2026-01-21T16:51:55.211168,32.970035,RX,0x123,8,0A 0B 0C 0D 00 08 94 0A,........,False,False,False
2026-01-21T16:51:55.213153,32.972020,RX,0x123,8,0B 0C 0D 0E 00 08 94 0B,........,False,False,False
2026-01-21T16:51:55.214766,32.973633,RX,0x123,8,0C 0D 0E 0F 00 08 94 0C,........,False,False,False
2026-01-21T16:51:55.216790,32.975657,RX,0x123,8,0D 0E 0F 10 00 08 94 0D,........,False,False,False
2026-01-21T16:51:55.218457,32.977324,RX,0x123,8,0E 0F 10 11 00 08 94 0E,........,False,False,False
2026-01-21T16:51:55.220359,32.979226,RX,0x123,8,0F 10 11 12 00 08 94 0F,........,False,False,False
2026-01-21T16:51:55.222383,32.981251,RX,0x123,8,10 11 12 13 00 08 94 10,........,False,False,False
2026-01-21T16:51:55.224005,32.982872,RX,0x123,8,11 12 13 14 00 08 94 11,........,False,False,False
2026-01-21T16:51:55.225984,32.984851,RX,0x123,8,12 13 14 15 00 08 94 12,........,False,False,False
2026-01-21T16:51:55.228035,32.986902,RX,0x123,8,13 14 15 16 00 08 94 13,........,False,False,False
2026-01-21T16:51:55.229769,32.988636,RX,0x123,8,14 15 16 17 00 08 94 14,........,False,False,False
2026-01-21T16:51:55.231583,32.990450,RX,0x123,8,15 16 17 18 00 08 94 15,........,False,False,False
2026-01-21T16:51:55.233139,32.992006,RX,0x123,8,16 17 18 19 00 08 94 16,........,False,False,False
2026-01-21T16:51:55.235134,32.994001,RX,0x123,8,17 18 19 1A 00 08 94 17,........,False,False,False
2026-01-21T16:51:55.236730,32.995597,RX,0x123,8,18 19 1A 1B 00 08 94 18,........,False,False,False
2026-01-21T16:51:55.240379,32.999246,RX,0x123,8,19 1A 1B 1C 00 08 94 19,........,False,False,False
2026-01-21T16:51:55.242244,33.001111,RX,0x123,8,1A 1B 1C 1D 00 08 94 1A,........,False,False,False
2026-01-21T16:51:55.243877,33.002744,RX,0x123,8,1B 1C 1D 1E 00 08 94 1B,........,False,False,False
2026-01-21T16:51:55.245024,33.003891,RX,0x123,8,1C 1D 1E 1F 00 08 94 1C,........,False,False,False
2026-01-21T16:51:55.247477,33.006344,RX,0x123,8,1D 1E 1F 20 00 08 94 1D,... ....,False,False,False
2026-01-21T16:51:55.248870,33.007737,RX,0x123,8,1E 1F 20 21 00 08 94 1E,.. !....,False,False,False
2026-01-21T16:51:55.250350,33.009217,RX,0x123,8,1F 20 21 22 00 08 94 1F,". !""....",False,False,False
2026-01-21T16:51:55.251954,33.010821,RX,0x123,8,20 21 22 23 00 08 94 20," !""#... ",False,False,False
2026-01-21T16:51:55.253638,33.012504,RX,0x123,8,21 22 23 24 00 08 94 21,"!""#$...!",False,False,False
2026-01-21T16:51:55.255523,33.014390,RX,0x123,8,22 23 24 25 00 08 94 22,"""#$%...""",False,False,False
2026-01-21T16:51:55.257671,33.016538,RX,0x123,8,23 24 25 26 00 08 94 23,#$%&...#,False,False,False
2026-01-21T16:51:55.259163,33.018030,RX,0x123,8,24 25 26 27 00 08 94 24,$%&'...$,False,False,False
2026-01-21T16:51:55.260699,33.019566,RX,0x123,8,25 26 27 28 00 08 94 25,%&'(...%,False,False,False
2026-01-21T16:51:55.262474,33.021341,RX,0x123,8,26 27 28 29 00 08 94 26,&'()...&,False,False,False
2026-01-21T16:51:55.264148,33.023015,RX,0x123,8,27 28 29 2A 00 08 94 27,'()*...',False,False,False
2026-01-21T16:51:55.265790,33.024657,RX,0x123,8,28 29 2A 2B 00 08 94 28,()*+...(,False,False,False
2026-01-21T16:51:55.267874,33.026741,RX,0x123,8,29 2A 2B 2C 00 08 94 29,")*+,...)",False,False,False
2026-01-21T16:51:55.269610,33.028478,RX,0x123,8,2A 2B 2C 2D 00 08 94 2A,"*+,-...*",False,False,False
2026-01-21T16:51:55.271538,33.030405,RX,0x123,8,2B 2C 2D 2E 00 08 94 2B,"+,-....+",False,False,False
2026-01-21T16:51:55.273119,33.031986,RX,0x123,8,2C 2D 2E 2F 00 08 94 2C,",-./...,",False,False,False
2026-01-21T16:51:55.275075,33.033942,RX,0x123,8,2D 2E 2F 30 00 08 94 2D,-./0...-,False,False,False
2026-01-21T16:51:55.276729,33.035596,RX,0x123,8,2E 2F 30 31 00 08 94 2E,./01....,False,False,False
2026-01-21T16:51:55.278251,33.037118,RX,0x123,8,2F 30 31 32 00 08 94 2F,/012.../,False,False,False
2026-01-21T16:51:55.279765,33.038633,RX,0x123,8,30 31 32 33 00 08 94 30,0123...0,False,False,False
2026-01-21T16:51:55.281263,33.040130,RX,0x123,8,31 32 33 34 00 08 94 31,1234...1,False,False,False
2026-01-21T16:51:55.282795,33.041662,RX,0x123,8,32 33 34 35 00 08 94 32,2345...2,False,False,False
2026-01-21T16:51:55.284230,33.043097,RX,0x123,8,33 34 35 36 00 08 94 33,3456...3,False,False,False
2026-01-21T16:51:55.285591,33.044458,RX,0x123,8,34 35 36 37 00 08 94 34,4567...4,False,False,False
2026-01-21T16:51:55.287074,33.045941,RX,0x123,8,35 36 37 38 00 08 94 35,5678...5,False,False,False
2026-01-21T16:51:55.288080,33.046947,RX,0x123,8,36 37 38 39 00 08 94 36,6789...6,False,False,False
2026-01-21T16:51:55.290135,33.049002,RX,0x123,8,37 38 39 3A 00 08 94 37,789:...7,False,False,False
2026-01-21T16:51:55.291149,33.050016,RX,0x123,8,38 39 3A 3B 00 08 94 38,89:;...8,False,False,False
2026-01-21T16:51:55.292897,33.051764,RX,0x123,8,39 3A 3B 3C 00 08 94 39,9:;<...9,False,False,False
2026-01-21T16:51:55.295179,33.054045,RX,0x123,8,3A 3B 3C 3D 00 08 94 3A,:;<=...:,False,False,False
2026-01-21T16:51:55.296199,33.055067,RX,0x123,8,3B 3C 3D 3E 00 08 94 3B,;<=>...;,False,False,False
2026-01-21T16:51:55.298646,33.057513,RX,0x123,8,3C 3D 3E 3F 00 08 94 3C,<=>?...<,False,False,False
2026-01-21T16:51:55.299655,33.058522,RX,0x123,8,3D 3E 3F 40 00 08 94 3D,=>?@...=,False,False,False
2026-01-21T16:51:55.301802,33.060669,RX,0x123,8,3E 3F 40 41 00 08 94 3E,>?@A...>,False,False,False
2026-01-21T16:51:55.303163,33.062029,RX,0x123,8,3F 40 41 42 00 08 94 3F,?@AB...?,False,False,False
2026-01-21T16:51:55.304720,33.063587,RX,0x123,8,40 41 42 43 00 08 94 40,@ABC...@,False,False,False
2026-01-21T16:51:55.306453,33.065320,RX,0x123,8,41 42 43 44 00 08 94 41,ABCD...A,False,False,False
2026-01-21T16:51:55.307825,33.066692,RX,0x123,8,42 43 44 45 00 08 94 42,BCDE...B,False,False,False
2026-01-21T16:51:55.309404,33.068271,RX,0x123,8,43 44 45 46 00 08 94 43,CDEF...C,False,False,False
2026-01-21T16:51:55.311020,33.069887,RX,0x123,8,44 45 46 47 00 08 94 44,DEFG...D,False,False,False
2026-01-21T16:51:55.312667,33.071534,RX,0x123,8,45 46 47 48 00 08 94 45,EFGH...E,False,False,False
2026-01-21T16:51:55.314057,33.072924,RX,0x123,8,46 47 48 49 00 08 94 46,FGHI...F,False,False,False
2026-01-21T16:51:55.315064,33.073931,RX,0x123,8,47 48 49 4A 00 08 94 47,GHIJ...G,False,False,False
2026-01-21T16:51:55.317402,33.076269,RX,0x123,8,48 49 4A 4B 00 08 94 48,HIJK...H,False,False,False
2026-01-21T16:51:55.319210,33.078077,RX,0x123,8,49 4A 4B 4C 00 08 94 49,IJKL...I,False,False,False
2026-01-21T16:51:55.320620,33.079487,RX,0x123,8,4A 4B 4C 4D 00 08 94 4A,JKLM...J,False,False,False
2026-01-21T16:51:55.321631,33.080498,RX,0x123,8,4B 4C 4D 4E 00 08 94 4B,KLMN...K,False,False,False
2026-01-21T16:51:55.323422,33.082289,RX,0x123,8,4C 4D 4E 4F 00 08 94 4C,LMNO...L,False,False,False
2026-01-21T16:51:55.325198,33.084065,RX,0x123,8,4D 4E 4F 50 00 08 94 4D,MNOP...M,False,False,False
2026-01-21T16:51:55.326956,33.085823,RX,0x123,8,4E 4F 50 51 00 08 94 4E,NOPQ...N,False,False,False
2026-01-21T16:51:55.329236,33.088103,RX,0x123,8,4F 50 51 52 00 08 94 4F,OPQR...O,False,False,False
2026-01-21T16:51:55.331195,33.090062,RX,0x123,8,50 51 52 53 00 08 94 50,PQRS...P,False,False,False
2026-01-21T16:51:55.333281,33.092148,RX,0x123,8,51 52 53 54 00 08 94 51,QRST...Q,False,False,False
2026-01-21T16:51:55.334903,33.093770,RX,0x123,8,52 53 54 55 00 08 94 52,RSTU...R,False,False,False
2026-01-21T16:51:55.336811,33.095678,RX,0x123,8,53 54 55 56 00 08 94 53,STUV...S,False,False,False
2026-01-21T16:51:55.339131,33.097998,RX,0x123,8,54 55 56 57 00 08 94 54,TUVW...T,False,False,False
2026-01-21T16:51:55.341025,33.099892,RX,0x123,8,55 56 57 58 00 08 94 55,UVWX...U,False,False,False
2026-01-21T16:51:55.342672,33.101539,RX,0x123,8,56 57 58 59 00 08 94 56,VWXY...V,False,False,False
2026-01-21T16:51:55.345139,33.104006,RX,0x123,8,57 58 59 5A 00 08 94 57,WXYZ...W,False,False,False
2026-01-21T16:51:55.346635,33.105502,RX,0x123,8,58 59 5A 5B 00 08 94 58,XYZ[...X,False,False,False
2026-01-21T16:51:55.348341,33.107208,RX,0x123,8,59 5A 5B 5C 00 08 94 59,YZ[\...Y,False,False,False
2026-01-21T16:51:55.350183,33.109050,RX,0x123,8,5A 5B 5C 5D 00 08 94 5A,Z[\]...Z,False,False,False
2026-01-21T16:51:55.352583,33.111450,RX,0x123,8,5B 5C 5D 5E 00 08 94 5B,[\]^...[,False,False,False
2026-01-21T16:51:55.354911,33.113778,RX,0x123,8,5C 5D 5E 5F 00 08 94 5C,\]^_...\,False,False,False
2026-01-21T16:51:55.356560,33.115427,RX,0x123,8,5D 5E 5F 60 00 08 94 5D,]^_`...],False,False,False
2026-01-21T16:51:55.358421,33.117289,RX,0x123,8,5E 5F 60 61 00 08 94 5E,^_`a...^,False,False,False
2026-01-21T16:51:55.359949,33.118816,RX,0x123,8,5F 60 61 62 00 08 94 5F,_`ab..._,False,False,False
2026-01-21T16:51:55.361634,33.120501,RX,0x123,8,60 61 62 63 00 08 94 60,`abc...`,False,False,False
2026-01-21T16:51:55.363739,33.122607,RX,0x123,8,61 62 63 64 00 08 94 61,abcd...a,False,False,False
2026-01-21T16:51:55.365422,33.124289,RX,0x123,8,62 63 64 65 00 08 94 62,bcde...b,False,False,False
2026-01-21T16:51:55.366647,33.125514,RX,0x123,8,63 64 65 66 00 08 94 63,cdef...c,False,False,False
2026-01-21T16:51:55.369289,33.128156,RX,0x123,8,64 65 66 67 00 08 94 64,defg...d,False,False,False
2026-01-21T16:51:55.371053,33.129920,RX,0x123,8,65 66 67 68 00 08 94 65,efgh...e,False,False,False
2026-01-21T16:51:55.372482,33.131349,RX,0x123,8,66 67 68 69 00 08 94 66,fghi...f,False,False,False
2026-01-21T16:51:55.374002,33.132869,RX,0x123,8,67 68 69 6A 00 08 94 67,ghij...g,False,False,False
2026-01-21T16:51:55.375061,33.133928,RX,0x123,8,68 69 6A 6B 00 08 94 68,hijk...h,False,False,False
2026-01-21T16:51:55.377742,33.136609,RX,0x123,8,69 6A 6B 6C 00 08 94 69,ijkl...i,False,False,False
2026-01-21T16:51:55.379671,33.138538,RX,0x123,8,6A 6B 6C 6D 00 08 94 6A,jklm...j,False,False,False
2026-01-21T16:51:55.381304,33.140171,RX,0x123,8,6B 6C 6D 6E 00 08 94 6B,klmn...k,False,False,False
2026-01-21T16:51:55.382946,33.141813,RX,0x123,8,6C 6D 6E 6F 00 08 94 6C,lmno...l,False,False,False
2026-01-21T16:51:55.384852,33.143719,RX,0x123,8,6D 6E 6F 70 00 08 94 6D,mnop...m,False,False,False
2026-01-21T16:51:55.386881,33.145748,RX,0x123,8,6E 6F 70 71 00 08 94 6E,nopq...n,False,False,False
2026-01-21T16:51:55.388482,33.147349,RX,0x123,8,6F 70 71 72 00 08 94 6F,opqr...o,False,False,False
2026-01-21T16:51:55.390849,33.149716,RX,0x123,8,70 71 72 73 00 08 94 70,pqrs...p,False,False,False
2026-01-21T16:51:55.392624,33.151491,RX,0x123,8,71 72 73 74 00 08 94 71,qrst...q,False,False,False
2026-01-21T16:51:55.394398,33.153265,RX,0x123,8,72 73 74 75 00 08 94 72,rstu...r,False,False,False
2026-01-21T16:51:55.396759,33.155626,RX,0x123,8,73 74 75 76 00 08 94 73,stuv...s,False,False,False
2026-01-21T16:51:55.398643,33.157510,RX,0x123,8,74 75 76 77 00 08 94 74,tuvw...t,False,False,False
2026-01-21T16:51:55.401006,33.159873,RX,0x123,8,75 76 77 78 00 08 94 75,uvwx...u,False,False,False
2026-01-21T16:51:55.403007,33.161875,RX,0x123,8,76 77 78 79 00 08 94 76,vwxy...v,False,False,False
2026-01-21T16:51:55.404527,33.163394,RX,0x123,8,77 78 79 7A 00 08 94 77,wxyz...w,False,False,False
2026-01-21T16:51:55.406208,33.165075,RX,0x123,8,78 79 7A 7B 00 08 94 78,xyz{...x,False,False,False
2026-01-21T16:51:55.407797,33.166664,RX,0x123,8,79 7A 7B 7C 00 08 94 79,yz{|...y,False,False,False
2026-01-21T16:51:55.409206,33.168072,RX,0x123,8,7A 7B 7C 7D 00 08 94 7A,z{|}...z,False,False,False
2026-01-21T16:51:55.410869,33.169735,RX,0x123,8,7B 7C 7D 7E 00 08 94 7B,{|}~...{,False,False,False
2026-01-21T16:51:55.412428,33.171295,RX,0x123,8,7C 7D 7E 7F 00 08 94 7C,|}~....|,False,False,False
2026-01-21T16:51:55.413808,33.172675,RX,0x123,8,7D 7E 7F 80 00 08 94 7D,}~.....},False,False,False
2026-01-21T16:51:55.414821,33.173688,RX,0x123,8,7E 7F 80 81 00 08 94 7E,~......~,False,False,False
2026-01-21T16:51:55.417556,33.176423,RX,0x123,8,7F 80 81 82 00 08 94 7F,........,False,False,False
2026-01-21T16:51:55.419586,33.178452,RX,0x123,8,80 81 82 83 00 08 94 80,........,False,False,False
2026-01-21T16:51:55.420919,33.179786,RX,0x123,8,81 82 83 84 00 08 94 81,........,False,False,False
2026-01-21T16:51:55.422821,33.181689,RX,0x123,8,82 83 84 85 00 08 94 82,........,False,False,False
2026-01-21T16:51:55.424458,33.183325,RX,0x123,8,83 84 85 86 00 08 94 83,........,False,False,False
2026-01-21T16:51:55.426665,33.185532,RX,0x123,8,84 85 86 87 00 08 94 84,........,False,False,False
2026-01-21T16:51:55.428224,33.187091,RX,0x123,8,85 86 87 88 00 08 94 85,........,False,False,False
2026-01-21T16:51:55.429668,33.188535,RX,0x123,8,86 87 88 89 00 08 94 86,........,False,False,False
2026-01-21T16:51:55.431097,33.189964,RX,0x123,8,87 88 89 8A 00 08 94 87,........,False,False,False
2026-01-21T16:51:55.432474,33.191341,RX,0x123,8,88 89 8A 8B 00 08 94 88,........,False,False,False
2026-01-21T16:51:55.433512,33.192379,RX,0x123,8,89 8A 8B 8C 00 08 94 89,........,False,False,False
2026-01-21T16:51:55.435793,33.194660,RX,0x123,8,8A 8B 8C 8D 00 08 94 8A,........,False,False,False
2026-01-21T16:51:55.437477,33.196344,RX,0x123,8,8B 8C 8D 8E 00 08 94 8B,........,False,False,False
2026-01-21T16:51:55.439178,33.198045,RX,0x123,8,8C 8D 8E 8F 00 08 94 8C,........,False,False,False
2026-01-21T16:51:55.441010,33.199877,RX,0x123,8,8D 8E 8F 90 00 08 94 8D,........,False,False,False
2026-01-21T16:51:55.442956,33.201823,RX,0x123,8,8E 8F 90 91 00 08 94 8E,........,False,False,False
2026-01-21T16:51:55.444819,33.203686,RX,0x123,8,8F 90 91 92 00 08 94 8F,........,False,False,False
2026-01-21T16:51:55.446454,33.205321,RX,0x123,8,90 91 92 93 00 08 94 90,........,False,False,False
2026-01-21T16:51:55.448015,33.206882,RX,0x123,8,91 92 93 94 00 08 94 91,........,False,False,False
2026-01-21T16:51:55.449459,33.208326,RX,0x123,8,92 93 94 95 00 08 94 92,........,False,False,False
2026-01-21T16:51:55.451152,33.210019,RX,0x123,8,93 94 95 96 00 08 94 93,........,False,False,False
2026-01-21T16:51:55.452838,33.211705,RX,0x123,8,94 95 96 97 00 08 94 94,........,False,False,False
2026-01-21T16:51:55.454664,33.213531,RX,0x123,8,95 96 97 98 00 08 94 95,........,False,False,False
2026-01-21T16:51:55.456378,33.215245,RX,0x123,8,96 97 98 99 00 08 94 96,........,False,False,False
2026-01-21T16:51:55.458681,33.217548,RX,0x123,8,97 98 99 9A 00 08 94 97,........,False,False,False
2026-01-21T16:51:55.460576,33.219443,RX,0x123,8,98 99 9A 9B 00 08 94 98,........,False,False,False
2026-01-21T16:51:55.463001,33.221868,RX,0x123,8,99 9A 9B 9C 00 08 94 99,........,False,False,False
2026-01-21T16:51:55.464784,33.223651,RX,0x123,8,9A 9B 9C 9D 00 08 94 9A,........,False,False,False
2026-01-21T16:51:55.466819,33.225686,RX,0x123,8,9B 9C 9D 9E 00 08 94 9B,........,False,False,False
2026-01-21T16:51:55.468229,33.227096,RX,0x123,8,9C 9D 9E 9F 00 08 94 9C,........,False,False,False
2026-01-21T16:51:55.469236,33.228103,RX,0x123,8,9D 9E 9F A0 00 08 94 9D,........,False,False,False
2026-01-21T16:51:55.471076,33.229944,RX,0x123,8,9E 9F A0 A1 00 08 94 9E,........,False,False,False
2026-01-21T16:51:55.473760,33.232626,RX,0x123,8,9F A0 A1 A2 00 08 94 9F,........,False,False,False
2026-01-21T16:51:55.475645,33.234513,RX,0x123,8,A0 A1 A2 A3 00 08 94 A0,........,False,False,False
2026-01-21T16:51:55.477174,33.236041,RX,0x123,8,A1 A2 A3 A4 00 08 94 A1,........,False,False,False
2026-01-21T16:51:55.478671,33.237538,RX,0x123,8,A2 A3 A4 A5 00 08 94 A2,........,False,False,False
2026-01-21T16:51:55.480218,33.239085,RX,0x123,8,A3 A4 A5 A6 00 08 94 A3,........,False,False,False
2026-01-21T16:51:55.481884,33.240752,RX,0x123,8,A4 A5 A6 A7 00 08 94 A4,........,False,False,False
2026-01-21T16:51:55.483508,33.242375,RX,0x123,8,A5 A6 A7 A8 00 08 94 A5,........,False,False,False
2026-01-21T16:51:55.485502,33.244369,RX,0x123,8,A6 A7 A8 A9 00 08 94 A6,........,False,False,False
2026-01-21T16:51:55.486840,33.245707,RX,0x123,8,A7 A8 A9 AA 00 08 94 A7,........,False,False,False
2026-01-21T16:51:55.487854,33.246722,RX,0x123,8,A8 A9 AA AB 00 08 94 A8,........,False,False,False
2026-01-21T16:51:55.490332,33.249199,RX,0x123,8,A9 AA AB AC 00 08 94 A9,........,False,False,False
2026-01-21T16:51:55.492205,33.251072,RX,0x123,8,AA AB AC AD 00 08 94 AA,........,False,False,False
2026-01-21T16:51:55.493934,33.252801,RX,0x123,8,AB AC AD AE 00 08 94 AB,........,False,False,False
2026-01-21T16:51:55.495759,33.254626,RX,0x123,8,AC AD AE AF 00 08 94 AC,........,False,False,False
2026-01-21T16:51:55.497898,33.256765,RX,0x123,8,AD AE AF B0 00 08 94 AD,........,False,False,False
2026-01-21T16:51:55.499448,33.258315,RX,0x123,8,AE AF B0 B1 00 08 94 AE,........,False,False,False
2026-01-21T16:51:55.501329,33.259486,RX,0x123,8,AF B0 B1 B2 00 08 94 AF,........,False,False,False
2026-01-21T16:51:55.502697,33.261564,RX,0x123,8,B0 B1 B2 B3 00 08 94 B0,........,False,False,False
2026-01-21T16:51:55.505462,33.264329,RX,0x123,8,B1 B2 B3 B4 00 08 94 B1,........,False,False,False
2026-01-21T16:51:55.506989,33.265856,RX,0x123,8,B2 B3 B4 B5 00 08 94 B2,........,False,False,False
2026-01-21T16:51:55.508577,33.267444,RX,0x123,8,B3 B4 B5 B6 00 08 94 B3,........,False,False,False
2026-01-21T16:51:55.510028,33.268895,RX,0x123,8,B4 B5 B6 B7 00 08 94 B4,........,False,False,False
2026-01-21T16:51:55.511553,33.270420,RX,0x123,8,B5 B6 B7 B8 00 08 94 B5,........,False,False,False
2026-01-21T16:51:55.513058,33.271925,RX,0x123,8,B6 B7 B8 B9 00 08 94 B6,........,False,False,False
2026-01-21T16:51:55.514434,33.273301,RX,0x123,8,B7 B8 B9 BA 00 08 94 B7,........,False,False,False
2026-01-21T16:51:55.515440,33.274307,RX,0x123,8,B8 B9 BA BB 00 08 94 B8,........,False,False,False
2026-01-21T16:51:55.517752,33.276619,RX,0x123,8,B9 BA BB BC 00 08 94 B9,........,False,False,False
2026-01-21T16:51:55.519517,33.278383,RX,0x123,8,BA BB BC BD 00 08 94 BA,........,False,False,False
2026-01-21T16:51:55.521630,33.280497,RX,0x123,8,BB BC BD BE 00 08 94 BB,........,False,False,False
2026-01-21T16:51:55.523111,33.281978,RX,0x123,8,BC BD BE BF 00 08 94 BC,........,False,False,False
2026-01-21T16:51:55.524607,33.283474,RX,0x123,8,BD BE BF C0 00 08 94 BD,........,False,False,False
2026-01-21T16:51:55.526164,33.285031,RX,0x123,8,BE BF C0 C1 00 08 94 BE,........,False,False,False
2026-01-21T16:51:55.527927,33.286794,RX,0x123,8,BF C0 C1 C2 00 08 94 BF,........,False,False,False
2026-01-21T16:51:55.530013,33.288880,RX,0x123,8,C0 C1 C2 C3 00 08 94 C0,........,False,False,False
2026-01-21T16:51:55.531615,33.290482,RX,0x123,8,C1 C2 C3 C4 00 08 94 C1,........,False,False,False
2026-01-21T16:51:55.533085,33.291953,RX,0x123,8,C2 C3 C4 C5 00 08 94 C2,........,False,False,False
2026-01-21T16:51:55.534669,33.293536,RX,0x123,8,C3 C4 C5 C6 00 08 94 C3,........,False,False,False
2026-01-21T16:51:55.536321,33.295187,RX,0x123,8,C4 C5 C6 C7 00 08 94 C4,........,False,False,False
2026-01-21T16:51:55.537974,33.296841,RX,0x123,8,C5 C6 C7 C8 00 08 94 C5,........,False,False,False
2026-01-21T16:51:55.539949,33.298816,RX,0x123,8,C6 C7 C8 C9 00 08 94 C6,........,False,False,False
2026-01-21T16:51:55.541537,33.300404,RX,0x123,8,C7 C8 C9 CA 00 08 94 C7,........,False,False,False
2026-01-21T16:51:55.542986,33.301853,RX,0x123,8,C8 C9 CA CB 00 08 94 C8,........,False,False,False
2026-01-21T16:51:55.544568,33.303435,RX,0x123,8,C9 CA CB CC 00 08 94 C9,........,False,False,False
2026-01-21T16:51:55.546223,33.305090,RX,0x123,8,CA CB CC CD 00 08 94 CA,........,False,False,False
2026-01-21T16:51:55.547573,33.306440,RX,0x123,8,CB CC CD CE 00 08 94 CB,........,False,False,False
2026-01-21T16:51:55.549101,33.307968,RX,0x123,8,CC CD CE CF 00 08 94 CC,........,False,False,False
2026-01-21T16:51:55.550611,33.309478,RX,0x123,8,CD CE CF D0 00 08 94 CD,........,False,False,False
2026-01-21T16:51:55.552186,33.311053,RX,0x123,8,CE CF D0 D1 00 08 94 CE,........,False,False,False
2026-01-21T16:51:55.553720,33.312587,RX,0x123,8,CF D0 D1 D2 00 08 94 CF,........,False,False,False
2026-01-21T16:51:55.555107,33.313974,RX,0x123,8,D0 D1 D2 D3 00 08 94 D0,........,False,False,False
2026-01-21T16:51:55.556143,33.315010,RX,0x123,8,D1 D2 D3 D4 00 08 94 D1,........,False,False,False
2026-01-21T16:51:55.558249,33.317116,RX,0x123,8,D2 D3 D4 D5 00 08 94 D2,........,False,False,False
2026-01-21T16:51:55.559590,33.318457,RX,0x123,8,D3 D4 D5 D6 00 08 94 D3,........,False,False,False
2026-01-21T16:51:55.560914,33.319781,RX,0x123,8,D4 D5 D6 D7 00 08 94 D4,........,False,False,False
2026-01-21T16:51:55.562446,33.321313,RX,0x123,8,D5 D6 D7 D8 00 08 94 D5,........,False,False,False
2026-01-21T16:51:55.563926,33.322793,RX,0x123,8,D6 D7 D8 D9 00 08 94 D6,........,False,False,False
2026-01-21T16:51:55.565353,33.324220,RX,0x123,8,D7 D8 D9 DA 00 08 94 D7,........,False,False,False
2026-01-21T16:51:55.566875,33.325742,RX,0x123,8,D8 D9 DA DB 00 08 94 D8,........,False,False,False
2026-01-21T16:51:55.568423,33.327290,RX,0x123,8,D9 DA DB DC 00 08 94 D9,........,False,False,False
2026-01-21T16:51:55.570422,33.329288,RX,0x123,8,DA DB DC DD 00 08 94 DA,........,False,False,False
2026-01-21T16:51:55.571938,33.330805,RX,0x123,8,DB DC DD DE 00 08 94 DB,........,False,False,False
2026-01-21T16:51:55.573348,33.332215,RX,0x123,8,DC DD DE DF 00 08 94 DC,........,False,False,False
2026-01-21T16:51:55.574767,33.333634,RX,0x123,8,DD DE DF E0 00 08 94 DD,........,False,False,False
2026-01-21T16:51:55.576800,33.335226,RX,0x123,8,DE DF E0 E1 00 08 94 DE,........,False,False,False
2026-01-21T16:51:55.578307,33.337174,RX,0x123,8,DF E0 E1 E2 00 08 94 DF,........,False,False,False
2026-01-21T16:51:55.580003,33.338870,RX,0x123,8,E0 E1 E2 E3 00 08 94 E0,........,False,False,False
2026-01-21T16:51:55.581377,33.340244,RX,0x123,8,E1 E2 E3 E4 00 08 94 E1,........,False,False,False
2026-01-21T16:51:55.583211,33.342078,RX,0x123,8,E2 E3 E4 E5 00 08 94 E2,........,False,False,False
2026-01-21T16:51:55.584866,33.343733,RX,0x123,8,E3 E4 E5 E6 00 08 94 E3,........,False,False,False
2026-01-21T16:51:55.586540,33.345407,RX,0x123,8,E4 E5 E6 E7 00 08 94 E4,........,False,False,False
2026-01-21T16:51:55.588046,33.346913,RX,0x123,8,E5 E6 E7 E8 00 08 94 E5,........,False,False,False
2026-01-21T16:51:55.589567,33.348434,RX,0x123,8,E6 E7 E8 E9 00 08 94 E6,........,False,False,False
2026-01-21T16:51:55.591112,33.349979,RX,0x123,8,E7 E8 E9 EA 00 08 94 E7,........,False,False,False
2026-01-21T16:51:55.592757,33.351624,RX,0x123,8,E8 E9 EA EB 00 08 94 E8,........,False,False,False
2026-01-21T16:51:55.594439,33.353306,RX,0x123,8,E9 EA EB EC 00 08 94 E9,........,False,False,False
2026-01-21T16:51:55.596417,33.355284,RX,0x123,8,EA EB EC ED 00 08 94 EA,........,False,False,False
2026-01-21T16:51:55.598119,33.356986,RX,0x123,8,EB EC ED EE 00 08 94 EB,........,False,False,False
2026-01-21T16:51:55.600244,33.359112,RX,0x123,8,EC ED EE EF 00 08 94 EC,........,False,False,False
2026-01-21T16:51:55.602295,33.361161,RX,0x123,8,ED EE EF F0 00 08 94 ED,........,False,False,False
2026-01-21T16:51:55.604054,33.362921,RX,0x123,8,EE EF F0 F1 00 08 94 EE,........,False,False,False
2026-01-21T16:51:55.605695,33.364562,RX,0x123,8,EF F0 F1 F2 00 08 94 EF,........,False,False,False
2026-01-21T16:51:55.607980,33.366847,RX,0x123,8,F0 F1 F2 F3 00 08 94 F0,........,False,False,False
2026-01-21T16:51:55.609345,33.368212,RX,0x123,8,F1 F2 F3 F4 00 08 94 F1,........,False,False,False
2026-01-21T16:51:55.610774,33.369641,RX,0x123,8,F2 F3 F4 F5 00 08 94 F2,........,False,False,False
2026-01-21T16:51:55.612533,33.371400,RX,0x123,8,F3 F4 F5 F6 00 08 94 F3,........,False,False,False
2026-01-21T16:51:55.614331,33.373199,RX,0x123,8,F4 F5 F6 F7 00 08 94 F4,........,False,False,False
2026-01-21T16:51:55.615344,33.374211,RX,0x123,8,F5 F6 F7 F8 00 08 94 F5,........,False,False,False
2026-01-21T16:51:55.617294,33.376161,RX,0x123,8,F6 F7 F8 F9 00 08 94 F6,........,False,False,False
2026-01-21T16:51:55.618719,33.377586,RX,0x123,8,F7 F8 F9 FA 00 08 94 F7,........,False,False,False
2026-01-21T16:51:55.620152,33.379019,RX,0x123,8,F8 F9 FA FB 00 08 94 F8,........,False,False,False
2026-01-21T16:51:55.621589,33.380456,RX,0x123,8,F9 FA FB FC 00 08 94 F9,........,False,False,False
2026-01-21T16:51:55.622902,33.381769,RX,0x123,8,FA FB FC FD 00 08 94 FA,........,False,False,False
2026-01-21T16:51:55.624320,33.383187,RX,0x123,8,FB FC FD FE 00 08 94 FB,........,False,False,False
2026-01-21T16:51:55.625631,33.384498,RX,0x123,8,FC FD FE FF 00 08 94 FC,........,False,False,False
2026-01-21T16:51:55.626637,33.385504,RX,0x123,8,FD FE FF 00 00 08 94 FD,........,False,False,False
2026-01-21T16:51:55.628926,33.387793,RX,0x123,8,FE FF 00 01 00 08 94 FE,........,False,False,False
2026-01-21T16:51:55.630491,33.389358,RX,0x123,8,FF 00 01 02 00 08 94 FF,........,False,False,False
2026-01-21T16:51:55.631915,33.390782,RX,0x123,8,00 01 02 03 00 08 95 00,........,False,False,False
2026-01-21T16:51:55.633378,33.392245,RX,0x123,8,01 02 03 04 00 08 95 01,........,False,False,False
2026-01-21T16:51:55.634695,33.393563,RX,0x123,8,02 03 04 05 00 08 95 02,........,False,False,False
2026-01-21T16:51:55.636035,33.394902,RX,0x123,8,03 04 05 06 00 08 95 03,........,False,False,False
2026-01-21T16:51:55.637566,33.396433,RX,0x123,8,04 05 06 07 00 08 95 04,........,False,False,False
2026-01-21T16:51:55.638966,33.397833,RX,0x123,8,05 06 07 08 00 08 95 05,........,False,False,False
2026-01-21T16:51:55.640749,33.399616,RX,0x123,8,06 07 08 09 00 08 95 06,........,False,False,False
2026-01-21T16:51:55.642545,33.401412,RX,0x123,8,07 08 09 0A 00 08 95 07,........,False,False,False
2026-01-21T16:51:55.644199,33.403066,RX,0x123,8,08 09 0A 0B 00 08 95 08,........,False,False,False
2026-01-21T16:51:55.646137,33.405004,RX,0x123,8,09 0A 0B 0C 00 08 95 09,........,False,False,False
2026-01-21T16:51:55.648568,33.407435,RX,0x123,8,0A 0B 0C 0D 00 08 95 0A,........,False,False,False
2026-01-21T16:51:55.650601,33.409123,RX,0x123,8,0B 0C 0D 0E 00 08 95 0B,........,False,False,False
2026-01-21T16:51:55.652126,33.410993,RX,0x123,8,0C 0D 0E 0F 00 08 95 0C,........,False,False,False
2026-01-21T16:51:55.654254,33.413121,RX,0x123,8,0D 0E 0F 10 00 08 95 0D,........,False,False,False
2026-01-21T16:51:55.655761,33.414628,RX,0x123,8,0E 0F 10 11 00 08 95 0E,........,False,False,False
2026-01-21T16:51:55.656778,33.415645,RX,0x123,8,0F 10 11 12 00 08 95 0F,........,False,False,False
2026-01-21T16:51:55.658901,33.417768,RX,0x123,8,10 11 12 13 00 08 95 10,........,False,False,False
2026-01-21T16:51:55.660218,33.419085,RX,0x123,8,11 12 13 14 00 08 95 11,........,False,False,False
2026-01-21T16:51:55.661536,33.420403,RX,0x123,8,12 13 14 15 00 08 95 12,........,False,False,False
2026-01-21T16:51:55.663109,33.421976,RX,0x123,8,13 14 15 16 00 08 95 13,........,False,False,False
2026-01-21T16:51:55.664115,33.422982,RX,0x123,8,14 15 16 17 00 08 95 14,........,False,False,False
2026-01-21T16:51:55.666389,33.425256,RX,0x123,8,15 16 17 18 00 08 95 15,........,False,False,False
2026-01-21T16:51:55.667769,33.426636,RX,0x123,8,16 17 18 19 00 08 95 16,........,False,False,False
2026-01-21T16:51:55.669485,33.428352,RX,0x123,8,17 18 19 1A 00 08 95 17,........,False,False,False
2026-01-21T16:51:55.671009,33.429876,RX,0x123,8,18 19 1A 1B 00 08 95 18,........,False,False,False
2026-01-21T16:51:55.673420,33.432287,RX,0x123,8,19 1A 1B 1C 00 08 95 19,........,False,False,False
2026-01-21T16:51:55.675424,33.434292,RX,0x123,8,1A 1B 1C 1D 00 08 95 1A,........,False,False,False
2026-01-21T16:51:55.677066,33.435933,RX,0x123,8,1B 1C 1D 1E 00 08 95 1B,........,False,False,False
2026-01-21T16:51:55.678560,33.437427,RX,0x123,8,1C 1D 1E 1F 00 08 95 1C,........,False,False,False
2026-01-21T16:51:55.680280,33.439147,RX,0x123,8,1D 1E 1F 20 00 08 95 1D,... ....,False,False,False
2026-01-21T16:51:55.682215,33.441082,RX,0x123,8,1E 1F 20 21 00 08 95 1E,.. !....,False,False,False
2026-01-21T16:51:55.683811,33.442678,RX,0x123,8,1F 20 21 22 00 08 95 1F,". !""....",False,False,False
2026-01-21T16:51:55.685874,33.444741,RX,0x123,8,20 21 22 23 00 08 95 20," !""#... ",False,False,False
2026-01-21T16:51:55.687824,33.446692,RX,0x123,8,21 22 23 24 00 08 95 21,"!""#$...!",False,False,False
2026-01-21T16:51:55.689570,33.448437,RX,0x123,8,22 23 24 25 00 08 95 22,"""#$%...""",False,False,False
2026-01-21T16:51:55.691595,33.450462,RX,0x123,8,23 24 25 26 00 08 95 23,#$%&...#,False,False,False
2026-01-21T16:51:55.693562,33.452430,RX,0x123,8,24 25 26 27 00 08 95 24,$%&'...$,False,False,False
2026-01-21T16:51:55.695255,33.454122,RX,0x123,8,25 26 27 28 00 08 95 25,%&'(...%,False,False,False
2026-01-21T16:51:55.696704,33.455571,RX,0x123,8,26 27 28 29 00 08 95 26,&'()...&,False,False,False
2026-01-21T16:51:55.698985,33.457852,RX,0x123,8,27 28 29 2A 00 08 95 27,'()*...',False,False,False
2026-01-21T16:51:55.700500,33.459367,RX,0x123,8,28 29 2A 2B 00 08 95 28,()*+...(,False,False,False
2026-01-21T16:51:55.702094,33.460961,RX,0x123,8,29 2A 2B 2C 00 08 95 29,")*+,...)",False,False,False
2026-01-21T16:51:55.704118,33.462985,RX,0x123,8,2A 2B 2C 2D 00 08 95 2A,"*+,-...*",False,False,False
2026-01-21T16:51:55.705820,33.464688,RX,0x123,8,2B 2C 2D 2E 00 08 95 2B,"+,-....+",False,False,False
2026-01-21T16:51:55.707919,33.466786,RX,0x123,8,2C 2D 2E 2F 00 08 95 2C,",-./...,",False,False,False
2026-01-21T16:51:55.709437,33.468304,RX,0x123,8,2D 2E 2F 30 00 08 95 2D,-./0...-,False,False,False
2026-01-21T16:51:55.711117,33.469984,RX,0x123,8,2E 2F 30 31 00 08 95 2E,./01....,False,False,False
2026-01-21T16:51:55.713068,33.471935,RX,0x123,8,2F 30 31 32 00 08 95 2F,/012.../,False,False,False
2026-01-21T16:51:55.714081,33.472948,RX,0x123,8,30 31 32 33 00 08 95 30,0123...0,False,False,False
2026-01-21T16:51:55.715873,33.474740,RX,0x123,8,31 32 33 34 00 08 95 31,1234...1,False,False,False
2026-01-21T16:51:55.717811,33.476679,RX,0x123,8,32 33 34 35 00 08 95 32,2345...2,False,False,False
2026-01-21T16:51:55.719269,33.478136,RX,0x123,8,33 34 35 36 00 08 95 33,3456...3,False,False,False
2026-01-21T16:51:55.720726,33.479593,RX,0x123,8,34 35 36 37 00 08 95 34,4567...4,False,False,False
2026-01-21T16:51:55.722077,33.480944,RX,0x123,8,35 36 37 38 00 08 95 35,5678...5,False,False,False
2026-01-21T16:51:55.723447,33.482314,RX,0x123,8,36 37 38 39 00 08 95 36,6789...6,False,False,False
2026-01-21T16:51:55.724888,33.483755,RX,0x123,8,37 38 39 3A 00 08 95 37,789:...7,False,False,False
2026-01-21T16:51:55.725942,33.484809,RX,0x123,8,38 39 3A 3B 00 08 95 38,89:;...8,False,False,False
2026-01-21T16:51:55.727758,33.486625,RX,0x123,8,39 3A 3B 3C 00 08 95 39,9:;<...9,False,False,False
2026-01-21T16:51:55.730068,33.488935,RX,0x123,8,3A 3B 3C 3D 00 08 95 3A,:;<=...:,False,False,False
2026-01-21T16:51:55.731520,33.490386,RX,0x123,8,3B 3C 3D 3E 00 08 95 3B,;<=>...;,False,False,False
2026-01-21T16:51:55.732848,33.491715,RX,0x123,8,3C 3D 3E 3F 00 08 95 3C,<=>?...<,False,False,False
2026-01-21T16:51:55.734290,33.493157,RX,0x123,8,3D 3E 3F 40 00 08 95 3D,=>?@...=,False,False,False
2026-01-21T16:51:55.735975,33.494842,RX,0x123,8,3E 3F 40 41 00 08 95 3E,>?@A...>,False,False,False
2026-01-21T16:51:55.737779,33.496646,RX,0x123,8,3F 40 41 42 00 08 95 3F,?@AB...?,False,False,False
2026-01-21T16:51:55.739376,33.498243,RX,0x123,8,40 41 42 43 00 08 95 40,@ABC...@,False,False,False
2026-01-21T16:51:55.741347,33.500214,RX,0x123,8,41 42 43 44 00 08 95 41,ABCD...A,False,False,False
2026-01-21T16:51:55.743134,33.502001,RX,0x123,8,42 43 44 45 00 08 95 42,BCDE...B,False,False,False
2026-01-21T16:51:55.744261,33.503128,RX,0x123,8,43 44 45 46 00 08 95 43,CDEF...C,False,False,False
2026-01-21T16:51:55.746740,33.505607,RX,0x123,8,44 45 46 47 00 08 95 44,DEFG...D,False,False,False
2026-01-21T16:51:55.748607,33.507473,RX,0x123,8,45 46 47 48 00 08 95 45,EFGH...E,False,False,False
2026-01-21T16:51:55.750328,33.509195,RX,0x123,8,46 47 48 49 00 08 95 46,FGHI...F,False,False,False
2026-01-21T16:51:55.752162,33.511029,RX,0x123,8,47 48 49 4A 00 08 95 47,GHIJ...G,False,False,False
2026-01-21T16:51:55.753805,33.512672,RX,0x123,8,48 49 4A 4B 00 08 95 48,HIJK...H,False,False,False
2026-01-21T16:51:55.755314,33.514181,RX,0x123,8,49 4A 4B 4C 00 08 95 49,IJKL...I,False,False,False
2026-01-21T16:51:55.756711,33.515578,RX,0x123,8,4A 4B 4C 4D 00 08 95 4A,JKLM...J,False,False,False
2026-01-21T16:51:55.757722,33.516589,RX,0x123,8,4B 4C 4D 4E 00 08 95 4B,KLMN...K,False,False,False
2026-01-21T16:51:55.759837,33.518704,RX,0x123,8,4C 4D 4E 4F 00 08 95 4C,LMNO...L,False,False,False
2026-01-21T16:51:55.760849,33.519716,RX,0x123,8,4D 4E 4F 50 00 08 95 4D,MNOP...M,False,False,False
2026-01-21T16:51:55.763574,33.522441,RX,0x123,8,4E 4F 50 51 00 08 95 4E,NOPQ...N,False,False,False
2026-01-21T16:51:55.764945,33.523812,RX,0x123,8,4F 50 51 52 00 08 95 4F,OPQR...O,False,False,False
2026-01-21T16:51:55.766431,33.525298,RX,0x123,8,50 51 52 53 00 08 95 50,PQRS...P,False,False,False
2026-01-21T16:51:55.768169,33.527036,RX,0x123,8,51 52 53 54 00 08 95 51,QRST...Q,False,False,False
2026-01-21T16:51:55.769717,33.528584,RX,0x123,8,52 53 54 55 00 08 95 52,RSTU...R,False,False,False
2026-01-21T16:51:55.771213,33.530080,RX,0x123,8,53 54 55 56 00 08 95 53,STUV...S,False,False,False
2026-01-21T16:51:55.772711,33.531578,RX,0x123,8,54 55 56 57 00 08 95 54,TUVW...T,False,False,False
2026-01-21T16:51:55.774207,33.533074,RX,0x123,8,55 56 57 58 00 08 95 55,UVWX...U,False,False,False
2026-01-21T16:51:55.775955,33.534822,RX,0x123,8,56 57 58 59 00 08 95 56,VWXY...V,False,False,False
2026-01-21T16:51:55.777647,33.536514,RX,0x123,8,57 58 59 5A 00 08 95 57,WXYZ...W,False,False,False
2026-01-21T16:51:55.779492,33.538359,RX,0x123,8,58 59 5A 5B 00 08 95 58,XYZ[...X,False,False,False
2026-01-21T16:51:55.781159,33.540026,RX,0x123,8,59 5A 5B 5C 00 08 95 59,YZ[\...Y,False,False,False
2026-01-21T16:51:55.783055,33.541922,RX,0x123,8,5A 5B 5C 5D 00 08 95 5A,Z[\]...Z,False,False,False
2026-01-21T16:51:55.784578,33.543445,RX,0x123,8,5B 5C 5D 5E 00 08 95 5B,[\]^...[,False,False,False
2026-01-21T16:51:55.786237,33.545104,RX,0x123,8,5C 5D 5E 5F 00 08 95 5C,\]^_...\,False,False,False
2026-01-21T16:51:55.787719,33.546587,RX,0x123,8,5D 5E 5F 60 00 08 95 5D,]^_`...],False,False,False
2026-01-21T16:51:55.789225,33.548092,RX,0x123,8,5E 5F 60 61 00 08 95 5E,^_`a...^,False,False,False
2026-01-21T16:51:55.790794,33.549661,RX,0x123,8,5F 60 61 62 00 08 95 5F,_`ab..._,False,False,False
2026-01-21T16:51:55.792292,33.551159,RX,0x123,8,60 61 62 63 00 08 95 60,`abc...`,False,False,False
2026-01-21T16:51:55.793645,33.552512,RX,0x123,8,61 62 63 64 00 08 95 61,abcd...a,False,False,False
2026-01-21T16:51:55.795219,33.554085,RX,0x123,8,62 63 64 65 00 08 95 62,bcde...b,False,False,False
2026-01-21T16:51:55.797051,33.555918,RX,0x123,8,63 64 65 66 00 08 95 63,cdef...c,False,False,False
2026-01-21T16:51:55.798903,33.557770,RX,0x123,8,64 65 66 67 00 08 95 64,defg...d,False,False,False
2026-01-21T16:51:55.800483,33.559350,RX,0x123,8,65 66 67 68 00 08 95 65,efgh...e,False,False,False
2026-01-21T16:51:55.802458,33.561325,RX,0x123,8,66 67 68 69 00 08 95 66,fghi...f,False,False,False
2026-01-21T16:51:55.804190,33.563057,RX,0x123,8,67 68 69 6A 00 08 95 67,ghij...g,False,False,False
2026-01-21T16:51:55.806236,33.565104,RX,0x123,8,68 69 6A 6B 00 08 95 68,hijk...h,False,False,False
2026-01-21T16:51:55.807810,33.566677,RX,0x123,8,69 6A 6B 6C 00 08 95 69,ijkl...i,False,False,False
2026-01-21T16:51:55.809400,33.568267,RX,0x123,8,6A 6B 6C 6D 00 08 95 6A,jklm...j,False,False,False
2026-01-21T16:51:55.811168,33.570035,RX,0x123,8,6B 6C 6D 6E 00 08 95 6B,klmn...k,False,False,False
2026-01-21T16:51:55.813367,33.572234,RX,0x123,8,6C 6D 6E 6F 00 08 95 6C,lmno...l,False,False,False
2026-01-21T16:51:55.814740,33.573607,RX,0x123,8,6D 6E 6F 70 00 08 95 6D,mnop...m,False,False,False
2026-01-21T16:51:55.815753,33.574620,RX,0x123,8,6E 6F 70 71 00 08 95 6E,nopq...n,False,False,False
2026-01-21T16:51:55.818441,33.577308,RX,0x123,8,6F 70 71 72 00 08 95 6F,opqr...o,False,False,False
2026-01-21T16:51:55.820210,33.579077,RX,0x123,8,70 71 72 73 00 08 95 70,pqrs...p,False,False,False
2026-01-21T16:51:55.821951,33.580818,RX,0x123,8,71 72 73 74 00 08 95 71,qrst...q,False,False,False
2026-01-21T16:51:55.823886,33.582753,RX,0x123,8,72 73 74 75 00 08 95 72,rstu...r,False,False,False
2026-01-21T16:51:55.825414,33.584281,RX,0x123,8,73 74 75 76 00 08 95 73,stuv...s,False,False,False
2026-01-21T16:51:55.827132,33.585999,RX,0x123,8,74 75 76 77 00 08 95 74,tuvw...t,False,False,False
2026-01-21T16:51:55.828548,33.587415,RX,0x123,8,75 76 77 78 00 08 95 75,uvwx...u,False,False,False
2026-01-21T16:51:55.830592,33.589458,RX,0x123,8,76 77 78 79 00 08 95 76,vwxy...v,False,False,False
2026-01-21T16:51:55.831470,33.590337,RX,0x123,8,77 78 79 7A 00 08 95 77,wxyz...w,False,False,False
2026-01-21T16:51:55.833013,33.591880,RX,0x123,8,78 79 7A 7B 00 08 95 78,xyz{...x,False,False,False
2026-01-21T16:51:55.834630,33.593496,RX,0x123,8,79 7A 7B 7C 00 08 95 79,yz{|...y,False,False,False
2026-01-21T16:51:55.836571,33.595438,RX,0x123,8,7A 7B 7C 7D 00 08 95 7A,z{|}...z,False,False,False
2026-01-21T16:51:55.838941,33.597808,RX,0x123,8,7B 7C 7D 7E 00 08 95 7B,{|}~...{,False,False,False
2026-01-21T16:51:55.840900,33.599767,RX,0x123,8,7C 7D 7E 7F 00 08 95 7C,|}~....|,False,False,False
2026-01-21T16:51:55.843211,33.602077,RX,0x123,8,7D 7E 7F 80 00 08 95 7D,}~.....},False,False,False
2026-01-21T16:51:55.845045,33.603912,RX,0x123,8,7E 7F 80 81 00 08 95 7E,~......~,False,False,False
2026-01-21T16:51:55.846943,33.605809,RX,0x123,8,7F 80 81 82 00 08 95 7F,........,False,False,False
2026-01-21T16:51:55.849091,33.607958,RX,0x123,8,80 81 82 83 00 08 95 80,........,False,False,False
2026-01-21T16:51:55.851157,33.610023,RX,0x123,8,81 82 83 84 00 08 95 81,........,False,False,False
2026-01-21T16:51:55.853180,33.612047,RX,0x123,8,82 83 84 85 00 08 95 82,........,False,False,False
2026-01-21T16:51:55.854990,33.613857,RX,0x123,8,83 84 85 86 00 08 95 83,........,False,False,False
2026-01-21T16:51:55.857038,33.615905,RX,0x123,8,84 85 86 87 00 08 95 84,........,False,False,False
2026-01-21T16:51:55.859094,33.617961,RX,0x123,8,85 86 87 88 00 08 95 85,........,False,False,False
2026-01-21T16:51:55.861394,33.620261,RX,0x123,8,86 87 88 89 00 08 95 86,........,False,False,False
2026-01-21T16:51:55.863123,33.621990,RX,0x123,8,87 88 89 8A 00 08 95 87,........,False,False,False
2026-01-21T16:51:55.864967,33.623834,RX,0x123,8,88 89 8A 8B 00 08 95 88,........,False,False,False
2026-01-21T16:51:55.866489,33.625356,RX,0x123,8,89 8A 8B 8C 00 08 95 89,........,False,False,False
2026-01-21T16:51:55.868194,33.627061,RX,0x123,8,8A 8B 8C 8D 00 08 95 8A,........,False,False,False
2026-01-21T16:51:55.870158,33.629025,RX,0x123,8,8B 8C 8D 8E 00 08 95 8B,........,False,False,False
2026-01-21T16:51:55.871851,33.630718,RX,0x123,8,8C 8D 8E 8F 00 08 95 8C,........,False,False,False
2026-01-21T16:51:55.873766,33.632633,RX,0x123,8,8D 8E 8F 90 00 08 95 8D,........,False,False,False
2026-01-21T16:51:55.875960,33.634827,RX,0x123,8,8E 8F 90 91 00 08 95 8E,........,False,False,False
2026-01-21T16:51:55.877844,33.636711,RX,0x123,8,8F 90 91 92 00 08 95 8F,........,False,False,False
2026-01-21T16:51:55.880021,33.638888,RX,0x123,8,90 91 92 93 00 08 95 90,........,False,False,False
2026-01-21T16:51:55.881972,33.640839,RX,0x123,8,91 92 93 94 00 08 95 91,........,False,False,False
2026-01-21T16:51:55.884440,33.643306,RX,0x123,8,92 93 94 95 00 08 95 92,........,False,False,False
2026-01-21T16:51:55.886161,33.645027,RX,0x123,8,93 94 95 96 00 08 95 93,........,False,False,False
2026-01-21T16:51:55.888382,33.647249,RX,0x123,8,94 95 96 97 00 08 95 94,........,False,False,False
2026-01-21T16:51:55.890136,33.649003,RX,0x123,8,95 96 97 98 00 08 95 95,........,False,False,False
2026-01-21T16:51:55.892006,33.650873,RX,0x123,8,96 97 98 99 00 08 95 96,........,False,False,False
2026-01-21T16:51:55.893666,33.652533,RX,0x123,8,97 98 99 9A 00 08 95 97,........,False,False,False
2026-01-21T16:51:55.895329,33.654196,RX,0x123,8,98 99 9A 9B 00 08 95 98,........,False,False,False
2026-01-21T16:51:55.897608,33.656475,RX,0x123,8,99 9A 9B 9C 00 08 95 99,........,False,False,False
2026-01-21T16:51:55.899231,33.658098,RX,0x123,8,9A 9B 9C 9D 00 08 95 9A,........,False,False,False
2026-01-21T16:51:55.900722,33.659589,RX,0x123,8,9B 9C 9D 9E 00 08 95 9B,........,False,False,False
2026-01-21T16:51:55.902313,33.661180,RX,0x123,8,9C 9D 9E 9F 00 08 95 9C,........,False,False,False
2026-01-21T16:51:55.904272,33.663139,RX,0x123,8,9D 9E 9F A0 00 08 95 9D,........,False,False,False
2026-01-21T16:51:55.906520,33.665387,RX,0x123,8,9E 9F A0 A1 00 08 95 9E,........,False,False,False
2026-01-21T16:51:55.908105,33.666972,RX,0x123,8,9F A0 A1 A2 00 08 95 9F,........,False,False,False
2026-01-21T16:51:55.909637,33.668504,RX,0x123,8,A0 A1 A2 A3 00 08 95 A0,........,False,False,False
2026-01-21T16:51:55.910985,33.669852,RX,0x123,8,A1 A2 A3 A4 00 08 95 A1,........,False,False,False
2026-01-21T16:51:55.911996,33.670863,RX,0x123,8,A2 A3 A4 A5 00 08 95 A2,........,False,False,False
2026-01-21T16:51:55.914663,33.673530,RX,0x123,8,A3 A4 A5 A6 00 08 95 A3,........,False,False,False
2026-01-21T16:51:55.917217,33.676084,RX,0x123,8,A4 A5 A6 A7 00 08 95 A4,........,False,False,False
2026-01-21T16:51:55.919364,33.678231,RX,0x123,8,A5 A6 A7 A8 00 08 95 A5,........,False,False,False
2026-01-21T16:51:55.921516,33.680383,RX,0x123,8,A6 A7 A8 A9 00 08 95 A6,........,False,False,False
2026-01-21T16:51:55.923254,33.682121,RX,0x123,8,A7 A8 A9 AA 00 08 95 A7,........,False,False,False
2026-01-21T16:51:55.924722,33.683589,RX,0x123,8,A8 A9 AA AB 00 08 95 A8,........,False,False,False
2026-01-21T16:51:55.926455,33.685322,RX,0x123,8,A9 AA AB AC 00 08 95 A9,........,False,False,False
2026-01-21T16:51:55.927954,33.686821,RX,0x123,8,AA AB AC AD 00 08 95 AA,........,False,False,False
2026-01-21T16:51:55.929574,33.688441,RX,0x123,8,AB AC AD AE 00 08 95 AB,........,False,False,False
2026-01-21T16:51:55.931531,33.690398,RX,0x123,8,AC AD AE AF 00 08 95 AC,........,False,False,False
2026-01-21T16:51:55.932927,33.691795,RX,0x123,8,AD AE AF B0 00 08 95 AD,........,False,False,False
2026-01-21T16:51:55.934357,33.693224,RX,0x123,8,AE AF B0 B1 00 08 95 AE,........,False,False,False
2026-01-21T16:51:55.936054,33.694921,RX,0x123,8,AF B0 B1 B2 00 08 95 AF,........,False,False,False
2026-01-21T16:51:55.938008,33.696875,RX,0x123,8,B0 B1 B2 B3 00 08 95 B0,........,False,False,False
2026-01-21T16:51:55.939354,33.698221,RX,0x123,8,B1 B2 B3 B4 00 08 95 B1,........,False,False,False
2026-01-21T16:51:55.940918,33.699785,RX,0x123,8,B2 B3 B4 B5 00 08 95 B2,........,False,False,False
2026-01-21T16:51:55.941930,33.700797,RX,0x123,8,B3 B4 B5 B6 00 08 95 B3,........,False,False,False
2026-01-21T16:51:55.944007,33.702874,RX,0x123,8,B4 B5 B6 B7 00 08 95 B4,........,False,False,False
2026-01-21T16:51:55.945017,33.703884,RX,0x123,8,B5 B6 B7 B8 00 08 95 B5,........,False,False,False
2026-01-21T16:51:55.947146,33.706013,RX,0x123,8,B6 B7 B8 B9 00 08 95 B6,........,False,False,False
2026-01-21T16:51:55.948155,33.707022,RX,0x123,8,B7 B8 B9 BA 00 08 95 B7,........,False,False,False
2026-01-21T16:51:55.950261,33.709127,RX,0x123,8,B8 B9 BA BB 00 08 95 B8,........,False,False,False
2026-01-21T16:51:55.951579,33.710446,RX,0x123,8,B9 BA BB BC 00 08 95 B9,........,False,False,False
2026-01-21T16:51:55.953946,33.712813,RX,0x123,8,BA BB BC BD 00 08 95 BA,........,False,False,False
2026-01-21T16:51:55.954722,33.713589,RX,0x123,8,BB BC BD BE 00 08 95 BB,........,False,False,False
2026-01-21T16:51:55.956850,33.715717,RX,0x123,8,BC BD BE BF 00 08 95 BC,........,False,False,False
2026-01-21T16:51:55.958520,33.717387,RX,0x123,8,BD BE BF C0 00 08 95 BD,........,False,False,False
2026-01-21T16:51:55.960373,33.719240,RX,0x123,8,BE BF C0 C1 00 08 95 BE,........,False,False,False
2026-01-21T16:51:55.962502,33.721369,RX,0x123,8,BF C0 C1 C2 00 08 95 BF,........,False,False,False
2026-01-21T16:51:55.964455,33.723322,RX,0x123,8,C0 C1 C2 C3 00 08 95 C0,........,False,False,False
2026-01-21T16:51:55.966205,33.725072,RX,0x123,8,C1 C2 C3 C4 00 08 95 C1,........,False,False,False
2026-01-21T16:51:55.968189,33.727056,RX,0x123,8,C2 C3 C4 C5 00 08 95 C2,........,False,False,False
2026-01-21T16:51:55.969790,33.728657,RX,0x123,8,C3 C4 C5 C6 00 08 95 C3,........,False,False,False
2026-01-21T16:51:55.971591,33.730458,RX,0x123,8,C4 C5 C6 C7 00 08 95 C4,........,False,False,False
2026-01-21T16:51:55.973497,33.732364,RX,0x123,8,C5 C6 C7 C8 00 08 95 C5,........,False,False,False
2026-01-21T16:51:55.975221,33.734088,RX,0x123,8,C6 C7 C8 C9 00 08 95 C6,........,False,False,False
2026-01-21T16:51:55.977137,33.735242,RX,0x123,8,C7 C8 C9 CA 00 08 95 C7,........,False,False,False
2026-01-21T16:51:55.979192,33.738059,RX,0x123,8,C8 C9 CA CB 00 08 95 C8,........,False,False,False
2026-01-21T16:51:55.981000,33.739867,RX,0x123,8,C9 CA CB CC 00 08 95 C9,........,False,False,False
2026-01-21T16:51:55.982872,33.741739,RX,0x123,8,CA CB CC CD 00 08 95 CA,........,False,False,False
2026-01-21T16:51:55.985712,33.744579,RX,0x123,8,CB CC CD CE 00 08 95 CB,........,False,False,False
2026-01-21T16:51:55.987648,33.746515,RX,0x123,8,CC CD CE CF 00 08 95 CC,........,False,False,False
2026-01-21T16:51:55.989376,33.748243,RX,0x123,8,CD CE CF D0 00 08 95 CD,........,False,False,False
2026-01-21T16:51:55.991521,33.750388,RX,0x123,8,CE CF D0 D1 00 08 95 CE,........,False,False,False
2026-01-21T16:51:55.993023,33.751890,RX,0x123,8,CF D0 D1 D2 00 08 95 CF,........,False,False,False
2026-01-21T16:51:55.994362,33.753229,RX,0x123,8,D0 D1 D2 D3 00 08 95 D0,........,False,False,False
2026-01-21T16:51:55.995786,33.754653,RX,0x123,8,D1 D2 D3 D4 00 08 95 D1,........,False,False,False
2026-01-21T16:51:55.997353,33.756220,RX,0x123,8,D2 D3 D4 D5 00 08 95 D2,........,False,False,False
2026-01-21T16:51:55.998807,33.757674,RX,0x123,8,D3 D4 D5 D6 00 08 95 D3,........,False,False,False
2026-01-21T16:51:56.000403,33.759269,RX,0x123,8,D4 D5 D6 D7 00 08 95 D4,........,False,False,False
2026-01-21T16:51:56.002149,33.761016,RX,0x123,8,D5 D6 D7 D8 00 08 95 D5,........,False,False,False
2026-01-21T16:51:56.004363,33.763230,RX,0x123,8,D6 D7 D8 D9 00 08 95 D6,........,False,False,False
2026-01-21T16:51:56.006392,33.765259,RX,0x123,8,D7 D8 D9 DA 00 08 95 D7,........,False,False,False
2026-01-21T16:51:56.008281,33.767148,RX,0x123,8,D8 D9 DA DB 00 08 95 D8,........,False,False,False
2026-01-21T16:51:56.009875,33.768742,RX,0x123,8,D9 DA DB DC 00 08 95 D9,........,False,False,False
2026-01-21T16:51:56.011455,33.770322,RX,0x123,8,DA DB DC DD 00 08 95 DA,........,False,False,False
2026-01-21T16:51:56.013498,33.772365,RX,0x123,8,DB DC DD DE 00 08 95 DB,........,False,False,False
2026-01-21T16:51:56.015042,33.773909,RX,0x123,8,DC DD DE DF 00 08 95 DC,........,False,False,False
2026-01-21T16:51:56.017513,33.776380,RX,0x123,8,DD DE DF E0 00 08 95 DD,........,False,False,False
2026-01-21T16:51:56.019600,33.778467,RX,0x123,8,DE DF E0 E1 00 08 95 DE,........,False,False,False
2026-01-21T16:51:56.021461,33.780328,RX,0x123,8,DF E0 E1 E2 00 08 95 DF,........,False,False,False
2026-01-21T16:51:56.024017,33.782884,RX,0x123,8,E0 E1 E2 E3 00 08 95 E0,........,False,False,False
2026-01-21T16:51:56.025761,33.784628,RX,0x123,8,E1 E2 E3 E4 00 08 95 E1,........,False,False,False
2026-01-21T16:51:56.027907,33.786774,RX,0x123,8,E2 E3 E4 E5 00 08 95 E2,........,False,False,False
2026-01-21T16:51:56.030226,33.788740,RX,0x123,8,E3 E4 E5 E6 00 08 95 E3,........,False,False,False
2026-01-21T16:51:56.031791,33.790658,RX,0x123,8,E4 E5 E6 E7 00 08 95 E4,........,False,False,False
2026-01-21T16:51:56.033837,33.792704,RX,0x123,8,E5 E6 E7 E8 00 08 95 E5,........,False,False,False
2026-01-21T16:51:56.035195,33.794062,RX,0x123,8,E6 E7 E8 E9 00 08 95 E6,........,False,False,False
2026-01-21T16:51:56.036621,33.795488,RX,0x123,8,E7 E8 E9 EA 00 08 95 E7,........,False,False,False
2026-01-21T16:51:56.038255,33.797122,RX,0x123,8,E8 E9 EA EB 00 08 95 E8,........,False,False,False
2026-01-21T16:51:56.039711,33.798579,RX,0x123,8,E9 EA EB EC 00 08 95 E9,........,False,False,False
2026-01-21T16:51:56.041199,33.800066,RX,0x123,8,EA EB EC ED 00 08 95 EA,........,False,False,False
2026-01-21T16:51:56.042647,33.801514,RX,0x123,8,EB EC ED EE 00 08 95 EB,........,False,False,False
2026-01-21T16:51:56.044294,33.803161,RX,0x123,8,EC ED EE EF 00 08 95 EC,........,False,False,False
2026-01-21T16:51:56.045693,33.804559,RX,0x123,8,ED EE EF F0 00 08 95 ED,........,False,False,False
2026-01-21T16:51:56.048370,33.807237,RX,0x123,8,EE EF F0 F1 00 08 95 EE,........,False,False,False
2026-01-21T16:51:56.050229,33.809096,RX,0x123,8,EF F0 F1 F2 00 08 95 EF,........,False,False,False
2026-01-21T16:51:56.051656,33.810523,RX,0x123,8,F0 F1 F2 F3 00 08 95 F0,........,False,False,False
2026-01-21T16:51:56.053966,33.812833,RX,0x123,8,F1 F2 F3 F4 00 08 95 F1,........,False,False,False
2026-01-21T16:51:56.055937,33.814804,RX,0x123,8,F2 F3 F4 F5 00 08 95 F2,........,False,False,False
2026-01-21T16:51:56.057375,33.816242,RX,0x123,8,F3 F4 F5 F6 00 08 95 F3,........,False,False,False
2026-01-21T16:51:56.058994,33.817861,RX,0x123,8,F4 F5 F6 F7 00 08 95 F4,........,False,False,False
2026-01-21T16:51:56.060570,33.819437,RX,0x123,8,F5 F6 F7 F8 00 08 95 F5,........,False,False,False
2026-01-21T16:51:56.062201,33.821068,RX,0x123,8,F6 F7 F8 F9 00 08 95 F6,........,False,False,False
2026-01-21T16:51:56.063789,33.822656,RX,0x123,8,F7 F8 F9 FA 00 08 95 F7,........,False,False,False
2026-01-21T16:51:56.065380,33.824247,RX,0x123,8,F8 F9 FA FB 00 08 95 F8,........,False,False,False
2026-01-21T16:51:56.067484,33.826351,RX,0x123,8,F9 FA FB FC 00 08 95 F9,........,False,False,False
2026-01-21T16:51:56.069031,33.827898,RX,0x123,8,FA FB FC FD 00 08 95 FA,........,False,False,False
2026-01-21T16:51:56.070422,33.829289,RX,0x123,8,FB FC FD FE 00 08 95 FB,........,False,False,False
2026-01-21T16:51:56.072100,33.830967,RX,0x123,8,FC FD FE FF 00 08 95 FC,........,False,False,False
2026-01-21T16:51:56.073972,33.832839,RX,0x123,8,FD FE FF 00 00 08 95 FD,........,False,False,False
2026-01-21T16:51:56.075445,33.834313,RX,0x123,8,FE FF 00 01 00 08 95 FE,........,False,False,False
2026-01-21T16:51:56.076939,33.835806,RX,0x123,8,FF 00 01 02 00 08 95 FF,........,False,False,False
2026-01-21T16:51:56.078480,33.837348,RX,0x123,8,00 01 02 03 00 08 96 00,........,False,False,False
2026-01-21T16:51:56.080662,33.839529,RX,0x123,8,01 02 03 04 00 08 96 01,........,False,False,False
2026-01-21T16:51:56.082523,33.841390,RX,0x123,8,02 03 04 05 00 08 96 02,........,False,False,False
2026-01-21T16:51:56.084125,33.842992,RX,0x123,8,03 04 05 06 00 08 96 03,........,False,False,False
2026-01-21T16:51:56.087061,33.845086,RX,0x123,8,04 05 06 07 00 08 96 04,........,False,False,False
2026-01-21T16:51:56.088228,33.847095,RX,0x123,8,05 06 07 08 00 08 96 05,........,False,False,False
2026-01-21T16:51:56.091353,33.850220,RX,0x123,8,06 07 08 09 00 08 96 06,........,False,False,False
2026-01-21T16:51:56.093197,33.852064,RX,0x123,8,07 08 09 0A 00 08 96 07,........,False,False,False
2026-01-21T16:51:56.094644,33.853511,RX,0x123,8,08 09 0A 0B 00 08 96 08,........,False,False,False
2026-01-21T16:51:56.096420,33.855287,RX,0x123,8,09 0A 0B 0C 00 08 96 09,........,False,False,False
2026-01-21T16:51:56.098127,33.856994,RX,0x123,8,0A 0B 0C 0D 00 08 96 0A,........,False,False,False
2026-01-21T16:51:56.099705,33.858572,RX,0x123,8,0B 0C 0D 0E 00 08 96 0B,........,False,False,False
2026-01-21T16:51:56.101245,33.860112,RX,0x123,8,0C 0D 0E 0F 00 08 96 0C,........,False,False,False
2026-01-21T16:51:56.102739,33.861606,RX,0x123,8,0D 0E 0F 10 00 08 96 0D,........,False,False,False
2026-01-21T16:51:56.104395,33.863262,RX,0x123,8,0E 0F 10 11 00 08 96 0E,........,False,False,False
2026-01-21T16:51:56.105988,33.864856,RX,0x123,8,0F 10 11 12 00 08 96 0F,........,False,False,False
2026-01-21T16:51:56.107840,33.866707,RX,0x123,8,10 11 12 13 00 08 96 10,........,False,False,False
2026-01-21T16:51:56.109470,33.868337,RX,0x123,8,11 12 13 14 00 08 96 11,........,False,False,False
2026-01-21T16:51:56.110480,33.869347,RX,0x123,8,12 13 14 15 00 08 96 12,........,False,False,False
2026-01-21T16:51:56.112682,33.871549,RX,0x123,8,13 14 15 16 00 08 96 13,........,False,False,False
2026-01-21T16:51:56.114135,33.873002,RX,0x123,8,14 15 16 17 00 08 96 14,........,False,False,False
2026-01-21T16:51:56.115141,33.874008,RX,0x123,8,15 16 17 18 00 08 96 15,........,False,False,False
2026-01-21T16:51:56.116954,33.875821,RX,0x123,8,16 17 18 19 00 08 96 16,........,False,False,False
2026-01-21T16:51:56.118657,33.877524,RX,0x123,8,17 18 19 1A 00 08 96 17,........,False,False,False
2026-01-21T16:51:56.120199,33.879066,RX,0x123,8,18 19 1A 1B 00 08 96 18,........,False,False,False
2026-01-21T16:51:56.121619,33.880486,RX,0x123,8,19 1A 1B 1C 00 08 96 19,........,False,False,False
2026-01-21T16:51:56.123623,33.882489,RX,0x123,8,1A 1B 1C 1D 00 08 96 1A,........,False,False,False
2026-01-21T16:51:56.124982,33.883849,RX,0x123,8,1B 1C 1D 1E 00 08 96 1B,........,False,False,False
2026-01-21T16:51:56.126619,33.885486,RX,0x123,8,1C 1D 1E 1F 00 08 96 1C,........,False,False,False
2026-01-21T16:51:56.128079,33.886946,RX,0x123,8,1D 1E 1F 20 00 08 96 1D,... ....,False,False,False
2026-01-21T16:51:56.129731,33.888598,RX,0x123,8,1E 1F 20 21 00 08 96 1E,.. !....,False,False,False
2026-01-21T16:51:56.131341,33.890208,RX,0x123,8,1F 20 21 22 00 08 96 1F,". !""....",False,False,False
2026-01-21T16:51:56.132885,33.891752,RX,0x123,8,20 21 22 23 00 08 96 20," !""#... ",False,False,False
2026-01-21T16:51:56.134274,33.893141,RX,0x123,8,21 22 23 24 00 08 96 21,"!""#$...!",False,False,False
2026-01-21T16:51:56.135821,33.894688,RX,0x123,8,22 23 24 25 00 08 96 22,"""#$%...""",False,False,False
2026-01-21T16:51:56.137403,33.896270,RX,0x123,8,23 24 25 26 00 08 96 23,#$%&...#,False,False,False
2026-01-21T16:51:56.139400,33.898267,RX,0x123,8,24 25 26 27 00 08 96 24,$%&'...$,False,False,False
2026-01-21T16:51:56.141092,33.899959,RX,0x123,8,25 26 27 28 00 08 96 25,%&'(...%,False,False,False
2026-01-21T16:51:56.142970,33.901837,RX,0x123,8,26 27 28 29 00 08 96 26,&'()...&,False,False,False
2026-01-21T16:51:56.144957,33.903824,RX,0x123,8,27 28 29 2A 00 08 96 27,'()*...',False,False,False
2026-01-21T16:51:56.146507,33.905374,RX,0x123,8,28 29 2A 2B 00 08 96 28,()*+...(,False,False,False
2026-01-21T16:51:56.147777,33.906644,RX,0x123,8,29 2A 2B 2C 00 08 96 29,")*+,...)",False,False,False
2026-01-21T16:51:56.149877,33.908744,RX,0x123,8,2A 2B 2C 2D 00 08 96 2A,"*+,-...*",False,False,False
2026-01-21T16:51:56.151500,33.910367,RX,0x123,8,2B 2C 2D 2E 00 08 96 2B,"+,-....+",False,False,False
2026-01-21T16:51:56.152964,33.911831,RX,0x123,8,2C 2D 2E 2F 00 08 96 2C,",-./...,",False,False,False
2026-01-21T16:51:56.154299,33.913165,RX,0x123,8,2D 2E 2F 30 00 08 96 2D,-./0...-,False,False,False
2026-01-21T16:51:56.155924,33.914791,RX,0x123,8,2E 2F 30 31 00 08 96 2E,./01....,False,False,False
2026-01-21T16:51:56.157883,33.916750,RX,0x123,8,2F 30 31 32 00 08 96 2F,/012.../,False,False,False
2026-01-21T16:51:56.159311,33.918178,RX,0x123,8,30 31 32 33 00 08 96 30,0123...0,False,False,False
2026-01-21T16:51:56.160953,33.919820,RX,0x123,8,31 32 33 34 00 08 96 31,1234...1,False,False,False
2026-01-21T16:51:56.162835,33.921702,RX,0x123,8,32 33 34 35 00 08 96 32,2345...2,False,False,False
2026-01-21T16:51:56.164877,33.923744,RX,0x123,8,33 34 35 36 00 08 96 33,3456...3,False,False,False
2026-01-21T16:51:56.166391,33.925258,RX,0x123,8,34 35 36 37 00 08 96 34,4567...4,False,False,False
2026-01-21T16:51:56.167704,33.926571,RX,0x123,8,35 36 37 38 00 08 96 35,5678...5,False,False,False
2026-01-21T16:51:56.168714,33.927581,RX,0x123,8,36 37 38 39 00 08 96 36,6789...6,False,False,False
2026-01-21T16:51:56.171000,33.929867,RX,0x123,8,37 38 39 3A 00 08 96 37,789:...7,False,False,False
2026-01-21T16:51:56.172594,33.931461,RX,0x123,8,38 39 3A 3B 00 08 96 38,89:;...8,False,False,False
2026-01-21T16:51:56.174217,33.933084,RX,0x123,8,39 3A 3B 3C 00 08 96 39,9:;<...9,False,False,False
2026-01-21T16:51:56.176406,33.935273,RX,0x123,8,3A 3B 3C 3D 00 08 96 3A,:;<=...:,False,False,False
2026-01-21T16:51:56.177981,33.936848,RX,0x123,8,3B 3C 3D 3E 00 08 96 3B,;<=>...;,False,False,False
2026-01-21T16:51:56.179448,33.938315,RX,0x123,8,3C 3D 3E 3F 00 08 96 3C,<=>?...<,False,False,False
2026-01-21T16:51:56.181017,33.939884,RX,0x123,8,3D 3E 3F 40 00 08 96 3D,=>?@...=,False,False,False
2026-01-21T16:51:56.182025,33.940892,RX,0x123,8,3E 3F 40 41 00 08 96 3E,>?@A...>,False,False,False
2026-01-21T16:51:56.184215,33.943082,RX,0x123,8,3F 40 41 42 00 08 96 3F,?@AB...?,False,False,False
2026-01-21T16:51:56.185654,33.944521,RX,0x123,8,40 41 42 43 00 08 96 40,@ABC...@,False,False,False
2026-01-21T16:51:56.187322,33.946189,RX,0x123,8,41 42 43 44 00 08 96 41,ABCD...A,False,False,False
2026-01-21T16:51:56.189098,33.947966,RX,0x123,8,42 43 44 45 00 08 96 42,BCDE...B,False,False,False
2026-01-21T16:51:56.190423,33.949290,RX,0x123,8,43 44 45 46 00 08 96 43,CDEF...C,False,False,False
2026-01-21T16:51:56.191868,33.950735,RX,0x123,8,44 45 46 47 00 08 96 44,DEFG...D,False,False,False
2026-01-21T16:51:56.193433,33.952300,RX,0x123,8,45 46 47 48 00 08 96 45,EFGH...E,False,False,False
2026-01-21T16:51:56.194954,33.953821,RX,0x123,8,46 47 48 49 00 08 96 46,FGHI...F,False,False,False
2026-01-21T16:51:56.196876,33.955743,RX,0x123,8,47 48 49 4A 00 08 96 47,GHIJ...G,False,False,False
2026-01-21T16:51:56.198630,33.957497,RX,0x123,8,48 49 4A 4B 00 08 96 48,HIJK...H,False,False,False
2026-01-21T16:51:56.200028,33.958895,RX,0x123,8,49 4A 4B 4C 00 08 96 49,IJKL...I,False,False,False
2026-01-21T16:51:56.202202,33.961069,RX,0x123,8,4A 4B 4C 4D 00 08 96 4A,JKLM...J,False,False,False
2026-01-21T16:51:56.203144,33.962011,RX,0x123,8,4B 4C 4D 4E 00 08 96 4B,KLMN...K,False,False,False
2026-01-21T16:51:56.204847,33.963714,RX,0x123,8,4C 4D 4E 4F 00 08 96 4C,LMNO...L,False,False,False
2026-01-21T16:51:56.206698,33.965565,RX,0x123,8,4D 4E 4F 50 00 08 96 4D,MNOP...M,False,False,False
2026-01-21T16:51:56.208024,33.966891,RX,0x123,8,4E 4F 50 51 00 08 96 4E,NOPQ...N,False,False,False
2026-01-21T16:51:56.209345,33.968212,RX,0x123,8,4F 50 51 52 00 08 96 4F,OPQR...O,False,False,False
2026-01-21T16:51:56.210695,33.969562,RX,0x123,8,50 51 52 53 00 08 96 50,PQRS...P,False,False,False
2026-01-21T16:51:56.212097,33.970964,RX,0x123,8,51 52 53 54 00 08 96 51,QRST...Q,False,False,False
2026-01-21T16:51:56.213646,33.972513,RX,0x123,8,52 53 54 55 00 08 96 52,RSTU...R,False,False,False
2026-01-21T16:51:56.214657,33.973524,RX,0x123,8,53 54 55 56 00 08 96 53,STUV...S,False,False,False
2026-01-21T16:51:56.217267,33.976134,RX,0x123,8,54 55 56 57 00 08 96 54,TUVW...T,False,False,False
2026-01-21T16:51:56.219609,33.978476,RX,0x123,8,55 56 57 58 00 08 96 55,UVWX...U,False,False,False
2026-01-21T16:51:56.221497,33.980364,RX,0x123,8,56 57 58 59 00 08 96 56,VWXY...V,False,False,False
2026-01-21T16:51:56.223851,33.982718,RX,0x123,8,57 58 59 5A 00 08 96 57,WXYZ...W,False,False,False
2026-01-21T16:51:56.225941,33.984808,RX,0x123,8,58 59 5A 5B 00 08 96 58,XYZ[...X,False,False,False
2026-01-21T16:51:56.227564,33.986431,RX,0x123,8,59 5A 5B 5C 00 08 96 59,YZ[\...Y,False,False,False
2026-01-21T16:51:56.229494,33.988361,RX,0x123,8,5A 5B 5C 5D 00 08 96 5A,Z[\]...Z,False,False,False
2026-01-21T16:51:56.231860,33.990727,RX,0x123,8,5B 5C 5D 5E 00 08 96 5B,[\]^...[,False,False,False
2026-01-21T16:51:56.233973,33.992840,RX,0x123,8,5C 5D 5E 5F 00 08 96 5C,\]^_...\,False,False,False
2026-01-21T16:51:56.235510,33.994377,RX,0x123,8,5D 5E 5F 60 00 08 96 5D,]^_`...],False,False,False
2026-01-21T16:51:56.236522,33.995389,RX,0x123,8,5E 5F 60 61 00 08 96 5E,^_`a...^,False,False,False
2026-01-21T16:51:56.238910,33.997777,RX,0x123,8,5F 60 61 62 00 08 96 5F,_`ab..._,False,False,False
2026-01-21T16:51:56.240496,33.999363,RX,0x123,8,60 61 62 63 00 08 96 60,`abc...`,False,False,False
2026-01-21T16:51:56.242013,34.000880,RX,0x123,8,61 62 63 64 00 08 96 61,abcd...a,False,False,False
2026-01-21T16:51:56.243370,34.002237,RX,0x123,8,62 63 64 65 00 08 96 62,bcde...b,False,False,False
2026-01-21T16:51:56.244384,34.003251,RX,0x123,8,63 64 65 66 00 08 96 63,cdef...c,False,False,False
2026-01-21T16:51:56.246169,34.005036,RX,0x123,8,64 65 66 67 00 08 96 64,defg...d,False,False,False
2026-01-21T16:51:56.248736,34.007603,RX,0x123,8,65 66 67 68 00 08 96 65,efgh...e,False,False,False
2026-01-21T16:51:56.250084,34.008951,RX,0x123,8,66 67 68 69 00 08 96 66,fghi...f,False,False,False
2026-01-21T16:51:56.251505,34.010372,RX,0x123,8,67 68 69 6A 00 08 96 67,ghij...g,False,False,False
2026-01-21T16:51:56.252844,34.011711,RX,0x123,8,68 69 6A 6B 00 08 96 68,hijk...h,False,False,False
2026-01-21T16:51:56.254391,34.013258,RX,0x123,8,69 6A 6B 6C 00 08 96 69,ijkl...i,False,False,False
2026-01-21T16:51:56.256014,34.014881,RX,0x123,8,6A 6B 6C 6D 00 08 96 6A,jklm...j,False,False,False
2026-01-21T16:51:56.258098,34.016965,RX,0x123,8,6B 6C 6D 6E 00 08 96 6B,klmn...k,False,False,False
2026-01-21T16:51:56.259534,34.018401,RX,0x123,8,6C 6D 6E 6F 00 08 96 6C,lmno...l,False,False,False
2026-01-21T16:51:56.260592,34.019459,RX,0x123,8,6D 6E 6F 70 00 08 96 6D,mnop...m,False,False,False
2026-01-21T16:51:56.262717,34.021584,RX,0x123,8,6E 6F 70 71 00 08 96 6E,nopq...n,False,False,False
2026-01-21T16:51:56.264387,34.023254,RX,0x123,8,6F 70 71 72 00 08 96 6F,opqr...o,False,False,False
2026-01-21T16:51:56.265922,34.024789,RX,0x123,8,70 71 72 73 00 08 96 70,pqrs...p,False,False,False
2026-01-21T16:51:56.267528,34.026395,RX,0x123,8,71 72 73 74 00 08 96 71,qrst...q,False,False,False
2026-01-21T16:51:56.269450,34.028317,RX,0x123,8,72 73 74 75 00 08 96 72,rstu...r,False,False,False
2026-01-21T16:51:56.271857,34.030724,RX,0x123,8,73 74 75 76 00 08 96 73,stuv...s,False,False,False
2026-01-21T16:51:56.273729,34.032596,RX,0x123,8,74 75 76 77 00 08 96 74,tuvw...t,False,False,False
2026-01-21T16:51:56.276111,34.034978,RX,0x123,8,75 76 77 78 00 08 96 75,uvwx...u,False,False,False
2026-01-21T16:51:56.277990,34.036857,RX,0x123,8,76 77 78 79 00 08 96 76,vwxy...v,False,False,False
2026-01-21T16:51:56.279739,34.038606,RX,0x123,8,77 78 79 7A 00 08 96 77,wxyz...w,False,False,False
2026-01-21T16:51:56.281770,34.040219,RX,0x123,8,78 79 7A 7B 00 08 96 78,xyz{...x,False,False,False
2026-01-21T16:51:56.283285,34.042151,RX,0x123,8,79 7A 7B 7C 00 08 96 79,yz{|...y,False,False,False
2026-01-21T16:51:56.284801,34.043668,RX,0x123,8,7A 7B 7C 7D 00 08 96 7A,z{|}...z,False,False,False
2026-01-21T16:51:56.286376,34.045243,RX,0x123,8,7B 7C 7D 7E 00 08 96 7B,{|}~...{,False,False,False
2026-01-21T16:51:56.288348,34.047215,RX,0x123,8,7C 7D 7E 7F 00 08 96 7C,|}~....|,False,False,False
2026-01-21T16:51:56.290993,34.049860,RX,0x123,8,7D 7E 7F 80 00 08 96 7D,}~.....},False,False,False
2026-01-21T16:51:56.292633,34.051500,RX,0x123,8,7E 7F 80 81 00 08 96 7E,~......~,False,False,False
2026-01-21T16:51:56.294324,34.053191,RX,0x123,8,7F 80 81 82 00 08 96 7F,........,False,False,False
2026-01-21T16:51:56.295957,34.054824,RX,0x123,8,80 81 82 83 00 08 96 80,........,False,False,False
2026-01-21T16:51:56.297532,34.056400,RX,0x123,8,81 82 83 84 00 08 96 81,........,False,False,False
2026-01-21T16:51:56.299524,34.058391,RX,0x123,8,82 83 84 85 00 08 96 82,........,False,False,False
2026-01-21T16:51:56.301776,34.060643,RX,0x123,8,83 84 85 86 00 08 96 83,........,False,False,False
2026-01-21T16:51:56.302789,34.061656,RX,0x123,8,84 85 86 87 00 08 96 84,........,False,False,False
2026-01-21T16:51:56.304900,34.063767,RX,0x123,8,85 86 87 88 00 08 96 85,........,False,False,False
2026-01-21T16:51:56.305910,34.064777,RX,0x123,8,86 87 88 89 00 08 96 86,........,False,False,False
2026-01-21T16:51:56.308027,34.066894,RX,0x123,8,87 88 89 8A 00 08 96 87,........,False,False,False
2026-01-21T16:51:56.309039,34.067906,RX,0x123,8,88 89 8A 8B 00 08 96 88,........,False,False,False
2026-01-21T16:51:56.311246,34.070113,RX,0x123,8,89 8A 8B 8C 00 08 96 89,........,False,False,False
2026-01-21T16:51:56.312252,34.071119,RX,0x123,8,8A 8B 8C 8D 00 08 96 8A,........,False,False,False
2026-01-21T16:51:56.315313,34.074180,RX,0x123,8,8B 8C 8D 8E 00 08 96 8B,........,False,False,False
2026-01-21T16:51:56.316325,34.075192,RX,0x123,8,8C 8D 8E 8F 00 08 96 8C,........,False,False,False
2026-01-21T16:51:56.318999,34.077866,RX,0x123,8,8D 8E 8F 90 00 08 96 8D,........,False,False,False
2026-01-21T16:51:56.320484,34.079351,RX,0x123,8,8E 8F 90 91 00 08 96 8E,........,False,False,False
2026-01-21T16:51:56.321988,34.080855,RX,0x123,8,8F 90 91 92 00 08 96 8F,........,False,False,False
2026-01-21T16:51:56.323664,34.082531,RX,0x123,8,90 91 92 93 00 08 96 90,........,False,False,False
2026-01-21T16:51:56.325295,34.084162,RX,0x123,8,91 92 93 94 00 08 96 91,........,False,False,False
2026-01-21T16:51:56.327022,34.085889,RX,0x123,8,92 93 94 95 00 08 96 92,........,False,False,False
2026-01-21T16:51:56.328538,34.087405,RX,0x123,8,93 94 95 96 00 08 96 93,........,False,False,False
2026-01-21T16:51:56.330468,34.089335,RX,0x123,8,94 95 96 97 00 08 96 94,........,False,False,False
2026-01-21T16:51:56.331894,34.090761,RX,0x123,8,95 96 97 98 00 08 96 95,........,False,False,False
2026-01-21T16:51:56.333274,34.092141,RX,0x123,8,96 97 98 99 00 08 96 96,........,False,False,False
2026-01-21T16:51:56.334686,34.093554,RX,0x123,8,97 98 99 9A 00 08 96 97,........,False,False,False
2026-01-21T16:51:56.336065,34.094932,RX,0x123,8,98 99 9A 9B 00 08 96 98,........,False,False,False
2026-01-21T16:51:56.337485,34.096352,RX,0x123,8,99 9A 9B 9C 00 08 96 99,........,False,False,False
2026-01-21T16:51:56.338874,34.097741,RX,0x123,8,9A 9B 9C 9D 00 08 96 9A,........,False,False,False
2026-01-21T16:51:56.340547,34.099414,RX,0x123,8,9B 9C 9D 9E 00 08 96 9B,........,False,False,False
2026-01-21T16:51:56.342187,34.101054,RX,0x123,8,9C 9D 9E 9F 00 08 96 9C,........,False,False,False
2026-01-21T16:51:56.344205,34.103072,RX,0x123,8,9D 9E 9F A0 00 08 96 9D,........,False,False,False
2026-01-21T16:51:56.345739,34.104606,RX,0x123,8,9E 9F A0 A1 00 08 96 9E,........,False,False,False
2026-01-21T16:51:56.347197,34.106064,RX,0x123,8,9F A0 A1 A2 00 08 96 9F,........,False,False,False
2026-01-21T16:51:56.348587,34.107454,RX,0x123,8,A0 A1 A2 A3 00 08 96 A0,........,False,False,False
2026-01-21T16:51:56.350036,34.108903,RX,0x123,8,A1 A2 A3 A4 00 08 96 A1,........,False,False,False
2026-01-21T16:51:56.351620,34.110487,RX,0x123,8,A2 A3 A4 A5 00 08 96 A2,........,False,False,False
2026-01-21T16:51:56.353655,34.112522,RX,0x123,8,A3 A4 A5 A6 00 08 96 A3,........,False,False,False
2026-01-21T16:51:56.355358,34.114226,RX,0x123,8,A4 A5 A6 A7 00 08 96 A4,........,False,False,False
2026-01-21T16:51:56.357298,34.116165,RX,0x123,8,A5 A6 A7 A8 00 08 96 A5,........,False,False,False
2026-01-21T16:51:56.359306,34.117781,RX,0x123,8,A6 A7 A8 A9 00 08 96 A6,........,False,False,False
2026-01-21T16:51:56.360898,34.119765,RX,0x123,8,A7 A8 A9 AA 00 08 96 A7,........,False,False,False
2026-01-21T16:51:56.363086,34.121953,RX,0x123,8,A8 A9 AA AB 00 08 96 A8,........,False,False,False
2026-01-21T16:51:56.365308,34.124175,RX,0x123,8,A9 AA AB AC 00 08 96 A9,........,False,False,False
2026-01-21T16:51:56.366913,34.125780,RX,0x123,8,AA AB AC AD 00 08 96 AA,........,False,False,False
2026-01-21T16:51:56.368879,34.127746,RX,0x123,8,AB AC AD AE 00 08 96 AB,........,False,False,False
2026-01-21T16:51:56.371369,34.130236,RX,0x123,8,AC AD AE AF 00 08 96 AC,........,False,False,False
2026-01-21T16:51:56.373531,34.132398,RX,0x123,8,AD AE AF B0 00 08 96 AD,........,False,False,False
2026-01-21T16:51:56.375557,34.134424,RX,0x123,8,AE AF B0 B1 00 08 96 AE,........,False,False,False
2026-01-21T16:51:56.377367,34.136234,RX,0x123,8,AF B0 B1 B2 00 08 96 AF,........,False,False,False
2026-01-21T16:51:56.379329,34.138196,RX,0x123,8,B0 B1 B2 B3 00 08 96 B0,........,False,False,False
2026-01-21T16:51:56.381111,34.139978,RX,0x123,8,B1 B2 B3 B4 00 08 96 B1,........,False,False,False
2026-01-21T16:51:56.383128,34.141995,RX,0x123,8,B2 B3 B4 B5 00 08 96 B2,........,False,False,False
2026-01-21T16:51:56.385645,34.144512,RX,0x123,8,B3 B4 B5 B6 00 08 96 B3,........,False,False,False
2026-01-21T16:51:56.387366,34.146234,RX,0x123,8,B4 B5 B6 B7 00 08 96 B4,........,False,False,False
2026-01-21T16:51:56.389084,34.147951,RX,0x123,8,B5 B6 B7 B8 00 08 96 B5,........,False,False,False
2026-01-21T16:51:56.390899,34.149766,RX,0x123,8,B6 B7 B8 B9 00 08 96 B6,........,False,False,False
2026-01-21T16:51:56.393423,34.152290,RX,0x123,8,B7 B8 B9 BA 00 08 96 B7,........,False,False,False
2026-01-21T16:51:56.395168,34.154035,RX,0x123,8,B8 B9 BA BB 00 08 96 B8,........,False,False,False
2026-01-21T16:51:56.397453,34.156320,RX,0x123,8,B9 BA BB BC 00 08 96 B9,........,False,False,False
2026-01-21T16:51:56.399249,34.158116,RX,0x123,8,BA BB BC BD 00 08 96 BA,........,False,False,False
2026-01-21T16:51:56.401691,34.160558,RX,0x123,8,BB BC BD BE 00 08 96 BB,........,False,False,False
2026-01-21T16:51:56.402916,34.161783,RX,0x123,8,BC BD BE BF 00 08 96 BC,........,False,False,False
2026-01-21T16:51:56.405959,34.164826,RX,0x123,8,BD BE BF C0 00 08 96 BD,........,False,False,False
2026-01-21T16:51:56.408097,34.166964,RX,0x123,8,BE BF C0 C1 00 08 96 BE,........,False,False,False
2026-01-21T16:51:56.409815,34.168682,RX,0x123,8,BF C0 C1 C2 00 08 96 BF,........,False,False,False
2026-01-21T16:51:56.411924,34.170791,RX,0x123,8,C0 C1 C2 C3 00 08 96 C0,........,False,False,False
2026-01-21T16:51:56.413938,34.172805,RX,0x123,8,C1 C2 C3 C4 00 08 96 C1,........,False,False,False
2026-01-21T16:51:56.415575,34.174442,RX,0x123,8,C2 C3 C4 C5 00 08 96 C2,........,False,False,False
2026-01-21T16:51:56.416589,34.175456,RX,0x123,8,C3 C4 C5 C6 00 08 96 C3,........,False,False,False
2026-01-21T16:51:56.419026,34.177892,RX,0x123,8,C4 C5 C6 C7 00 08 96 C4,........,False,False,False
2026-01-21T16:51:56.420872,34.179739,RX,0x123,8,C5 C6 C7 C8 00 08 96 C5,........,False,False,False
2026-01-21T16:51:56.422870,34.181737,RX,0x123,8,C6 C7 C8 C9 00 08 96 C6,........,False,False,False
2026-01-21T16:51:56.425436,34.184303,RX,0x123,8,C7 C8 C9 CA 00 08 96 C7,........,False,False,False
2026-01-21T16:51:56.427146,34.186013,RX,0x123,8,C8 C9 CA CB 00 08 96 C8,........,False,False,False
2026-01-21T16:51:56.429215,34.188082,RX,0x123,8,C9 CA CB CC 00 08 96 C9,........,False,False,False
2026-01-21T16:51:56.431061,34.189928,RX,0x123,8,CA CB CC CD 00 08 96 CA,........,False,False,False
2026-01-21T16:51:56.433142,34.192009,RX,0x123,8,CB CC CD CE 00 08 96 CB,........,False,False,False
2026-01-21T16:51:56.434564,34.193431,RX,0x123,8,CC CD CE CF 00 08 96 CC,........,False,False,False
2026-01-21T16:51:56.435921,34.194788,RX,0x123,8,CD CE CF D0 00 08 96 CD,........,False,False,False
2026-01-21T16:51:56.437654,34.196521,RX,0x123,8,CE CF D0 D1 00 08 96 CE,........,False,False,False
2026-01-21T16:51:56.439626,34.198493,RX,0x123,8,CF D0 D1 D2 00 08 96 CF,........,False,False,False
2026-01-21T16:51:56.441416,34.200284,RX,0x123,8,D0 D1 D2 D3 00 08 96 D0,........,False,False,False
2026-01-21T16:51:56.443108,34.201975,RX,0x123,8,D1 D2 D3 D4 00 08 96 D1,........,False,False,False
2026-01-21T16:51:56.445121,34.203988,RX,0x123,8,D2 D3 D4 D5 00 08 96 D2,........,False,False,False
2026-01-21T16:51:56.447103,34.205970,RX,0x123,8,D3 D4 D5 D6 00 08 96 D3,........,False,False,False
2026-01-21T16:51:56.448772,34.207639,RX,0x123,8,D4 D5 D6 D7 00 08 96 D4,........,False,False,False
2026-01-21T16:51:56.450192,34.209059,RX,0x123,8,D5 D6 D7 D8 00 08 96 D5,........,False,False,False
2026-01-21T16:51:56.451831,34.210698,RX,0x123,8,D6 D7 D8 D9 00 08 96 D6,........,False,False,False
2026-01-21T16:51:56.453794,34.212661,RX,0x123,8,D7 D8 D9 DA 00 08 96 D7,........,False,False,False
2026-01-21T16:51:56.455469,34.214336,RX,0x123,8,D8 D9 DA DB 00 08 96 D8,........,False,False,False
2026-01-21T16:51:56.456975,34.215842,RX,0x123,8,D9 DA DB DC 00 08 96 D9,........,False,False,False
2026-01-21T16:51:56.458449,34.217316,RX,0x123,8,DA DB DC DD 00 08 96 DA,........,False,False,False
2026-01-21T16:51:56.459977,34.218844,RX,0x123,8,DB DC DD DE 00 08 96 DB,........,False,False,False
2026-01-21T16:51:56.461458,34.220325,RX,0x123,8,DC DD DE DF 00 08 96 DC,........,False,False,False
2026-01-21T16:51:56.463491,34.222358,RX,0x123,8,DD DE DF E0 00 08 96 DD,........,False,False,False
2026-01-21T16:51:56.464892,34.223758,RX,0x123,8,DE DF E0 E1 00 08 96 DE,........,False,False,False
2026-01-21T16:51:56.466579,34.225446,RX,0x123,8,DF E0 E1 E2 00 08 96 DF,........,False,False,False
2026-01-21T16:51:56.468508,34.227375,RX,0x123,8,E0 E1 E2 E3 00 08 96 E0,........,False,False,False
2026-01-21T16:51:56.470551,34.229418,RX,0x123,8,E1 E2 E3 E4 00 08 96 E1,........,False,False,False
2026-01-21T16:51:56.472098,34.230965,RX,0x123,8,E2 E3 E4 E5 00 08 96 E2,........,False,False,False
2026-01-21T16:51:56.473583,34.232450,RX,0x123,8,E3 E4 E5 E6 00 08 96 E3,........,False,False,False
2026-01-21T16:51:56.475139,34.234006,RX,0x123,8,E4 E5 E6 E7 00 08 96 E4,........,False,False,False
2026-01-21T16:51:56.477079,34.235946,RX,0x123,8,E5 E6 E7 E8 00 08 96 E5,........,False,False,False
2026-01-21T16:51:56.478530,34.237397,RX,0x123,8,E6 E7 E8 E9 00 08 96 E6,........,False,False,False
2026-01-21T16:51:56.479541,34.238408,RX,0x123,8,E7 E8 E9 EA 00 08 96 E7,........,False,False,False
2026-01-21T16:51:56.483016,34.241883,RX,0x123,8,E8 E9 EA EB 00 08 96 E8,........,False,False,False
2026-01-21T16:51:56.485058,34.243616,RX,0x123,8,E9 EA EB EC 00 08 96 E9,........,False,False,False
2026-01-21T16:51:56.486594,34.245461,RX,0x123,8,EA EB EC ED 00 08 96 EA,........,False,False,False
2026-01-21T16:51:56.488589,34.247456,RX,0x123,8,EB EC ED EE 00 08 96 EB,........,False,False,False
2026-01-21T16:51:56.490350,34.249217,RX,0x123,8,EC ED EE EF 00 08 96 EC,........,False,False,False
2026-01-21T16:51:56.491838,34.250705,RX,0x123,8,ED EE EF F0 00 08 96 ED,........,False,False,False
2026-01-21T16:51:56.493590,34.252457,RX,0x123,8,EE EF F0 F1 00 08 96 EE,........,False,False,False
2026-01-21T16:51:56.495420,34.254287,RX,0x123,8,EF F0 F1 F2 00 08 96 EF,........,False,False,False
2026-01-21T16:51:56.497158,34.256025,RX,0x123,8,F0 F1 F2 F3 00 08 96 F0,........,False,False,False
2026-01-21T16:51:56.498628,34.257495,RX,0x123,8,F1 F2 F3 F4 00 08 96 F1,........,False,False,False
2026-01-21T16:51:56.500224,34.259091,RX,0x123,8,F2 F3 F4 F5 00 08 96 F2,........,False,False,False
2026-01-21T16:51:56.501890,34.260757,RX,0x123,8,F3 F4 F5 F6 00 08 96 F3,........,False,False,False
2026-01-21T16:51:56.503479,34.262346,RX,0x123,8,F4 F5 F6 F7 00 08 96 F4,........,False,False,False
2026-01-21T16:51:56.505167,34.264035,RX,0x123,8,F5 F6 F7 F8 00 08 96 F5,........,False,False,False
2026-01-21T16:51:56.506933,34.265800,RX,0x123,8,F6 F7 F8 F9 00 08 96 F6,........,False,False,False
2026-01-21T16:51:56.508803,34.267670,RX,0x123,8,F7 F8 F9 FA 00 08 96 F7,........,False,False,False
2026-01-21T16:51:56.510245,34.269112,RX,0x123,8,F8 F9 FA FB 00 08 96 F8,........,False,False,False
2026-01-21T16:51:56.511647,34.270514,RX,0x123,8,F9 FA FB FC 00 08 96 F9,........,False,False,False
2026-01-21T16:51:56.513661,34.271524,RX,0x123,8,FA FB FC FD 00 08 96 FA,........,False,False,False
2026-01-21T16:51:56.515190,34.274057,RX,0x123,8,FB FC FD FE 00 08 96 FB,........,False,False,False
2026-01-21T16:51:56.516199,34.275066,RX,0x123,8,FC FD FE FF 00 08 96 FC,........,False,False,False
2026-01-21T16:51:56.518120,34.276987,RX,0x123,8,FD FE FF 00 00 08 96 FD,........,False,False,False
2026-01-21T16:51:56.519816,34.278683,RX,0x123,8,FE FF 00 01 00 08 96 FE,........,False,False,False
2026-01-21T16:51:56.521677,34.280544,RX,0x123,8,FF 00 01 02 00 08 96 FF,........,False,False,False
2026-01-21T16:51:56.524191,34.283058,RX,0x123,8,00 01 02 03 00 08 97 00,........,False,False,False
2026-01-21T16:51:56.526026,34.284893,RX,0x123,8,01 02 03 04 00 08 97 01,........,False,False,False
2026-01-21T16:51:56.527769,34.286636,RX,0x123,8,02 03 04 05 00 08 97 02,........,False,False,False
2026-01-21T16:51:56.529957,34.287927,RX,0x123,8,03 04 05 06 00 08 97 03,........,False,False,False
2026-01-21T16:51:56.531732,34.290600,RX,0x123,8,04 05 06 07 00 08 97 04,........,False,False,False
2026-01-21T16:51:56.533344,34.292211,RX,0x123,8,05 06 07 08 00 08 97 05,........,False,False,False
2026-01-21T16:51:56.535888,34.294755,RX,0x123,8,06 07 08 09 00 08 97 06,........,False,False,False
2026-01-21T16:51:56.538088,34.296955,RX,0x123,8,07 08 09 0A 00 08 97 07,........,False,False,False
2026-01-21T16:51:56.539578,34.298445,RX,0x123,8,08 09 0A 0B 00 08 97 08,........,False,False,False
2026-01-21T16:51:56.541210,34.300077,RX,0x123,8,09 0A 0B 0C 00 08 97 09,........,False,False,False
2026-01-21T16:51:56.543211,34.302078,RX,0x123,8,0A 0B 0C 0D 00 08 97 0A,........,False,False,False
2026-01-21T16:51:56.545012,34.303879,RX,0x123,8,0B 0C 0D 0E 00 08 97 0B,........,False,False,False
2026-01-21T16:51:56.546565,34.305432,RX,0x123,8,0C 0D 0E 0F 00 08 97 0C,........,False,False,False
2026-01-21T16:51:56.547941,34.306808,RX,0x123,8,0D 0E 0F 10 00 08 97 0D,........,False,False,False
2026-01-21T16:51:56.549441,34.308308,RX,0x123,8,0E 0F 10 11 00 08 97 0E,........,False,False,False
2026-01-21T16:51:56.550931,34.309798,RX,0x123,8,0F 10 11 12 00 08 97 0F,........,False,False,False
2026-01-21T16:51:56.551942,34.310809,RX,0x123,8,10 11 12 13 00 08 97 10,........,False,False,False
2026-01-21T16:51:56.554213,34.313080,RX,0x123,8,11 12 13 14 00 08 97 11,........,False,False,False
2026-01-21T16:51:56.555536,34.314404,RX,0x123,8,12 13 14 15 00 08 97 12,........,False,False,False
2026-01-21T16:51:56.557081,34.315948,RX,0x123,8,13 14 15 16 00 08 97 13,........,False,False,False
2026-01-21T16:51:56.558628,34.317495,RX,0x123,8,14 15 16 17 00 08 97 14,........,False,False,False
2026-01-21T16:51:56.560027,34.318893,RX,0x123,8,15 16 17 18 00 08 97 15,........,False,False,False
2026-01-21T16:51:56.561655,34.320522,RX,0x123,8,16 17 18 19 00 08 97 16,........,False,False,False
2026-01-21T16:51:56.563651,34.322518,RX,0x123,8,17 18 19 1A 00 08 97 17,........,False,False,False
2026-01-21T16:51:56.565001,34.323868,RX,0x123,8,18 19 1A 1B 00 08 97 18,........,False,False,False
2026-01-21T16:51:56.566410,34.325277,RX,0x123,8,19 1A 1B 1C 00 08 97 19,........,False,False,False
2026-01-21T16:51:56.567957,34.326824,RX,0x123,8,1A 1B 1C 1D 00 08 97 1A,........,False,False,False
2026-01-21T16:51:56.569465,34.328332,RX,0x123,8,1B 1C 1D 1E 00 08 97 1B,........,False,False,False
2026-01-21T16:51:56.570860,34.329727,RX,0x123,8,1C 1D 1E 1F 00 08 97 1C,........,False,False,False
2026-01-21T16:51:56.572205,34.331072,RX,0x123,8,1D 1E 1F 20 00 08 97 1D,... ....,False,False,False
2026-01-21T16:51:56.573582,34.332449,RX,0x123,8,1E 1F 20 21 00 08 97 1E,.. !....,False,False,False
2026-01-21T16:51:56.574930,34.333797,RX,0x123,8,1F 20 21 22 00 08 97 1F,". !""....",False,False,False
2026-01-21T16:51:56.576284,34.335151,RX,0x123,8,20 21 22 23 00 08 97 20," !""#... ",False,False,False
2026-01-21T16:51:56.577624,34.336491,RX,0x123,8,21 22 23 24 00 08 97 21,"!""#$...!",False,False,False
2026-01-21T16:51:56.579438,34.338305,RX,0x123,8,22 23 24 25 00 08 97 22,"""#$%...""",False,False,False
2026-01-21T16:51:56.580812,34.339679,RX,0x123,8,23 24 25 26 00 08 97 23,#$%&...#,False,False,False
2026-01-21T16:51:56.582635,34.341502,RX,0x123,8,24 25 26 27 00 08 97 24,$%&'...$,False,False,False
2026-01-21T16:51:56.584054,34.342921,RX,0x123,8,25 26 27 28 00 08 97 25,%&'(...%,False,False,False
2026-01-21T16:51:56.585726,34.344593,RX,0x123,8,26 27 28 29 00 08 97 26,&'()...&,False,False,False
2026-01-21T16:51:56.587266,34.346133,RX,0x123,8,27 28 29 2A 00 08 97 27,'()*...',False,False,False
2026-01-21T16:51:56.588777,34.347644,RX,0x123,8,28 29 2A 2B 00 08 97 28,()*+...(,False,False,False
2026-01-21T16:51:56.590288,34.349155,RX,0x123,8,29 2A 2B 2C 00 08 97 29,")*+,...)",False,False,False
2026-01-21T16:51:56.591827,34.350694,RX,0x123,8,2A 2B 2C 2D 00 08 97 2A,"*+,-...*",False,False,False
2026-01-21T16:51:56.593524,34.352391,RX,0x123,8,2B 2C 2D 2E 00 08 97 2B,"+,-....+",False,False,False
2026-01-21T16:51:56.595452,34.354320,RX,0x123,8,2C 2D 2E 2F 00 08 97 2C,",-./...,",False,False,False
2026-01-21T16:51:56.597083,34.355950,RX,0x123,8,2D 2E 2F 30 00 08 97 2D,-./0...-,False,False,False
2026-01-21T16:51:56.598426,34.357293,RX,0x123,8,2E 2F 30 31 00 08 97 2E,./01....,False,False,False
2026-01-21T16:51:56.599978,34.358845,RX,0x123,8,2F 30 31 32 00 08 97 2F,/012.../,False,False,False
2026-01-21T16:51:56.601639,34.360506,RX,0x123,8,30 31 32 33 00 08 97 30,0123...0,False,False,False
2026-01-21T16:51:56.603333,34.362200,RX,0x123,8,31 32 33 34 00 08 97 31,1234...1,False,False,False
2026-01-21T16:51:56.605313,34.364180,RX,0x123,8,32 33 34 35 00 08 97 32,2345...2,False,False,False
2026-01-21T16:51:56.607784,34.366651,RX,0x123,8,33 34 35 36 00 08 97 33,3456...3,False,False,False
2026-01-21T16:51:56.609835,34.368702,RX,0x123,8,34 35 36 37 00 08 97 34,4567...4,False,False,False
2026-01-21T16:51:56.611724,34.370591,RX,0x123,8,35 36 37 38 00 08 97 35,5678...5,False,False,False
2026-01-21T16:51:56.612793,34.371660,RX,0x123,8,36 37 38 39 00 08 97 36,6789...6,False,False,False
2026-01-21T16:51:56.615442,34.374309,RX,0x123,8,37 38 39 3A 00 08 97 37,789:...7,False,False,False
2026-01-21T16:51:56.617987,34.376854,RX,0x123,8,38 39 3A 3B 00 08 97 38,89:;...8,False,False,False
2026-01-21T16:51:56.619467,34.378334,RX,0x123,8,39 3A 3B 3C 00 08 97 39,9:;<...9,False,False,False
2026-01-21T16:51:56.620983,34.379850,RX,0x123,8,3A 3B 3C 3D 00 08 97 3A,:;<=...:,False,False,False
2026-01-21T16:51:56.622370,34.381237,RX,0x123,8,3B 3C 3D 3E 00 08 97 3B,;<=>...;,False,False,False
2026-01-21T16:51:56.623703,34.382570,RX,0x123,8,3C 3D 3E 3F 00 08 97 3C,<=>?...<,False,False,False
2026-01-21T16:51:56.625035,34.383902,RX,0x123,8,3D 3E 3F 40 00 08 97 3D,=>?@...=,False,False,False
2026-01-21T16:51:56.626562,34.385429,RX,0x123,8,3E 3F 40 41 00 08 97 3E,>?@A...>,False,False,False
2026-01-21T16:51:56.628960,34.387827,RX,0x123,8,3F 40 41 42 00 08 97 3F,?@AB...?,False,False,False
2026-01-21T16:51:56.630856,34.389723,RX,0x123,8,40 41 42 43 00 08 97 40,@ABC...@,False,False,False
2026-01-21T16:51:56.632956,34.391823,RX,0x123,8,41 42 43 44 00 08 97 41,ABCD...A,False,False,False
2026-01-21T16:51:56.634555,34.393422,RX,0x123,8,42 43 44 45 00 08 97 42,BCDE...B,False,False,False
2026-01-21T16:51:56.636060,34.394927,RX,0x123,8,43 44 45 46 00 08 97 43,CDEF...C,False,False,False
2026-01-21T16:51:56.637907,34.396774,RX,0x123,8,44 45 46 47 00 08 97 44,DEFG...D,False,False,False
2026-01-21T16:51:56.639243,34.398110,RX,0x123,8,45 46 47 48 00 08 97 45,EFGH...E,False,False,False
2026-01-21T16:51:56.642197,34.401064,RX,0x123,8,46 47 48 49 00 08 97 46,FGHI...F,False,False,False
2026-01-21T16:51:56.644734,34.403601,RX,0x123,8,47 48 49 4A 00 08 97 47,GHIJ...G,False,False,False
2026-01-21T16:51:56.646502,34.405368,RX,0x123,8,48 49 4A 4B 00 08 97 48,HIJK...H,False,False,False
2026-01-21T16:51:56.649051,34.407917,RX,0x123,8,49 4A 4B 4C 00 08 97 49,IJKL...I,False,False,False
2026-01-21T16:51:56.651094,34.409652,RX,0x123,8,4A 4B 4C 4D 00 08 97 4A,JKLM...J,False,False,False
2026-01-21T16:51:56.652948,34.411815,RX,0x123,8,4B 4C 4D 4E 00 08 97 4B,KLMN...K,False,False,False
2026-01-21T16:51:56.653961,34.412828,RX,0x123,8,4C 4D 4E 4F 00 08 97 4C,LMNO...L,False,False,False
2026-01-21T16:51:56.656964,34.415831,RX,0x123,8,4D 4E 4F 50 00 08 97 4D,MNOP...M,False,False,False
2026-01-21T16:51:56.659304,34.418171,RX,0x123,8,4E 4F 50 51 00 08 97 4E,NOPQ...N,False,False,False
2026-01-21T16:51:56.660811,34.419678,RX,0x123,8,4F 50 51 52 00 08 97 4F,OPQR...O,False,False,False
2026-01-21T16:51:56.662439,34.421306,RX,0x123,8,50 51 52 53 00 08 97 50,PQRS...P,False,False,False
2026-01-21T16:51:56.664396,34.423263,RX,0x123,8,51 52 53 54 00 08 97 51,QRST...Q,False,False,False
2026-01-21T16:51:56.665916,34.424783,RX,0x123,8,52 53 54 55 00 08 97 52,RSTU...R,False,False,False
2026-01-21T16:51:56.667309,34.426176,RX,0x123,8,53 54 55 56 00 08 97 53,STUV...S,False,False,False
2026-01-21T16:51:56.668741,34.427608,RX,0x123,8,54 55 56 57 00 08 97 54,TUVW...T,False,False,False
2026-01-21T16:51:56.669748,34.428615,RX,0x123,8,55 56 57 58 00 08 97 55,UVWX...U,False,False,False
2026-01-21T16:51:56.672419,34.431286,RX,0x123,8,56 57 58 59 00 08 97 56,VWXY...V,False,False,False
2026-01-21T16:51:56.674884,34.433751,RX,0x123,8,57 58 59 5A 00 08 97 57,WXYZ...W,False,False,False
2026-01-21T16:51:56.676973,34.435200,RX,0x123,8,58 59 5A 5B 00 08 97 58,XYZ[...X,False,False,False
2026-01-21T16:51:56.678756,34.437623,RX,0x123,8,59 5A 5B 5C 00 08 97 59,YZ[\...Y,False,False,False
2026-01-21T16:51:56.680638,34.439506,RX,0x123,8,5A 5B 5C 5D 00 08 97 5A,Z[\]...Z,False,False,False
2026-01-21T16:51:56.682300,34.441167,RX,0x123,8,5B 5C 5D 5E 00 08 97 5B,[\]^...[,False,False,False
2026-01-21T16:51:56.684354,34.443221,RX,0x123,8,5C 5D 5E 5F 00 08 97 5C,\]^_...\,False,False,False
2026-01-21T16:51:56.686239,34.445106,RX,0x123,8,5D 5E 5F 60 00 08 97 5D,]^_`...],False,False,False
2026-01-21T16:51:56.688303,34.447170,RX,0x123,8,5E 5F 60 61 00 08 97 5E,^_`a...^,False,False,False
2026-01-21T16:51:56.690774,34.449641,RX,0x123,8,5F 60 61 62 00 08 97 5F,_`ab..._,False,False,False
2026-01-21T16:51:56.692764,34.451631,RX,0x123,8,60 61 62 63 00 08 97 60,`abc...`,False,False,False
2026-01-21T16:51:56.694205,34.453072,RX,0x123,8,61 62 63 64 00 08 97 61,abcd...a,False,False,False
2026-01-21T16:51:56.695628,34.454495,RX,0x123,8,62 63 64 65 00 08 97 62,bcde...b,False,False,False
2026-01-21T16:51:56.697119,34.455986,RX,0x123,8,63 64 65 66 00 08 97 63,cdef...c,False,False,False
2026-01-21T16:51:56.698753,34.457620,RX,0x123,8,64 65 66 67 00 08 97 64,defg...d,False,False,False
2026-01-21T16:51:56.700158,34.459026,RX,0x123,8,65 66 67 68 00 08 97 65,efgh...e,False,False,False
2026-01-21T16:51:56.702771,34.461638,RX,0x123,8,66 67 68 69 00 08 97 66,fghi...f,False,False,False
2026-01-21T16:51:56.704736,34.463603,RX,0x123,8,67 68 69 6A 00 08 97 67,ghij...g,False,False,False
2026-01-21T16:51:56.706909,34.465775,RX,0x123,8,68 69 6A 6B 00 08 97 68,hijk...h,False,False,False
2026-01-21T16:51:56.709225,34.468092,RX,0x123,8,69 6A 6B 6C 00 08 97 69,ijkl...i,False,False,False
2026-01-21T16:51:56.710685,34.469552,RX,0x123,8,6A 6B 6C 6D 00 08 97 6A,jklm...j,False,False,False
2026-01-21T16:51:56.712082,34.470949,RX,0x123,8,6B 6C 6D 6E 00 08 97 6B,klmn...k,False,False,False
2026-01-21T16:51:56.713491,34.472358,RX,0x123,8,6C 6D 6E 6F 00 08 97 6C,lmno...l,False,False,False
2026-01-21T16:51:56.715084,34.473951,RX,0x123,8,6D 6E 6F 70 00 08 97 6D,mnop...m,False,False,False
2026-01-21T16:51:56.717039,34.475906,RX,0x123,8,6E 6F 70 71 00 08 97 6E,nopq...n,False,False,False
2026-01-21T16:51:56.719161,34.478028,RX,0x123,8,6F 70 71 72 00 08 97 6F,opqr...o,False,False,False
2026-01-21T16:51:56.720968,34.479835,RX,0x123,8,70 71 72 73 00 08 97 70,pqrs...p,False,False,False
2026-01-21T16:51:56.722906,34.481773,RX,0x123,8,71 72 73 74 00 08 97 71,qrst...q,False,False,False
2026-01-21T16:51:56.724561,34.483428,RX,0x123,8,72 73 74 75 00 08 97 72,rstu...r,False,False,False
2026-01-21T16:51:56.725770,34.484637,RX,0x123,8,73 74 75 76 00 08 97 73,stuv...s,False,False,False
2026-01-21T16:51:56.728149,34.487017,RX,0x123,8,74 75 76 77 00 08 97 74,tuvw...t,False,False,False
2026-01-21T16:51:56.729156,34.488024,RX,0x123,8,75 76 77 78 00 08 97 75,uvwx...u,False,False,False
2026-01-21T16:51:56.731320,34.490187,RX,0x123,8,76 77 78 79 00 08 97 76,vwxy...v,False,False,False
2026-01-21T16:51:56.732652,34.491519,RX,0x123,8,77 78 79 7A 00 08 97 77,wxyz...w,False,False,False
2026-01-21T16:51:56.734274,34.493141,RX,0x123,8,78 79 7A 7B 00 08 97 78,xyz{...x,False,False,False
2026-01-21T16:51:56.736052,34.494919,RX,0x123,8,79 7A 7B 7C 00 08 97 79,yz{|...y,False,False,False
2026-01-21T16:51:56.738170,34.497037,RX,0x123,8,7A 7B 7C 7D 00 08 97 7A,z{|}...z,False,False,False
2026-01-21T16:51:56.739867,34.498734,RX,0x123,8,7B 7C 7D 7E 00 08 97 7B,{|}~...{,False,False,False
2026-01-21T16:51:56.741746,34.500613,RX,0x123,8,7C 7D 7E 7F 00 08 97 7C,|}~....|,False,False,False
2026-01-21T16:51:56.743468,34.502335,RX,0x123,8,7D 7E 7F 80 00 08 97 7D,}~.....},False,False,False
2026-01-21T16:51:56.744950,34.503817,RX,0x123,8,7E 7F 80 81 00 08 97 7E,~......~,False,False,False
2026-01-21T16:51:56.746790,34.505657,RX,0x123,8,7F 80 81 82 00 08 97 7F,........,False,False,False
2026-01-21T16:51:56.748503,34.507370,RX,0x123,8,80 81 82 83 00 08 97 80,........,False,False,False
2026-01-21T16:51:56.750152,34.509019,RX,0x123,8,81 82 83 84 00 08 97 81,........,False,False,False
2026-01-21T16:51:56.751980,34.510847,RX,0x123,8,82 83 84 85 00 08 97 82,........,False,False,False
2026-01-21T16:51:56.753825,34.512692,RX,0x123,8,83 84 85 86 00 08 97 83,........,False,False,False
2026-01-21T16:51:56.755465,34.514332,RX,0x123,8,84 85 86 87 00 08 97 84,........,False,False,False
2026-01-21T16:51:56.757912,34.516779,RX,0x123,8,85 86 87 88 00 08 97 85,........,False,False,False
2026-01-21T16:51:56.759524,34.518391,RX,0x123,8,86 87 88 89 00 08 97 86,........,False,False,False
2026-01-21T16:51:56.761102,34.519969,RX,0x123,8,87 88 89 8A 00 08 97 87,........,False,False,False
2026-01-21T16:51:56.762674,34.521541,RX,0x123,8,88 89 8A 8B 00 08 97 88,........,False,False,False
2026-01-21T16:51:56.764360,34.523227,RX,0x123,8,89 8A 8B 8C 00 08 97 89,........,False,False,False
2026-01-21T16:51:56.766214,34.525081,RX,0x123,8,8A 8B 8C 8D 00 08 97 8A,........,False,False,False
2026-01-21T16:51:56.767789,34.526656,RX,0x123,8,8B 8C 8D 8E 00 08 97 8B,........,False,False,False
2026-01-21T16:51:56.769902,34.528769,RX,0x123,8,8C 8D 8E 8F 00 08 97 8C,........,False,False,False
2026-01-21T16:51:56.771608,34.530475,RX,0x123,8,8D 8E 8F 90 00 08 97 8D,........,False,False,False
2026-01-21T16:51:56.773453,34.532320,RX,0x123,8,8E 8F 90 91 00 08 97 8E,........,False,False,False
2026-01-21T16:51:56.775055,34.533922,RX,0x123,8,8F 90 91 92 00 08 97 8F,........,False,False,False
2026-01-21T16:51:56.777766,34.536633,RX,0x123,8,90 91 92 93 00 08 97 90,........,False,False,False
2026-01-21T16:51:56.779010,34.537877,RX,0x123,8,91 92 93 94 00 08 97 91,........,False,False,False
2026-01-21T16:51:56.781806,34.540673,RX,0x123,8,92 93 94 95 00 08 97 92,........,False,False,False
2026-01-21T16:51:56.782984,34.541852,RX,0x123,8,93 94 95 96 00 08 97 93,........,False,False,False
2026-01-21T16:51:56.785394,34.544261,RX,0x123,8,94 95 96 97 00 08 97 94,........,False,False,False
2026-01-21T16:51:56.787217,34.546084,RX,0x123,8,95 96 97 98 00 08 97 95,........,False,False,False
2026-01-21T16:51:56.788573,34.547440,RX,0x123,8,96 97 98 99 00 08 97 96,........,False,False,False
2026-01-21T16:51:56.790179,34.549046,RX,0x123,8,97 98 99 9A 00 08 97 97,........,False,False,False
2026-01-21T16:51:56.791628,34.550495,RX,0x123,8,98 99 9A 9B 00 08 97 98,........,False,False,False
2026-01-21T16:51:56.794023,34.552891,RX,0x123,8,99 9A 9B 9C 00 08 97 99,........,False,False,False
2026-01-21T16:51:56.795427,34.554294,RX,0x123,8,9A 9B 9C 9D 00 08 97 9A,........,False,False,False
2026-01-21T16:51:56.797974,34.556841,RX,0x123,8,9B 9C 9D 9E 00 08 97 9B,........,False,False,False
2026-01-21T16:51:56.799348,34.558214,RX,0x123,8,9C 9D 9E 9F 00 08 97 9C,........,False,False,False
2026-01-21T16:51:56.801017,34.559884,RX,0x123,8,9D 9E 9F A0 00 08 97 9D,........,False,False,False
2026-01-21T16:51:56.802463,34.561331,RX,0x123,8,9E 9F A0 A1 00 08 97 9E,........,False,False,False
2026-01-21T16:51:56.804008,34.562876,RX,0x123,8,9F A0 A1 A2 00 08 97 9F,........,False,False,False
2026-01-21T16:51:56.805416,34.564283,RX,0x123,8,A0 A1 A2 A3 00 08 97 A0,........,False,False,False
2026-01-21T16:51:56.806993,34.565860,RX,0x123,8,A1 A2 A3 A4 00 08 97 A1,........,False,False,False
2026-01-21T16:51:56.808499,34.567366,RX,0x123,8,A2 A3 A4 A5 00 08 97 A2,........,False,False,False
2026-01-21T16:51:56.810050,34.568917,RX,0x123,8,A3 A4 A5 A6 00 08 97 A3,........,False,False,False
2026-01-21T16:51:56.811484,34.570351,RX,0x123,8,A4 A5 A6 A7 00 08 97 A4,........,False,False,False
2026-01-21T16:51:56.813206,34.572073,RX,0x123,8,A5 A6 A7 A8 00 08 97 A5,........,False,False,False
2026-01-21T16:51:56.814764,34.573631,RX,0x123,8,A6 A7 A8 A9 00 08 97 A6,........,False,False,False
2026-01-21T16:51:56.815851,34.574718,RX,0x123,8,A7 A8 A9 AA 00 08 97 A7,........,False,False,False
2026-01-21T16:51:56.818464,34.577331,RX,0x123,8,A8 A9 AA AB 00 08 97 A8,........,False,False,False
2026-01-21T16:51:56.820597,34.579464,RX,0x123,8,A9 AA AB AC 00 08 97 A9,........,False,False,False
2026-01-21T16:51:56.821991,34.580858,RX,0x123,8,AA AB AC AD 00 08 97 AA,........,False,False,False
2026-01-21T16:51:56.823499,34.582366,RX,0x123,8,AB AC AD AE 00 08 97 AB,........,False,False,False
2026-01-21T16:51:56.824970,34.583837,RX,0x123,8,AC AD AE AF 00 08 97 AC,........,False,False,False
2026-01-21T16:51:56.826548,34.585415,RX,0x123,8,AD AE AF B0 00 08 97 AD,........,False,False,False
2026-01-21T16:51:56.828529,34.587396,RX,0x123,8,AE AF B0 B1 00 08 97 AE,........,False,False,False
2026-01-21T16:51:56.830750,34.589617,RX,0x123,8,AF B0 B1 B2 00 08 97 AF,........,False,False,False
2026-01-21T16:51:56.832641,34.591508,RX,0x123,8,B0 B1 B2 B3 00 08 97 B0,........,False,False,False
2026-01-21T16:51:56.835052,34.593919,RX,0x123,8,B1 B2 B3 B4 00 08 97 B1,........,False,False,False
2026-01-21T16:51:56.836873,34.595740,RX,0x123,8,B2 B3 B4 B5 00 08 97 B2,........,False,False,False
2026-01-21T16:51:56.839377,34.598243,RX,0x123,8,B3 B4 B5 B6 00 08 97 B3,........,False,False,False
2026-01-21T16:51:56.841465,34.600332,RX,0x123,8,B4 B5 B6 B7 00 08 97 B4,........,False,False,False
2026-01-21T16:51:56.843113,34.601980,RX,0x123,8,B5 B6 B7 B8 00 08 97 B5,........,False,False,False
2026-01-21T16:51:56.845033,34.603900,RX,0x123,8,B6 B7 B8 B9 00 08 97 B6,........,False,False,False
2026-01-21T16:51:56.847285,34.606152,RX,0x123,8,B7 B8 B9 BA 00 08 97 B7,........,False,False,False
2026-01-21T16:51:56.849113,34.607980,RX,0x123,8,B8 B9 BA BB 00 08 97 B8,........,False,False,False
2026-01-21T16:51:56.851263,34.610130,RX,0x123,8,B9 BA BB BC 00 08 97 B9,........,False,False,False
2026-01-21T16:51:56.853432,34.612299,RX,0x123,8,BA BB BC BD 00 08 97 BA,........,False,False,False
2026-01-21T16:51:56.855122,34.613989,RX,0x123,8,BB BC BD BE 00 08 97 BB,........,False,False,False
2026-01-21T16:51:56.856569,34.615436,RX,0x123,8,BC BD BE BF 00 08 97 BC,........,False,False,False
2026-01-21T16:51:56.859214,34.618081,RX,0x123,8,BD BE BF C0 00 08 97 BD,........,False,False,False
2026-01-21T16:51:56.860618,34.619485,RX,0x123,8,BE BF C0 C1 00 08 97 BE,........,False,False,False
2026-01-21T16:51:56.861627,34.620494,RX,0x123,8,BF C0 C1 C2 00 08 97 BF,........,False,False,False
2026-01-21T16:51:56.864349,34.623216,RX,0x123,8,C0 C1 C2 C3 00 08 97 C0,........,False,False,False
2026-01-21T16:51:56.865949,34.624816,RX,0x123,8,C1 C2 C3 C4 00 08 97 C1,........,False,False,False
2026-01-21T16:51:56.867570,34.626437,RX,0x123,8,C2 C3 C4 C5 00 08 97 C2,........,False,False,False
2026-01-21T16:51:56.869069,34.627936,RX,0x123,8,C3 C4 C5 C6 00 08 97 C3,........,False,False,False
2026-01-21T16:51:56.870384,34.629251,RX,0x123,8,C4 C5 C6 C7 00 08 97 C4,........,False,False,False
2026-01-21T16:51:56.871398,34.630265,RX,0x123,8,C5 C6 C7 C8 00 08 97 C5,........,False,False,False
2026-01-21T16:51:56.873569,34.632436,RX,0x123,8,C6 C7 C8 C9 00 08 97 C6,........,False,False,False
2026-01-21T16:51:56.875607,34.634474,RX,0x123,8,C7 C8 C9 CA 00 08 97 C7,........,False,False,False
2026-01-21T16:51:56.877293,34.636160,RX,0x123,8,C8 C9 CA CB 00 08 97 C8,........,False,False,False
2026-01-21T16:51:56.879628,34.638495,RX,0x123,8,C9 CA CB CC 00 08 97 C9,........,False,False,False
2026-01-21T16:51:56.881214,34.640081,RX,0x123,8,CA CB CC CD 00 08 97 CA,........,False,False,False
2026-01-21T16:51:56.882701,34.641568,RX,0x123,8,CB CC CD CE 00 08 97 CB,........,False,False,False
2026-01-21T16:51:56.884324,34.643191,RX,0x123,8,CC CD CE CF 00 08 97 CC,........,False,False,False
2026-01-21T16:51:56.886121,34.644988,RX,0x123,8,CD CE CF D0 00 08 97 CD,........,False,False,False
2026-01-21T16:51:56.887820,34.646687,RX,0x123,8,CE CF D0 D1 00 08 97 CE,........,False,False,False
2026-01-21T16:51:56.889739,34.648606,RX,0x123,8,CF D0 D1 D2 00 08 97 CF,........,False,False,False
2026-01-21T16:51:56.891355,34.650223,RX,0x123,8,D0 D1 D2 D3 00 08 97 D0,........,False,False,False
2026-01-21T16:51:56.892818,34.651685,RX,0x123,8,D1 D2 D3 D4 00 08 97 D1,........,False,False,False
2026-01-21T16:51:56.893823,34.652690,RX,0x123,8,D2 D3 D4 D5 00 08 97 D2,........,False,False,False
2026-01-21T16:51:56.896061,34.654928,RX,0x123,8,D3 D4 D5 D6 00 08 97 D3,........,False,False,False
2026-01-21T16:51:56.897675,34.656542,RX,0x123,8,D4 D5 D6 D7 00 08 97 D4,........,False,False,False
2026-01-21T16:51:56.899617,34.658484,RX,0x123,8,D5 D6 D7 D8 00 08 97 D5,........,False,False,False
2026-01-21T16:51:56.901686,34.660553,RX,0x123,8,D6 D7 D8 D9 00 08 97 D6,........,False,False,False
2026-01-21T16:51:56.903114,34.661981,RX,0x123,8,D7 D8 D9 DA 00 08 97 D7,........,False,False,False
2026-01-21T16:51:56.904524,34.663391,RX,0x123,8,D8 D9 DA DB 00 08 97 D8,........,False,False,False
2026-01-21T16:51:56.906056,34.664923,RX,0x123,8,D9 DA DB DC 00 08 97 D9,........,False,False,False
2026-01-21T16:51:56.907507,34.666374,RX,0x123,8,DA DB DC DD 00 08 97 DA,........,False,False,False
2026-01-21T16:51:56.908937,34.667804,RX,0x123,8,DB DC DD DE 00 08 97 DB,........,False,False,False
2026-01-21T16:51:56.910426,34.669293,RX,0x123,8,DC DD DE DF 00 08 97 DC,........,False,False,False
2026-01-21T16:51:56.911853,34.670720,RX,0x123,8,DD DE DF E0 00 08 97 DD,........,False,False,False
2026-01-21T16:51:56.913630,34.672497,RX,0x123,8,DE DF E0 E1 00 08 97 DE,........,False,False,False
2026-01-21T16:51:56.914996,34.673863,RX,0x123,8,DF E0 E1 E2 00 08 97 DF,........,False,False,False
2026-01-21T16:51:56.916481,34.675348,RX,0x123,8,E0 E1 E2 E3 00 08 97 E0,........,False,False,False
2026-01-21T16:51:56.917494,34.676361,RX,0x123,8,E1 E2 E3 E4 00 08 97 E1,........,False,False,False
2026-01-21T16:51:56.919437,34.678304,RX,0x123,8,E2 E3 E4 E5 00 08 97 E2,........,False,False,False
2026-01-21T16:51:56.920858,34.679725,RX,0x123,8,E3 E4 E5 E6 00 08 97 E3,........,False,False,False
2026-01-21T16:51:56.922375,34.681242,RX,0x123,8,E4 E5 E6 E7 00 08 97 E4,........,False,False,False
2026-01-21T16:51:56.924250,34.683117,RX,0x123,8,E5 E6 E7 E8 00 08 97 E5,........,False,False,False
2026-01-21T16:51:56.926261,34.685128,RX,0x123,8,E6 E7 E8 E9 00 08 97 E6,........,False,False,False
2026-01-21T16:51:56.927884,34.686751,RX,0x123,8,E7 E8 E9 EA 00 08 97 E7,........,False,False,False
2026-01-21T16:51:56.929446,34.688313,RX,0x123,8,E8 E9 EA EB 00 08 97 E8,........,False,False,False
2026-01-21T16:51:56.931242,34.690109,RX,0x123,8,E9 EA EB EC 00 08 97 E9,........,False,False,False
2026-01-21T16:51:56.932691,34.691558,RX,0x123,8,EA EB EC ED 00 08 97 EA,........,False,False,False
2026-01-21T16:51:56.934149,34.693017,RX,0x123,8,EB EC ED EE 00 08 97 EB,........,False,False,False
2026-01-21T16:51:56.935669,34.694536,RX,0x123,8,EC ED EE EF 00 08 97 EC,........,False,False,False
2026-01-21T16:51:56.937116,34.695983,RX,0x123,8,ED EE EF F0 00 08 97 ED,........,False,False,False
2026-01-21T16:51:56.938519,34.697386,RX,0x123,8,EE EF F0 F1 00 08 97 EE,........,False,False,False
2026-01-21T16:51:56.939963,34.698830,RX,0x123,8,EF F0 F1 F2 00 08 97 EF,........,False,False,False
2026-01-21T16:51:56.941517,34.700384,RX,0x123,8,F0 F1 F2 F3 00 08 97 F0,........,False,False,False
2026-01-21T16:51:56.942962,34.701829,RX,0x123,8,F1 F2 F3 F4 00 08 97 F1,........,False,False,False
2026-01-21T16:51:56.944630,34.703497,RX,0x123,8,F2 F3 F4 F5 00 08 97 F2,........,False,False,False
2026-01-21T16:51:56.945952,34.704820,RX,0x123,8,F3 F4 F5 F6 00 08 97 F3,........,False,False,False
2026-01-21T16:51:56.947467,34.706334,RX,0x123,8,F4 F5 F6 F7 00 08 97 F4,........,False,False,False
2026-01-21T16:51:56.948777,34.707644,RX,0x123,8,F5 F6 F7 F8 00 08 97 F5,........,False,False,False
2026-01-21T16:51:56.949783,34.708650,RX,0x123,8,F6 F7 F8 F9 00 08 97 F6,........,False,False,False
2026-01-21T16:51:56.951956,34.710823,RX,0x123,8,F7 F8 F9 FA 00 08 97 F7,........,False,False,False
2026-01-21T16:51:56.952963,34.711830,RX,0x123,8,F8 F9 FA FB 00 08 97 F8,........,False,False,False
2026-01-21T16:51:56.955114,34.713981,RX,0x123,8,F9 FA FB FC 00 08 97 F9,........,False,False,False
2026-01-21T16:51:56.956476,34.715343,RX,0x123,8,FA FB FC FD 00 08 97 FA,........,False,False,False
2026-01-21T16:51:56.957855,34.716722,RX,0x123,8,FB FC FD FE 00 08 97 FB,........,False,False,False
2026-01-21T16:51:56.959492,34.718359,RX,0x123,8,FC FD FE FF 00 08 97 FC,........,False,False,False
2026-01-21T16:51:56.961294,34.720161,RX,0x123,8,FD FE FF 00 00 08 97 FD,........,False,False,False
2026-01-21T16:51:56.962670,34.721537,RX,0x123,8,FE FF 00 01 00 08 97 FE,........,False,False,False
2026-01-21T16:51:56.964205,34.723072,RX,0x123,8,FF 00 01 02 00 08 97 FF,........,False,False,False
2026-01-21T16:51:56.965658,34.724525,RX,0x123,8,00 01 02 03 00 08 98 00,........,False,False,False
2026-01-21T16:51:56.966667,34.725533,RX,0x123,8,01 02 03 04 00 08 98 01,........,False,False,False
2026-01-21T16:51:56.969079,34.727946,RX,0x123,8,02 03 04 05 00 08 98 02,........,False,False,False
2026-01-21T16:51:56.970459,34.729326,RX,0x123,8,03 04 05 06 00 08 98 03,........,False,False,False
2026-01-21T16:51:56.971980,34.730847,RX,0x123,8,04 05 06 07 00 08 98 04,........,False,False,False
2026-01-21T16:51:56.973749,34.732617,RX,0x123,8,05 06 07 08 00 08 98 05,........,False,False,False
2026-01-21T16:51:56.975388,34.734255,RX,0x123,8,06 07 08 09 00 08 98 06,........,False,False,False
2026-01-21T16:51:56.976993,34.735860,RX,0x123,8,07 08 09 0A 00 08 98 07,........,False,False,False
2026-01-21T16:51:56.978513,34.737380,RX,0x123,8,08 09 0A 0B 00 08 98 08,........,False,False,False
2026-01-21T16:51:56.979612,34.738479,RX,0x123,8,09 0A 0B 0C 00 08 98 09,........,False,False,False
2026-01-21T16:51:56.982264,34.741131,RX,0x123,8,0A 0B 0C 0D 00 08 98 0A,........,False,False,False
2026-01-21T16:51:56.983701,34.742568,RX,0x123,8,0B 0C 0D 0E 00 08 98 0B,........,False,False,False
2026-01-21T16:51:56.985322,34.744189,RX,0x123,8,0C 0D 0E 0F 00 08 98 0C,........,False,False,False
2026-01-21T16:51:56.987140,34.746007,RX,0x123,8,0D 0E 0F 10 00 08 98 0D,........,False,False,False
2026-01-21T16:51:56.988151,34.747018,RX,0x123,8,0E 0F 10 11 00 08 98 0E,........,False,False,False
2026-01-21T16:51:56.990783,34.749650,RX,0x123,8,0F 10 11 12 00 08 98 0F,........,False,False,False
2026-01-21T16:51:56.992564,34.751431,RX,0x123,8,10 11 12 13 00 08 98 10,........,False,False,False
2026-01-21T16:51:56.994428,34.753295,RX,0x123,8,11 12 13 14 00 08 98 11,........,False,False,False
2026-01-21T16:51:56.996641,34.755508,RX,0x123,8,12 13 14 15 00 08 98 12,........,False,False,False
2026-01-21T16:51:56.998284,34.757151,RX,0x123,8,13 14 15 16 00 08 98 13,........,False,False,False
2026-01-21T16:51:57.000008,34.758875,RX,0x123,8,14 15 16 17 00 08 98 14,........,False,False,False
2026-01-21T16:51:57.001592,34.760459,RX,0x123,8,15 16 17 18 00 08 98 15,........,False,False,False
2026-01-21T16:51:57.003179,34.762046,RX,0x123,8,16 17 18 19 00 08 98 16,........,False,False,False
2026-01-21T16:51:57.004744,34.763611,RX,0x123,8,17 18 19 1A 00 08 98 17,........,False,False,False
2026-01-21T16:51:57.006365,34.765231,RX,0x123,8,18 19 1A 1B 00 08 98 18,........,False,False,False
2026-01-21T16:51:57.007989,34.766856,RX,0x123,8,19 1A 1B 1C 00 08 98 19,........,False,False,False
2026-01-21T16:51:57.010005,34.768872,RX,0x123,8,1A 1B 1C 1D 00 08 98 1A,........,False,False,False
2026-01-21T16:51:57.011841,34.770708,RX,0x123,8,1B 1C 1D 1E 00 08 98 1B,........,False,False,False
2026-01-21T16:51:57.013015,34.771882,RX,0x123,8,1C 1D 1E 1F 00 08 98 1C,........,False,False,False
2026-01-21T16:51:57.015561,34.774428,RX,0x123,8,1D 1E 1F 20 00 08 98 1D,... ....,False,False,False
2026-01-21T16:51:57.016869,34.775736,RX,0x123,8,1E 1F 20 21 00 08 98 1E,.. !....,False,False,False
2026-01-21T16:51:57.019552,34.778419,RX,0x123,8,1F 20 21 22 00 08 98 1F,". !""....",False,False,False
2026-01-21T16:51:57.021460,34.780327,RX,0x123,8,20 21 22 23 00 08 98 20," !""#... ",False,False,False
2026-01-21T16:51:57.023515,34.782382,RX,0x123,8,21 22 23 24 00 08 98 21,"!""#$...!",False,False,False
2026-01-21T16:51:57.025130,34.783997,RX,0x123,8,22 23 24 25 00 08 98 22,"""#$%...""",False,False,False
2026-01-21T16:51:57.027068,34.785935,RX,0x123,8,23 24 25 26 00 08 98 23,#$%&...#,False,False,False
2026-01-21T16:51:57.029061,34.787928,RX,0x123,8,24 25 26 27 00 08 98 24,$%&'...$,False,False,False
2026-01-21T16:51:57.030878,34.789745,RX,0x123,8,25 26 27 28 00 08 98 25,%&'(...%,False,False,False
2026-01-21T16:51:57.032494,34.791361,RX,0x123,8,26 27 28 29 00 08 98 26,&'()...&,False,False,False
2026-01-21T16:51:57.034423,34.793290,RX,0x123,8,27 28 29 2A 00 08 98 27,'()*...',False,False,False
2026-01-21T16:51:57.035968,34.794835,RX,0x123,8,28 29 2A 2B 00 08 98 28,()*+...(,False,False,False
2026-01-21T16:51:57.037683,34.796550,RX,0x123,8,29 2A 2B 2C 00 08 98 29,")*+,...)",False,False,False
2026-01-21T16:51:57.039685,34.798552,RX,0x123,8,2A 2B 2C 2D 00 08 98 2A,"*+,-...*",False,False,False
2026-01-21T16:51:57.041343,34.800210,RX,0x123,8,2B 2C 2D 2E 00 08 98 2B,"+,-....+",False,False,False
2026-01-21T16:51:57.043413,34.802279,RX,0x123,8,2C 2D 2E 2F 00 08 98 2C,",-./...,",False,False,False
2026-01-21T16:51:57.045726,34.804593,RX,0x123,8,2D 2E 2F 30 00 08 98 2D,-./0...-,False,False,False
2026-01-21T16:51:57.047740,34.806607,RX,0x123,8,2E 2F 30 31 00 08 98 2E,./01....,False,False,False
2026-01-21T16:51:57.049842,34.808709,RX,0x123,8,2F 30 31 32 00 08 98 2F,/012.../,False,False,False
2026-01-21T16:51:57.052053,34.810920,RX,0x123,8,30 31 32 33 00 08 98 30,0123...0,False,False,False
2026-01-21T16:51:57.053184,34.812051,RX,0x123,8,31 32 33 34 00 08 98 31,1234...1,False,False,False
2026-01-21T16:51:57.055726,34.814593,RX,0x123,8,32 33 34 35 00 08 98 32,2345...2,False,False,False
2026-01-21T16:51:57.058049,34.816916,RX,0x123,8,33 34 35 36 00 08 98 33,3456...3,False,False,False
2026-01-21T16:51:57.059057,34.817924,RX,0x123,8,34 35 36 37 00 08 98 34,4567...4,False,False,False
2026-01-21T16:51:57.068703,34.827570,RX,0x123,8,35 36 37 38 00 08 98 35,5678...5,False,False,False
2026-01-21T16:51:57.070235,34.829102,RX,0x123,8,36 37 38 39 00 08 98 36,6789...6,False,False,False
2026-01-21T16:51:57.071694,34.830561,RX,0x123,8,37 38 39 3A 00 08 98 37,789:...7,False,False,False
2026-01-21T16:51:57.073115,34.831982,RX,0x123,8,38 39 3A 3B 00 08 98 38,89:;...8,False,False,False
2026-01-21T16:51:57.074602,34.833468,RX,0x123,8,39 3A 3B 3C 00 08 98 39,9:;<...9,False,False,False
2026-01-21T16:51:57.076058,34.834925,RX,0x123,8,3A 3B 3C 3D 00 08 98 3A,:;<=...:,False,False,False
2026-01-21T16:51:57.077494,34.836360,RX,0x123,8,3B 3C 3D 3E 00 08 98 3B,;<=>...;,False,False,False
2026-01-21T16:51:57.078850,34.837717,RX,0x123,8,3C 3D 3E 3F 00 08 98 3C,<=>?...<,False,False,False
2026-01-21T16:51:57.080384,34.839251,RX,0x123,8,3D 3E 3F 40 00 08 98 3D,=>?@...=,False,False,False
2026-01-21T16:51:57.081791,34.840658,RX,0x123,8,3E 3F 40 41 00 08 98 3E,>?@A...>,False,False,False
2026-01-21T16:51:57.083526,34.842392,RX,0x123,8,3F 40 41 42 00 08 98 3F,?@AB...?,False,False,False
2026-01-21T16:51:57.085075,34.843942,RX,0x123,8,40 41 42 43 00 08 98 40,@ABC...@,False,False,False
2026-01-21T16:51:57.086555,34.845422,RX,0x123,8,41 42 43 44 00 08 98 41,ABCD...A,False,False,False
2026-01-21T16:51:57.088172,34.847039,RX,0x123,8,42 43 44 45 00 08 98 42,BCDE...B,False,False,False
2026-01-21T16:51:57.089707,34.848574,RX,0x123,8,43 44 45 46 00 08 98 43,CDEF...C,False,False,False
2026-01-21T16:51:57.091131,34.849998,RX,0x123,8,44 45 46 47 00 08 98 44,DEFG...D,False,False,False
2026-01-21T16:51:57.092522,34.851388,RX,0x123,8,45 46 47 48 00 08 98 45,EFGH...E,False,False,False
2026-01-21T16:51:57.094266,34.853133,RX,0x123,8,46 47 48 49 00 08 98 46,FGHI...F,False,False,False
2026-01-21T16:51:57.095727,34.854594,RX,0x123,8,47 48 49 4A 00 08 98 47,GHIJ...G,False,False,False
2026-01-21T16:51:57.097314,34.856181,RX,0x123,8,48 49 4A 4B 00 08 98 48,HIJK...H,False,False,False
2026-01-21T16:51:57.098899,34.857766,RX,0x123,8,49 4A 4B 4C 00 08 98 49,IJKL...I,False,False,False
2026-01-21T16:51:57.100349,34.859215,RX,0x123,8,4A 4B 4C 4D 00 08 98 4A,JKLM...J,False,False,False
2026-01-21T16:51:57.101814,34.860681,RX,0x123,8,4B 4C 4D 4E 00 08 98 4B,KLMN...K,False,False,False
2026-01-21T16:51:57.103158,34.862025,RX,0x123,8,4C 4D 4E 4F 00 08 98 4C,LMNO...L,False,False,False
2026-01-21T16:51:57.104522,34.863389,RX,0x123,8,4D 4E 4F 50 00 08 98 4D,MNOP...M,False,False,False
2026-01-21T16:51:57.105935,34.864802,RX,0x123,8,4E 4F 50 51 00 08 98 4E,NOPQ...N,False,False,False
2026-01-21T16:51:57.107422,34.866289,RX,0x123,8,4F 50 51 52 00 08 98 4F,OPQR...O,False,False,False
2026-01-21T16:51:57.109044,34.867911,RX,0x123,8,50 51 52 53 00 08 98 50,PQRS...P,False,False,False
2026-01-21T16:51:57.110705,34.869572,RX,0x123,8,51 52 53 54 00 08 98 51,QRST...Q,False,False,False
2026-01-21T16:51:57.112500,34.871367,RX,0x123,8,52 53 54 55 00 08 98 52,RSTU...R,False,False,False
2026-01-21T16:51:57.113941,34.872808,RX,0x123,8,53 54 55 56 00 08 98 53,STUV...S,False,False,False
2026-01-21T16:51:57.115465,34.874332,RX,0x123,8,54 55 56 57 00 08 98 54,TUVW...T,False,False,False
2026-01-21T16:51:57.116472,34.875339,RX,0x123,8,55 56 57 58 00 08 98 55,UVWX...U,False,False,False
2026-01-21T16:51:57.118505,34.877372,RX,0x123,8,56 57 58 59 00 08 98 56,VWXY...V,False,False,False
2026-01-21T16:51:57.120018,34.878886,RX,0x123,8,57 58 59 5A 00 08 98 57,WXYZ...W,False,False,False
2026-01-21T16:51:57.122255,34.881122,RX,0x123,8,58 59 5A 5B 00 08 98 58,XYZ[...X,False,False,False
2026-01-21T16:51:57.123863,34.882730,RX,0x123,8,59 5A 5B 5C 00 08 98 59,YZ[\...Y,False,False,False
2026-01-21T16:51:57.125532,34.884399,RX,0x123,8,5A 5B 5C 5D 00 08 98 5A,Z[\]...Z,False,False,False
2026-01-21T16:51:57.127065,34.885932,RX,0x123,8,5B 5C 5D 5E 00 08 98 5B,[\]^...[,False,False,False
2026-01-21T16:51:57.128550,34.887417,RX,0x123,8,5C 5D 5E 5F 00 08 98 5C,\]^_...\,False,False,False
2026-01-21T16:51:57.129955,34.888822,RX,0x123,8,5D 5E 5F 60 00 08 98 5D,]^_`...],False,False,False
2026-01-21T16:51:57.131732,34.890599,RX,0x123,8,5E 5F 60 61 00 08 98 5E,^_`a...^,False,False,False
2026-01-21T16:51:57.133439,34.892306,RX,0x123,8,5F 60 61 62 00 08 98 5F,_`ab..._,False,False,False
2026-01-21T16:51:57.135032,34.893899,RX,0x123,8,60 61 62 63 00 08 98 60,`abc...`,False,False,False
2026-01-21T16:51:57.136658,34.895525,RX,0x123,8,61 62 63 64 00 08 98 61,abcd...a,False,False,False
2026-01-21T16:51:57.138423,34.897290,RX,0x123,8,62 63 64 65 00 08 98 62,bcde...b,False,False,False
2026-01-21T16:51:57.140055,34.898922,RX,0x123,8,63 64 65 66 00 08 98 63,cdef...c,False,False,False
2026-01-21T16:51:57.141517,34.900384,RX,0x123,8,64 65 66 67 00 08 98 64,defg...d,False,False,False
2026-01-21T16:51:57.142523,34.901390,RX,0x123,8,65 66 67 68 00 08 98 65,efgh...e,False,False,False
2026-01-21T16:51:57.144657,34.903524,RX,0x123,8,66 67 68 69 00 08 98 66,fghi...f,False,False,False
2026-01-21T16:51:57.146152,34.905019,RX,0x123,8,67 68 69 6A 00 08 98 67,ghij...g,False,False,False
2026-01-21T16:51:57.147876,34.906744,RX,0x123,8,68 69 6A 6B 00 08 98 68,hijk...h,False,False,False
2026-01-21T16:51:57.149589,34.908456,RX,0x123,8,69 6A 6B 6C 00 08 98 69,ijkl...i,False,False,False
2026-01-21T16:51:57.150985,34.909852,RX,0x123,8,6A 6B 6C 6D 00 08 98 6A,jklm...j,False,False,False
2026-01-21T16:51:57.152425,34.911292,RX,0x123,8,6B 6C 6D 6E 00 08 98 6B,klmn...k,False,False,False
2026-01-21T16:51:57.154136,34.913003,RX,0x123,8,6C 6D 6E 6F 00 08 98 6C,lmno...l,False,False,False
2026-01-21T16:51:57.155690,34.914557,RX,0x123,8,6D 6E 6F 70 00 08 98 6D,mnop...m,False,False,False
2026-01-21T16:51:57.157087,34.915954,RX,0x123,8,6E 6F 70 71 00 08 98 6E,nopq...n,False,False,False
2026-01-21T16:51:57.158444,34.917311,RX,0x123,8,6F 70 71 72 00 08 98 6F,opqr...o,False,False,False
2026-01-21T16:51:57.159450,34.918317,RX,0x123,8,70 71 72 73 00 08 98 70,pqrs...p,False,False,False
2026-01-21T16:51:57.161742,34.920609,RX,0x123,8,71 72 73 74 00 08 98 71,qrst...q,False,False,False
2026-01-21T16:51:57.163115,34.921982,RX,0x123,8,72 73 74 75 00 08 98 72,rstu...r,False,False,False
2026-01-21T16:51:57.164732,34.923599,RX,0x123,8,73 74 75 76 00 08 98 73,stuv...s,False,False,False
2026-01-21T16:51:57.166284,34.925151,RX,0x123,8,74 75 76 77 00 08 98 74,tuvw...t,False,False,False
2026-01-21T16:51:57.167723,34.926590,RX,0x123,8,75 76 77 78 00 08 98 75,uvwx...u,False,False,False
2026-01-21T16:51:57.169220,34.928087,RX,0x123,8,76 77 78 79 00 08 98 76,vwxy...v,False,False,False
2026-01-21T16:51:57.171388,34.930255,RX,0x123,8,77 78 79 7A 00 08 98 77,wxyz...w,False,False,False
2026-01-21T16:51:57.172993,34.931860,RX,0x123,8,78 79 7A 7B 00 08 98 78,xyz{...x,False,False,False
2026-01-21T16:51:57.174647,34.933514,RX,0x123,8,79 7A 7B 7C 00 08 98 79,yz{|...y,False,False,False
2026-01-21T16:51:57.176268,34.935135,RX,0x123,8,7A 7B 7C 7D 00 08 98 7A,z{|}...z,False,False,False
2026-01-21T16:51:57.178186,34.937053,RX,0x123,8,7B 7C 7D 7E 00 08 98 7B,{|}~...{,False,False,False
2026-01-21T16:51:57.180240,34.939107,RX,0x123,8,7C 7D 7E 7F 00 08 98 7C,|}~....|,False,False,False
2026-01-21T16:51:57.181703,34.940570,RX,0x123,8,7D 7E 7F 80 00 08 98 7D,}~.....},False,False,False
2026-01-21T16:51:57.183214,34.942081,RX,0x123,8,7E 7F 80 81 00 08 98 7E,~......~,False,False,False
2026-01-21T16:51:57.184535,34.943402,RX,0x123,8,7F 80 81 82 00 08 98 7F,........,False,False,False
2026-01-21T16:51:57.185981,34.944849,RX,0x123,8,80 81 82 83 00 08 98 80,........,False,False,False
2026-01-21T16:51:57.187435,34.946302,RX,0x123,8,81 82 83 84 00 08 98 81,........,False,False,False
2026-01-21T16:51:57.188971,34.947838,RX,0x123,8,82 83 84 85 00 08 98 82,........,False,False,False
2026-01-21T16:51:57.190483,34.949351,RX,0x123,8,83 84 85 86 00 08 98 83,........,False,False,False
2026-01-21T16:51:57.191997,34.950864,RX,0x123,8,84 85 86 87 00 08 98 84,........,False,False,False
2026-01-21T16:51:57.193561,34.952428,RX,0x123,8,85 86 87 88 00 08 98 85,........,False,False,False
2026-01-21T16:51:57.195104,34.953971,RX,0x123,8,86 87 88 89 00 08 98 86,........,False,False,False
2026-01-21T16:51:57.196655,34.955522,RX,0x123,8,87 88 89 8A 00 08 98 87,........,False,False,False
2026-01-21T16:51:57.198364,34.957231,RX,0x123,8,88 89 8A 8B 00 08 98 88,........,False,False,False
2026-01-21T16:51:57.199937,34.958804,RX,0x123,8,89 8A 8B 8C 00 08 98 89,........,False,False,False
2026-01-21T16:51:57.201476,34.960343,RX,0x123,8,8A 8B 8C 8D 00 08 98 8A,........,False,False,False
2026-01-21T16:51:57.202940,34.961807,RX,0x123,8,8B 8C 8D 8E 00 08 98 8B,........,False,False,False
2026-01-21T16:51:57.204505,34.963372,RX,0x123,8,8C 8D 8E 8F 00 08 98 8C,........,False,False,False
2026-01-21T16:51:57.206257,34.965124,RX,0x123,8,8D 8E 8F 90 00 08 98 8D,........,False,False,False
2026-01-21T16:51:57.207889,34.966755,RX,0x123,8,8E 8F 90 91 00 08 98 8E,........,False,False,False
2026-01-21T16:51:57.209408,34.968275,RX,0x123,8,8F 90 91 92 00 08 98 8F,........,False,False,False
2026-01-21T16:51:57.210939,34.969806,RX,0x123,8,90 91 92 93 00 08 98 90,........,False,False,False
2026-01-21T16:51:57.212541,34.971408,RX,0x123,8,91 92 93 94 00 08 98 91,........,False,False,False
2026-01-21T16:51:57.214500,34.973367,RX,0x123,8,92 93 94 95 00 08 98 92,........,False,False,False
2026-01-21T16:51:57.216723,34.975590,RX,0x123,8,93 94 95 96 00 08 98 93,........,False,False,False
2026-01-21T16:51:57.217731,34.976598,RX,0x123,8,94 95 96 97 00 08 98 94,........,False,False,False
2026-01-21T16:51:57.221040,34.979907,RX,0x123,8,95 96 97 98 00 08 98 95,........,False,False,False
2026-01-21T16:51:57.222715,34.981581,RX,0x123,8,96 97 98 99 00 08 98 96,........,False,False,False
2026-01-21T16:51:57.224213,34.983080,RX,0x123,8,97 98 99 9A 00 08 98 97,........,False,False,False
2026-01-21T16:51:57.225729,34.984596,RX,0x123,8,98 99 9A 9B 00 08 98 98,........,False,False,False
2026-01-21T16:51:57.227263,34.986130,RX,0x123,8,99 9A 9B 9C 00 08 98 99,........,False,False,False
2026-01-21T16:51:57.228731,34.987597,RX,0x123,8,9A 9B 9C 9D 00 08 98 9A,........,False,False,False
2026-01-21T16:51:57.229738,34.988605,RX,0x123,8,9B 9C 9D 9E 00 08 98 9B,........,False,False,False
2026-01-21T16:51:57.232024,34.990891,RX,0x123,8,9C 9D 9E 9F 00 08 98 9C,........,False,False,False
2026-01-21T16:51:57.233531,34.992398,RX,0x123,8,9D 9E 9F A0 00 08 98 9D,........,False,False,False
2026-01-21T16:51:57.235017,34.993884,RX,0x123,8,9E 9F A0 A1 00 08 98 9E,........,False,False,False
2026-01-21T16:51:57.236510,34.995377,RX,0x123,8,9F A0 A1 A2 00 08 98 9F,........,False,False,False
2026-01-21T16:51:57.238361,34.997228,RX,0x123,8,A0 A1 A2 A3 00 08 98 A0,........,False,False,False
2026-01-21T16:51:57.240271,34.999138,RX,0x123,8,A1 A2 A3 A4 00 08 98 A1,........,False,False,False
2026-01-21T16:51:57.241753,35.000620,RX,0x123,8,A2 A3 A4 A5 00 08 98 A2,........,False,False,False
2026-01-21T16:51:57.243210,35.002077,RX,0x123,8,A3 A4 A5 A6 00 08 98 A3,........,False,False,False
2026-01-21T16:51:57.244654,35.003521,RX,0x123,8,A4 A5 A6 A7 00 08 98 A4,........,False,False,False
2026-01-21T16:51:57.246062,35.004929,RX,0x123,8,A5 A6 A7 A8 00 08 98 A5,........,False,False,False
2026-01-21T16:51:57.247783,35.006650,RX,0x123,8,A6 A7 A8 A9 00 08 98 A6,........,False,False,False
2026-01-21T16:51:57.249824,35.008691,RX,0x123,8,A7 A8 A9 AA 00 08 98 A7,........,False,False,False
2026-01-21T16:51:57.251260,35.010127,RX,0x123,8,A8 A9 AA AB 00 08 98 A8,........,False,False,False
2026-01-21T16:51:57.252710,35.011577,RX,0x123,8,A9 AA AB AC 00 08 98 A9,........,False,False,False
2026-01-21T16:51:57.254753,35.013620,RX,0x123,8,AA AB AC AD 00 08 98 AA,........,False,False,False
2026-01-21T16:51:57.256158,35.015024,RX,0x123,8,AB AC AD AE 00 08 98 AB,........,False,False,False
2026-01-21T16:51:57.257661,35.016528,RX,0x123,8,AC AD AE AF 00 08 98 AC,........,False,False,False
2026-01-21T16:51:57.259096,35.017963,RX,0x123,8,AD AE AF B0 00 08 98 AD,........,False,False,False
2026-01-21T16:51:57.260477,35.019345,RX,0x123,8,AE AF B0 B1 00 08 98 AE,........,False,False,False
2026-01-21T16:51:57.261851,35.020717,RX,0x123,8,AF B0 B1 B2 00 08 98 AF,........,False,False,False
2026-01-21T16:51:57.263521,35.022388,RX,0x123,8,B0 B1 B2 B3 00 08 98 B0,........,False,False,False
2026-01-21T16:51:57.265192,35.024059,RX,0x123,8,B1 B2 B3 B4 00 08 98 B1,........,False,False,False
2026-01-21T16:51:57.267129,35.025996,RX,0x123,8,B2 B3 B4 B5 00 08 98 B2,........,False,False,False
2026-01-21T16:51:57.269538,35.028405,RX,0x123,8,B3 B4 B5 B6 00 08 98 B3,........,False,False,False
2026-01-21T16:51:57.271118,35.029985,RX,0x123,8,B4 B5 B6 B7 00 08 98 B4,........,False,False,False
2026-01-21T16:51:57.272515,35.031382,RX,0x123,8,B5 B6 B7 B8 00 08 98 B5,........,False,False,False
2026-01-21T16:51:57.274536,35.032979,RX,0x123,8,B6 B7 B8 B9 00 08 98 B6,........,False,False,False
2026-01-21T16:51:57.275934,35.034801,RX,0x123,8,B7 B8 B9 BA 00 08 98 B7,........,False,False,False
2026-01-21T16:51:57.277332,35.036199,RX,0x123,8,B8 B9 BA BB 00 08 98 B8,........,False,False,False
2026-01-21T16:51:57.278707,35.037574,RX,0x123,8,B9 BA BB BC 00 08 98 B9,........,False,False,False
2026-01-21T16:51:57.280264,35.039131,RX,0x123,8,BA BB BC BD 00 08 98 BA,........,False,False,False
2026-01-21T16:51:57.282238,35.041105,RX,0x123,8,BB BC BD BE 00 08 98 BB,........,False,False,False
2026-01-21T16:51:57.284596,35.043463,RX,0x123,8,BC BD BE BF 00 08 98 BC,........,False,False,False
2026-01-21T16:51:57.286476,35.045343,RX,0x123,8,BD BE BF C0 00 08 98 BD,........,False,False,False
2026-01-21T16:51:57.288823,35.047690,RX,0x123,8,BE BF C0 C1 00 08 98 BE,........,False,False,False
2026-01-21T16:51:57.290624,35.049490,RX,0x123,8,BF C0 C1 C2 00 08 98 BF,........,False,False,False
2026-01-21T16:51:57.292213,35.051080,RX,0x123,8,C0 C1 C2 C3 00 08 98 C0,........,False,False,False
2026-01-21T16:51:57.294220,35.053087,RX,0x123,8,C1 C2 C3 C4 00 08 98 C1,........,False,False,False
2026-01-21T16:51:57.295231,35.054099,RX,0x123,8,C2 C3 C4 C5 00 08 98 C2,........,False,False,False
2026-01-21T16:51:57.297768,35.056635,RX,0x123,8,C3 C4 C5 C6 00 08 98 C3,........,False,False,False
2026-01-21T16:51:57.299927,35.058794,RX,0x123,8,C4 C5 C6 C7 00 08 98 C4,........,False,False,False
2026-01-21T16:51:57.301913,35.060780,RX,0x123,8,C5 C6 C7 C8 00 08 98 C5,........,False,False,False
2026-01-21T16:51:57.303404,35.062271,RX,0x123,8,C6 C7 C8 C9 00 08 98 C6,........,False,False,False
2026-01-21T16:51:57.305010,35.063877,RX,0x123,8,C7 C8 C9 CA 00 08 98 C7,........,False,False,False
2026-01-21T16:51:57.306967,35.065834,RX,0x123,8,C8 C9 CA CB 00 08 98 C8,........,False,False,False
2026-01-21T16:51:57.307981,35.066848,RX,0x123,8,C9 CA CB CC 00 08 98 C9,........,False,False,False
2026-01-21T16:51:57.310282,35.069149,RX,0x123,8,CA CB CC CD 00 08 98 CA,........,False,False,False
2026-01-21T16:51:57.311800,35.070667,RX,0x123,8,CB CC CD CE 00 08 98 CB,........,False,False,False
2026-01-21T16:51:57.312813,35.071680,RX,0x123,8,CC CD CE CF 00 08 98 CC,........,False,False,False
2026-01-21T16:51:57.315212,35.074079,RX,0x123,8,CD CE CF D0 00 08 98 CD,........,False,False,False
2026-01-21T16:51:57.317122,35.075989,RX,0x123,8,CE CF D0 D1 00 08 98 CE,........,False,False,False
2026-01-21T16:51:57.318135,35.077002,RX,0x123,8,CF D0 D1 D2 00 08 98 CF,........,False,False,False
2026-01-21T16:51:57.320679,35.079546,RX,0x123,8,D0 D1 D2 D3 00 08 98 D0,........,False,False,False
2026-01-21T16:51:57.322310,35.081177,RX,0x123,8,D1 D2 D3 D4 00 08 98 D1,........,False,False,False
2026-01-21T16:51:57.324274,35.083141,RX,0x123,8,D2 D3 D4 D5 00 08 98 D2,........,False,False,False
2026-01-21T16:51:57.325286,35.084153,RX,0x123,8,D3 D4 D5 D6 00 08 98 D3,........,False,False,False
2026-01-21T16:51:57.327646,35.086513,RX,0x123,8,D4 D5 D6 D7 00 08 98 D4,........,False,False,False
2026-01-21T16:51:57.329285,35.088152,RX,0x123,8,D5 D6 D7 D8 00 08 98 D5,........,False,False,False
2026-01-21T16:51:57.331196,35.090063,RX,0x123,8,D6 D7 D8 D9 00 08 98 D6,........,False,False,False
2026-01-21T16:51:57.333514,35.092381,RX,0x123,8,D7 D8 D9 DA 00 08 98 D7,........,False,False,False
2026-01-21T16:51:57.335448,35.094315,RX,0x123,8,D8 D9 DA DB 00 08 98 D8,........,False,False,False
2026-01-21T16:51:57.337862,35.096729,RX,0x123,8,D9 DA DB DC 00 08 98 D9,........,False,False,False
2026-01-21T16:51:57.339789,35.098656,RX,0x123,8,DA DB DC DD 00 08 98 DA,........,False,False,False
2026-01-21T16:51:57.341787,35.100654,RX,0x123,8,DB DC DD DE 00 08 98 DB,........,False,False,False
2026-01-21T16:51:57.343471,35.102338,RX,0x123,8,DC DD DE DF 00 08 98 DC,........,False,False,False
2026-01-21T16:51:57.345441,35.104308,RX,0x123,8,DD DE DF E0 00 08 98 DD,........,False,False,False
2026-01-21T16:51:57.346772,35.105639,RX,0x123,8,DE DF E0 E1 00 08 98 DE,........,False,False,False
2026-01-21T16:51:57.348322,35.107189,RX,0x123,8,DF E0 E1 E2 00 08 98 DF,........,False,False,False
2026-01-21T16:51:57.349859,35.108726,RX,0x123,8,E0 E1 E2 E3 00 08 98 E0,........,False,False,False
2026-01-21T16:51:57.351499,35.110366,RX,0x123,8,E1 E2 E3 E4 00 08 98 E1,........,False,False,False
2026-01-21T16:51:57.353095,35.111962,RX,0x123,8,E2 E3 E4 E5 00 08 98 E2,........,False,False,False
2026-01-21T16:51:57.354170,35.113037,RX,0x123,8,E3 E4 E5 E6 00 08 98 E3,........,False,False,False
2026-01-21T16:51:57.356614,35.115481,RX,0x123,8,E4 E5 E6 E7 00 08 98 E4,........,False,False,False
2026-01-21T16:51:57.358227,35.117095,RX,0x123,8,E5 E6 E7 E8 00 08 98 E5,........,False,False,False
2026-01-21T16:51:57.359998,35.118865,RX,0x123,8,E6 E7 E8 E9 00 08 98 E6,........,False,False,False
2026-01-21T16:51:57.361883,35.120750,RX,0x123,8,E7 E8 E9 EA 00 08 98 E7,........,False,False,False
2026-01-21T16:51:57.363457,35.122324,RX,0x123,8,E8 E9 EA EB 00 08 98 E8,........,False,False,False
2026-01-21T16:51:57.365037,35.123904,RX,0x123,8,E9 EA EB EC 00 08 98 E9,........,False,False,False
2026-01-21T16:51:57.367180,35.126047,RX,0x123,8,EA EB EC ED 00 08 98 EA,........,False,False,False
2026-01-21T16:51:57.368845,35.127712,RX,0x123,8,EB EC ED EE 00 08 98 EB,........,False,False,False
2026-01-21T16:51:57.370652,35.129519,RX,0x123,8,EC ED EE EF 00 08 98 EC,........,False,False,False
2026-01-21T16:51:57.372487,35.131355,RX,0x123,8,ED EE EF F0 00 08 98 ED,........,False,False,False
2026-01-21T16:51:57.374013,35.132880,RX,0x123,8,EE EF F0 F1 00 08 98 EE,........,False,False,False
2026-01-21T16:51:57.375651,35.134518,RX,0x123,8,EF F0 F1 F2 00 08 98 EF,........,False,False,False
2026-01-21T16:51:57.377681,35.136549,RX,0x123,8,F0 F1 F2 F3 00 08 98 F0,........,False,False,False
2026-01-21T16:51:57.379873,35.138740,RX,0x123,8,F1 F2 F3 F4 00 08 98 F1,........,False,False,False
2026-01-21T16:51:57.381576,35.140443,RX,0x123,8,F2 F3 F4 F5 00 08 98 F2,........,False,False,False
2026-01-21T16:51:57.383255,35.142122,RX,0x123,8,F3 F4 F5 F6 00 08 98 F3,........,False,False,False
2026-01-21T16:51:57.384838,35.143705,RX,0x123,8,F4 F5 F6 F7 00 08 98 F4,........,False,False,False
2026-01-21T16:51:57.385847,35.144714,RX,0x123,8,F5 F6 F7 F8 00 08 98 F5,........,False,False,False
2026-01-21T16:51:57.388795,35.147662,RX,0x123,8,F6 F7 F8 F9 00 08 98 F6,........,False,False,False
2026-01-21T16:51:57.390606,35.149473,RX,0x123,8,F7 F8 F9 FA 00 08 98 F7,........,False,False,False
2026-01-21T16:51:57.393006,35.151873,RX,0x123,8,F8 F9 FA FB 00 08 98 F8,........,False,False,False
2026-01-21T16:51:57.394857,35.153724,RX,0x123,8,F9 FA FB FC 00 08 98 F9,........,False,False,False
2026-01-21T16:51:57.396911,35.155778,RX,0x123,8,FA FB FC FD 00 08 98 FA,........,False,False,False
2026-01-21T16:51:57.398514,35.157381,RX,0x123,8,FB FC FD FE 00 08 98 FB,........,False,False,False
2026-01-21T16:51:57.400368,35.159235,RX,0x123,8,FC FD FE FF 00 08 98 FC,........,False,False,False
2026-01-21T16:51:57.402148,35.161015,RX,0x123,8,FD FE FF 00 00 08 98 FD,........,False,False,False
2026-01-21T16:51:57.404103,35.162970,RX,0x123,8,FE FF 00 01 00 08 98 FE,........,False,False,False
2026-01-21T16:51:57.405751,35.164618,RX,0x123,8,FF 00 01 02 00 08 98 FF,........,False,False,False
2026-01-21T16:51:57.407290,35.166157,RX,0x123,8,00 01 02 03 00 08 99 00,........,False,False,False
2026-01-21T16:51:57.408962,35.167829,RX,0x123,8,01 02 03 04 00 08 99 01,........,False,False,False
2026-01-21T16:51:57.410589,35.169456,RX,0x123,8,02 03 04 05 00 08 99 02,........,False,False,False
2026-01-21T16:51:57.412022,35.170889,RX,0x123,8,03 04 05 06 00 08 99 03,........,False,False,False
2026-01-21T16:51:57.413372,35.172239,RX,0x123,8,04 05 06 07 00 08 99 04,........,False,False,False
2026-01-21T16:51:57.414875,35.173742,RX,0x123,8,05 06 07 08 00 08 99 05,........,False,False,False
2026-01-21T16:51:57.416247,35.175114,RX,0x123,8,06 07 08 09 00 08 99 06,........,False,False,False
2026-01-21T16:51:57.417254,35.176121,RX,0x123,8,07 08 09 0A 00 08 99 07,........,False,False,False
2026-01-21T16:51:57.420032,35.178899,RX,0x123,8,08 09 0A 0B 00 08 99 08,........,False,False,False
2026-01-21T16:51:57.422000,35.180867,RX,0x123,8,09 0A 0B 0C 00 08 99 09,........,False,False,False
2026-01-21T16:51:57.423743,35.182610,RX,0x123,8,0A 0B 0C 0D 00 08 99 0A,........,False,False,False
2026-01-21T16:51:57.425949,35.184816,RX,0x123,8,0B 0C 0D 0E 00 08 99 0B,........,False,False,False
2026-01-21T16:51:57.428054,35.186921,RX,0x123,8,0C 0D 0E 0F 00 08 99 0C,........,False,False,False
2026-01-21T16:51:57.429420,35.188287,RX,0x123,8,0D 0E 0F 10 00 08 99 0D,........,False,False,False
2026-01-21T16:51:57.431076,35.189943,RX,0x123,8,0E 0F 10 11 00 08 99 0E,........,False,False,False
2026-01-21T16:51:57.432440,35.191307,RX,0x123,8,0F 10 11 12 00 08 99 0F,........,False,False,False
2026-01-21T16:51:57.434039,35.192906,RX,0x123,8,10 11 12 13 00 08 99 10,........,False,False,False
2026-01-21T16:51:57.436001,35.194868,RX,0x123,8,11 12 13 14 00 08 99 11,........,False,False,False
2026-01-21T16:51:57.437430,35.196297,RX,0x123,8,12 13 14 15 00 08 99 12,........,False,False,False
2026-01-21T16:51:57.438948,35.197815,RX,0x123,8,13 14 15 16 00 08 99 13,........,False,False,False
2026-01-21T16:51:57.440370,35.199237,RX,0x123,8,14 15 16 17 00 08 99 14,........,False,False,False
2026-01-21T16:51:57.441744,35.200611,RX,0x123,8,15 16 17 18 00 08 99 15,........,False,False,False
2026-01-21T16:51:57.443429,35.202296,RX,0x123,8,16 17 18 19 00 08 99 16,........,False,False,False
2026-01-21T16:51:57.445217,35.204084,RX,0x123,8,17 18 19 1A 00 08 99 17,........,False,False,False
2026-01-21T16:51:57.446569,35.205436,RX,0x123,8,18 19 1A 1B 00 08 99 18,........,False,False,False
2026-01-21T16:51:57.448199,35.207066,RX,0x123,8,19 1A 1B 1C 00 08 99 19,........,False,False,False
2026-01-21T16:51:57.449924,35.208791,RX,0x123,8,1A 1B 1C 1D 00 08 99 1A,........,False,False,False
2026-01-21T16:51:57.451410,35.210277,RX,0x123,8,1B 1C 1D 1E 00 08 99 1B,........,False,False,False
2026-01-21T16:51:57.452850,35.211717,RX,0x123,8,1C 1D 1E 1F 00 08 99 1C,........,False,False,False
2026-01-21T16:51:57.454686,35.212728,RX,0x123,8,1D 1E 1F 20 00 08 99 1D,... ....,False,False,False
2026-01-21T16:51:57.456469,35.215336,RX,0x123,8,1E 1F 20 21 00 08 99 1E,.. !....,False,False,False
2026-01-21T16:51:57.458018,35.216885,RX,0x123,8,1F 20 21 22 00 08 99 1F,". !""....",False,False,False
2026-01-21T16:51:57.459460,35.218328,RX,0x123,8,20 21 22 23 00 08 99 20," !""#... ",False,False,False
2026-01-21T16:51:57.460847,35.219714,RX,0x123,8,21 22 23 24 00 08 99 21,"!""#$...!",False,False,False
2026-01-21T16:51:57.462221,35.221088,RX,0x123,8,22 23 24 25 00 08 99 22,"""#$%...""",False,False,False
2026-01-21T16:51:57.463986,35.222853,RX,0x123,8,23 24 25 26 00 08 99 23,#$%&...#,False,False,False
2026-01-21T16:51:57.465552,35.224418,RX,0x123,8,24 25 26 27 00 08 99 24,$%&'...$,False,False,False
2026-01-21T16:51:57.467141,35.226008,RX,0x123,8,25 26 27 28 00 08 99 25,%&'(...%,False,False,False
2026-01-21T16:51:57.468699,35.227566,RX,0x123,8,26 27 28 29 00 08 99 26,&'()...&,False,False,False
2026-01-21T16:51:57.470267,35.229134,RX,0x123,8,27 28 29 2A 00 08 99 27,'()*...',False,False,False
2026-01-21T16:51:57.471279,35.230146,RX,0x123,8,28 29 2A 2B 00 08 99 28,()*+...(,False,False,False
2026-01-21T16:51:57.473817,35.232684,RX,0x123,8,29 2A 2B 2C 00 08 99 29,")*+,...)",False,False,False
2026-01-21T16:51:57.476269,35.235136,RX,0x123,8,2A 2B 2C 2D 00 08 99 2A,"*+,-...*",False,False,False
2026-01-21T16:51:57.477771,35.236638,RX,0x123,8,2B 2C 2D 2E 00 08 99 2B,"+,-....+",False,False,False
2026-01-21T16:51:57.479537,35.238405,RX,0x123,8,2C 2D 2E 2F 00 08 99 2C,",-./...,",False,False,False
2026-01-21T16:51:57.480935,35.239802,RX,0x123,8,2D 2E 2F 30 00 08 99 2D,-./0...-,False,False,False
2026-01-21T16:51:57.482311,35.241178,RX,0x123,8,2E 2F 30 31 00 08 99 2E,./01....,False,False,False
2026-01-21T16:51:57.483665,35.242532,RX,0x123,8,2F 30 31 32 00 08 99 2F,/012.../,False,False,False
2026-01-21T16:51:57.484672,35.243539,RX,0x123,8,30 31 32 33 00 08 99 30,0123...0,False,False,False
2026-01-21T16:51:57.486985,35.245852,RX,0x123,8,31 32 33 34 00 08 99 31,1234...1,False,False,False
2026-01-21T16:51:57.488530,35.247397,RX,0x123,8,32 33 34 35 00 08 99 32,2345...2,False,False,False
2026-01-21T16:51:57.490513,35.249380,RX,0x123,8,33 34 35 36 00 08 99 33,3456...3,False,False,False
2026-01-21T16:51:57.491526,35.250393,RX,0x123,8,34 35 36 37 00 08 99 34,4567...4,False,False,False
2026-01-21T16:51:57.493594,35.252461,RX,0x123,8,35 36 37 38 00 08 99 35,5678...5,False,False,False
2026-01-21T16:51:57.495096,35.253963,RX,0x123,8,36 37 38 39 00 08 99 36,6789...6,False,False,False
2026-01-21T16:51:57.496423,35.255290,RX,0x123,8,37 38 39 3A 00 08 99 37,789:...7,False,False,False
2026-01-21T16:51:57.497826,35.256693,RX,0x123,8,38 39 3A 3B 00 08 99 38,89:;...8,False,False,False
2026-01-21T16:51:57.499248,35.258115,RX,0x123,8,39 3A 3B 3C 00 08 99 39,9:;<...9,False,False,False
2026-01-21T16:51:57.500589,35.259456,RX,0x123,8,3A 3B 3C 3D 00 08 99 3A,:;<=...:,False,False,False
2026-01-21T16:51:57.501946,35.260813,RX,0x123,8,3B 3C 3D 3E 00 08 99 3B,;<=>...;,False,False,False
2026-01-21T16:51:57.503372,35.262239,RX,0x123,8,3C 3D 3E 3F 00 08 99 3C,<=>?...<,False,False,False
2026-01-21T16:51:57.504789,35.263656,RX,0x123,8,3D 3E 3F 40 00 08 99 3D,=>?@...=,False,False,False
2026-01-21T16:51:57.505802,35.264669,RX,0x123,8,3E 3F 40 41 00 08 99 3E,>?@A...>,False,False,False
2026-01-21T16:51:57.507591,35.266458,RX,0x123,8,3F 40 41 42 00 08 99 3F,?@AB...?,False,False,False
2026-01-21T16:51:57.509318,35.268184,RX,0x123,8,40 41 42 43 00 08 99 40,@ABC...@,False,False,False
2026-01-21T16:51:57.511516,35.270382,RX,0x123,8,41 42 43 44 00 08 99 41,ABCD...A,False,False,False
2026-01-21T16:51:57.513553,35.272420,RX,0x123,8,42 43 44 45 00 08 99 42,BCDE...B,False,False,False
2026-01-21T16:51:57.515078,35.273944,RX,0x123,8,43 44 45 46 00 08 99 43,CDEF...C,False,False,False
2026-01-21T16:51:57.517534,35.276401,RX,0x123,8,44 45 46 47 00 08 99 44,DEFG...D,False,False,False
2026-01-21T16:51:57.518546,35.277413,RX,0x123,8,45 46 47 48 00 08 99 45,EFGH...E,False,False,False
2026-01-21T16:51:57.520602,35.279469,RX,0x123,8,46 47 48 49 00 08 99 46,FGHI...F,False,False,False
2026-01-21T16:51:57.522076,35.280943,RX,0x123,8,47 48 49 4A 00 08 99 47,GHIJ...G,False,False,False
2026-01-21T16:51:57.523400,35.282267,RX,0x123,8,48 49 4A 4B 00 08 99 48,HIJK...H,False,False,False
2026-01-21T16:51:57.524969,35.283836,RX,0x123,8,49 4A 4B 4C 00 08 99 49,IJKL...I,False,False,False
2026-01-21T16:51:57.527052,35.285919,RX,0x123,8,4A 4B 4C 4D 00 08 99 4A,JKLM...J,False,False,False
2026-01-21T16:51:57.528682,35.287549,RX,0x123,8,4B 4C 4D 4E 00 08 99 4B,KLMN...K,False,False,False
2026-01-21T16:51:57.530700,35.289567,RX,0x123,8,4C 4D 4E 4F 00 08 99 4C,LMNO...L,False,False,False
2026-01-21T16:51:57.531759,35.290626,RX,0x123,8,4D 4E 4F 50 00 08 99 4D,MNOP...M,False,False,False
2026-01-21T16:51:57.533757,35.292624,RX,0x123,8,4E 4F 50 51 00 08 99 4E,NOPQ...N,False,False,False
2026-01-21T16:51:57.535081,35.293948,RX,0x123,8,4F 50 51 52 00 08 99 4F,OPQR...O,False,False,False
2026-01-21T16:51:57.536437,35.295304,RX,0x123,8,50 51 52 53 00 08 99 50,PQRS...P,False,False,False
2026-01-21T16:51:57.537827,35.296694,RX,0x123,8,51 52 53 54 00 08 99 51,QRST...Q,False,False,False
2026-01-21T16:51:57.539495,35.298362,RX,0x123,8,52 53 54 55 00 08 99 52,RSTU...R,False,False,False
2026-01-21T16:51:57.541336,35.300203,RX,0x123,8,53 54 55 56 00 08 99 53,STUV...S,False,False,False
2026-01-21T16:51:57.542841,35.301708,RX,0x123,8,54 55 56 57 00 08 99 54,TUVW...T,False,False,False
2026-01-21T16:51:57.544100,35.302967,RX,0x123,8,55 56 57 58 00 08 99 55,UVWX...U,False,False,False
2026-01-21T16:51:57.545842,35.304709,RX,0x123,8,56 57 58 59 00 08 99 56,VWXY...V,False,False,False
2026-01-21T16:51:57.548141,35.307008,RX,0x123,8,57 58 59 5A 00 08 99 57,WXYZ...W,False,False,False
2026-01-21T16:51:57.549461,35.308329,RX,0x123,8,58 59 5A 5B 00 08 99 58,XYZ[...X,False,False,False
2026-01-21T16:51:57.550838,35.309705,RX,0x123,8,59 5A 5B 5C 00 08 99 59,YZ[\...Y,False,False,False
2026-01-21T16:51:57.552297,35.311164,RX,0x123,8,5A 5B 5C 5D 00 08 99 5A,Z[\]...Z,False,False,False
2026-01-21T16:51:57.553307,35.312173,RX,0x123,8,5B 5C 5D 5E 00 08 99 5B,[\]^...[,False,False,False
2026-01-21T16:51:57.555770,35.314637,RX,0x123,8,5C 5D 5E 5F 00 08 99 5C,\]^_...\,False,False,False
2026-01-21T16:51:57.556783,35.315650,RX,0x123,8,5D 5E 5F 60 00 08 99 5D,]^_`...],False,False,False
2026-01-21T16:51:57.559294,35.318161,RX,0x123,8,5E 5F 60 61 00 08 99 5E,^_`a...^,False,False,False
2026-01-21T16:51:57.561170,35.320036,RX,0x123,8,5F 60 61 62 00 08 99 5F,_`ab..._,False,False,False
2026-01-21T16:51:57.562693,35.321560,RX,0x123,8,60 61 62 63 00 08 99 60,`abc...`,False,False,False
2026-01-21T16:51:57.564348,35.323215,RX,0x123,8,61 62 63 64 00 08 99 61,abcd...a,False,False,False
2026-01-21T16:51:57.566252,35.325119,RX,0x123,8,62 63 64 65 00 08 99 62,bcde...b,False,False,False
2026-01-21T16:51:57.568677,35.327544,RX,0x123,8,63 64 65 66 00 08 99 63,cdef...c,False,False,False
2026-01-21T16:51:57.570763,35.329630,RX,0x123,8,64 65 66 67 00 08 99 64,defg...d,False,False,False
2026-01-21T16:51:57.572882,35.331749,RX,0x123,8,65 66 67 68 00 08 99 65,efgh...e,False,False,False
2026-01-21T16:51:57.574753,35.333620,RX,0x123,8,66 67 68 69 00 08 99 66,fghi...f,False,False,False
2026-01-21T16:51:57.576726,35.335593,RX,0x123,8,67 68 69 6A 00 08 99 67,ghij...g,False,False,False
2026-01-21T16:51:57.578898,35.337765,RX,0x123,8,68 69 6A 6B 00 08 99 68,hijk...h,False,False,False
2026-01-21T16:51:57.581243,35.340110,RX,0x123,8,69 6A 6B 6C 00 08 99 69,ijkl...i,False,False,False
2026-01-21T16:51:57.582749,35.341616,RX,0x123,8,6A 6B 6C 6D 00 08 99 6A,jklm...j,False,False,False
2026-01-21T16:51:57.584327,35.343194,RX,0x123,8,6B 6C 6D 6E 00 08 99 6B,klmn...k,False,False,False
2026-01-21T16:51:57.586298,35.345165,RX,0x123,8,6C 6D 6E 6F 00 08 99 6C,lmno...l,False,False,False
2026-01-21T16:51:57.588371,35.347238,RX,0x123,8,6D 6E 6F 70 00 08 99 6D,mnop...m,False,False,False
2026-01-21T16:51:57.590287,35.349154,RX,0x123,8,6E 6F 70 71 00 08 99 6E,nopq...n,False,False,False
2026-01-21T16:51:57.591913,35.350780,RX,0x123,8,6F 70 71 72 00 08 99 6F,opqr...o,False,False,False
2026-01-21T16:51:57.593850,35.352717,RX,0x123,8,70 71 72 73 00 08 99 70,pqrs...p,False,False,False
2026-01-21T16:51:57.595316,35.354183,RX,0x123,8,71 72 73 74 00 08 99 71,qrst...q,False,False,False
2026-01-21T16:51:57.596721,35.355588,RX,0x123,8,72 73 74 75 00 08 99 72,rstu...r,False,False,False
2026-01-21T16:51:57.598445,35.357312,RX,0x123,8,73 74 75 76 00 08 99 73,stuv...s,False,False,False
2026-01-21T16:51:57.600271,35.359138,RX,0x123,8,74 75 76 77 00 08 99 74,tuvw...t,False,False,False
2026-01-21T16:51:57.601862,35.360729,RX,0x123,8,75 76 77 78 00 08 99 75,uvwx...u,False,False,False
2026-01-21T16:51:57.603818,35.362685,RX,0x123,8,76 77 78 79 00 08 99 76,vwxy...v,False,False,False
2026-01-21T16:51:57.605454,35.364321,RX,0x123,8,77 78 79 7A 00 08 99 77,wxyz...w,False,False,False
2026-01-21T16:51:57.607352,35.366219,RX,0x123,8,78 79 7A 7B 00 08 99 78,xyz{...x,False,False,False
2026-01-21T16:51:57.609074,35.367941,RX,0x123,8,79 7A 7B 7C 00 08 99 79,yz{|...y,False,False,False
2026-01-21T16:51:57.611101,35.369967,RX,0x123,8,7A 7B 7C 7D 00 08 99 7A,z{|}...z,False,False,False
2026-01-21T16:51:57.612578,35.371445,RX,0x123,8,7B 7C 7D 7E 00 08 99 7B,{|}~...{,False,False,False
2026-01-21T16:51:57.613591,35.372458,RX,0x123,8,7C 7D 7E 7F 00 08 99 7C,|}~....|,False,False,False
2026-01-21T16:51:57.615629,35.374496,RX,0x123,8,7D 7E 7F 80 00 08 99 7D,}~.....},False,False,False
2026-01-21T16:51:57.617591,35.376458,RX,0x123,8,7E 7F 80 81 00 08 99 7E,~......~,False,False,False
2026-01-21T16:51:57.619996,35.378863,RX,0x123,8,7F 80 81 82 00 08 99 7F,........,False,False,False
2026-01-21T16:51:57.621536,35.380403,RX,0x123,8,80 81 82 83 00 08 99 80,........,False,False,False
2026-01-21T16:51:57.623275,35.382142,RX,0x123,8,81 82 83 84 00 08 99 81,........,False,False,False
2026-01-21T16:51:57.624765,35.383632,RX,0x123,8,82 83 84 85 00 08 99 82,........,False,False,False
2026-01-21T16:51:57.626183,35.385050,RX,0x123,8,83 84 85 86 00 08 99 83,........,False,False,False
2026-01-21T16:51:57.627603,35.386470,RX,0x123,8,84 85 86 87 00 08 99 84,........,False,False,False
2026-01-21T16:51:57.628614,35.387480,RX,0x123,8,85 86 87 88 00 08 99 85,........,False,False,False
2026-01-21T16:51:57.630406,35.389273,RX,0x123,8,86 87 88 89 00 08 99 86,........,False,False,False
2026-01-21T16:51:57.632531,35.391398,RX,0x123,8,87 88 89 8A 00 08 99 87,........,False,False,False
2026-01-21T16:51:57.634109,35.392976,RX,0x123,8,88 89 8A 8B 00 08 99 88,........,False,False,False
2026-01-21T16:51:57.636295,35.395162,RX,0x123,8,89 8A 8B 8C 00 08 99 89,........,False,False,False
2026-01-21T16:51:57.637760,35.396627,RX,0x123,8,8A 8B 8C 8D 00 08 99 8A,........,False,False,False
2026-01-21T16:51:57.639451,35.398317,RX,0x123,8,8B 8C 8D 8E 00 08 99 8B,........,False,False,False
2026-01-21T16:51:57.641160,35.400027,RX,0x123,8,8C 8D 8E 8F 00 08 99 8C,........,False,False,False
2026-01-21T16:51:57.643008,35.401875,RX,0x123,8,8D 8E 8F 90 00 08 99 8D,........,False,False,False
2026-01-21T16:51:57.645331,35.404198,RX,0x123,8,8E 8F 90 91 00 08 99 8E,........,False,False,False
2026-01-21T16:51:57.647263,35.406130,RX,0x123,8,8F 90 91 92 00 08 99 8F,........,False,False,False
2026-01-21T16:51:57.649654,35.408520,RX,0x123,8,90 91 92 93 00 08 99 90,........,False,False,False
2026-01-21T16:51:57.651857,35.410724,RX,0x123,8,91 92 93 94 00 08 99 91,........,False,False,False
2026-01-21T16:51:57.653804,35.412671,RX,0x123,8,92 93 94 95 00 08 99 92,........,False,False,False
2026-01-21T16:51:57.655675,35.414542,RX,0x123,8,93 94 95 96 00 08 99 93,........,False,False,False
2026-01-21T16:51:57.657190,35.416057,RX,0x123,8,94 95 96 97 00 08 99 94,........,False,False,False
2026-01-21T16:51:57.659369,35.418236,RX,0x123,8,95 96 97 98 00 08 99 95,........,False,False,False
2026-01-21T16:51:57.660842,35.419708,RX,0x123,8,96 97 98 99 00 08 99 96,........,False,False,False
2026-01-21T16:51:57.662289,35.421156,RX,0x123,8,97 98 99 9A 00 08 99 97,........,False,False,False
2026-01-21T16:51:57.663741,35.422609,RX,0x123,8,98 99 9A 9B 00 08 99 98,........,False,False,False
2026-01-21T16:51:57.665145,35.424012,RX,0x123,8,99 9A 9B 9C 00 08 99 99,........,False,False,False
2026-01-21T16:51:57.666153,35.425020,RX,0x123,8,9A 9B 9C 9D 00 08 99 9A,........,False,False,False
2026-01-21T16:51:57.668479,35.427346,RX,0x123,8,9B 9C 9D 9E 00 08 99 9B,........,False,False,False
2026-01-21T16:51:57.669971,35.428838,RX,0x123,8,9C 9D 9E 9F 00 08 99 9C,........,False,False,False
2026-01-21T16:51:57.671640,35.430507,RX,0x123,8,9D 9E 9F A0 00 08 99 9D,........,False,False,False
2026-01-21T16:51:57.673424,35.432291,RX,0x123,8,9E 9F A0 A1 00 08 99 9E,........,False,False,False
2026-01-21T16:51:57.675428,35.434295,RX,0x123,8,9F A0 A1 A2 00 08 99 9F,........,False,False,False
2026-01-21T16:51:57.677113,35.435980,RX,0x123,8,A0 A1 A2 A3 00 08 99 A0,........,False,False,False
2026-01-21T16:51:57.678646,35.437513,RX,0x123,8,A1 A2 A3 A4 00 08 99 A1,........,False,False,False
2026-01-21T16:51:57.680090,35.438957,RX,0x123,8,A2 A3 A4 A5 00 08 99 A2,........,False,False,False
2026-01-21T16:51:57.681425,35.440292,RX,0x123,8,A3 A4 A5 A6 00 08 99 A3,........,False,False,False
2026-01-21T16:51:57.682877,35.441744,RX,0x123,8,A4 A5 A6 A7 00 08 99 A4,........,False,False,False
2026-01-21T16:51:57.684550,35.443418,RX,0x123,8,A5 A6 A7 A8 00 08 99 A5,........,False,False,False
2026-01-21T16:51:57.685975,35.444842,RX,0x123,8,A6 A7 A8 A9 00 08 99 A6,........,False,False,False
2026-01-21T16:51:57.687497,35.446364,RX,0x123,8,A7 A8 A9 AA 00 08 99 A7,........,False,False,False
2026-01-21T16:51:57.689194,35.448061,RX,0x123,8,A8 A9 AA AB 00 08 99 A8,........,False,False,False
2026-01-21T16:51:57.691049,35.449916,RX,0x123,8,A9 AA AB AC 00 08 99 A9,........,False,False,False
2026-01-21T16:51:57.692389,35.451256,RX,0x123,8,AA AB AC AD 00 08 99 AA,........,False,False,False
2026-01-21T16:51:57.694101,35.452968,RX,0x123,8,AB AC AD AE 00 08 99 AB,........,False,False,False
2026-01-21T16:51:57.695873,35.454740,RX,0x123,8,AC AD AE AF 00 08 99 AC,........,False,False,False
2026-01-21T16:51:57.697498,35.456365,RX,0x123,8,AD AE AF B0 00 08 99 AD,........,False,False,False
2026-01-21T16:51:57.699476,35.458343,RX,0x123,8,AE AF B0 B1 00 08 99 AE,........,False,False,False
2026-01-21T16:51:57.701238,35.460105,RX,0x123,8,AF B0 B1 B2 00 08 99 AF,........,False,False,False
2026-01-21T16:51:57.702914,35.461781,RX,0x123,8,B0 B1 B2 B3 00 08 99 B0,........,False,False,False
2026-01-21T16:51:57.704781,35.463648,RX,0x123,8,B1 B2 B3 B4 00 08 99 B1,........,False,False,False
2026-01-21T16:51:57.707143,35.466009,RX,0x123,8,B2 B3 B4 B5 00 08 99 B2,........,False,False,False
2026-01-21T16:51:57.708915,35.467782,RX,0x123,8,B3 B4 B5 B6 00 08 99 B3,........,False,False,False
2026-01-21T16:51:57.710397,35.469264,RX,0x123,8,B4 B5 B6 B7 00 08 99 B4,........,False,False,False
2026-01-21T16:51:57.711841,35.470708,RX,0x123,8,B5 B6 B7 B8 00 08 99 B5,........,False,False,False
2026-01-21T16:51:57.713261,35.472128,RX,0x123,8,B6 B7 B8 B9 00 08 99 B6,........,False,False,False
2026-01-21T16:51:57.714869,35.473736,RX,0x123,8,B7 B8 B9 BA 00 08 99 B7,........,False,False,False
2026-01-21T16:51:57.716837,35.475704,RX,0x123,8,B8 B9 BA BB 00 08 99 B8,........,False,False,False
2026-01-21T16:51:57.717849,35.476716,RX,0x123,8,B9 BA BB BC 00 08 99 B9,........,False,False,False
2026-01-21T16:51:57.720491,35.479358,RX,0x123,8,BA BB BC BD 00 08 99 BA,........,False,False,False
2026-01-21T16:51:57.721504,35.480371,RX,0x123,8,BB BC BD BE 00 08 99 BB,........,False,False,False
2026-01-21T16:51:57.723855,35.482722,RX,0x123,8,BC BD BE BF 00 08 99 BC,........,False,False,False
2026-01-21T16:51:57.724867,35.483734,RX,0x123,8,BD BE BF C0 00 08 99 BD,........,False,False,False
2026-01-21T16:51:57.726654,35.485521,RX,0x123,8,BE BF C0 C1 00 08 99 BE,........,False,False,False
2026-01-21T16:51:57.728388,35.487255,RX,0x123,8,BF C0 C1 C2 00 08 99 BF,........,False,False,False
2026-01-21T16:51:57.730145,35.489012,RX,0x123,8,C0 C1 C2 C3 00 08 99 C0,........,False,False,False
2026-01-21T16:51:57.732841,35.491708,RX,0x123,8,C1 C2 C3 C4 00 08 99 C1,........,False,False,False
2026-01-21T16:51:57.734515,35.493382,RX,0x123,8,C2 C3 C4 C5 00 08 99 C2,........,False,False,False
2026-01-21T16:51:57.736573,35.495440,RX,0x123,8,C3 C4 C5 C6 00 08 99 C3,........,False,False,False
2026-01-21T16:51:57.738262,35.497129,RX,0x123,8,C4 C5 C6 C7 00 08 99 C4,........,False,False,False
2026-01-21T16:51:57.740466,35.499333,RX,0x123,8,C5 C6 C7 C8 00 08 99 C5,........,False,False,False
2026-01-21T16:51:57.742406,35.501273,RX,0x123,8,C6 C7 C8 C9 00 08 99 C6,........,False,False,False
2026-01-21T16:51:57.743917,35.502784,RX,0x123,8,C7 C8 C9 CA 00 08 99 C7,........,False,False,False
2026-01-21T16:51:57.745563,35.504431,RX,0x123,8,C8 C9 CA CB 00 08 99 C8,........,False,False,False
2026-01-21T16:51:57.747539,35.506406,RX,0x123,8,C9 CA CB CC 00 08 99 C9,........,False,False,False
2026-01-21T16:51:57.749652,35.508519,RX,0x123,8,CA CB CC CD 00 08 99 CA,........,False,False,False
2026-01-21T16:51:57.751255,35.510122,RX,0x123,8,CB CC CD CE 00 08 99 CB,........,False,False,False
2026-01-21T16:51:57.753363,35.512229,RX,0x123,8,CC CD CE CF 00 08 99 CC,........,False,False,False
2026-01-21T16:51:57.755404,35.514271,RX,0x123,8,CD CE CF D0 00 08 99 CD,........,False,False,False
2026-01-21T16:51:57.757341,35.516208,RX,0x123,8,CE CF D0 D1 00 08 99 CE,........,False,False,False
2026-01-21T16:51:57.758777,35.517644,RX,0x123,8,CF D0 D1 D2 00 08 99 CF,........,False,False,False
2026-01-21T16:51:57.760158,35.519025,RX,0x123,8,D0 D1 D2 D3 00 08 99 D0,........,False,False,False
2026-01-21T16:51:57.761583,35.520450,RX,0x123,8,D1 D2 D3 D4 00 08 99 D1,........,False,False,False
2026-01-21T16:51:57.763116,35.521983,RX,0x123,8,D2 D3 D4 D5 00 08 99 D2,........,False,False,False
2026-01-21T16:51:57.764895,35.523762,RX,0x123,8,D3 D4 D5 D6 00 08 99 D3,........,False,False,False
2026-01-21T16:51:57.766691,35.525558,RX,0x123,8,D4 D5 D6 D7 00 08 99 D4,........,False,False,False
2026-01-21T16:51:57.768773,35.527640,RX,0x123,8,D5 D6 D7 D8 00 08 99 D5,........,False,False,False
2026-01-21T16:51:57.770235,35.529102,RX,0x123,8,D6 D7 D8 D9 00 08 99 D6,........,False,False,False
2026-01-21T16:51:57.771819,35.530686,RX,0x123,8,D7 D8 D9 DA 00 08 99 D7,........,False,False,False
2026-01-21T16:51:57.773770,35.532637,RX,0x123,8,D8 D9 DA DB 00 08 99 D8,........,False,False,False
2026-01-21T16:51:57.776068,35.534935,RX,0x123,8,D9 DA DB DC 00 08 99 D9,........,False,False,False
2026-01-21T16:51:57.778095,35.536962,RX,0x123,8,DA DB DC DD 00 08 99 DA,........,False,False,False
2026-01-21T16:51:57.779941,35.538808,RX,0x123,8,DB DC DD DE 00 08 99 DB,........,False,False,False
2026-01-21T16:51:57.781874,35.540741,RX,0x123,8,DC DD DE DF 00 08 99 DC,........,False,False,False
2026-01-21T16:51:57.783974,35.542841,RX,0x123,8,DD DE DF E0 00 08 99 DD,........,False,False,False
2026-01-21T16:51:57.785590,35.544456,RX,0x123,8,DE DF E0 E1 00 08 99 DE,........,False,False,False
2026-01-21T16:51:57.787768,35.546635,RX,0x123,8,DF E0 E1 E2 00 08 99 DF,........,False,False,False
2026-01-21T16:51:57.789851,35.548718,RX,0x123,8,E0 E1 E2 E3 00 08 99 E0,........,False,False,False
2026-01-21T16:51:57.791191,35.550058,RX,0x123,8,E1 E2 E3 E4 00 08 99 E1,........,False,False,False
2026-01-21T16:51:57.793030,35.551897,RX,0x123,8,E2 E3 E4 E5 00 08 99 E2,........,False,False,False
2026-01-21T16:51:57.794907,35.553774,RX,0x123,8,E3 E4 E5 E6 00 08 99 E3,........,False,False,False
2026-01-21T16:51:57.796493,35.555360,RX,0x123,8,E4 E5 E6 E7 00 08 99 E4,........,False,False,False
2026-01-21T16:51:57.798168,35.557035,RX,0x123,8,E5 E6 E7 E8 00 08 99 E5,........,False,False,False
2026-01-21T16:51:57.799497,35.558364,RX,0x123,8,E6 E7 E8 E9 00 08 99 E6,........,False,False,False
2026-01-21T16:51:57.800861,35.559728,RX,0x123,8,E7 E8 E9 EA 00 08 99 E7,........,False,False,False
2026-01-21T16:51:57.802170,35.561037,RX,0x123,8,E8 E9 EA EB 00 08 99 E8,........,False,False,False
2026-01-21T16:51:57.803695,35.562562,RX,0x123,8,E9 EA EB EC 00 08 99 E9,........,False,False,False
2026-01-21T16:51:57.805039,35.563906,RX,0x123,8,EA EB EC ED 00 08 99 EA,........,False,False,False
2026-01-21T16:51:57.806408,35.565275,RX,0x123,8,EB EC ED EE 00 08 99 EB,........,False,False,False
2026-01-21T16:51:57.808058,35.566925,RX,0x123,8,EC ED EE EF 00 08 99 EC,........,False,False,False
2026-01-21T16:51:57.809669,35.568536,RX,0x123,8,ED EE EF F0 00 08 99 ED,........,False,False,False
2026-01-21T16:51:57.811668,35.570535,RX,0x123,8,EE EF F0 F1 00 08 99 EE,........,False,False,False
2026-01-21T16:51:57.813278,35.572145,RX,0x123,8,EF F0 F1 F2 00 08 99 EF,........,False,False,False
2026-01-21T16:51:57.814960,35.573827,RX,0x123,8,F0 F1 F2 F3 00 08 99 F0,........,False,False,False
2026-01-21T16:51:57.816845,35.575712,RX,0x123,8,F1 F2 F3 F4 00 08 99 F1,........,False,False,False
2026-01-21T16:51:57.818234,35.577101,RX,0x123,8,F2 F3 F4 F5 00 08 99 F2,........,False,False,False
2026-01-21T16:51:57.819246,35.578113,RX,0x123,8,F3 F4 F5 F6 00 08 99 F3,........,False,False,False
2026-01-21T16:51:57.821201,35.580068,RX,0x123,8,F4 F5 F6 F7 00 08 99 F4,........,False,False,False
2026-01-21T16:51:57.822695,35.581562,RX,0x123,8,F5 F6 F7 F8 00 08 99 F5,........,False,False,False
2026-01-21T16:51:57.824405,35.583272,RX,0x123,8,F6 F7 F8 F9 00 08 99 F6,........,False,False,False
2026-01-21T16:51:57.825932,35.584799,RX,0x123,8,F7 F8 F9 FA 00 08 99 F7,........,False,False,False
2026-01-21T16:51:57.827367,35.586234,RX,0x123,8,F8 F9 FA FB 00 08 99 F8,........,False,False,False
2026-01-21T16:51:57.828850,35.587717,RX,0x123,8,F9 FA FB FC 00 08 99 F9,........,False,False,False
2026-01-21T16:51:57.830305,35.589172,RX,0x123,8,FA FB FC FD 00 08 99 FA,........,False,False,False
2026-01-21T16:51:57.832351,35.591218,RX,0x123,8,FB FC FD FE 00 08 99 FB,........,False,False,False
2026-01-21T16:51:57.833867,35.592734,RX,0x123,8,FC FD FE FF 00 08 99 FC,........,False,False,False
2026-01-21T16:51:57.835317,35.594184,RX,0x123,8,FD FE FF 00 00 08 99 FD,........,False,False,False
2026-01-21T16:51:57.836738,35.595605,RX,0x123,8,FE FF 00 01 00 08 99 FE,........,False,False,False
2026-01-21T16:51:57.838166,35.597033,RX,0x123,8,FF 00 01 02 00 08 99 FF,........,False,False,False
2026-01-21T16:51:57.839639,35.598505,RX,0x123,8,00 01 02 03 00 08 9A 00,........,False,False,False
2026-01-21T16:51:57.841311,35.600178,RX,0x123,8,01 02 03 04 00 08 9A 01,........,False,False,False
2026-01-21T16:51:57.842696,35.601563,RX,0x123,8,02 03 04 05 00 08 9A 02,........,False,False,False
2026-01-21T16:51:57.844149,35.603016,RX,0x123,8,03 04 05 06 00 08 9A 03,........,False,False,False
2026-01-21T16:51:57.845738,35.604605,RX,0x123,8,04 05 06 07 00 08 9A 04,........,False,False,False
2026-01-21T16:51:57.847323,35.606190,RX,0x123,8,05 06 07 08 00 08 9A 05,........,False,False,False
2026-01-21T16:51:57.848909,35.607776,RX,0x123,8,06 07 08 09 00 08 9A 06,........,False,False,False
2026-01-21T16:51:57.850457,35.609324,RX,0x123,8,07 08 09 0A 00 08 9A 07,........,False,False,False
2026-01-21T16:51:57.852304,35.611171,RX,0x123,8,08 09 0A 0B 00 08 9A 08,........,False,False,False
2026-01-21T16:51:57.854092,35.612959,RX,0x123,8,09 0A 0B 0C 00 08 9A 09,........,False,False,False
2026-01-21T16:51:57.855756,35.614623,RX,0x123,8,0A 0B 0C 0D 00 08 9A 0A,........,False,False,False
2026-01-21T16:51:57.857535,35.616401,RX,0x123,8,0B 0C 0D 0E 00 08 9A 0B,........,False,False,False
2026-01-21T16:51:57.859135,35.618002,RX,0x123,8,0C 0D 0E 0F 00 08 9A 0C,........,False,False,False
2026-01-21T16:51:57.861052,35.619919,RX,0x123,8,0D 0E 0F 10 00 08 9A 0D,........,False,False,False
2026-01-21T16:51:57.862457,35.621324,RX,0x123,8,0E 0F 10 11 00 08 9A 0E,........,False,False,False
2026-01-21T16:51:57.864049,35.622916,RX,0x123,8,0F 10 11 12 00 08 9A 0F,........,False,False,False
2026-01-21T16:51:57.865590,35.624457,RX,0x123,8,10 11 12 13 00 08 9A 10,........,False,False,False
2026-01-21T16:51:57.867783,35.626650,RX,0x123,8,11 12 13 14 00 08 9A 11,........,False,False,False
2026-01-21T16:51:57.869832,35.628699,RX,0x123,8,12 13 14 15 00 08 9A 12,........,False,False,False
2026-01-21T16:51:57.871564,35.630431,RX,0x123,8,13 14 15 16 00 08 9A 13,........,False,False,False
2026-01-21T16:51:57.873221,35.632088,RX,0x123,8,14 15 16 17 00 08 9A 14,........,False,False,False
2026-01-21T16:51:57.874727,35.633594,RX,0x123,8,15 16 17 18 00 08 9A 15,........,False,False,False
2026-01-21T16:51:57.876258,35.635125,RX,0x123,8,16 17 18 19 00 08 9A 16,........,False,False,False
2026-01-21T16:51:57.877641,35.636508,RX,0x123,8,17 18 19 1A 00 08 9A 17,........,False,False,False
2026-01-21T16:51:57.879102,35.637969,RX,0x123,8,18 19 1A 1B 00 08 9A 18,........,False,False,False
2026-01-21T16:51:57.880689,35.639556,RX,0x123,8,19 1A 1B 1C 00 08 9A 19,........,False,False,False
2026-01-21T16:51:57.882284,35.641151,RX,0x123,8,1A 1B 1C 1D 00 08 9A 1A,........,False,False,False
2026-01-21T16:51:57.884262,35.643129,RX,0x123,8,1B 1C 1D 1E 00 08 9A 1B,........,False,False,False
2026-01-21T16:51:57.886435,35.645302,RX,0x123,8,1C 1D 1E 1F 00 08 9A 1C,........,False,False,False
2026-01-21T16:51:57.888133,35.647000,RX,0x123,8,1D 1E 1F 20 00 08 9A 1D,... ....,False,False,False
2026-01-21T16:51:57.889681,35.648548,RX,0x123,8,1E 1F 20 21 00 08 9A 1E,.. !....,False,False,False
2026-01-21T16:51:57.891790,35.650657,RX,0x123,8,1F 20 21 22 00 08 9A 1F,". !""....",False,False,False
2026-01-21T16:51:57.893498,35.652365,RX,0x123,8,20 21 22 23 00 08 9A 20," !""#... ",False,False,False
2026-01-21T16:51:57.895781,35.654648,RX,0x123,8,21 22 23 24 00 08 9A 21,"!""#$...!",False,False,False
2026-01-21T16:51:57.897373,35.656240,RX,0x123,8,22 23 24 25 00 08 9A 22,"""#$%...""",False,False,False
2026-01-21T16:51:57.899002,35.657869,RX,0x123,8,23 24 25 26 00 08 9A 23,#$%&...#,False,False,False
2026-01-21T16:51:57.900596,35.659463,RX,0x123,8,24 25 26 27 00 08 9A 24,$%&'...$,False,False,False
2026-01-21T16:51:57.901964,35.660831,RX,0x123,8,25 26 27 28 00 08 9A 25,%&'(...%,False,False,False
2026-01-21T16:51:57.903359,35.662226,RX,0x123,8,26 27 28 29 00 08 9A 26,&'()...&,False,False,False
2026-01-21T16:51:57.904671,35.663538,RX,0x123,8,27 28 29 2A 00 08 9A 27,'()*...',False,False,False
2026-01-21T16:51:57.905991,35.664858,RX,0x123,8,28 29 2A 2B 00 08 9A 28,()*+...(,False,False,False
2026-01-21T16:51:57.907338,35.666205,RX,0x123,8,29 2A 2B 2C 00 08 9A 29,")*+,...)",False,False,False
2026-01-21T16:51:57.908883,35.667750,RX,0x123,8,2A 2B 2C 2D 00 08 9A 2A,"*+,-...*",False,False,False
2026-01-21T16:51:57.910241,35.669108,RX,0x123,8,2B 2C 2D 2E 00 08 9A 2B,"+,-....+",False,False,False
2026-01-21T16:51:57.911655,35.670522,RX,0x123,8,2C 2D 2E 2F 00 08 9A 2C,",-./...,",False,False,False
2026-01-21T16:51:57.912972,35.671839,RX,0x123,8,2D 2E 2F 30 00 08 9A 2D,-./0...-,False,False,False
2026-01-21T16:51:57.913982,35.672849,RX,0x123,8,2E 2F 30 31 00 08 9A 2E,./01....,False,False,False
2026-01-21T16:51:57.916349,35.675216,RX,0x123,8,2F 30 31 32 00 08 9A 2F,/012.../,False,False,False
2026-01-21T16:51:57.917788,35.676654,RX,0x123,8,30 31 32 33 00 08 9A 30,0123...0,False,False,False
2026-01-21T16:51:57.918799,35.677666,RX,0x123,8,31 32 33 34 00 08 9A 31,1234...1,False,False,False
2026-01-21T16:51:57.920681,35.679549,RX,0x123,8,32 33 34 35 00 08 9A 32,2345...2,False,False,False
2026-01-21T16:51:57.922102,35.680969,RX,0x123,8,33 34 35 36 00 08 9A 33,3456...3,False,False,False
2026-01-21T16:51:57.923554,35.682421,RX,0x123,8,34 35 36 37 00 08 9A 34,4567...4,False,False,False
2026-01-21T16:51:57.924956,35.683823,RX,0x123,8,35 36 37 38 00 08 9A 35,5678...5,False,False,False
2026-01-21T16:51:57.926034,35.684901,RX,0x123,8,36 37 38 39 00 08 9A 36,6789...6,False,False,False
2026-01-21T16:51:57.927836,35.686703,RX,0x123,8,37 38 39 3A 00 08 9A 37,789:...7,False,False,False
2026-01-21T16:51:57.929545,35.688412,RX,0x123,8,38 39 3A 3B 00 08 9A 38,89:;...8,False,False,False
2026-01-21T16:51:57.931864,35.690731,RX,0x123,8,39 3A 3B 3C 00 08 9A 39,9:;<...9,False,False,False
2026-01-21T16:51:57.933434,35.692301,RX,0x123,8,3A 3B 3C 3D 00 08 9A 3A,:;<=...:,False,False,False
2026-01-21T16:51:57.934932,35.693799,RX,0x123,8,3B 3C 3D 3E 00 08 9A 3B,;<=>...;,False,False,False
2026-01-21T16:51:57.936376,35.695243,RX,0x123,8,3C 3D 3E 3F 00 08 9A 3C,<=>?...<,False,False,False
2026-01-21T16:51:57.937977,35.696844,RX,0x123,8,3D 3E 3F 40 00 08 9A 3D,=>?@...=,False,False,False
2026-01-21T16:51:57.939360,35.698226,RX,0x123,8,3E 3F 40 41 00 08 9A 3E,>?@A...>,False,False,False
2026-01-21T16:51:57.940757,35.699624,RX,0x123,8,3F 40 41 42 00 08 9A 3F,?@AB...?,False,False,False
2026-01-21T16:51:57.941768,35.700635,RX,0x123,8,40 41 42 43 00 08 9A 40,@ABC...@,False,False,False
2026-01-21T16:51:57.944092,35.702959,RX,0x123,8,41 42 43 44 00 08 9A 41,ABCD...A,False,False,False
2026-01-21T16:51:57.945574,35.704441,RX,0x123,8,42 43 44 45 00 08 9A 42,BCDE...B,False,False,False
2026-01-21T16:51:57.947854,35.706721,RX,0x123,8,43 44 45 46 00 08 9A 43,CDEF...C,False,False,False
2026-01-21T16:51:57.949256,35.708123,RX,0x123,8,44 45 46 47 00 08 9A 44,DEFG...D,False,False,False
2026-01-21T16:51:57.950656,35.709524,RX,0x123,8,45 46 47 48 00 08 9A 45,EFGH...E,False,False,False
2026-01-21T16:51:57.951662,35.710529,RX,0x123,8,46 47 48 49 00 08 9A 46,FGHI...F,False,False,False
2026-01-21T16:51:57.953463,35.712330,RX,0x123,8,47 48 49 4A 00 08 9A 47,GHIJ...G,False,False,False
2026-01-21T16:51:57.955735,35.714602,RX,0x123,8,48 49 4A 4B 00 08 9A 48,HIJK...H,False,False,False
2026-01-21T16:51:57.957125,35.715992,RX,0x123,8,49 4A 4B 4C 00 08 9A 49,IJKL...I,False,False,False
2026-01-21T16:51:57.958479,35.717346,RX,0x123,8,4A 4B 4C 4D 00 08 9A 4A,JKLM...J,False,False,False
2026-01-21T16:51:57.959904,35.718771,RX,0x123,8,4B 4C 4D 4E 00 08 9A 4B,KLMN...K,False,False,False
2026-01-21T16:51:57.960915,35.719782,RX,0x123,8,4C 4D 4E 4F 00 08 9A 4C,LMNO...L,False,False,False
2026-01-21T16:51:57.963104,35.721971,RX,0x123,8,4D 4E 4F 50 00 08 9A 4D,MNOP...M,False,False,False
2026-01-21T16:51:57.965162,35.724029,RX,0x123,8,4E 4F 50 51 00 08 9A 4E,NOPQ...N,False,False,False
2026-01-21T16:51:57.967630,35.726497,RX,0x123,8,4F 50 51 52 00 08 9A 4F,OPQR...O,False,False,False
2026-01-21T16:51:57.969018,35.727885,RX,0x123,8,50 51 52 53 00 08 9A 50,PQRS...P,False,False,False
2026-01-21T16:51:57.970357,35.729224,RX,0x123,8,51 52 53 54 00 08 9A 51,QRST...Q,False,False,False
2026-01-21T16:51:57.971362,35.730229,RX,0x123,8,52 53 54 55 00 08 9A 52,RSTU...R,False,False,False
2026-01-21T16:51:57.973667,35.732534,RX,0x123,8,53 54 55 56 00 08 9A 53,STUV...S,False,False,False
2026-01-21T16:51:57.975292,35.734159,RX,0x123,8,54 55 56 57 00 08 9A 54,TUVW...T,False,False,False
2026-01-21T16:51:57.976644,35.735511,RX,0x123,8,55 56 57 58 00 08 9A 55,UVWX...U,False,False,False
2026-01-21T16:51:57.978087,35.736954,RX,0x123,8,56 57 58 59 00 08 9A 56,VWXY...V,False,False,False
2026-01-21T16:51:57.979509,35.738376,RX,0x123,8,57 58 59 5A 00 08 9A 57,WXYZ...W,False,False,False
2026-01-21T16:51:57.981259,35.740126,RX,0x123,8,58 59 5A 5B 00 08 9A 58,XYZ[...X,False,False,False
2026-01-21T16:51:57.982889,35.741756,RX,0x123,8,59 5A 5B 5C 00 08 9A 59,YZ[\...Y,False,False,False
2026-01-21T16:51:57.984250,35.743117,RX,0x123,8,5A 5B 5C 5D 00 08 9A 5A,Z[\]...Z,False,False,False
2026-01-21T16:51:57.985686,35.744553,RX,0x123,8,5B 5C 5D 5E 00 08 9A 5B,[\]^...[,False,False,False
2026-01-21T16:51:57.987098,35.745965,RX,0x123,8,5C 5D 5E 5F 00 08 9A 5C,\]^_...\,False,False,False
2026-01-21T16:51:57.988104,35.746972,RX,0x123,8,5D 5E 5F 60 00 08 9A 5D,]^_`...],False,False,False
2026-01-21T16:51:57.990553,35.749420,RX,0x123,8,5E 5F 60 61 00 08 9A 5E,^_`a...^,False,False,False
2026-01-21T16:51:57.991994,35.750861,RX,0x123,8,5F 60 61 62 00 08 9A 5F,_`ab..._,False,False,False
2026-01-21T16:51:57.993440,35.752307,RX,0x123,8,60 61 62 63 00 08 9A 60,`abc...`,False,False,False
2026-01-21T16:51:57.995180,35.754047,RX,0x123,8,61 62 63 64 00 08 9A 61,abcd...a,False,False,False
2026-01-21T16:51:57.997268,35.756135,RX,0x123,8,62 63 64 65 00 08 9A 62,bcde...b,False,False,False
2026-01-21T16:51:57.999180,35.758047,RX,0x123,8,63 64 65 66 00 08 9A 63,cdef...c,False,False,False
2026-01-21T16:51:58.000998,35.759865,RX,0x123,8,64 65 66 67 00 08 9A 64,defg...d,False,False,False
2026-01-21T16:51:58.002548,35.761415,RX,0x123,8,65 66 67 68 00 08 9A 65,efgh...e,False,False,False
2026-01-21T16:51:58.004191,35.763058,RX,0x123,8,66 67 68 69 00 08 9A 66,fghi...f,False,False,False
2026-01-21T16:51:58.005903,35.764770,RX,0x123,8,67 68 69 6A 00 08 9A 67,ghij...g,False,False,False
2026-01-21T16:51:58.008138,35.767005,RX,0x123,8,68 69 6A 6B 00 08 9A 68,hijk...h,False,False,False
2026-01-21T16:51:58.010213,35.769080,RX,0x123,8,69 6A 6B 6C 00 08 9A 69,ijkl...i,False,False,False
2026-01-21T16:51:58.011794,35.770661,RX,0x123,8,6A 6B 6C 6D 00 08 9A 6A,jklm...j,False,False,False
2026-01-21T16:51:58.014224,35.773092,RX,0x123,8,6B 6C 6D 6E 00 08 9A 6B,klmn...k,False,False,False
2026-01-21T16:51:58.015668,35.774535,RX,0x123,8,6C 6D 6E 6F 00 08 9A 6C,lmno...l,False,False,False
2026-01-21T16:51:58.017126,35.775993,RX,0x123,8,6D 6E 6F 70 00 08 9A 6D,mnop...m,False,False,False
2026-01-21T16:51:58.018501,35.777369,RX,0x123,8,6E 6F 70 71 00 08 9A 6E,nopq...n,False,False,False
2026-01-21T16:51:58.019518,35.778385,RX,0x123,8,6F 70 71 72 00 08 9A 6F,opqr...o,False,False,False
2026-01-21T16:51:58.021704,35.780571,RX,0x123,8,70 71 72 73 00 08 9A 70,pqrs...p,False,False,False
2026-01-21T16:51:58.023113,35.781980,RX,0x123,8,71 72 73 74 00 08 9A 71,qrst...q,False,False,False
2026-01-21T16:51:58.024841,35.783708,RX,0x123,8,72 73 74 75 00 08 9A 72,rstu...r,False,False,False
2026-01-21T16:51:58.026452,35.785319,RX,0x123,8,73 74 75 76 00 08 9A 73,stuv...s,False,False,False
2026-01-21T16:51:58.028664,35.787531,RX,0x123,8,74 75 76 77 00 08 9A 74,tuvw...t,False,False,False
2026-01-21T16:51:58.030293,35.789160,RX,0x123,8,75 76 77 78 00 08 9A 75,uvwx...u,False,False,False
2026-01-21T16:51:58.032398,35.791265,RX,0x123,8,76 77 78 79 00 08 9A 76,vwxy...v,False,False,False
2026-01-21T16:51:58.034269,35.793136,RX,0x123,8,77 78 79 7A 00 08 9A 77,wxyz...w,False,False,False
2026-01-21T16:51:58.035909,35.794776,RX,0x123,8,78 79 7A 7B 00 08 9A 78,xyz{...x,False,False,False
2026-01-21T16:51:58.037680,35.796547,RX,0x123,8,79 7A 7B 7C 00 08 9A 79,yz{|...y,False,False,False
2026-01-21T16:51:58.039048,35.797915,RX,0x123,8,7A 7B 7C 7D 00 08 9A 7A,z{|}...z,False,False,False
2026-01-21T16:51:58.040513,35.799380,RX,0x123,8,7B 7C 7D 7E 00 08 9A 7B,{|}~...{,False,False,False
2026-01-21T16:51:58.042086,35.800953,RX,0x123,8,7C 7D 7E 7F 00 08 9A 7C,|}~....|,False,False,False
2026-01-21T16:51:58.044018,35.802885,RX,0x123,8,7D 7E 7F 80 00 08 9A 7D,}~.....},False,False,False
2026-01-21T16:51:58.045517,35.804384,RX,0x123,8,7E 7F 80 81 00 08 9A 7E,~......~,False,False,False
2026-01-21T16:51:58.046907,35.805774,RX,0x123,8,7F 80 81 82 00 08 9A 7F,........,False,False,False
2026-01-21T16:51:58.048723,35.807590,RX,0x123,8,80 81 82 83 00 08 9A 80,........,False,False,False
2026-01-21T16:51:58.050460,35.809327,RX,0x123,8,81 82 83 84 00 08 9A 81,........,False,False,False
2026-01-21T16:51:58.052807,35.811674,RX,0x123,8,82 83 84 85 00 08 9A 82,........,False,False,False
2026-01-21T16:51:58.054771,35.813638,RX,0x123,8,83 84 85 86 00 08 9A 83,........,False,False,False
2026-01-21T16:51:58.056881,35.815748,RX,0x123,8,84 85 86 87 00 08 9A 84,........,False,False,False
2026-01-21T16:51:58.058367,35.817234,RX,0x123,8,85 86 87 88 00 08 9A 85,........,False,False,False
2026-01-21T16:51:58.059913,35.818780,RX,0x123,8,86 87 88 89 00 08 9A 86,........,False,False,False
2026-01-21T16:51:58.061245,35.820112,RX,0x123,8,87 88 89 8A 00 08 9A 87,........,False,False,False
2026-01-21T16:51:58.062558,35.821424,RX,0x123,8,88 89 8A 8B 00 08 9A 88,........,False,False,False
2026-01-21T16:51:58.064250,35.823117,RX,0x123,8,89 8A 8B 8C 00 08 9A 89,........,False,False,False
2026-01-21T16:51:58.065942,35.824809,RX,0x123,8,8A 8B 8C 8D 00 08 9A 8A,........,False,False,False
2026-01-21T16:51:58.067431,35.826298,RX,0x123,8,8B 8C 8D 8E 00 08 9A 8B,........,False,False,False
2026-01-21T16:51:58.068766,35.827632,RX,0x123,8,8C 8D 8E 8F 00 08 9A 8C,........,False,False,False
2026-01-21T16:51:58.070129,35.828996,RX,0x123,8,8D 8E 8F 90 00 08 9A 8D,........,False,False,False
2026-01-21T16:51:58.071528,35.830395,RX,0x123,8,8E 8F 90 91 00 08 9A 8E,........,False,False,False
2026-01-21T16:51:58.072880,35.831747,RX,0x123,8,8F 90 91 92 00 08 9A 8F,........,False,False,False
2026-01-21T16:51:58.074246,35.833113,RX,0x123,8,90 91 92 93 00 08 9A 90,........,False,False,False
2026-01-21T16:51:58.075960,35.834827,RX,0x123,8,91 92 93 94 00 08 9A 91,........,False,False,False
2026-01-21T16:51:58.077707,35.836574,RX,0x123,8,92 93 94 95 00 08 9A 92,........,False,False,False
2026-01-21T16:51:58.079180,35.838047,RX,0x123,8,93 94 95 96 00 08 9A 93,........,False,False,False
2026-01-21T16:51:58.080526,35.839393,RX,0x123,8,94 95 96 97 00 08 9A 94,........,False,False,False
2026-01-21T16:51:58.082108,35.840975,RX,0x123,8,95 96 97 98 00 08 9A 95,........,False,False,False
2026-01-21T16:51:58.083605,35.842472,RX,0x123,8,96 97 98 99 00 08 9A 96,........,False,False,False
2026-01-21T16:51:58.085030,35.843897,RX,0x123,8,97 98 99 9A 00 08 9A 97,........,False,False,False
2026-01-21T16:51:58.086532,35.845399,RX,0x123,8,98 99 9A 9B 00 08 9A 98,........,False,False,False
2026-01-21T16:51:58.088175,35.847042,RX,0x123,8,99 9A 9B 9C 00 08 9A 99,........,False,False,False
2026-01-21T16:51:58.090064,35.848932,RX,0x123,8,9A 9B 9C 9D 00 08 9A 9A,........,False,False,False
2026-01-21T16:51:58.092108,35.850975,RX,0x123,8,9B 9C 9D 9E 00 08 9A 9B,........,False,False,False
2026-01-21T16:51:58.093611,35.852478,RX,0x123,8,9C 9D 9E 9F 00 08 9A 9C,........,False,False,False
2026-01-21T16:51:58.095669,35.854536,RX,0x123,8,9D 9E 9F A0 00 08 9A 9D,........,False,False,False
2026-01-21T16:51:58.097143,35.856010,RX,0x123,8,9E 9F A0 A1 00 08 9A 9E,........,False,False,False
2026-01-21T16:51:58.099186,35.857616,RX,0x123,8,9F A0 A1 A2 00 08 9A 9F,........,False,False,False
2026-01-21T16:51:58.100701,35.859568,RX,0x123,8,A0 A1 A2 A3 00 08 9A A0,........,False,False,False
2026-01-21T16:51:58.103225,35.862092,RX,0x123,8,A1 A2 A3 A4 00 08 9A A1,........,False,False,False
2026-01-21T16:51:58.105026,35.863893,RX,0x123,8,A2 A3 A4 A5 00 08 9A A2,........,False,False,False
2026-01-21T16:51:58.107309,35.866176,RX,0x123,8,A3 A4 A5 A6 00 08 9A A3,........,False,False,False
2026-01-21T16:51:58.109231,35.868098,RX,0x123,8,A4 A5 A6 A7 00 08 9A A4,........,False,False,False
2026-01-21T16:51:58.111456,35.870323,RX,0x123,8,A5 A6 A7 A8 00 08 9A A5,........,False,False,False
2026-01-21T16:51:58.113370,35.872237,RX,0x123,8,A6 A7 A8 A9 00 08 9A A6,........,False,False,False
2026-01-21T16:51:58.114384,35.873251,RX,0x123,8,A7 A8 A9 AA 00 08 9A A7,........,False,False,False
2026-01-21T16:51:58.116927,35.875794,RX,0x123,8,A8 A9 AA AB 00 08 9A A8,........,False,False,False
2026-01-21T16:51:58.118321,35.877188,RX,0x123,8,A9 AA AB AC 00 08 9A A9,........,False,False,False
2026-01-21T16:51:58.119767,35.878633,RX,0x123,8,AA AB AC AD 00 08 9A AA,........,False,False,False
2026-01-21T16:51:58.121673,35.880540,RX,0x123,8,AB AC AD AE 00 08 9A AB,........,False,False,False
2026-01-21T16:51:58.123035,35.881902,RX,0x123,8,AC AD AE AF 00 08 9A AC,........,False,False,False
2026-01-21T16:51:58.124640,35.883507,RX,0x123,8,AD AE AF B0 00 08 9A AD,........,False,False,False
2026-01-21T16:51:58.126534,35.885401,RX,0x123,8,AE AF B0 B1 00 08 9A AE,........,False,False,False
2026-01-21T16:51:58.127546,35.886413,RX,0x123,8,AF B0 B1 B2 00 08 9A AF,........,False,False,False
2026-01-21T16:51:58.129665,35.888532,RX,0x123,8,B0 B1 B2 B3 00 08 9A B0,........,False,False,False
2026-01-21T16:51:58.131424,35.890290,RX,0x123,8,B1 B2 B3 B4 00 08 9A B1,........,False,False,False
2026-01-21T16:51:58.133330,35.892197,RX,0x123,8,B2 B3 B4 B5 00 08 9A B2,........,False,False,False
2026-01-21T16:51:58.135458,35.894325,RX,0x123,8,B3 B4 B5 B6 00 08 9A B3,........,False,False,False
2026-01-21T16:51:58.137388,35.896255,RX,0x123,8,B4 B5 B6 B7 00 08 9A B4,........,False,False,False
2026-01-21T16:51:58.139637,35.898504,RX,0x123,8,B5 B6 B7 B8 00 08 9A B5,........,False,False,False
2026-01-21T16:51:58.141892,35.900759,RX,0x123,8,B6 B7 B8 B9 00 08 9A B6,........,False,False,False
2026-01-21T16:51:58.143573,35.902440,RX,0x123,8,B7 B8 B9 BA 00 08 9A B7,........,False,False,False
2026-01-21T16:51:58.145415,35.904283,RX,0x123,8,B8 B9 BA BB 00 08 9A B8,........,False,False,False
2026-01-21T16:51:58.146920,35.905787,RX,0x123,8,B9 BA BB BC 00 08 9A B9,........,False,False,False
2026-01-21T16:51:58.148636,35.907502,RX,0x123,8,BA BB BC BD 00 08 9A BA,........,False,False,False
2026-01-21T16:51:58.150480,35.909347,RX,0x123,8,BB BC BD BE 00 08 9A BB,........,False,False,False
2026-01-21T16:51:58.152973,35.911840,RX,0x123,8,BC BD BE BF 00 08 9A BC,........,False,False,False
2026-01-21T16:51:58.154814,35.913681,RX,0x123,8,BD BE BF C0 00 08 9A BD,........,False,False,False
2026-01-21T16:51:58.157018,35.915885,RX,0x123,8,BE BF C0 C1 00 08 9A BE,........,False,False,False
2026-01-21T16:51:58.158656,35.917523,RX,0x123,8,BF C0 C1 C2 00 08 9A BF,........,False,False,False
2026-01-21T16:51:58.160225,35.919092,RX,0x123,8,C0 C1 C2 C3 00 08 9A C0,........,False,False,False
2026-01-21T16:51:58.161300,35.920167,RX,0x123,8,C1 C2 C3 C4 00 08 9A C1,........,False,False,False
2026-01-21T16:51:58.163913,35.922780,RX,0x123,8,C2 C3 C4 C5 00 08 9A C2,........,False,False,False
2026-01-21T16:51:58.165801,35.924668,RX,0x123,8,C3 C4 C5 C6 00 08 9A C3,........,False,False,False
2026-01-21T16:51:58.168071,35.926938,RX,0x123,8,C4 C5 C6 C7 00 08 9A C4,........,False,False,False
2026-01-21T16:51:58.169678,35.928545,RX,0x123,8,C5 C6 C7 C8 00 08 9A C5,........,False,False,False
2026-01-21T16:51:58.171519,35.930386,RX,0x123,8,C6 C7 C8 C9 00 08 9A C6,........,False,False,False
2026-01-21T16:51:58.173423,35.932290,RX,0x123,8,C7 C8 C9 CA 00 08 9A C7,........,False,False,False
2026-01-21T16:51:58.175147,35.934014,RX,0x123,8,C8 C9 CA CB 00 08 9A C8,........,False,False,False
2026-01-21T16:51:58.176587,35.935454,RX,0x123,8,C9 CA CB CC 00 08 9A C9,........,False,False,False
2026-01-21T16:51:58.177923,35.936790,RX,0x123,8,CA CB CC CD 00 08 9A CA,........,False,False,False
2026-01-21T16:51:58.179266,35.938133,RX,0x123,8,CB CC CD CE 00 08 9A CB,........,False,False,False
2026-01-21T16:51:58.180780,35.939647,RX,0x123,8,CC CD CE CF 00 08 9A CC,........,False,False,False
2026-01-21T16:51:58.182642,35.941509,RX,0x123,8,CD CE CF D0 00 08 9A CD,........,False,False,False
2026-01-21T16:51:58.184605,35.943472,RX,0x123,8,CE CF D0 D1 00 08 9A CE,........,False,False,False
2026-01-21T16:51:58.186433,35.945300,RX,0x123,8,CF D0 D1 D2 00 08 9A CF,........,False,False,False
2026-01-21T16:51:58.188008,35.946874,RX,0x123,8,D0 D1 D2 D3 00 08 9A D0,........,False,False,False
2026-01-21T16:51:58.189528,35.948395,RX,0x123,8,D1 D2 D3 D4 00 08 9A D1,........,False,False,False
2026-01-21T16:51:58.190914,35.949781,RX,0x123,8,D2 D3 D4 D5 00 08 9A D2,........,False,False,False
2026-01-21T16:51:58.192457,35.951324,RX,0x123,8,D3 D4 D5 D6 00 08 9A D3,........,False,False,False
2026-01-21T16:51:58.193880,35.952747,RX,0x123,8,D4 D5 D6 D7 00 08 9A D4,........,False,False,False
2026-01-21T16:51:58.195851,35.954718,RX,0x123,8,D5 D6 D7 D8 00 08 9A D5,........,False,False,False
2026-01-21T16:51:58.197103,35.955970,RX,0x123,8,D6 D7 D8 D9 00 08 9A D6,........,False,False,False
2026-01-21T16:51:58.200070,35.958937,RX,0x123,8,D7 D8 D9 DA 00 08 9A D7,........,False,False,False
2026-01-21T16:51:58.202061,35.960928,RX,0x123,8,D8 D9 DA DB 00 08 9A D8,........,False,False,False
2026-01-21T16:51:58.203718,35.962585,RX,0x123,8,D9 DA DB DC 00 08 9A D9,........,False,False,False
2026-01-21T16:51:58.205602,35.964469,RX,0x123,8,DA DB DC DD 00 08 9A DA,........,False,False,False
2026-01-21T16:51:58.207767,35.966634,RX,0x123,8,DB DC DD DE 00 08 9A DB,........,False,False,False
2026-01-21T16:51:58.209709,35.968576,RX,0x123,8,DC DD DE DF 00 08 9A DC,........,False,False,False
2026-01-21T16:51:58.212179,35.971046,RX,0x123,8,DD DE DF E0 00 08 9A DD,........,False,False,False
2026-01-21T16:51:58.213711,35.972578,RX,0x123,8,DE DF E0 E1 00 08 9A DE,........,False,False,False
2026-01-21T16:51:58.215378,35.974245,RX,0x123,8,DF E0 E1 E2 00 08 9A DF,........,False,False,False
2026-01-21T16:51:58.217558,35.976425,RX,0x123,8,E0 E1 E2 E3 00 08 9A E0,........,False,False,False
2026-01-21T16:51:58.218679,35.977546,RX,0x123,8,E1 E2 E3 E4 00 08 9A E1,........,False,False,False
2026-01-21T16:51:58.221353,35.980221,RX,0x123,8,E2 E3 E4 E5 00 08 9A E2,........,False,False,False
2026-01-21T16:51:58.222906,35.981773,RX,0x123,8,E3 E4 E5 E6 00 08 9A E3,........,False,False,False
2026-01-21T16:51:58.225122,35.983989,RX,0x123,8,E4 E5 E6 E7 00 08 9A E4,........,False,False,False
2026-01-21T16:51:58.226755,35.985622,RX,0x123,8,E5 E6 E7 E8 00 08 9A E5,........,False,False,False
2026-01-21T16:51:58.228395,35.987262,RX,0x123,8,E6 E7 E8 E9 00 08 9A E6,........,False,False,False
2026-01-21T16:51:58.230542,35.989409,RX,0x123,8,E7 E8 E9 EA 00 08 9A E7,........,False,False,False
2026-01-21T16:51:58.232348,35.991215,RX,0x123,8,E8 E9 EA EB 00 08 9A E8,........,False,False,False
2026-01-21T16:51:58.234097,35.992964,RX,0x123,8,E9 EA EB EC 00 08 9A E9,........,False,False,False
2026-01-21T16:51:58.235737,35.994604,RX,0x123,8,EA EB EC ED 00 08 9A EA,........,False,False,False
2026-01-21T16:51:58.237651,35.996518,RX,0x123,8,EB EC ED EE 00 08 9A EB,........,False,False,False
2026-01-21T16:51:58.239270,35.998137,RX,0x123,8,EC ED EE EF 00 08 9A EC,........,False,False,False
2026-01-21T16:51:58.241387,36.000254,RX,0x123,8,ED EE EF F0 00 08 9A ED,........,False,False,False
2026-01-21T16:51:58.243590,36.002457,RX,0x123,8,EE EF F0 F1 00 08 9A EE,........,False,False,False
2026-01-21T16:51:58.245299,36.004166,RX,0x123,8,EF F0 F1 F2 00 08 9A EF,........,False,False,False
2026-01-21T16:51:58.247072,36.005939,RX,0x123,8,F0 F1 F2 F3 00 08 9A F0,........,False,False,False
2026-01-21T16:51:58.248924,36.007791,RX,0x123,8,F1 F2 F3 F4 00 08 9A F1,........,False,False,False
2026-01-21T16:51:58.250644,36.009511,RX,0x123,8,F2 F3 F4 F5 00 08 9A F2,........,False,False,False
2026-01-21T16:51:58.252470,36.011337,RX,0x123,8,F3 F4 F5 F6 00 08 9A F3,........,False,False,False
2026-01-21T16:51:58.253886,36.012753,RX,0x123,8,F4 F5 F6 F7 00 08 9A F4,........,False,False,False
2026-01-21T16:51:58.255247,36.014114,RX,0x123,8,F5 F6 F7 F8 00 08 9A F5,........,False,False,False
2026-01-21T16:51:58.256804,36.015671,RX,0x123,8,F6 F7 F8 F9 00 08 9A F6,........,False,False,False
2026-01-21T16:51:58.258517,36.017384,RX,0x123,8,F7 F8 F9 FA 00 08 9A F7,........,False,False,False
2026-01-21T16:51:58.260189,36.019055,RX,0x123,8,F8 F9 FA FB 00 08 9A F8,........,False,False,False
2026-01-21T16:51:58.262097,36.020964,RX,0x123,8,F9 FA FB FC 00 08 9A F9,........,False,False,False
2026-01-21T16:51:58.263812,36.022679,RX,0x123,8,FA FB FC FD 00 08 9A FA,........,False,False,False
2026-01-21T16:51:58.266331,36.025198,RX,0x123,8,FB FC FD FE 00 08 9A FB,........,False,False,False
2026-01-21T16:51:58.268118,36.026984,RX,0x123,8,FC FD FE FF 00 08 9A FC,........,False,False,False
2026-01-21T16:51:58.270641,36.029508,RX,0x123,8,FD FE FF 00 00 08 9A FD,........,False,False,False
2026-01-21T16:51:58.273032,36.031899,RX,0x123,8,FE FF 00 01 00 08 9A FE,........,False,False,False
2026-01-21T16:51:58.274930,36.033797,RX,0x123,8,FF 00 01 02 00 08 9A FF,........,False,False,False
2026-01-21T16:51:58.276534,36.035401,RX,0x123,8,00 01 02 03 00 08 9B 00,........,False,False,False
2026-01-21T16:51:58.278412,36.037279,RX,0x123,8,01 02 03 04 00 08 9B 01,........,False,False,False
2026-01-21T16:51:58.279834,36.038701,RX,0x123,8,02 03 04 05 00 08 9B 02,........,False,False,False
2026-01-21T16:51:58.280843,36.039710,RX,0x123,8,03 04 05 06 00 08 9B 03,........,False,False,False
2026-01-21T16:51:58.283414,36.042281,RX,0x123,8,04 05 06 07 00 08 9B 04,........,False,False,False
2026-01-21T16:51:58.284954,36.043821,RX,0x123,8,05 06 07 08 00 08 9B 05,........,False,False,False
2026-01-21T16:51:58.286493,36.045361,RX,0x123,8,06 07 08 09 00 08 9B 06,........,False,False,False
2026-01-21T16:51:58.288066,36.046933,RX,0x123,8,07 08 09 0A 00 08 9B 07,........,False,False,False
2026-01-21T16:51:58.290029,36.048896,RX,0x123,8,08 09 0A 0B 00 08 9B 08,........,False,False,False
2026-01-21T16:51:58.291577,36.050444,RX,0x123,8,09 0A 0B 0C 00 08 9B 09,........,False,False,False
2026-01-21T16:51:58.293318,36.052186,RX,0x123,8,0A 0B 0C 0D 00 08 9B 0A,........,False,False,False
2026-01-21T16:51:58.295086,36.053953,RX,0x123,8,0B 0C 0D 0E 00 08 9B 0B,........,False,False,False
2026-01-21T16:51:58.296472,36.055339,RX,0x123,8,0C 0D 0E 0F 00 08 9B 0C,........,False,False,False
2026-01-21T16:51:58.297980,36.056848,RX,0x123,8,0D 0E 0F 10 00 08 9B 0D,........,False,False,False
2026-01-21T16:51:58.299429,36.058296,RX,0x123,8,0E 0F 10 11 00 08 9B 0E,........,False,False,False
2026-01-21T16:51:58.300931,36.059798,RX,0x123,8,0F 10 11 12 00 08 9B 0F,........,False,False,False
2026-01-21T16:51:58.302268,36.061135,RX,0x123,8,10 11 12 13 00 08 9B 10,........,False,False,False
2026-01-21T16:51:58.303761,36.062628,RX,0x123,8,11 12 13 14 00 08 9B 11,........,False,False,False
2026-01-21T16:51:58.305294,36.064161,RX,0x123,8,12 13 14 15 00 08 9B 12,........,False,False,False
2026-01-21T16:51:58.307054,36.065921,RX,0x123,8,13 14 15 16 00 08 9B 13,........,False,False,False
2026-01-21T16:51:58.308857,36.067724,RX,0x123,8,14 15 16 17 00 08 9B 14,........,False,False,False
2026-01-21T16:51:58.310856,36.069723,RX,0x123,8,15 16 17 18 00 08 9B 15,........,False,False,False
2026-01-21T16:51:58.312340,36.071207,RX,0x123,8,16 17 18 19 00 08 9B 16,........,False,False,False
2026-01-21T16:51:58.313741,36.072608,RX,0x123,8,17 18 19 1A 00 08 9B 17,........,False,False,False
2026-01-21T16:51:58.315290,36.074157,RX,0x123,8,18 19 1A 1B 00 08 9B 18,........,False,False,False
2026-01-21T16:51:58.316794,36.075661,RX,0x123,8,19 1A 1B 1C 00 08 9B 19,........,False,False,False
2026-01-21T16:51:58.318285,36.077152,RX,0x123,8,1A 1B 1C 1D 00 08 9B 1A,........,False,False,False
2026-01-21T16:51:58.319296,36.078163,RX,0x123,8,1B 1C 1D 1E 00 08 9B 1B,........,False,False,False
2026-01-21T16:51:58.321880,36.080747,RX,0x123,8,1C 1D 1E 1F 00 08 9B 1C,........,False,False,False
2026-01-21T16:51:58.323828,36.082695,RX,0x123,8,1D 1E 1F 20 00 08 9B 1D,... ....,False,False,False
2026-01-21T16:51:58.325405,36.084272,RX,0x123,8,1E 1F 20 21 00 08 9B 1E,.. !....,False,False,False
2026-01-21T16:51:58.326921,36.085788,RX,0x123,8,1F 20 21 22 00 08 9B 1F,". !""....",False,False,False
2026-01-21T16:51:58.328618,36.087485,RX,0x123,8,20 21 22 23 00 08 9B 20," !""#... ",False,False,False
2026-01-21T16:51:58.330455,36.089322,RX,0x123,8,21 22 23 24 00 08 9B 21,"!""#$...!",False,False,False
2026-01-21T16:51:58.332593,36.091460,RX,0x123,8,22 23 24 25 00 08 9B 22,"""#$%...""",False,False,False
2026-01-21T16:51:58.334585,36.093452,RX,0x123,8,23 24 25 26 00 08 9B 23,#$%&...#,False,False,False
2026-01-21T16:51:58.336898,36.095765,RX,0x123,8,24 25 26 27 00 08 9B 24,$%&'...$,False,False,False
2026-01-21T16:51:58.337905,36.096772,RX,0x123,8,25 26 27 28 00 08 9B 25,%&'(...%,False,False,False
2026-01-21T16:51:58.340516,36.099383,RX,0x123,8,26 27 28 29 00 08 9B 26,&'()...&,False,False,False
2026-01-21T16:51:58.342325,36.101192,RX,0x123,8,27 28 29 2A 00 08 9B 27,'()*...',False,False,False
2026-01-21T16:51:58.344162,36.102202,RX,0x123,8,28 29 2A 2B 00 08 9B 28,()*+...(,False,False,False
2026-01-21T16:51:58.345877,36.104743,RX,0x123,8,29 2A 2B 2C 00 08 9B 29,")*+,...)",False,False,False
2026-01-21T16:51:58.347588,36.106455,RX,0x123,8,2A 2B 2C 2D 00 08 9B 2A,"*+,-...*",False,False,False
2026-01-21T16:51:58.349214,36.108081,RX,0x123,8,2B 2C 2D 2E 00 08 9B 2B,"+,-....+",False,False,False
2026-01-21T16:51:58.351128,36.109995,RX,0x123,8,2C 2D 2E 2F 00 08 9B 2C,",-./...,",False,False,False
2026-01-21T16:51:58.352490,36.111357,RX,0x123,8,2D 2E 2F 30 00 08 9B 2D,-./0...-,False,False,False
2026-01-21T16:51:58.354108,36.112975,RX,0x123,8,2E 2F 30 31 00 08 9B 2E,./01....,False,False,False
2026-01-21T16:51:58.355999,36.114866,RX,0x123,8,2F 30 31 32 00 08 9B 2F,/012.../,False,False,False
2026-01-21T16:51:58.357433,36.116300,RX,0x123,8,30 31 32 33 00 08 9B 30,0123...0,False,False,False
2026-01-21T16:51:58.358824,36.117691,RX,0x123,8,31 32 33 34 00 08 9B 31,1234...1,False,False,False
2026-01-21T16:51:58.360144,36.119010,RX,0x123,8,32 33 34 35 00 08 9B 32,2345...2,False,False,False
2026-01-21T16:51:58.361154,36.120021,RX,0x123,8,33 34 35 36 00 08 9B 33,3456...3,False,False,False
2026-01-21T16:51:58.362939,36.121806,RX,0x123,8,34 35 36 37 00 08 9B 34,4567...4,False,False,False
2026-01-21T16:51:58.365203,36.124070,RX,0x123,8,35 36 37 38 00 08 9B 35,5678...5,False,False,False
2026-01-21T16:51:58.366681,36.125548,RX,0x123,8,36 37 38 39 00 08 9B 36,6789...6,False,False,False
2026-01-21T16:51:58.368493,36.127360,RX,0x123,8,37 38 39 3A 00 08 9B 37,789:...7,False,False,False
2026-01-21T16:51:58.370289,36.129156,RX,0x123,8,38 39 3A 3B 00 08 9B 38,89:;...8,False,False,False
2026-01-21T16:51:58.372541,36.131408,RX,0x123,8,39 3A 3B 3C 00 08 9B 39,9:;<...9,False,False,False
2026-01-21T16:51:58.374065,36.132932,RX,0x123,8,3A 3B 3C 3D 00 08 9B 3A,:;<=...:,False,False,False
2026-01-21T16:51:58.375617,36.134484,RX,0x123,8,3B 3C 3D 3E 00 08 9B 3B,;<=>...;,False,False,False
2026-01-21T16:51:58.377557,36.136424,RX,0x123,8,3C 3D 3E 3F 00 08 9B 3C,<=>?...<,False,False,False
2026-01-21T16:51:58.379004,36.137872,RX,0x123,8,3D 3E 3F 40 00 08 9B 3D,=>?@...=,False,False,False
2026-01-21T16:51:58.380068,36.138935,RX,0x123,8,3E 3F 40 41 00 08 9B 3E,>?@A...>,False,False,False
2026-01-21T16:51:58.381875,36.140742,RX,0x123,8,3F 40 41 42 00 08 9B 3F,?@AB...?,False,False,False
2026-01-21T16:51:58.384583,36.143450,RX,0x123,8,40 41 42 43 00 08 9B 40,@ABC...@,False,False,False
2026-01-21T16:51:58.385913,36.144780,RX,0x123,8,41 42 43 44 00 08 9B 41,ABCD...A,False,False,False
2026-01-21T16:51:58.386918,36.145785,RX,0x123,8,42 43 44 45 00 08 9B 42,BCDE...B,False,False,False
2026-01-21T16:51:58.388699,36.147566,RX,0x123,8,43 44 45 46 00 08 9B 43,CDEF...C,False,False,False
2026-01-21T16:51:58.390717,36.149584,RX,0x123,8,44 45 46 47 00 08 9B 44,DEFG...D,False,False,False
2026-01-21T16:51:58.392392,36.151259,RX,0x123,8,45 46 47 48 00 08 9B 45,EFGH...E,False,False,False
2026-01-21T16:51:58.393883,36.152750,RX,0x123,8,46 47 48 49 00 08 9B 46,FGHI...F,False,False,False
2026-01-21T16:51:58.395361,36.154228,RX,0x123,8,47 48 49 4A 00 08 9B 47,GHIJ...G,False,False,False
2026-01-21T16:51:58.396937,36.155804,RX,0x123,8,48 49 4A 4B 00 08 9B 48,HIJK...H,False,False,False
2026-01-21T16:51:58.399069,36.157633,RX,0x123,8,49 4A 4B 4C 00 08 9B 49,IJKL...I,False,False,False
2026-01-21T16:51:58.400776,36.159643,RX,0x123,8,4A 4B 4C 4D 00 08 9B 4A,JKLM...J,False,False,False
2026-01-21T16:51:58.402305,36.161172,RX,0x123,8,4B 4C 4D 4E 00 08 9B 4B,KLMN...K,False,False,False
2026-01-21T16:51:58.403885,36.162752,RX,0x123,8,4C 4D 4E 4F 00 08 9B 4C,LMNO...L,False,False,False
2026-01-21T16:51:58.405957,36.164824,RX,0x123,8,4D 4E 4F 50 00 08 9B 4D,MNOP...M,False,False,False
2026-01-21T16:51:58.407415,36.166282,RX,0x123,8,4E 4F 50 51 00 08 9B 4E,NOPQ...N,False,False,False
2026-01-21T16:51:58.409112,36.167979,RX,0x123,8,4F 50 51 52 00 08 9B 4F,OPQR...O,False,False,False
2026-01-21T16:51:58.410992,36.169859,RX,0x123,8,50 51 52 53 00 08 9B 50,PQRS...P,False,False,False
2026-01-21T16:51:58.413208,36.172075,RX,0x123,8,51 52 53 54 00 08 9B 51,QRST...Q,False,False,False
2026-01-21T16:51:58.415050,36.173917,RX,0x123,8,52 53 54 55 00 08 9B 52,RSTU...R,False,False,False
2026-01-21T16:51:58.416462,36.175329,RX,0x123,8,53 54 55 56 00 08 9B 53,STUV...S,False,False,False
2026-01-21T16:51:58.417825,36.176692,RX,0x123,8,54 55 56 57 00 08 9B 54,TUVW...T,False,False,False
2026-01-21T16:51:58.418889,36.177756,RX,0x123,8,55 56 57 58 00 08 9B 55,UVWX...U,False,False,False
2026-01-21T16:51:58.421409,36.180276,RX,0x123,8,56 57 58 59 00 08 9B 56,VWXY...V,False,False,False
2026-01-21T16:51:58.422421,36.181288,RX,0x123,8,57 58 59 5A 00 08 9B 57,WXYZ...W,False,False,False
2026-01-21T16:51:58.424629,36.183496,RX,0x123,8,58 59 5A 5B 00 08 9B 58,XYZ[...X,False,False,False
2026-01-21T16:51:58.425999,36.184866,RX,0x123,8,59 5A 5B 5C 00 08 9B 59,YZ[\...Y,False,False,False
2026-01-21T16:51:58.427311,36.186178,RX,0x123,8,5A 5B 5C 5D 00 08 9B 5A,Z[\]...Z,False,False,False
2026-01-21T16:51:58.428322,36.187189,RX,0x123,8,5B 5C 5D 5E 00 08 9B 5B,[\]^...[,False,False,False
2026-01-21T16:51:58.430695,36.189563,RX,0x123,8,5C 5D 5E 5F 00 08 9B 5C,\]^_...\,False,False,False
2026-01-21T16:51:58.432483,36.191350,RX,0x123,8,5D 5E 5F 60 00 08 9B 5D,]^_`...],False,False,False
2026-01-21T16:51:58.434262,36.193129,RX,0x123,8,5E 5F 60 61 00 08 9B 5E,^_`a...^,False,False,False
2026-01-21T16:51:58.435934,36.194801,RX,0x123,8,5F 60 61 62 00 08 9B 5F,_`ab..._,False,False,False
2026-01-21T16:51:58.437863,36.196730,RX,0x123,8,60 61 62 63 00 08 9B 60,`abc...`,False,False,False
2026-01-21T16:51:58.439298,36.198165,RX,0x123,8,61 62 63 64 00 08 9B 61,abcd...a,False,False,False
2026-01-21T16:51:58.440953,36.199820,RX,0x123,8,62 63 64 65 00 08 9B 62,bcde...b,False,False,False
2026-01-21T16:51:58.442735,36.201602,RX,0x123,8,63 64 65 66 00 08 9B 63,cdef...c,False,False,False
2026-01-21T16:51:58.444393,36.203260,RX,0x123,8,64 65 66 67 00 08 9B 64,defg...d,False,False,False
2026-01-21T16:51:58.446145,36.205012,RX,0x123,8,65 66 67 68 00 08 9B 65,efgh...e,False,False,False
2026-01-21T16:51:58.448400,36.206855,RX,0x123,8,66 67 68 69 00 08 9B 66,fghi...f,False,False,False
2026-01-21T16:51:58.449596,36.208463,RX,0x123,8,67 68 69 6A 00 08 9B 67,ghij...g,False,False,False
2026-01-21T16:51:58.451278,36.210145,RX,0x123,8,68 69 6A 6B 00 08 9B 68,hijk...h,False,False,False
2026-01-21T16:51:58.452829,36.211696,RX,0x123,8,69 6A 6B 6C 00 08 9B 69,ijkl...i,False,False,False
2026-01-21T16:51:58.454715,36.213583,RX,0x123,8,6A 6B 6C 6D 00 08 9B 6A,jklm...j,False,False,False
2026-01-21T16:51:58.456601,36.215468,RX,0x123,8,6B 6C 6D 6E 00 08 9B 6B,klmn...k,False,False,False
2026-01-21T16:51:58.459315,36.218182,RX,0x123,8,6C 6D 6E 6F 00 08 9B 6C,lmno...l,False,False,False
2026-01-21T16:51:58.461199,36.220066,RX,0x123,8,6D 6E 6F 70 00 08 9B 6D,mnop...m,False,False,False
2026-01-21T16:51:58.463056,36.221923,RX,0x123,8,6E 6F 70 71 00 08 9B 6E,nopq...n,False,False,False
2026-01-21T16:51:58.464807,36.223674,RX,0x123,8,6F 70 71 72 00 08 9B 6F,opqr...o,False,False,False
2026-01-21T16:51:58.466960,36.225827,RX,0x123,8,70 71 72 73 00 08 9B 70,pqrs...p,False,False,False
2026-01-21T16:51:58.468403,36.227271,RX,0x123,8,71 72 73 74 00 08 9B 71,qrst...q,False,False,False
2026-01-21T16:51:58.469944,36.228811,RX,0x123,8,72 73 74 75 00 08 9B 72,rstu...r,False,False,False
2026-01-21T16:51:58.471276,36.230143,RX,0x123,8,73 74 75 76 00 08 9B 73,stuv...s,False,False,False
2026-01-21T16:51:58.472287,36.231154,RX,0x123,8,74 75 76 77 00 08 9B 74,tuvw...t,False,False,False
2026-01-21T16:51:58.474429,36.233296,RX,0x123,8,75 76 77 78 00 08 9B 75,uvwx...u,False,False,False
2026-01-21T16:51:58.475435,36.234302,RX,0x123,8,76 77 78 79 00 08 9B 76,vwxy...v,False,False,False
2026-01-21T16:51:58.477705,36.236572,RX,0x123,8,77 78 79 7A 00 08 9B 77,wxyz...w,False,False,False
2026-01-21T16:51:58.479177,36.238044,RX,0x123,8,78 79 7A 7B 00 08 9B 78,xyz{...x,False,False,False
2026-01-21T16:51:58.480577,36.239444,RX,0x123,8,79 7A 7B 7C 00 08 9B 79,yz{|...y,False,False,False
2026-01-21T16:51:58.481938,36.240805,RX,0x123,8,7A 7B 7C 7D 00 08 9B 7A,z{|}...z,False,False,False
2026-01-21T16:51:58.483292,36.242159,RX,0x123,8,7B 7C 7D 7E 00 08 9B 7B,{|}~...{,False,False,False
2026-01-21T16:51:58.484664,36.243531,RX,0x123,8,7C 7D 7E 7F 00 08 9B 7C,|}~....|,False,False,False
2026-01-21T16:51:58.486038,36.244905,RX,0x123,8,7D 7E 7F 80 00 08 9B 7D,}~.....},False,False,False
2026-01-21T16:51:58.487394,36.246261,RX,0x123,8,7E 7F 80 81 00 08 9B 7E,~......~,False,False,False
2026-01-21T16:51:58.488773,36.247640,RX,0x123,8,7F 80 81 82 00 08 9B 7F,........,False,False,False
2026-01-21T16:51:58.490356,36.249223,RX,0x123,8,80 81 82 83 00 08 9B 80,........,False,False,False
2026-01-21T16:51:58.491875,36.250742,RX,0x123,8,81 82 83 84 00 08 9B 81,........,False,False,False
2026-01-21T16:51:58.493603,36.252470,RX,0x123,8,82 83 84 85 00 08 9B 82,........,False,False,False
2026-01-21T16:51:58.494688,36.253555,RX,0x123,8,83 84 85 86 00 08 9B 83,........,False,False,False
2026-01-21T16:51:58.497250,36.256117,RX,0x123,8,84 85 86 87 00 08 9B 84,........,False,False,False
2026-01-21T16:51:58.498502,36.257369,RX,0x123,8,85 86 87 88 00 08 9B 85,........,False,False,False
2026-01-21T16:51:58.500869,36.259736,RX,0x123,8,86 87 88 89 00 08 9B 86,........,False,False,False
2026-01-21T16:51:58.502823,36.261690,RX,0x123,8,87 88 89 8A 00 08 9B 87,........,False,False,False
2026-01-21T16:51:58.504161,36.263028,RX,0x123,8,88 89 8A 8B 00 08 9B 88,........,False,False,False
2026-01-21T16:51:58.505710,36.264577,RX,0x123,8,89 8A 8B 8C 00 08 9B 89,........,False,False,False
2026-01-21T16:51:58.507712,36.266580,RX,0x123,8,8A 8B 8C 8D 00 08 9B 8A,........,False,False,False
2026-01-21T16:51:58.509214,36.268081,RX,0x123,8,8B 8C 8D 8E 00 08 9B 8B,........,False,False,False
2026-01-21T16:51:58.510714,36.269581,RX,0x123,8,8C 8D 8E 8F 00 08 9B 8C,........,False,False,False
2026-01-21T16:51:58.512128,36.270995,RX,0x123,8,8D 8E 8F 90 00 08 9B 8D,........,False,False,False
2026-01-21T16:51:58.513514,36.272381,RX,0x123,8,8E 8F 90 91 00 08 9B 8E,........,False,False,False
2026-01-21T16:51:58.515199,36.274066,RX,0x123,8,8F 90 91 92 00 08 9B 8F,........,False,False,False
2026-01-21T16:51:58.516686,36.275553,RX,0x123,8,90 91 92 93 00 08 9B 90,........,False,False,False
2026-01-21T16:51:58.518228,36.277095,RX,0x123,8,91 92 93 94 00 08 9B 91,........,False,False,False
2026-01-21T16:51:58.519234,36.278100,RX,0x123,8,92 93 94 95 00 08 9B 92,........,False,False,False
2026-01-21T16:51:58.521429,36.280296,RX,0x123,8,93 94 95 96 00 08 9B 93,........,False,False,False
2026-01-21T16:51:58.522926,36.281793,RX,0x123,8,94 95 96 97 00 08 9B 94,........,False,False,False
2026-01-21T16:51:58.524603,36.283470,RX,0x123,8,95 96 97 98 00 08 9B 95,........,False,False,False
2026-01-21T16:51:58.526302,36.285170,RX,0x123,8,96 97 98 99 00 08 9B 96,........,False,False,False
2026-01-21T16:51:58.527963,36.286830,RX,0x123,8,97 98 99 9A 00 08 9B 97,........,False,False,False
2026-01-21T16:51:58.529867,36.288734,RX,0x123,8,98 99 9A 9B 00 08 9B 98,........,False,False,False
2026-01-21T16:51:58.531585,36.290452,RX,0x123,8,99 9A 9B 9C 00 08 9B 99,........,False,False,False
2026-01-21T16:51:58.533211,36.292078,RX,0x123,8,9A 9B 9C 9D 00 08 9B 9A,........,False,False,False
2026-01-21T16:51:58.535006,36.293873,RX,0x123,8,9B 9C 9D 9E 00 08 9B 9B,........,False,False,False
2026-01-21T16:51:58.537042,36.295909,RX,0x123,8,9C 9D 9E 9F 00 08 9B 9C,........,False,False,False
2026-01-21T16:51:58.538444,36.297311,RX,0x123,8,9D 9E 9F A0 00 08 9B 9D,........,False,False,False
2026-01-21T16:51:58.539979,36.298846,RX,0x123,8,9E 9F A0 A1 00 08 9B 9E,........,False,False,False
2026-01-21T16:51:58.541521,36.300388,RX,0x123,8,9F A0 A1 A2 00 08 9B 9F,........,False,False,False
2026-01-21T16:51:58.543025,36.301892,RX,0x123,8,A0 A1 A2 A3 00 08 9B A0,........,False,False,False
2026-01-21T16:51:58.544031,36.302899,RX,0x123,8,A1 A2 A3 A4 00 08 9B A1,........,False,False,False
2026-01-21T16:51:58.546700,36.305567,RX,0x123,8,A2 A3 A4 A5 00 08 9B A2,........,False,False,False
2026-01-21T16:51:58.549015,36.306910,RX,0x123,8,A3 A4 A5 A6 00 08 9B A3,........,False,False,False
2026-01-21T16:51:58.550391,36.309258,RX,0x123,8,A4 A5 A6 A7 00 08 9B A4,........,False,False,False
2026-01-21T16:51:58.551887,36.310755,RX,0x123,8,A5 A6 A7 A8 00 08 9B A5,........,False,False,False
2026-01-21T16:51:58.553355,36.312222,RX,0x123,8,A6 A7 A8 A9 00 08 9B A6,........,False,False,False
2026-01-21T16:51:58.554755,36.313622,RX,0x123,8,A7 A8 A9 AA 00 08 9B A7,........,False,False,False
2026-01-21T16:51:58.556323,36.315190,RX,0x123,8,A8 A9 AA AB 00 08 9B A8,........,False,False,False
2026-01-21T16:51:58.558366,36.317233,RX,0x123,8,A9 AA AB AC 00 08 9B A9,........,False,False,False
2026-01-21T16:51:58.559975,36.318842,RX,0x123,8,AA AB AC AD 00 08 9B AA,........,False,False,False
2026-01-21T16:51:58.561119,36.319986,RX,0x123,8,AB AC AD AE 00 08 9B AB,........,False,False,False
2026-01-21T16:51:58.563422,36.322289,RX,0x123,8,AC AD AE AF 00 08 9B AC,........,False,False,False
2026-01-21T16:51:58.564829,36.323697,RX,0x123,8,AD AE AF B0 00 08 9B AD,........,False,False,False
2026-01-21T16:51:58.565838,36.324705,RX,0x123,8,AE AF B0 B1 00 08 9B AE,........,False,False,False
2026-01-21T16:51:58.567563,36.326430,RX,0x123,8,AF B0 B1 B2 00 08 9B AF,........,False,False,False
2026-01-21T16:51:58.569355,36.328222,RX,0x123,8,B0 B1 B2 B3 00 08 9B B0,........,False,False,False
2026-01-21T16:51:58.572014,36.330881,RX,0x123,8,B1 B2 B3 B4 00 08 9B B1,........,False,False,False
2026-01-21T16:51:58.573711,36.332578,RX,0x123,8,B2 B3 B4 B5 00 08 9B B2,........,False,False,False
2026-01-21T16:51:58.575682,36.334549,RX,0x123,8,B3 B4 B5 B6 00 08 9B B3,........,False,False,False
2026-01-21T16:51:58.577433,36.336300,RX,0x123,8,B4 B5 B6 B7 00 08 9B B4,........,False,False,False
2026-01-21T16:51:58.579719,36.338587,RX,0x123,8,B5 B6 B7 B8 00 08 9B B5,........,False,False,False
2026-01-21T16:51:58.581276,36.340143,RX,0x123,8,B6 B7 B8 B9 00 08 9B B6,........,False,False,False
2026-01-21T16:51:58.583013,36.341880,RX,0x123,8,B7 B8 B9 BA 00 08 9B B7,........,False,False,False
2026-01-21T16:51:58.584454,36.343321,RX,0x123,8,B8 B9 BA BB 00 08 9B B8,........,False,False,False
2026-01-21T16:51:58.586004,36.344871,RX,0x123,8,B9 BA BB BC 00 08 9B B9,........,False,False,False
2026-01-21T16:51:58.588095,36.346961,RX,0x123,8,BA BB BC BD 00 08 9B BA,........,False,False,False
2026-01-21T16:51:58.589794,36.348661,RX,0x123,8,BB BC BD BE 00 08 9B BB,........,False,False,False
2026-01-21T16:51:58.591646,36.350513,RX,0x123,8,BC BD BE BF 00 08 9B BC,........,False,False,False
2026-01-21T16:51:58.593076,36.351943,RX,0x123,8,BD BE BF C0 00 08 9B BD,........,False,False,False
2026-01-21T16:51:58.594746,36.353613,RX,0x123,8,BE BF C0 C1 00 08 9B BE,........,False,False,False
2026-01-21T16:51:58.596529,36.355396,RX,0x123,8,BF C0 C1 C2 00 08 9B BF,........,False,False,False
2026-01-21T16:51:58.598249,36.357116,RX,0x123,8,C0 C1 C2 C3 00 08 9B C0,........,False,False,False
2026-01-21T16:51:58.600061,36.358928,RX,0x123,8,C1 C2 C3 C4 00 08 9B C1,........,False,False,False
2026-01-21T16:51:58.601558,36.360425,RX,0x123,8,C2 C3 C4 C5 00 08 9B C2,........,False,False,False
2026-01-21T16:51:58.603165,36.362032,RX,0x123,8,C3 C4 C5 C6 00 08 9B C3,........,False,False,False
2026-01-21T16:51:58.604894,36.363761,RX,0x123,8,C4 C5 C6 C7 00 08 9B C4,........,False,False,False
2026-01-21T16:51:58.607008,36.365875,RX,0x123,8,C5 C6 C7 C8 00 08 9B C5,........,False,False,False
2026-01-21T16:51:58.608810,36.367676,RX,0x123,8,C6 C7 C8 C9 00 08 9B C6,........,False,False,False
2026-01-21T16:51:58.610854,36.369721,RX,0x123,8,C7 C8 C9 CA 00 08 9B C7,........,False,False,False
2026-01-21T16:51:58.611912,36.370780,RX,0x123,8,C8 C9 CA CB 00 08 9B C8,........,False,False,False
2026-01-21T16:51:58.614462,36.373329,RX,0x123,8,C9 CA CB CC 00 08 9B C9,........,False,False,False
2026-01-21T16:51:58.616765,36.375632,RX,0x123,8,CA CB CC CD 00 08 9B CA,........,False,False,False
2026-01-21T16:51:58.618608,36.377476,RX,0x123,8,CB CC CD CE 00 08 9B CB,........,False,False,False
2026-01-21T16:51:58.619757,36.378624,RX,0x123,8,CC CD CE CF 00 08 9B CC,........,False,False,False
2026-01-21T16:51:58.622556,36.381423,RX,0x123,8,CD CE CF D0 00 08 9B CD,........,False,False,False
2026-01-21T16:51:58.624343,36.383210,RX,0x123,8,CE CF D0 D1 00 08 9B CE,........,False,False,False
2026-01-21T16:51:58.626685,36.385552,RX,0x123,8,CF D0 D1 D2 00 08 9B CF,........,False,False,False
2026-01-21T16:51:58.628570,36.387437,RX,0x123,8,D0 D1 D2 D3 00 08 9B D0,........,False,False,False
2026-01-21T16:51:58.630340,36.389207,RX,0x123,8,D1 D2 D3 D4 00 08 9B D1,........,False,False,False
2026-01-21T16:51:58.632528,36.391395,RX,0x123,8,D2 D3 D4 D5 00 08 9B D2,........,False,False,False
2026-01-21T16:51:58.634062,36.392929,RX,0x123,8,D3 D4 D5 D6 00 08 9B D3,........,False,False,False
2026-01-21T16:51:58.635917,36.394784,RX,0x123,8,D4 D5 D6 D7 00 08 9B D4,........,False,False,False
2026-01-21T16:51:58.637697,36.396564,RX,0x123,8,D5 D6 D7 D8 00 08 9B D5,........,False,False,False
2026-01-21T16:51:58.639462,36.398329,RX,0x123,8,D6 D7 D8 D9 00 08 9B D6,........,False,False,False
2026-01-21T16:51:58.641287,36.400155,RX,0x123,8,D7 D8 D9 DA 00 08 9B D7,........,False,False,False
2026-01-21T16:51:58.643052,36.401919,RX,0x123,8,D8 D9 DA DB 00 08 9B D8,........,False,False,False
2026-01-21T16:51:58.644726,36.403593,RX,0x123,8,D9 DA DB DC 00 08 9B D9,........,False,False,False
2026-01-21T16:51:58.646524,36.405391,RX,0x123,8,DA DB DC DD 00 08 9B DA,........,False,False,False
2026-01-21T16:51:58.648436,36.407303,RX,0x123,8,DB DC DD DE 00 08 9B DB,........,False,False,False
2026-01-21T16:51:58.649975,36.408842,RX,0x123,8,DC DD DE DF 00 08 9B DC,........,False,False,False
2026-01-21T16:51:58.651688,36.410555,RX,0x123,8,DD DE DF E0 00 08 9B DD,........,False,False,False
2026-01-21T16:51:58.653351,36.412219,RX,0x123,8,DE DF E0 E1 00 08 9B DE,........,False,False,False
2026-01-21T16:51:58.655662,36.414529,RX,0x123,8,DF E0 E1 E2 00 08 9B DF,........,False,False,False
2026-01-21T16:51:58.657400,36.416267,RX,0x123,8,E0 E1 E2 E3 00 08 9B E0,........,False,False,False
2026-01-21T16:51:58.659369,36.418236,RX,0x123,8,E1 E2 E3 E4 00 08 9B E1,........,False,False,False
2026-01-21T16:51:58.660916,36.419782,RX,0x123,8,E2 E3 E4 E5 00 08 9B E2,........,False,False,False
2026-01-21T16:51:58.662258,36.421125,RX,0x123,8,E3 E4 E5 E6 00 08 9B E3,........,False,False,False
2026-01-21T16:51:58.663661,36.422528,RX,0x123,8,E4 E5 E6 E7 00 08 9B E4,........,False,False,False
2026-01-21T16:51:58.665287,36.424154,RX,0x123,8,E5 E6 E7 E8 00 08 9B E5,........,False,False,False
2026-01-21T16:51:58.666994,36.425860,RX,0x123,8,E6 E7 E8 E9 00 08 9B E6,........,False,False,False
2026-01-21T16:51:58.668864,36.427731,RX,0x123,8,E7 E8 E9 EA 00 08 9B E7,........,False,False,False
2026-01-21T16:51:58.671217,36.430084,RX,0x123,8,E8 E9 EA EB 00 08 9B E8,........,False,False,False
2026-01-21T16:51:58.673169,36.432036,RX,0x123,8,E9 EA EB EC 00 08 9B E9,........,False,False,False
2026-01-21T16:51:58.674828,36.433695,RX,0x123,8,EA EB EC ED 00 08 9B EA,........,False,False,False
2026-01-21T16:51:58.676965,36.435832,RX,0x123,8,EB EC ED EE 00 08 9B EB,........,False,False,False
2026-01-21T16:51:58.678493,36.437360,RX,0x123,8,EC ED EE EF 00 08 9B EC,........,False,False,False
2026-01-21T16:51:58.680075,36.438942,RX,0x123,8,ED EE EF F0 00 08 9B ED,........,False,False,False
2026-01-21T16:51:58.682052,36.440919,RX,0x123,8,EE EF F0 F1 00 08 9B EE,........,False,False,False
2026-01-21T16:51:58.684201,36.443068,RX,0x123,8,EF F0 F1 F2 00 08 9B EF,........,False,False,False
2026-01-21T16:51:58.686162,36.445029,RX,0x123,8,F0 F1 F2 F3 00 08 9B F0,........,False,False,False
2026-01-21T16:51:58.688260,36.447127,RX,0x123,8,F1 F2 F3 F4 00 08 9B F1,........,False,False,False
2026-01-21T16:51:58.689963,36.448830,RX,0x123,8,F2 F3 F4 F5 00 08 9B F2,........,False,False,False
2026-01-21T16:51:58.691806,36.450672,RX,0x123,8,F3 F4 F5 F6 00 08 9B F3,........,False,False,False
2026-01-21T16:51:58.694048,36.452915,RX,0x123,8,F4 F5 F6 F7 00 08 9B F4,........,False,False,False
2026-01-21T16:51:58.696666,36.455533,RX,0x123,8,F5 F6 F7 F8 00 08 9B F5,........,False,False,False
2026-01-21T16:51:58.697662,36.456529,RX,0x123,8,F6 F7 F8 F9 00 08 9B F6,........,False,False,False
2026-01-21T16:51:58.699559,36.458426,RX,0x123,8,F7 F8 F9 FA 00 08 9B F7,........,False,False,False
2026-01-21T16:51:58.701217,36.460084,RX,0x123,8,F8 F9 FA FB 00 08 9B F8,........,False,False,False
2026-01-21T16:51:58.703318,36.462185,RX,0x123,8,F9 FA FB FC 00 08 9B F9,........,False,False,False
2026-01-21T16:51:58.704709,36.463576,RX,0x123,8,FA FB FC FD 00 08 9B FA,........,False,False,False
2026-01-21T16:51:58.706173,36.465040,RX,0x123,8,FB FC FD FE 00 08 9B FB,........,False,False,False
2026-01-21T16:51:58.707572,36.466439,RX,0x123,8,FC FD FE FF 00 08 9B FC,........,False,False,False
2026-01-21T16:51:58.708909,36.467776,RX,0x123,8,FD FE FF 00 00 08 9B FD,........,False,False,False
2026-01-21T16:51:58.710265,36.469132,RX,0x123,8,FE FF 00 01 00 08 9B FE,........,False,False,False
2026-01-21T16:51:58.711862,36.470729,RX,0x123,8,FF 00 01 02 00 08 9B FF,........,False,False,False
2026-01-21T16:51:58.713421,36.472288,RX,0x123,8,00 01 02 03 00 08 9C 00,........,False,False,False
2026-01-21T16:51:58.714872,36.473739,RX,0x123,8,01 02 03 04 00 08 9C 01,........,False,False,False
2026-01-21T16:51:58.716444,36.475311,RX,0x123,8,02 03 04 05 00 08 9C 02,........,False,False,False
2026-01-21T16:51:58.718166,36.477033,RX,0x123,8,03 04 05 06 00 08 9C 03,........,False,False,False
2026-01-21T16:51:58.719179,36.478046,RX,0x123,8,04 05 06 07 00 08 9C 04,........,False,False,False
2026-01-21T16:51:58.721760,36.480627,RX,0x123,8,05 06 07 08 00 08 9C 05,........,False,False,False
2026-01-21T16:51:58.723464,36.482331,RX,0x123,8,06 07 08 09 00 08 9C 06,........,False,False,False
2026-01-21T16:51:58.724940,36.483807,RX,0x123,8,07 08 09 0A 00 08 9C 07,........,False,False,False
2026-01-21T16:51:58.726716,36.485582,RX,0x123,8,08 09 0A 0B 00 08 9C 08,........,False,False,False
2026-01-21T16:51:58.728506,36.487373,RX,0x123,8,09 0A 0B 0C 00 08 9C 09,........,False,False,False
2026-01-21T16:51:58.730756,36.489623,RX,0x123,8,0A 0B 0C 0D 00 08 9C 0A,........,False,False,False
2026-01-21T16:51:58.732382,36.491250,RX,0x123,8,0B 0C 0D 0E 00 08 9C 0B,........,False,False,False
2026-01-21T16:51:58.734304,36.493171,RX,0x123,8,0C 0D 0E 0F 00 08 9C 0C,........,False,False,False
2026-01-21T16:51:58.736663,36.495530,RX,0x123,8,0D 0E 0F 10 00 08 9C 0D,........,False,False,False
2026-01-21T16:51:58.738367,36.497234,RX,0x123,8,0E 0F 10 11 00 08 9C 0E,........,False,False,False
2026-01-21T16:51:58.740160,36.499027,RX,0x123,8,0F 10 11 12 00 08 9C 0F,........,False,False,False
2026-01-21T16:51:58.741838,36.500705,RX,0x123,8,10 11 12 13 00 08 9C 10,........,False,False,False
2026-01-21T16:51:58.743479,36.502346,RX,0x123,8,11 12 13 14 00 08 9C 11,........,False,False,False
2026-01-21T16:51:58.744956,36.503824,RX,0x123,8,12 13 14 15 00 08 9C 12,........,False,False,False
2026-01-21T16:51:58.745968,36.504835,RX,0x123,8,13 14 15 16 00 08 9C 13,........,False,False,False
2026-01-21T16:51:58.748451,36.507318,RX,0x123,8,14 15 16 17 00 08 9C 14,........,False,False,False
2026-01-21T16:51:58.749943,36.508810,RX,0x123,8,15 16 17 18 00 08 9C 15,........,False,False,False
2026-01-21T16:51:58.751505,36.510372,RX,0x123,8,16 17 18 19 00 08 9C 16,........,False,False,False
2026-01-21T16:51:58.753004,36.511871,RX,0x123,8,17 18 19 1A 00 08 9C 17,........,False,False,False
2026-01-21T16:51:58.754451,36.513318,RX,0x123,8,18 19 1A 1B 00 08 9C 18,........,False,False,False
2026-01-21T16:51:58.755888,36.514755,RX,0x123,8,19 1A 1B 1C 00 08 9C 19,........,False,False,False
2026-01-21T16:51:58.757225,36.516092,RX,0x123,8,1A 1B 1C 1D 00 08 9C 1A,........,False,False,False
2026-01-21T16:51:58.758961,36.517828,RX,0x123,8,1B 1C 1D 1E 00 08 9C 1B,........,False,False,False
2026-01-21T16:51:58.760851,36.519718,RX,0x123,8,1C 1D 1E 1F 00 08 9C 1C,........,False,False,False
2026-01-21T16:51:58.762389,36.521256,RX,0x123,8,1D 1E 1F 20 00 08 9C 1D,... ....,False,False,False
2026-01-21T16:51:58.764196,36.523063,RX,0x123,8,1E 1F 20 21 00 08 9C 1E,.. !....,False,False,False
2026-01-21T16:51:58.765899,36.524766,RX,0x123,8,1F 20 21 22 00 08 9C 1F,". !""....",False,False,False
2026-01-21T16:51:58.767424,36.526291,RX,0x123,8,20 21 22 23 00 08 9C 20," !""#... ",False,False,False
2026-01-21T16:51:58.768737,36.527604,RX,0x123,8,21 22 23 24 00 08 9C 21,"!""#$...!",False,False,False
2026-01-21T16:51:58.770089,36.528956,RX,0x123,8,22 23 24 25 00 08 9C 22,"""#$%...""",False,False,False
2026-01-21T16:51:58.771435,36.530302,RX,0x123,8,23 24 25 26 00 08 9C 23,#$%&...#,False,False,False
2026-01-21T16:51:58.772881,36.531748,RX,0x123,8,24 25 26 27 00 08 9C 24,$%&'...$,False,False,False
2026-01-21T16:51:58.774457,36.533324,RX,0x123,8,25 26 27 28 00 08 9C 25,%&'(...%,False,False,False
2026-01-21T16:51:58.776258,36.535125,RX,0x123,8,26 27 28 29 00 08 9C 26,&'()...&,False,False,False
2026-01-21T16:51:58.777841,36.536708,RX,0x123,8,27 28 29 2A 00 08 9C 27,'()*...',False,False,False
2026-01-21T16:51:58.779327,36.538193,RX,0x123,8,28 29 2A 2B 00 08 9C 28,()*+...(,False,False,False
2026-01-21T16:51:58.780887,36.539754,RX,0x123,8,29 2A 2B 2C 00 08 9C 29,")*+,...)",False,False,False
2026-01-21T16:51:58.782560,36.541427,RX,0x123,8,2A 2B 2C 2D 00 08 9C 2A,"*+,-...*",False,False,False
2026-01-21T16:51:58.784104,36.542971,RX,0x123,8,2B 2C 2D 2E 00 08 9C 2B,"+,-....+",False,False,False
2026-01-21T16:51:58.785512,36.544379,RX,0x123,8,2C 2D 2E 2F 00 08 9C 2C,",-./...,",False,False,False
2026-01-21T16:51:58.787239,36.546106,RX,0x123,8,2D 2E 2F 30 00 08 9C 2D,-./0...-,False,False,False
2026-01-21T16:51:58.789334,36.548201,RX,0x123,8,2E 2F 30 31 00 08 9C 2E,./01....,False,False,False
2026-01-21T16:51:58.791923,36.550790,RX,0x123,8,2F 30 31 32 00 08 9C 2F,/012.../,False,False,False
2026-01-21T16:51:58.793723,36.552590,RX,0x123,8,30 31 32 33 00 08 9C 30,0123...0,False,False,False
2026-01-21T16:51:58.795875,36.554742,RX,0x123,8,31 32 33 34 00 08 9C 31,1234...1,False,False,False
2026-01-21T16:51:58.797380,36.556247,RX,0x123,8,32 33 34 35 00 08 9C 32,2345...2,False,False,False
2026-01-21T16:51:58.798800,36.557667,RX,0x123,8,33 34 35 36 00 08 9C 33,3456...3,False,False,False
2026-01-21T16:51:58.800153,36.559020,RX,0x123,8,34 35 36 37 00 08 9C 34,4567...4,False,False,False
2026-01-21T16:51:58.801540,36.560407,RX,0x123,8,35 36 37 38 00 08 9C 35,5678...5,False,False,False
2026-01-21T16:51:58.802891,36.561758,RX,0x123,8,36 37 38 39 00 08 9C 36,6789...6,False,False,False
2026-01-21T16:51:58.804555,36.563422,RX,0x123,8,37 38 39 3A 00 08 9C 37,789:...7,False,False,False
2026-01-21T16:51:58.806315,36.565182,RX,0x123,8,38 39 3A 3B 00 08 9C 38,89:;...8,False,False,False
2026-01-21T16:51:58.808240,36.567107,RX,0x123,8,39 3A 3B 3C 00 08 9C 39,9:;<...9,False,False,False
2026-01-21T16:51:58.809688,36.568555,RX,0x123,8,3A 3B 3C 3D 00 08 9C 3A,:;<=...:,False,False,False
2026-01-21T16:51:58.811421,36.570288,RX,0x123,8,3B 3C 3D 3E 00 08 9C 3B,;<=>...;,False,False,False
2026-01-21T16:51:58.812953,36.571820,RX,0x123,8,3C 3D 3E 3F 00 08 9C 3C,<=>?...<,False,False,False
2026-01-21T16:51:58.814439,36.573306,RX,0x123,8,3D 3E 3F 40 00 08 9C 3D,=>?@...=,False,False,False
2026-01-21T16:51:58.815999,36.574866,RX,0x123,8,3E 3F 40 41 00 08 9C 3E,>?@A...>,False,False,False
2026-01-21T16:51:58.817353,36.576221,RX,0x123,8,3F 40 41 42 00 08 9C 3F,?@AB...?,False,False,False
2026-01-21T16:51:58.819024,36.577891,RX,0x123,8,40 41 42 43 00 08 9C 40,@ABC...@,False,False,False
2026-01-21T16:51:58.820120,36.578987,RX,0x123,8,41 42 43 44 00 08 9C 41,ABCD...A,False,False,False
2026-01-21T16:51:58.822256,36.581123,RX,0x123,8,42 43 44 45 00 08 9C 42,BCDE...B,False,False,False
2026-01-21T16:51:58.824035,36.582902,RX,0x123,8,43 44 45 46 00 08 9C 43,CDEF...C,False,False,False
2026-01-21T16:51:58.825474,36.584341,RX,0x123,8,44 45 46 47 00 08 9C 44,DEFG...D,False,False,False
2026-01-21T16:51:58.826835,36.585702,RX,0x123,8,45 46 47 48 00 08 9C 45,EFGH...E,False,False,False
2026-01-21T16:51:58.828192,36.587059,RX,0x123,8,46 47 48 49 00 08 9C 46,FGHI...F,False,False,False
2026-01-21T16:51:58.829537,36.588404,RX,0x123,8,47 48 49 4A 00 08 9C 47,GHIJ...G,False,False,False
2026-01-21T16:51:58.830854,36.589721,RX,0x123,8,48 49 4A 4B 00 08 9C 48,HIJK...H,False,False,False
2026-01-21T16:51:58.832455,36.591322,RX,0x123,8,49 4A 4B 4C 00 08 9C 49,IJKL...I,False,False,False
2026-01-21T16:51:58.833931,36.592798,RX,0x123,8,4A 4B 4C 4D 00 08 9C 4A,JKLM...J,False,False,False
2026-01-21T16:51:58.835531,36.594398,RX,0x123,8,4B 4C 4D 4E 00 08 9C 4B,KLMN...K,False,False,False
2026-01-21T16:51:58.837042,36.595909,RX,0x123,8,4C 4D 4E 4F 00 08 9C 4C,LMNO...L,False,False,False
2026-01-21T16:51:58.838423,36.597290,RX,0x123,8,4D 4E 4F 50 00 08 9C 4D,MNOP...M,False,False,False
2026-01-21T16:51:58.839883,36.598750,RX,0x123,8,4E 4F 50 51 00 08 9C 4E,NOPQ...N,False,False,False
2026-01-21T16:51:58.841386,36.600253,RX,0x123,8,4F 50 51 52 00 08 9C 4F,OPQR...O,False,False,False
2026-01-21T16:51:58.842391,36.601258,RX,0x123,8,50 51 52 53 00 08 9C 50,PQRS...P,False,False,False
2026-01-21T16:51:58.844624,36.603491,RX,0x123,8,51 52 53 54 00 08 9C 51,QRST...Q,False,False,False
2026-01-21T16:51:58.845638,36.604505,RX,0x123,8,52 53 54 55 00 08 9C 52,RSTU...R,False,False,False
2026-01-21T16:51:58.847843,36.606710,RX,0x123,8,53 54 55 56 00 08 9C 53,STUV...S,False,False,False
2026-01-21T16:51:58.849403,36.608270,RX,0x123,8,54 55 56 57 00 08 9C 54,TUVW...T,False,False,False
2026-01-21T16:51:58.851414,36.610281,RX,0x123,8,55 56 57 58 00 08 9C 55,UVWX...U,False,False,False
2026-01-21T16:51:58.852805,36.611672,RX,0x123,8,56 57 58 59 00 08 9C 56,VWXY...V,False,False,False
2026-01-21T16:51:58.854461,36.613328,RX,0x123,8,57 58 59 5A 00 08 9C 57,WXYZ...W,False,False,False
2026-01-21T16:51:58.855849,36.614716,RX,0x123,8,58 59 5A 5B 00 08 9C 58,XYZ[...X,False,False,False
2026-01-21T16:51:58.857965,36.616832,RX,0x123,8,59 5A 5B 5C 00 08 9C 59,YZ[\...Y,False,False,False
2026-01-21T16:51:58.859380,36.618247,RX,0x123,8,5A 5B 5C 5D 00 08 9C 5A,Z[\]...Z,False,False,False
2026-01-21T16:51:58.860693,36.619560,RX,0x123,8,5B 5C 5D 5E 00 08 9C 5B,[\]^...[,False,False,False
2026-01-21T16:51:58.861703,36.620570,RX,0x123,8,5C 5D 5E 5F 00 08 9C 5C,\]^_...\,False,False,False
2026-01-21T16:51:58.864112,36.622979,RX,0x123,8,5D 5E 5F 60 00 08 9C 5D,]^_`...],False,False,False
2026-01-21T16:51:58.865903,36.624770,RX,0x123,8,5E 5F 60 61 00 08 9C 5E,^_`a...^,False,False,False
2026-01-21T16:51:58.867264,36.626131,RX,0x123,8,5F 60 61 62 00 08 9C 5F,_`ab..._,False,False,False
2026-01-21T16:51:58.868902,36.627769,RX,0x123,8,60 61 62 63 00 08 9C 60,`abc...`,False,False,False
2026-01-21T16:51:58.870999,36.629866,RX,0x123,8,61 62 63 64 00 08 9C 61,abcd...a,False,False,False
2026-01-21T16:51:58.872527,36.631394,RX,0x123,8,62 63 64 65 00 08 9C 62,bcde...b,False,False,False
2026-01-21T16:51:58.874251,36.633118,RX,0x123,8,63 64 65 66 00 08 9C 63,cdef...c,False,False,False
2026-01-21T16:51:58.875879,36.634746,RX,0x123,8,64 65 66 67 00 08 9C 64,defg...d,False,False,False
2026-01-21T16:51:58.877907,36.636775,RX,0x123,8,65 66 67 68 00 08 9C 65,efgh...e,False,False,False
2026-01-21T16:51:58.879495,36.638362,RX,0x123,8,66 67 68 69 00 08 9C 66,fghi...f,False,False,False
2026-01-21T16:51:58.880908,36.639775,RX,0x123,8,67 68 69 6A 00 08 9C 67,ghij...g,False,False,False
2026-01-21T16:51:58.882411,36.641278,RX,0x123,8,68 69 6A 6B 00 08 9C 68,hijk...h,False,False,False
2026-01-21T16:51:58.883955,36.642822,RX,0x123,8,69 6A 6B 6C 00 08 9C 69,ijkl...i,False,False,False
2026-01-21T16:51:58.885622,36.644489,RX,0x123,8,6A 6B 6C 6D 00 08 9C 6A,jklm...j,False,False,False
2026-01-21T16:51:58.887437,36.646304,RX,0x123,8,6B 6C 6D 6E 00 08 9C 6B,klmn...k,False,False,False
2026-01-21T16:51:58.888943,36.647810,RX,0x123,8,6C 6D 6E 6F 00 08 9C 6C,lmno...l,False,False,False
2026-01-21T16:51:58.890552,36.649419,RX,0x123,8,6D 6E 6F 70 00 08 9C 6D,mnop...m,False,False,False
2026-01-21T16:51:58.891559,36.650426,RX,0x123,8,6E 6F 70 71 00 08 9C 6E,nopq...n,False,False,False
2026-01-21T16:51:58.893357,36.652224,RX,0x123,8,6F 70 71 72 00 08 9C 6F,opqr...o,False,False,False
2026-01-21T16:51:58.895503,36.654370,RX,0x123,8,70 71 72 73 00 08 9C 70,pqrs...p,False,False,False
2026-01-21T16:51:58.896510,36.655377,RX,0x123,8,71 72 73 74 00 08 9C 71,qrst...q,False,False,False
2026-01-21T16:51:58.899014,36.657881,RX,0x123,8,72 73 74 75 00 08 9C 72,rstu...r,False,False,False
2026-01-21T16:51:58.900338,36.659205,RX,0x123,8,73 74 75 76 00 08 9C 73,stuv...s,False,False,False
2026-01-21T16:51:58.901721,36.660588,RX,0x123,8,74 75 76 77 00 08 9C 74,tuvw...t,False,False,False
2026-01-21T16:51:58.903157,36.662024,RX,0x123,8,75 76 77 78 00 08 9C 75,uvwx...u,False,False,False
2026-01-21T16:51:58.904651,36.663518,RX,0x123,8,76 77 78 79 00 08 9C 76,vwxy...v,False,False,False
2026-01-21T16:51:58.905663,36.664530,RX,0x123,8,77 78 79 7A 00 08 9C 77,wxyz...w,False,False,False
2026-01-21T16:51:58.907750,36.666617,RX,0x123,8,78 79 7A 7B 00 08 9C 78,xyz{...x,False,False,False
2026-01-21T16:51:58.908760,36.667627,RX,0x123,8,79 7A 7B 7C 00 08 9C 79,yz{|...y,False,False,False
2026-01-21T16:51:58.910492,36.669359,RX,0x123,8,7A 7B 7C 7D 00 08 9C 7A,z{|}...z,False,False,False
2026-01-21T16:51:58.912661,36.671528,RX,0x123,8,7B 7C 7D 7E 00 08 9C 7B,{|}~...{,False,False,False
2026-01-21T16:51:58.914192,36.673059,RX,0x123,8,7C 7D 7E 7F 00 08 9C 7C,|}~....|,False,False,False
2026-01-21T16:51:58.915597,36.674464,RX,0x123,8,7D 7E 7F 80 00 08 9C 7D,}~.....},False,False,False
2026-01-21T16:51:58.917198,36.676065,RX,0x123,8,7E 7F 80 81 00 08 9C 7E,~......~,False,False,False
2026-01-21T16:51:58.918548,36.677416,RX,0x123,8,7F 80 81 82 00 08 9C 7F,........,False,False,False
2026-01-21T16:51:58.919620,36.678487,RX,0x123,8,80 81 82 83 00 08 9C 80,........,False,False,False
2026-01-21T16:51:58.921507,36.680374,RX,0x123,8,81 82 83 84 00 08 9C 81,........,False,False,False
2026-01-21T16:51:58.922514,36.681381,RX,0x123,8,82 83 84 85 00 08 9C 82,........,False,False,False
2026-01-21T16:51:58.924624,36.683491,RX,0x123,8,83 84 85 86 00 08 9C 83,........,False,False,False
2026-01-21T16:51:58.926073,36.684940,RX,0x123,8,84 85 86 87 00 08 9C 84,........,False,False,False
2026-01-21T16:51:58.927083,36.685950,RX,0x123,8,85 86 87 88 00 08 9C 85,........,False,False,False
2026-01-21T16:51:58.929573,36.688440,RX,0x123,8,86 87 88 89 00 08 9C 86,........,False,False,False
2026-01-21T16:51:58.931298,36.690165,RX,0x123,8,87 88 89 8A 00 08 9C 87,........,False,False,False
2026-01-21T16:51:58.932311,36.691178,RX,0x123,8,88 89 8A 8B 00 08 9C 88,........,False,False,False
2026-01-21T16:51:58.934422,36.693289,RX,0x123,8,89 8A 8B 8C 00 08 9C 89,........,False,False,False
2026-01-21T16:51:58.935883,36.694750,RX,0x123,8,8A 8B 8C 8D 00 08 9C 8A,........,False,False,False
2026-01-21T16:51:58.937354,36.696221,RX,0x123,8,8B 8C 8D 8E 00 08 9C 8B,........,False,False,False
2026-01-21T16:51:58.938779,36.697646,RX,0x123,8,8C 8D 8E 8F 00 08 9C 8C,........,False,False,False
2026-01-21T16:51:58.940123,36.698990,RX,0x123,8,8D 8E 8F 90 00 08 9C 8D,........,False,False,False
2026-01-21T16:51:58.941488,36.700355,RX,0x123,8,8E 8F 90 91 00 08 9C 8E,........,False,False,False
2026-01-21T16:51:58.942866,36.701732,RX,0x123,8,8F 90 91 92 00 08 9C 8F,........,False,False,False
2026-01-21T16:51:58.944347,36.703214,RX,0x123,8,90 91 92 93 00 08 9C 90,........,False,False,False
2026-01-21T16:51:58.945879,36.704746,RX,0x123,8,91 92 93 94 00 08 9C 91,........,False,False,False
2026-01-21T16:51:58.947392,36.706259,RX,0x123,8,92 93 94 95 00 08 9C 92,........,False,False,False
2026-01-21T16:51:58.949515,36.708382,RX,0x123,8,93 94 95 96 00 08 9C 93,........,False,False,False
2026-01-21T16:51:58.950963,36.709830,RX,0x123,8,94 95 96 97 00 08 9C 94,........,False,False,False
2026-01-21T16:51:58.952382,36.711248,RX,0x123,8,95 96 97 98 00 08 9C 95,........,False,False,False
2026-01-21T16:51:58.953818,36.712685,RX,0x123,8,96 97 98 99 00 08 9C 96,........,False,False,False
2026-01-21T16:51:58.955403,36.714270,RX,0x123,8,97 98 99 9A 00 08 9C 97,........,False,False,False
2026-01-21T16:51:58.957117,36.715984,RX,0x123,8,98 99 9A 9B 00 08 9C 98,........,False,False,False
2026-01-21T16:51:58.958658,36.717525,RX,0x123,8,99 9A 9B 9C 00 08 9C 99,........,False,False,False
2026-01-21T16:51:58.960328,36.719195,RX,0x123,8,9A 9B 9C 9D 00 08 9C 9A,........,False,False,False
2026-01-21T16:51:58.961387,36.720254,RX,0x123,8,9B 9C 9D 9E 00 08 9C 9B,........,False,False,False
2026-01-21T16:51:58.963461,36.722328,RX,0x123,8,9C 9D 9E 9F 00 08 9C 9C,........,False,False,False
2026-01-21T16:51:58.964469,36.723336,RX,0x123,8,9D 9E 9F A0 00 08 9C 9D,........,False,False,False
2026-01-21T16:51:58.966719,36.725587,RX,0x123,8,9E 9F A0 A1 00 08 9C 9E,........,False,False,False
2026-01-21T16:51:58.968530,36.727397,RX,0x123,8,9F A0 A1 A2 00 08 9C 9F,........,False,False,False
2026-01-21T16:51:58.969542,36.728409,RX,0x123,8,A0 A1 A2 A3 00 08 9C A0,........,False,False,False
2026-01-21T16:51:58.971782,36.730649,RX,0x123,8,A1 A2 A3 A4 00 08 9C A1,........,False,False,False
2026-01-21T16:51:58.973175,36.732042,RX,0x123,8,A2 A3 A4 A5 00 08 9C A2,........,False,False,False
2026-01-21T16:51:58.974639,36.733506,RX,0x123,8,A3 A4 A5 A6 00 08 9C A3,........,False,False,False
2026-01-21T16:51:58.976265,36.735132,RX,0x123,8,A4 A5 A6 A7 00 08 9C A4,........,False,False,False
2026-01-21T16:51:58.978099,36.736966,RX,0x123,8,A5 A6 A7 A8 00 08 9C A5,........,False,False,False
2026-01-21T16:51:58.980120,36.738987,RX,0x123,8,A6 A7 A8 A9 00 08 9C A6,........,False,False,False
2026-01-21T16:51:58.981937,36.740804,RX,0x123,8,A7 A8 A9 AA 00 08 9C A7,........,False,False,False
2026-01-21T16:51:58.984104,36.742971,RX,0x123,8,A8 A9 AA AB 00 08 9C A8,........,False,False,False
2026-01-21T16:51:58.985657,36.744524,RX,0x123,8,A9 AA AB AC 00 08 9C A9,........,False,False,False
2026-01-21T16:51:58.987341,36.746208,RX,0x123,8,AA AB AC AD 00 08 9C AA,........,False,False,False
2026-01-21T16:51:58.988775,36.747642,RX,0x123,8,AB AC AD AE 00 08 9C AB,........,False,False,False
2026-01-21T16:51:58.990129,36.748996,RX,0x123,8,AC AD AE AF 00 08 9C AC,........,False,False,False
2026-01-21T16:51:58.991703,36.750570,RX,0x123,8,AD AE AF B0 00 08 9C AD,........,False,False,False
2026-01-21T16:51:58.993117,36.751984,RX,0x123,8,AE AF B0 B1 00 08 9C AE,........,False,False,False
2026-01-21T16:51:58.995433,36.754300,RX,0x123,8,AF B0 B1 B2 00 08 9C AF,........,False,False,False
2026-01-21T16:51:58.996875,36.755742,RX,0x123,8,B0 B1 B2 B3 00 08 9C B0,........,False,False,False
2026-01-21T16:51:58.998369,36.757236,RX,0x123,8,B1 B2 B3 B4 00 08 9C B1,........,False,False,False
2026-01-21T16:51:58.999730,36.758597,RX,0x123,8,B2 B3 B4 B5 00 08 9C B2,........,False,False,False
2026-01-21T16:51:59.001327,36.760194,RX,0x123,8,B3 B4 B5 B6 00 08 9C B3,........,False,False,False
2026-01-21T16:51:59.003313,36.762180,RX,0x123,8,B4 B5 B6 B7 00 08 9C B4,........,False,False,False
2026-01-21T16:51:59.004788,36.763654,RX,0x123,8,B5 B6 B7 B8 00 08 9C B5,........,False,False,False
2026-01-21T16:51:59.006262,36.765129,RX,0x123,8,B6 B7 B8 B9 00 08 9C B6,........,False,False,False
2026-01-21T16:51:59.007922,36.766789,RX,0x123,8,B7 B8 B9 BA 00 08 9C B7,........,False,False,False
2026-01-21T16:51:59.009607,36.768474,RX,0x123,8,B8 B9 BA BB 00 08 9C B8,........,False,False,False
2026-01-21T16:51:59.011762,36.770629,RX,0x123,8,B9 BA BB BC 00 08 9C B9,........,False,False,False
2026-01-21T16:51:59.013746,36.772613,RX,0x123,8,BA BB BC BD 00 08 9C BA,........,False,False,False
2026-01-21T16:51:59.015773,36.774640,RX,0x123,8,BB BC BD BE 00 08 9C BB,........,False,False,False
2026-01-21T16:51:59.017209,36.776076,RX,0x123,8,BC BD BE BF 00 08 9C BC,........,False,False,False
2026-01-21T16:51:59.018807,36.777673,RX,0x123,8,BD BE BF C0 00 08 9C BD,........,False,False,False
2026-01-21T16:51:59.020262,36.779130,RX,0x123,8,BE BF C0 C1 00 08 9C BE,........,False,False,False
2026-01-21T16:51:59.022596,36.781463,RX,0x123,8,BF C0 C1 C2 00 08 9C BF,........,False,False,False
2026-01-21T16:51:59.024581,36.783448,RX,0x123,8,C0 C1 C2 C3 00 08 9C C0,........,False,False,False
2026-01-21T16:51:59.027140,36.786007,RX,0x123,8,C1 C2 C3 C4 00 08 9C C1,........,False,False,False
2026-01-21T16:51:59.028959,36.787827,RX,0x123,8,C2 C3 C4 C5 00 08 9C C2,........,False,False,False
2026-01-21T16:51:59.030849,36.789716,RX,0x123,8,C3 C4 C5 C6 00 08 9C C3,........,False,False,False
2026-01-21T16:51:59.032698,36.791565,RX,0x123,8,C4 C5 C6 C7 00 08 9C C4,........,False,False,False
2026-01-21T16:51:59.035057,36.793925,RX,0x123,8,C5 C6 C7 C8 00 08 9C C5,........,False,False,False
2026-01-21T16:51:59.036981,36.795848,RX,0x123,8,C6 C7 C8 C9 00 08 9C C6,........,False,False,False
2026-01-21T16:51:59.039316,36.798183,RX,0x123,8,C7 C8 C9 CA 00 08 9C C7,........,False,False,False
2026-01-21T16:51:59.041200,36.800067,RX,0x123,8,C8 C9 CA CB 00 08 9C C8,........,False,False,False
2026-01-21T16:51:59.043195,36.802062,RX,0x123,8,C9 CA CB CC 00 08 9C C9,........,False,False,False
2026-01-21T16:51:59.044855,36.803722,RX,0x123,8,CA CB CC CD 00 08 9C CA,........,False,False,False
2026-01-21T16:51:59.046337,36.805204,RX,0x123,8,CB CC CD CE 00 08 9C CB,........,False,False,False
2026-01-21T16:51:59.048370,36.806772,RX,0x123,8,CC CD CE CF 00 08 9C CC,........,False,False,False
2026-01-21T16:51:59.049891,36.808758,RX,0x123,8,CD CE CF D0 00 08 9C CD,........,False,False,False
2026-01-21T16:51:59.051890,36.810757,RX,0x123,8,CE CF D0 D1 00 08 9C CE,........,False,False,False
2026-01-21T16:51:59.053454,36.812321,RX,0x123,8,CF D0 D1 D2 00 08 9C CF,........,False,False,False
2026-01-21T16:51:59.055490,36.814357,RX,0x123,8,D0 D1 D2 D3 00 08 9C D0,........,False,False,False
2026-01-21T16:51:59.057509,36.816376,RX,0x123,8,D1 D2 D3 D4 00 08 9C D1,........,False,False,False
2026-01-21T16:51:59.059172,36.818039,RX,0x123,8,D2 D3 D4 D5 00 08 9C D2,........,False,False,False
2026-01-21T16:51:59.061142,36.820009,RX,0x123,8,D3 D4 D5 D6 00 08 9C D3,........,False,False,False
2026-01-21T16:51:59.062563,36.821430,RX,0x123,8,D4 D5 D6 D7 00 08 9C D4,........,False,False,False
2026-01-21T16:51:59.064013,36.822880,RX,0x123,8,D5 D6 D7 D8 00 08 9C D5,........,False,False,False
2026-01-21T16:51:59.065037,36.823904,RX,0x123,8,D6 D7 D8 D9 00 08 9C D6,........,False,False,False
2026-01-21T16:51:59.067344,36.826211,RX,0x123,8,D7 D8 D9 DA 00 08 9C D7,........,False,False,False
2026-01-21T16:51:59.068729,36.827596,RX,0x123,8,D8 D9 DA DB 00 08 9C D8,........,False,False,False
2026-01-21T16:51:59.070276,36.829144,RX,0x123,8,D9 DA DB DC 00 08 9C D9,........,False,False,False
2026-01-21T16:51:59.071930,36.830797,RX,0x123,8,DA DB DC DD 00 08 9C DA,........,False,False,False
2026-01-21T16:51:59.073733,36.832600,RX,0x123,8,DB DC DD DE 00 08 9C DB,........,False,False,False
2026-01-21T16:51:59.075436,36.834303,RX,0x123,8,DC DD DE DF 00 08 9C DC,........,False,False,False
2026-01-21T16:51:59.076903,36.835770,RX,0x123,8,DD DE DF E0 00 08 9C DD,........,False,False,False
2026-01-21T16:51:59.078391,36.837258,RX,0x123,8,DE DF E0 E1 00 08 9C DE,........,False,False,False
2026-01-21T16:51:59.079843,36.838710,RX,0x123,8,DF E0 E1 E2 00 08 9C DF,........,False,False,False
2026-01-21T16:51:59.081279,36.840146,RX,0x123,8,E0 E1 E2 E3 00 08 9C E0,........,False,False,False
2026-01-21T16:51:59.082956,36.841823,RX,0x123,8,E1 E2 E3 E4 00 08 9C E1,........,False,False,False
2026-01-21T16:51:59.084837,36.843704,RX,0x123,8,E2 E3 E4 E5 00 08 9C E2,........,False,False,False
2026-01-21T16:51:59.086791,36.845659,RX,0x123,8,E3 E4 E5 E6 00 08 9C E3,........,False,False,False
2026-01-21T16:51:59.088774,36.847641,RX,0x123,8,E4 E5 E6 E7 00 08 9C E4,........,False,False,False
2026-01-21T16:51:59.091307,36.850174,RX,0x123,8,E5 E6 E7 E8 00 08 9C E5,........,False,False,False
2026-01-21T16:51:59.093016,36.851883,RX,0x123,8,E6 E7 E8 E9 00 08 9C E6,........,False,False,False
2026-01-21T16:51:59.095152,36.854019,RX,0x123,8,E7 E8 E9 EA 00 08 9C E7,........,False,False,False
2026-01-21T16:51:59.096807,36.855674,RX,0x123,8,E8 E9 EA EB 00 08 9C E8,........,False,False,False
2026-01-21T16:51:59.099219,36.858086,RX,0x123,8,E9 EA EB EC 00 08 9C E9,........,False,False,False
2026-01-21T16:51:59.100696,36.859563,RX,0x123,8,EA EB EC ED 00 08 9C EA,........,False,False,False
2026-01-21T16:51:59.102509,36.861376,RX,0x123,8,EB EC ED EE 00 08 9C EB,........,False,False,False
2026-01-21T16:51:59.104316,36.863183,RX,0x123,8,EC ED EE EF 00 08 9C EC,........,False,False,False
2026-01-21T16:51:59.105892,36.864759,RX,0x123,8,ED EE EF F0 00 08 9C ED,........,False,False,False
2026-01-21T16:51:59.107599,36.866466,RX,0x123,8,EE EF F0 F1 00 08 9C EE,........,False,False,False
2026-01-21T16:51:59.109196,36.868063,RX,0x123,8,EF F0 F1 F2 00 08 9C EF,........,False,False,False
2026-01-21T16:51:59.110700,36.869567,RX,0x123,8,F0 F1 F2 F3 00 08 9C F0,........,False,False,False
2026-01-21T16:51:59.112304,36.871171,RX,0x123,8,F1 F2 F3 F4 00 08 9C F1,........,False,False,False
2026-01-21T16:51:59.113310,36.872178,RX,0x123,8,F2 F3 F4 F5 00 08 9C F2,........,False,False,False
2026-01-21T16:51:59.115783,36.874650,RX,0x123,8,F3 F4 F5 F6 00 08 9C F3,........,False,False,False
2026-01-21T16:51:59.117283,36.876150,RX,0x123,8,F4 F5 F6 F7 00 08 9C F4,........,False,False,False
2026-01-21T16:51:59.118970,36.877837,RX,0x123,8,F5 F6 F7 F8 00 08 9C F5,........,False,False,False
2026-01-21T16:51:59.120062,36.878929,RX,0x123,8,F6 F7 F8 F9 00 08 9C F6,........,False,False,False
2026-01-21T16:51:59.122195,36.881063,RX,0x123,8,F7 F8 F9 FA 00 08 9C F7,........,False,False,False
2026-01-21T16:51:59.124836,36.883703,RX,0x123,8,F8 F9 FA FB 00 08 9C F8,........,False,False,False
2026-01-21T16:51:59.126499,36.885366,RX,0x123,8,F9 FA FB FC 00 08 9C F9,........,False,False,False
2026-01-21T16:51:59.127892,36.886759,RX,0x123,8,FA FB FC FD 00 08 9C FA,........,False,False,False
2026-01-21T16:51:59.129209,36.888076,RX,0x123,8,FB FC FD FE 00 08 9C FB,........,False,False,False
2026-01-21T16:51:59.130219,36.889086,RX,0x123,8,FC FD FE FF 00 08 9C FC,........,False,False,False
2026-01-21T16:51:59.132589,36.891456,RX,0x123,8,FD FE FF 00 00 08 9C FD,........,False,False,False
2026-01-21T16:51:59.134614,36.893481,RX,0x123,8,FE FF 00 01 00 08 9C FE,........,False,False,False
2026-01-21T16:51:59.135760,36.894627,RX,0x123,8,FF 00 01 02 00 08 9C FF,........,False,False,False
2026-01-21T16:51:59.137641,36.896508,RX,0x123,8,00 01 02 03 00 08 9D 00,........,False,False,False
2026-01-21T16:51:59.139857,36.898724,RX,0x123,8,01 02 03 04 00 08 9D 01,........,False,False,False
2026-01-21T16:51:59.141722,36.900589,RX,0x123,8,02 03 04 05 00 08 9D 02,........,False,False,False
2026-01-21T16:51:59.143879,36.902746,RX,0x123,8,03 04 05 06 00 08 9D 03,........,False,False,False
2026-01-21T16:51:59.145872,36.904739,RX,0x123,8,04 05 06 07 00 08 9D 04,........,False,False,False
2026-01-21T16:51:59.147747,36.906614,RX,0x123,8,05 06 07 08 00 08 9D 05,........,False,False,False
2026-01-21T16:51:59.148765,36.907633,RX,0x123,8,06 07 08 09 00 08 9D 06,........,False,False,False
2026-01-21T16:51:59.154418,36.913285,RX,0x123,8,07 08 09 0A 00 08 9D 07,........,False,False,False
2026-01-21T16:51:59.160845,36.919712,RX,0x123,8,08 09 0A 0B 00 08 9D 08,........,False,False,False
2026-01-21T16:51:59.162647,36.921514,RX,0x123,8,09 0A 0B 0C 00 08 9D 09,........,False,False,False
2026-01-21T16:51:59.164392,36.923259,RX,0x123,8,0A 0B 0C 0D 00 08 9D 0A,........,False,False,False
2026-01-21T16:51:59.166142,36.925009,RX,0x123,8,0B 0C 0D 0E 00 08 9D 0B,........,False,False,False
2026-01-21T16:51:59.167743,36.926610,RX,0x123,8,0C 0D 0E 0F 00 08 9D 0C,........,False,False,False
2026-01-21T16:51:59.169217,36.928084,RX,0x123,8,0D 0E 0F 10 00 08 9D 0D,........,False,False,False
2026-01-21T16:51:59.170764,36.929631,RX,0x123,8,0E 0F 10 11 00 08 9D 0E,........,False,False,False
2026-01-21T16:51:59.172196,36.931063,RX,0x123,8,0F 10 11 12 00 08 9D 0F,........,False,False,False
2026-01-21T16:51:59.173599,36.932466,RX,0x123,8,10 11 12 13 00 08 9D 10,........,False,False,False
2026-01-21T16:51:59.174605,36.933472,RX,0x123,8,11 12 13 14 00 08 9D 11,........,False,False,False
2026-01-21T16:51:59.176757,36.935625,RX,0x123,8,12 13 14 15 00 08 9D 12,........,False,False,False
2026-01-21T16:51:59.178218,36.937085,RX,0x123,8,13 14 15 16 00 08 9D 13,........,False,False,False
2026-01-21T16:51:59.179987,36.938854,RX,0x123,8,14 15 16 17 00 08 9D 14,........,False,False,False
2026-01-21T16:51:59.181533,36.940400,RX,0x123,8,15 16 17 18 00 08 9D 15,........,False,False,False
2026-01-21T16:51:59.183208,36.942075,RX,0x123,8,16 17 18 19 00 08 9D 16,........,False,False,False
2026-01-21T16:51:59.184646,36.943512,RX,0x123,8,17 18 19 1A 00 08 9D 17,........,False,False,False
2026-01-21T16:51:59.186043,36.944910,RX,0x123,8,18 19 1A 1B 00 08 9D 18,........,False,False,False
2026-01-21T16:51:59.187488,36.946355,RX,0x123,8,19 1A 1B 1C 00 08 9D 19,........,False,False,False
2026-01-21T16:51:59.188960,36.947827,RX,0x123,8,1A 1B 1C 1D 00 08 9D 1A,........,False,False,False
2026-01-21T16:51:59.190440,36.949306,RX,0x123,8,1B 1C 1D 1E 00 08 9D 1B,........,False,False,False
2026-01-21T16:51:59.191870,36.950737,RX,0x123,8,1C 1D 1E 1F 00 08 9D 1C,........,False,False,False
2026-01-21T16:51:59.193287,36.952154,RX,0x123,8,1D 1E 1F 20 00 08 9D 1D,... ....,False,False,False
2026-01-21T16:51:59.194918,36.953785,RX,0x123,8,1E 1F 20 21 00 08 9D 1E,.. !....,False,False,False
2026-01-21T16:51:59.196390,36.955257,RX,0x123,8,1F 20 21 22 00 08 9D 1F,". !""....",False,False,False
2026-01-21T16:51:59.197853,36.956721,RX,0x123,8,20 21 22 23 00 08 9D 20," !""#... ",False,False,False
2026-01-21T16:51:59.199524,36.958391,RX,0x123,8,21 22 23 24 00 08 9D 21,"!""#$...!",False,False,False
2026-01-21T16:51:59.201165,36.960032,RX,0x123,8,22 23 24 25 00 08 9D 22,"""#$%...""",False,False,False
2026-01-21T16:51:59.203069,36.961936,RX,0x123,8,23 24 25 26 00 08 9D 23,#$%&...#,False,False,False
2026-01-21T16:51:59.204694,36.963561,RX,0x123,8,24 25 26 27 00 08 9D 24,$%&'...$,False,False,False
2026-01-21T16:51:59.206607,36.965474,RX,0x123,8,25 26 27 28 00 08 9D 25,%&'(...%,False,False,False
2026-01-21T16:51:59.208848,36.967716,RX,0x123,8,26 27 28 29 00 08 9D 26,&'()...&,False,False,False
2026-01-21T16:51:59.210794,36.969661,RX,0x123,8,27 28 29 2A 00 08 9D 27,'()*...',False,False,False
2026-01-21T16:51:59.212808,36.971675,RX,0x123,8,28 29 2A 2B 00 08 9D 28,()*+...(,False,False,False
2026-01-21T16:51:59.214726,36.973593,RX,0x123,8,29 2A 2B 2C 00 08 9D 29,")*+,...)",False,False,False
2026-01-21T16:51:59.216273,36.975140,RX,0x123,8,2A 2B 2C 2D 00 08 9D 2A,"*+,-...*",False,False,False
2026-01-21T16:51:59.217993,36.976860,RX,0x123,8,2B 2C 2D 2E 00 08 9D 2B,"+,-....+",False,False,False
2026-01-21T16:51:59.219723,36.978590,RX,0x123,8,2C 2D 2E 2F 00 08 9D 2C,",-./...,",False,False,False
2026-01-21T16:51:59.221824,36.979673,RX,0x123,8,2D 2E 2F 30 00 08 9D 2D,-./0...-,False,False,False
2026-01-21T16:51:59.223413,36.982280,RX,0x123,8,2E 2F 30 31 00 08 9D 2E,./01....,False,False,False
2026-01-21T16:51:59.224877,36.983744,RX,0x123,8,2F 30 31 32 00 08 9D 2F,/012.../,False,False,False
2026-01-21T16:51:59.226365,36.985232,RX,0x123,8,30 31 32 33 00 08 9D 30,0123...0,False,False,False
2026-01-21T16:51:59.227769,36.986636,RX,0x123,8,31 32 33 34 00 08 9D 31,1234...1,False,False,False
2026-01-21T16:51:59.229142,36.988009,RX,0x123,8,32 33 34 35 00 08 9D 32,2345...2,False,False,False
2026-01-21T16:51:59.230490,36.989357,RX,0x123,8,33 34 35 36 00 08 9D 33,3456...3,False,False,False
2026-01-21T16:51:59.231858,36.990725,RX,0x123,8,34 35 36 37 00 08 9D 34,4567...4,False,False,False
2026-01-21T16:51:59.233593,36.992460,RX,0x123,8,35 36 37 38 00 08 9D 35,5678...5,False,False,False
2026-01-21T16:51:59.235076,36.993943,RX,0x123,8,36 37 38 39 00 08 9D 36,6789...6,False,False,False
2026-01-21T16:51:59.236582,36.995448,RX,0x123,8,37 38 39 3A 00 08 9D 37,789:...7,False,False,False
2026-01-21T16:51:59.238126,36.996993,RX,0x123,8,38 39 3A 3B 00 08 9D 38,89:;...8,False,False,False
2026-01-21T16:51:59.240120,36.998987,RX,0x123,8,39 3A 3B 3C 00 08 9D 39,9:;<...9,False,False,False
2026-01-21T16:51:59.241639,37.000506,RX,0x123,8,3A 3B 3C 3D 00 08 9D 3A,:;<=...:,False,False,False
2026-01-21T16:51:59.243131,37.001998,RX,0x123,8,3B 3C 3D 3E 00 08 9D 3B,;<=>...;,False,False,False
2026-01-21T16:51:59.244592,37.003459,RX,0x123,8,3C 3D 3E 3F 00 08 9D 3C,<=>?...<,False,False,False
2026-01-21T16:51:59.245964,37.004831,RX,0x123,8,3D 3E 3F 40 00 08 9D 3D,=>?@...=,False,False,False
2026-01-21T16:51:59.247328,37.006195,RX,0x123,8,3E 3F 40 41 00 08 9D 3E,>?@A...>,False,False,False
2026-01-21T16:51:59.248889,37.007756,RX,0x123,8,3F 40 41 42 00 08 9D 3F,?@AB...?,False,False,False
2026-01-21T16:51:59.250521,37.009388,RX,0x123,8,40 41 42 43 00 08 9D 40,@ABC...@,False,False,False
2026-01-21T16:51:59.252249,37.011117,RX,0x123,8,41 42 43 44 00 08 9D 41,ABCD...A,False,False,False
2026-01-21T16:51:59.254015,37.012882,RX,0x123,8,42 43 44 45 00 08 9D 42,BCDE...B,False,False,False
2026-01-21T16:51:59.256356,37.015223,RX,0x123,8,43 44 45 46 00 08 9D 43,CDEF...C,False,False,False
2026-01-21T16:51:59.258035,37.016902,RX,0x123,8,44 45 46 47 00 08 9D 44,DEFG...D,False,False,False
2026-01-21T16:51:59.259638,37.018505,RX,0x123,8,45 46 47 48 00 08 9D 45,EFGH...E,False,False,False
2026-01-21T16:51:59.261203,37.020070,RX,0x123,8,46 47 48 49 00 08 9D 46,FGHI...F,False,False,False
2026-01-21T16:51:59.262815,37.021682,RX,0x123,8,47 48 49 4A 00 08 9D 47,GHIJ...G,False,False,False
2026-01-21T16:51:59.264440,37.023307,RX,0x123,8,48 49 4A 4B 00 08 9D 48,HIJK...H,False,False,False
2026-01-21T16:51:59.265863,37.024730,RX,0x123,8,49 4A 4B 4C 00 08 9D 49,IJKL...I,False,False,False
2026-01-21T16:51:59.267259,37.026126,RX,0x123,8,4A 4B 4C 4D 00 08 9D 4A,JKLM...J,False,False,False
2026-01-21T16:51:59.268885,37.027753,RX,0x123,8,4B 4C 4D 4E 00 08 9D 4B,KLMN...K,False,False,False
2026-01-21T16:51:59.270808,37.029675,RX,0x123,8,4C 4D 4E 4F 00 08 9D 4C,LMNO...L,False,False,False
2026-01-21T16:51:59.272622,37.031489,RX,0x123,8,4D 4E 4F 50 00 08 9D 4D,MNOP...M,False,False,False
2026-01-21T16:51:59.274560,37.033427,RX,0x123,8,4E 4F 50 51 00 08 9D 4E,NOPQ...N,False,False,False
2026-01-21T16:51:59.276738,37.035605,RX,0x123,8,4F 50 51 52 00 08 9D 4F,OPQR...O,False,False,False
2026-01-21T16:51:59.278720,37.037587,RX,0x123,8,50 51 52 53 00 08 9D 50,PQRS...P,False,False,False
2026-01-21T16:51:59.280050,37.038917,RX,0x123,8,51 52 53 54 00 08 9D 51,QRST...Q,False,False,False
2026-01-21T16:51:59.281062,37.039929,RX,0x123,8,52 53 54 55 00 08 9D 52,RSTU...R,False,False,False
2026-01-21T16:51:59.283399,37.042266,RX,0x123,8,53 54 55 56 00 08 9D 53,STUV...S,False,False,False
2026-01-21T16:51:59.284906,37.043773,RX,0x123,8,54 55 56 57 00 08 9D 54,TUVW...T,False,False,False
2026-01-21T16:51:59.286269,37.045136,RX,0x123,8,55 56 57 58 00 08 9D 55,UVWX...U,False,False,False
2026-01-21T16:51:59.287913,37.046780,RX,0x123,8,56 57 58 59 00 08 9D 56,VWXY...V,False,False,False
2026-01-21T16:51:59.289680,37.048547,RX,0x123,8,57 58 59 5A 00 08 9D 57,WXYZ...W,False,False,False
2026-01-21T16:51:59.291351,37.050218,RX,0x123,8,58 59 5A 5B 00 08 9D 58,XYZ[...X,False,False,False
2026-01-21T16:51:59.292792,37.051659,RX,0x123,8,59 5A 5B 5C 00 08 9D 59,YZ[\...Y,False,False,False
2026-01-21T16:51:59.294221,37.053088,RX,0x123,8,5A 5B 5C 5D 00 08 9D 5A,Z[\]...Z,False,False,False
2026-01-21T16:51:59.295579,37.054446,RX,0x123,8,5B 5C 5D 5E 00 08 9D 5B,[\]^...[,False,False,False
2026-01-21T16:51:59.296939,37.055806,RX,0x123,8,5C 5D 5E 5F 00 08 9D 5C,\]^_...\,False,False,False
2026-01-21T16:51:59.298333,37.057199,RX,0x123,8,5D 5E 5F 60 00 08 9D 5D,]^_`...],False,False,False
2026-01-21T16:51:59.299705,37.058572,RX,0x123,8,5E 5F 60 61 00 08 9D 5E,^_`a...^,False,False,False
2026-01-21T16:51:59.301154,37.060021,RX,0x123,8,5F 60 61 62 00 08 9D 5F,_`ab..._,False,False,False
2026-01-21T16:51:59.302612,37.061480,RX,0x123,8,60 61 62 63 00 08 9D 60,`abc...`,False,False,False
2026-01-21T16:51:59.304365,37.063232,RX,0x123,8,61 62 63 64 00 08 9D 61,abcd...a,False,False,False
2026-01-21T16:51:59.306362,37.065229,RX,0x123,8,62 63 64 65 00 08 9D 62,bcde...b,False,False,False
2026-01-21T16:51:59.308978,37.067845,RX,0x123,8,63 64 65 66 00 08 9D 63,cdef...c,False,False,False
2026-01-21T16:51:59.310954,37.069821,RX,0x123,8,64 65 66 67 00 08 9D 64,defg...d,False,False,False
2026-01-21T16:51:59.312478,37.071345,RX,0x123,8,65 66 67 68 00 08 9D 65,efgh...e,False,False,False
2026-01-21T16:51:59.313985,37.072852,RX,0x123,8,66 67 68 69 00 08 9D 66,fghi...f,False,False,False
2026-01-21T16:51:59.315349,37.074216,RX,0x123,8,67 68 69 6A 00 08 9D 67,ghij...g,False,False,False
2026-01-21T16:51:59.317001,37.075868,RX,0x123,8,68 69 6A 6B 00 08 9D 68,hijk...h,False,False,False
2026-01-21T16:51:59.318931,37.077798,RX,0x123,8,69 6A 6B 6C 00 08 9D 69,ijkl...i,False,False,False
2026-01-21T16:51:59.319954,37.078821,RX,0x123,8,6A 6B 6C 6D 00 08 9D 6A,jklm...j,False,False,False
2026-01-21T16:51:59.322494,37.081362,RX,0x123,8,6B 6C 6D 6E 00 08 9D 6B,klmn...k,False,False,False
2026-01-21T16:51:59.324261,37.083128,RX,0x123,8,6C 6D 6E 6F 00 08 9D 6C,lmno...l,False,False,False
2026-01-21T16:51:59.325739,37.084606,RX,0x123,8,6D 6E 6F 70 00 08 9D 6D,mnop...m,False,False,False
2026-01-21T16:51:59.327182,37.086049,RX,0x123,8,6E 6F 70 71 00 08 9D 6E,nopq...n,False,False,False
2026-01-21T16:51:59.328193,37.087060,RX,0x123,8,6F 70 71 72 00 08 9D 6F,opqr...o,False,False,False
2026-01-21T16:51:59.330325,37.089191,RX,0x123,8,70 71 72 73 00 08 9D 70,pqrs...p,False,False,False
2026-01-21T16:51:59.331335,37.090201,RX,0x123,8,71 72 73 74 00 08 9D 71,qrst...q,False,False,False
2026-01-21T16:51:59.333465,37.092332,RX,0x123,8,72 73 74 75 00 08 9D 72,rstu...r,False,False,False
2026-01-21T16:51:59.335048,37.093915,RX,0x123,8,73 74 75 76 00 08 9D 73,stuv...s,False,False,False
2026-01-21T16:51:59.336436,37.095303,RX,0x123,8,74 75 76 77 00 08 9D 74,tuvw...t,False,False,False
2026-01-21T16:51:59.337765,37.096632,RX,0x123,8,75 76 77 78 00 08 9D 75,uvwx...u,False,False,False
2026-01-21T16:51:59.339220,37.098087,RX,0x123,8,76 77 78 79 00 08 9D 76,vwxy...v,False,False,False
2026-01-21T16:51:59.340611,37.099478,RX,0x123,8,77 78 79 7A 00 08 9D 77,wxyz...w,False,False,False
2026-01-21T16:51:59.341932,37.100799,RX,0x123,8,78 79 7A 7B 00 08 9D 78,xyz{...x,False,False,False
2026-01-21T16:51:59.343272,37.102139,RX,0x123,8,79 7A 7B 7C 00 08 9D 79,yz{|...y,False,False,False
2026-01-21T16:51:59.344283,37.103150,RX,0x123,8,7A 7B 7C 7D 00 08 9D 7A,z{|}...z,False,False,False
2026-01-21T16:51:59.346476,37.105343,RX,0x123,8,7B 7C 7D 7E 00 08 9D 7B,{|}~...{,False,False,False
2026-01-21T16:51:59.347486,37.106353,RX,0x123,8,7C 7D 7E 7F 00 08 9D 7C,|}~....|,False,False,False
2026-01-21T16:51:59.349268,37.108135,RX,0x123,8,7D 7E 7F 80 00 08 9D 7D,}~.....},False,False,False
2026-01-21T16:51:59.351627,37.110494,RX,0x123,8,7E 7F 80 81 00 08 9D 7E,~......~,False,False,False
2026-01-21T16:51:59.353436,37.112303,RX,0x123,8,7F 80 81 82 00 08 9D 7F,........,False,False,False
2026-01-21T16:51:59.354838,37.113705,RX,0x123,8,80 81 82 83 00 08 9D 80,........,False,False,False
2026-01-21T16:51:59.355844,37.114711,RX,0x123,8,81 82 83 84 00 08 9D 81,........,False,False,False
2026-01-21T16:51:59.358034,37.116901,RX,0x123,8,82 83 84 85 00 08 9D 82,........,False,False,False
2026-01-21T16:51:59.359466,37.118333,RX,0x123,8,83 84 85 86 00 08 9D 83,........,False,False,False
2026-01-21T16:51:59.360577,37.119444,RX,0x123,8,84 85 86 87 00 08 9D 84,........,False,False,False
2026-01-21T16:51:59.362383,37.121250,RX,0x123,8,85 86 87 88 00 08 9D 85,........,False,False,False
2026-01-21T16:51:59.364115,37.122982,RX,0x123,8,86 87 88 89 00 08 9D 86,........,False,False,False
2026-01-21T16:51:59.366435,37.125302,RX,0x123,8,87 88 89 8A 00 08 9D 87,........,False,False,False
2026-01-21T16:51:59.368616,37.127483,RX,0x123,8,88 89 8A 8B 00 08 9D 88,........,False,False,False
2026-01-21T16:51:59.370103,37.128970,RX,0x123,8,89 8A 8B 8C 00 08 9D 89,........,False,False,False
2026-01-21T16:51:59.371565,37.130432,RX,0x123,8,8A 8B 8C 8D 00 08 9D 8A,........,False,False,False
2026-01-21T16:51:59.373254,37.132121,RX,0x123,8,8B 8C 8D 8E 00 08 9D 8B,........,False,False,False
2026-01-21T16:51:59.375115,37.133982,RX,0x123,8,8C 8D 8E 8F 00 08 9D 8C,........,False,False,False
2026-01-21T16:51:59.376561,37.135428,RX,0x123,8,8D 8E 8F 90 00 08 9D 8D,........,False,False,False
2026-01-21T16:51:59.377622,37.136489,RX,0x123,8,8E 8F 90 91 00 08 9D 8E,........,False,False,False
2026-01-21T16:51:59.379403,37.138270,RX,0x123,8,8F 90 91 92 00 08 9D 8F,........,False,False,False
2026-01-21T16:51:59.381125,37.139992,RX,0x123,8,90 91 92 93 00 08 9D 90,........,False,False,False
2026-01-21T16:51:59.383373,37.142240,RX,0x123,8,91 92 93 94 00 08 9D 91,........,False,False,False
2026-01-21T16:51:59.384805,37.143672,RX,0x123,8,92 93 94 95 00 08 9D 92,........,False,False,False
2026-01-21T16:51:59.386242,37.145109,RX,0x123,8,93 94 95 96 00 08 9D 93,........,False,False,False
2026-01-21T16:51:59.387968,37.146835,RX,0x123,8,94 95 96 97 00 08 9D 94,........,False,False,False
2026-01-21T16:51:59.390232,37.149099,RX,0x123,8,95 96 97 98 00 08 9D 95,........,False,False,False
2026-01-21T16:51:59.391759,37.150626,RX,0x123,8,96 97 98 99 00 08 9D 96,........,False,False,False
2026-01-21T16:51:59.393406,37.152273,RX,0x123,8,97 98 99 9A 00 08 9D 97,........,False,False,False
2026-01-21T16:51:59.395299,37.154166,RX,0x123,8,98 99 9A 9B 00 08 9D 98,........,False,False,False
2026-01-21T16:51:59.397560,37.156427,RX,0x123,8,99 9A 9B 9C 00 08 9D 99,........,False,False,False
2026-01-21T16:51:59.399905,37.158772,RX,0x123,8,9A 9B 9C 9D 00 08 9D 9A,........,False,False,False
2026-01-21T16:51:59.401393,37.160259,RX,0x123,8,9B 9C 9D 9E 00 08 9D 9B,........,False,False,False
2026-01-21T16:51:59.403009,37.161875,RX,0x123,8,9C 9D 9E 9F 00 08 9D 9C,........,False,False,False
2026-01-21T16:51:59.404949,37.163816,RX,0x123,8,9D 9E 9F A0 00 08 9D 9D,........,False,False,False
2026-01-21T16:51:59.406714,37.165581,RX,0x123,8,9E 9F A0 A1 00 08 9D 9E,........,False,False,False
2026-01-21T16:51:59.409451,37.168318,RX,0x123,8,9F A0 A1 A2 00 08 9D 9F,........,False,False,False
2026-01-21T16:51:59.411654,37.170521,RX,0x123,8,A0 A1 A2 A3 00 08 9D A0,........,False,False,False
2026-01-21T16:51:59.413021,37.171888,RX,0x123,8,A1 A2 A3 A4 00 08 9D A1,........,False,False,False
2026-01-21T16:51:59.415211,37.174078,RX,0x123,8,A2 A3 A4 A5 00 08 9D A2,........,False,False,False
2026-01-21T16:51:59.416979,37.175845,RX,0x123,8,A3 A4 A5 A6 00 08 9D A3,........,False,False,False
2026-01-21T16:51:59.418711,37.177578,RX,0x123,8,A4 A5 A6 A7 00 08 9D A4,........,False,False,False
2026-01-21T16:51:59.419722,37.178589,RX,0x123,8,A5 A6 A7 A8 00 08 9D A5,........,False,False,False
2026-01-21T16:51:59.422609,37.181476,RX,0x123,8,A6 A7 A8 A9 00 08 9D A6,........,False,False,False
2026-01-21T16:51:59.424075,37.182942,RX,0x123,8,A7 A8 A9 AA 00 08 9D A7,........,False,False,False
2026-01-21T16:51:59.425528,37.184395,RX,0x123,8,A8 A9 AA AB 00 08 9D A8,........,False,False,False
2026-01-21T16:51:59.426893,37.185760,RX,0x123,8,A9 AA AB AC 00 08 9D A9,........,False,False,False
2026-01-21T16:51:59.428349,37.187216,RX,0x123,8,AA AB AC AD 00 08 9D AA,........,False,False,False
2026-01-21T16:51:59.429967,37.188834,RX,0x123,8,AB AC AD AE 00 08 9D AB,........,False,False,False
2026-01-21T16:51:59.431472,37.190339,RX,0x123,8,AC AD AE AF 00 08 9D AC,........,False,False,False
2026-01-21T16:51:59.432952,37.191819,RX,0x123,8,AD AE AF B0 00 08 9D AD,........,False,False,False
2026-01-21T16:51:59.434501,37.193368,RX,0x123,8,AE AF B0 B1 00 08 9D AE,........,False,False,False
2026-01-21T16:51:59.436508,37.195375,RX,0x123,8,AF B0 B1 B2 00 08 9D AF,........,False,False,False
2026-01-21T16:51:59.439051,37.197918,RX,0x123,8,B0 B1 B2 B3 00 08 9D B0,........,False,False,False
2026-01-21T16:51:59.440780,37.199647,RX,0x123,8,B1 B2 B3 B4 00 08 9D B1,........,False,False,False
2026-01-21T16:51:59.442579,37.201446,RX,0x123,8,B2 B3 B4 B5 00 08 9D B2,........,False,False,False
2026-01-21T16:51:59.444432,37.203300,RX,0x123,8,B3 B4 B5 B6 00 08 9D B3,........,False,False,False
2026-01-21T16:51:59.446889,37.205756,RX,0x123,8,B4 B5 B6 B7 00 08 9D B4,........,False,False,False
2026-01-21T16:51:59.448472,37.207339,RX,0x123,8,B5 B6 B7 B8 00 08 9D B5,........,False,False,False
2026-01-21T16:51:59.450098,37.208965,RX,0x123,8,B6 B7 B8 B9 00 08 9D B6,........,False,False,False
2026-01-21T16:51:59.451822,37.210689,RX,0x123,8,B7 B8 B9 BA 00 08 9D B7,........,False,False,False
2026-01-21T16:51:59.453372,37.212239,RX,0x123,8,B8 B9 BA BB 00 08 9D B8,........,False,False,False
2026-01-21T16:51:59.455152,37.214019,RX,0x123,8,B9 BA BB BC 00 08 9D B9,........,False,False,False
2026-01-21T16:51:59.457084,37.215951,RX,0x123,8,BA BB BC BD 00 08 9D BA,........,False,False,False
2026-01-21T16:51:59.458853,37.217721,RX,0x123,8,BB BC BD BE 00 08 9D BB,........,False,False,False
2026-01-21T16:51:59.460557,37.219424,RX,0x123,8,BC BD BE BF 00 08 9D BC,........,False,False,False
2026-01-21T16:51:59.462284,37.221151,RX,0x123,8,BD BE BF C0 00 08 9D BD,........,False,False,False
2026-01-21T16:51:59.463876,37.222743,RX,0x123,8,BE BF C0 C1 00 08 9D BE,........,False,False,False
2026-01-21T16:51:59.466291,37.225158,RX,0x123,8,BF C0 C1 C2 00 08 9D BF,........,False,False,False
2026-01-21T16:51:59.467984,37.226851,RX,0x123,8,C0 C1 C2 C3 00 08 9D C0,........,False,False,False
2026-01-21T16:51:59.469856,37.228723,RX,0x123,8,C1 C2 C3 C4 00 08 9D C1,........,False,False,False
2026-01-21T16:51:59.472191,37.231058,RX,0x123,8,C2 C3 C4 C5 00 08 9D C2,........,False,False,False
2026-01-21T16:51:59.474213,37.233080,RX,0x123,8,C3 C4 C5 C6 00 08 9D C3,........,False,False,False
2026-01-21T16:51:59.476074,37.234941,RX,0x123,8,C4 C5 C6 C7 00 08 9D C4,........,False,False,False
2026-01-21T16:51:59.477703,37.236570,RX,0x123,8,C5 C6 C7 C8 00 08 9D C5,........,False,False,False
2026-01-21T16:51:59.479147,37.238014,RX,0x123,8,C6 C7 C8 C9 00 08 9D C6,........,False,False,False
2026-01-21T16:51:59.480816,37.239683,RX,0x123,8,C7 C8 C9 CA 00 08 9D C7,........,False,False,False
2026-01-21T16:51:59.482761,37.241628,RX,0x123,8,C8 C9 CA CB 00 08 9D C8,........,False,False,False
2026-01-21T16:51:59.485174,37.244041,RX,0x123,8,C9 CA CB CC 00 08 9D C9,........,False,False,False
2026-01-21T16:51:59.487095,37.245962,RX,0x123,8,CA CB CC CD 00 08 9D CA,........,False,False,False
2026-01-21T16:51:59.489181,37.248048,RX,0x123,8,CB CC CD CE 00 08 9D CB,........,False,False,False
2026-01-21T16:51:59.490683,37.249550,RX,0x123,8,CC CD CE CF 00 08 9D CC,........,False,False,False
2026-01-21T16:51:59.492091,37.250958,RX,0x123,8,CD CE CF D0 00 08 9D CD,........,False,False,False
2026-01-21T16:51:59.493102,37.251969,RX,0x123,8,CE CF D0 D1 00 08 9D CE,........,False,False,False
2026-01-21T16:51:59.495797,37.254664,RX,0x123,8,CF D0 D1 D2 00 08 9D CF,........,False,False,False
2026-01-21T16:51:59.497516,37.256383,RX,0x123,8,D0 D1 D2 D3 00 08 9D D0,........,False,False,False
2026-01-21T16:51:59.499547,37.258414,RX,0x123,8,D1 D2 D3 D4 00 08 9D D1,........,False,False,False
2026-01-21T16:51:59.501241,37.260108,RX,0x123,8,D2 D3 D4 D5 00 08 9D D2,........,False,False,False
2026-01-21T16:51:59.503095,37.261962,RX,0x123,8,D3 D4 D5 D6 00 08 9D D3,........,False,False,False
2026-01-21T16:51:59.504447,37.263314,RX,0x123,8,D4 D5 D6 D7 00 08 9D D4,........,False,False,False
2026-01-21T16:51:59.505805,37.264672,RX,0x123,8,D5 D6 D7 D8 00 08 9D D5,........,False,False,False
2026-01-21T16:51:59.507570,37.266437,RX,0x123,8,D6 D7 D8 D9 00 08 9D D6,........,False,False,False
2026-01-21T16:51:59.509370,37.268237,RX,0x123,8,D7 D8 D9 DA 00 08 9D D7,........,False,False,False
2026-01-21T16:51:59.510835,37.269702,RX,0x123,8,D8 D9 DA DB 00 08 9D D8,........,False,False,False
2026-01-21T16:51:59.513169,37.272037,RX,0x123,8,D9 DA DB DC 00 08 9D D9,........,False,False,False
2026-01-21T16:51:59.514177,37.273044,RX,0x123,8,DA DB DC DD 00 08 9D DA,........,False,False,False
2026-01-21T16:51:59.516381,37.275248,RX,0x123,8,DB DC DD DE 00 08 9D DB,........,False,False,False
2026-01-21T16:51:59.517388,37.276255,RX,0x123,8,DC DD DE DF 00 08 9D DC,........,False,False,False
2026-01-21T16:51:59.519558,37.278425,RX,0x123,8,DD DE DF E0 00 08 9D DD,........,False,False,False
2026-01-21T16:51:59.520569,37.279436,RX,0x123,8,DE DF E0 E1 00 08 9D DE,........,False,False,False
2026-01-21T16:51:59.522497,37.281364,RX,0x123,8,DF E0 E1 E2 00 08 9D DF,........,False,False,False
2026-01-21T16:51:59.523847,37.282714,RX,0x123,8,E0 E1 E2 E3 00 08 9D E0,........,False,False,False
2026-01-21T16:51:59.525231,37.284098,RX,0x123,8,E1 E2 E3 E4 00 08 9D E1,........,False,False,False
2026-01-21T16:51:59.526237,37.285104,RX,0x123,8,E2 E3 E4 E5 00 08 9D E2,........,False,False,False
2026-01-21T16:51:59.528498,37.287365,RX,0x123,8,E3 E4 E5 E6 00 08 9D E3,........,False,False,False
2026-01-21T16:51:59.529868,37.288735,RX,0x123,8,E4 E5 E6 E7 00 08 9D E4,........,False,False,False
2026-01-21T16:51:59.531462,37.290329,RX,0x123,8,E5 E6 E7 E8 00 08 9D E5,........,False,False,False
2026-01-21T16:51:59.532954,37.291821,RX,0x123,8,E6 E7 E8 E9 00 08 9D E6,........,False,False,False
2026-01-21T16:51:59.534384,37.293251,RX,0x123,8,E7 E8 E9 EA 00 08 9D E7,........,False,False,False
2026-01-21T16:51:59.535901,37.294768,RX,0x123,8,E8 E9 EA EB 00 08 9D E8,........,False,False,False
2026-01-21T16:51:59.537267,37.296134,RX,0x123,8,E9 EA EB EC 00 08 9D E9,........,False,False,False
2026-01-21T16:51:59.538766,37.297633,RX,0x123,8,EA EB EC ED 00 08 9D EA,........,False,False,False
2026-01-21T16:51:59.540367,37.299234,RX,0x123,8,EB EC ED EE 00 08 9D EB,........,False,False,False
2026-01-21T16:51:59.541954,37.300821,RX,0x123,8,EC ED EE EF 00 08 9D EC,........,False,False,False
2026-01-21T16:51:59.543575,37.302442,RX,0x123,8,ED EE EF F0 00 08 9D ED,........,False,False,False
2026-01-21T16:51:59.544940,37.303807,RX,0x123,8,EE EF F0 F1 00 08 9D EE,........,False,False,False
2026-01-21T16:51:59.546254,37.305121,RX,0x123,8,EF F0 F1 F2 00 08 9D EF,........,False,False,False
2026-01-21T16:51:59.547640,37.306507,RX,0x123,8,F0 F1 F2 F3 00 08 9D F0,........,False,False,False
2026-01-21T16:51:59.549119,37.307986,RX,0x123,8,F1 F2 F3 F4 00 08 9D F1,........,False,False,False
2026-01-21T16:51:59.550484,37.309351,RX,0x123,8,F2 F3 F4 F5 00 08 9D F2,........,False,False,False
2026-01-21T16:51:59.551846,37.310713,RX,0x123,8,F3 F4 F5 F6 00 08 9D F3,........,False,False,False
2026-01-21T16:51:59.553281,37.312148,RX,0x123,8,F4 F5 F6 F7 00 08 9D F4,........,False,False,False
2026-01-21T16:51:59.554890,37.313757,RX,0x123,8,F5 F6 F7 F8 00 08 9D F5,........,False,False,False
2026-01-21T16:51:59.556837,37.315704,RX,0x123,8,F6 F7 F8 F9 00 08 9D F6,........,False,False,False
2026-01-21T16:51:59.558873,37.317740,RX,0x123,8,F7 F8 F9 FA 00 08 9D F7,........,False,False,False
2026-01-21T16:51:59.560698,37.319565,RX,0x123,8,F8 F9 FA FB 00 08 9D F8,........,False,False,False
2026-01-21T16:51:59.562325,37.321192,RX,0x123,8,F9 FA FB FC 00 08 9D F9,........,False,False,False
2026-01-21T16:51:59.563940,37.322807,RX,0x123,8,FA FB FC FD 00 08 9D FA,........,False,False,False
2026-01-21T16:51:59.565392,37.324259,RX,0x123,8,FB FC FD FE 00 08 9D FB,........,False,False,False
2026-01-21T16:51:59.566841,37.325708,RX,0x123,8,FC FD FE FF 00 08 9D FC,........,False,False,False
2026-01-21T16:51:59.567849,37.326716,RX,0x123,8,FD FE FF 00 00 08 9D FD,........,False,False,False
2026-01-21T16:51:59.570153,37.329021,RX,0x123,8,FE FF 00 01 00 08 9D FE,........,False,False,False
2026-01-21T16:51:59.571628,37.330495,RX,0x123,8,FF 00 01 02 00 08 9D FF,........,False,False,False
2026-01-21T16:51:59.573401,37.332268,RX,0x123,8,00 01 02 03 00 08 9E 00,........,False,False,False
2026-01-21T16:51:59.575402,37.334269,RX,0x123,8,01 02 03 04 00 08 9E 01,........,False,False,False
2026-01-21T16:51:59.577307,37.335342,RX,0x123,8,02 03 04 05 00 08 9E 02,........,False,False,False
2026-01-21T16:51:59.579117,37.337984,RX,0x123,8,03 04 05 06 00 08 9E 03,........,False,False,False
2026-01-21T16:51:59.581125,37.339992,RX,0x123,8,04 05 06 07 00 08 9E 04,........,False,False,False
2026-01-21T16:51:59.582974,37.341841,RX,0x123,8,05 06 07 08 00 08 9E 05,........,False,False,False
2026-01-21T16:51:59.584425,37.343292,RX,0x123,8,06 07 08 09 00 08 9E 06,........,False,False,False
2026-01-21T16:51:59.585913,37.344780,RX,0x123,8,07 08 09 0A 00 08 9E 07,........,False,False,False
2026-01-21T16:51:59.587549,37.346416,RX,0x123,8,08 09 0A 0B 00 08 9E 08,........,False,False,False
2026-01-21T16:51:59.589487,37.348354,RX,0x123,8,09 0A 0B 0C 00 08 9E 09,........,False,False,False
2026-01-21T16:51:59.591556,37.350423,RX,0x123,8,0A 0B 0C 0D 00 08 9E 0A,........,False,False,False
2026-01-21T16:51:59.593371,37.352238,RX,0x123,8,0B 0C 0D 0E 00 08 9E 0B,........,False,False,False
2026-01-21T16:51:59.595567,37.354434,RX,0x123,8,0C 0D 0E 0F 00 08 9E 0C,........,False,False,False
2026-01-21T16:51:59.597252,37.356119,RX,0x123,8,0D 0E 0F 10 00 08 9E 0D,........,False,False,False
2026-01-21T16:51:59.599454,37.357458,RX,0x123,8,0E 0F 10 11 00 08 9E 0E,........,False,False,False
2026-01-21T16:51:59.600933,37.359800,RX,0x123,8,0F 10 11 12 00 08 9E 0F,........,False,False,False
2026-01-21T16:51:59.602441,37.361308,RX,0x123,8,10 11 12 13 00 08 9E 10,........,False,False,False
2026-01-21T16:51:59.604106,37.362973,RX,0x123,8,11 12 13 14 00 08 9E 11,........,False,False,False
2026-01-21T16:51:59.606195,37.365062,RX,0x123,8,12 13 14 15 00 08 9E 12,........,False,False,False
2026-01-21T16:51:59.608265,37.367131,RX,0x123,8,13 14 15 16 00 08 9E 13,........,False,False,False
2026-01-21T16:51:59.610006,37.368873,RX,0x123,8,14 15 16 17 00 08 9E 14,........,False,False,False
2026-01-21T16:51:59.611931,37.370798,RX,0x123,8,15 16 17 18 00 08 9E 15,........,False,False,False
2026-01-21T16:51:59.613928,37.372795,RX,0x123,8,16 17 18 19 00 08 9E 16,........,False,False,False
2026-01-21T16:51:59.615830,37.374696,RX,0x123,8,17 18 19 1A 00 08 9E 17,........,False,False,False
2026-01-21T16:51:59.617265,37.376132,RX,0x123,8,18 19 1A 1B 00 08 9E 18,........,False,False,False
2026-01-21T16:51:59.618830,37.377697,RX,0x123,8,19 1A 1B 1C 00 08 9E 19,........,False,False,False
2026-01-21T16:51:59.620399,37.379266,RX,0x123,8,1A 1B 1C 1D 00 08 9E 1A,........,False,False,False
2026-01-21T16:51:59.622075,37.380942,RX,0x123,8,1B 1C 1D 1E 00 08 9E 1B,........,False,False,False
2026-01-21T16:51:59.624581,37.383448,RX,0x123,8,1C 1D 1E 1F 00 08 9E 1C,........,False,False,False
2026-01-21T16:51:59.626042,37.384909,RX,0x123,8,1D 1E 1F 20 00 08 9E 1D,... ....,False,False,False
2026-01-21T16:51:59.627357,37.386224,RX,0x123,8,1E 1F 20 21 00 08 9E 1E,.. !....,False,False,False
2026-01-21T16:51:59.628847,37.387714,RX,0x123,8,1F 20 21 22 00 08 9E 1F,". !""....",False,False,False
2026-01-21T16:51:59.630168,37.389035,RX,0x123,8,20 21 22 23 00 08 9E 20," !""#... ",False,False,False
2026-01-21T16:51:59.631179,37.390046,RX,0x123,8,21 22 23 24 00 08 9E 21,"!""#$...!",False,False,False
2026-01-21T16:51:59.633509,37.392376,RX,0x123,8,22 23 24 25 00 08 9E 22,"""#$%...""",False,False,False
2026-01-21T16:51:59.634986,37.393853,RX,0x123,8,23 24 25 26 00 08 9E 23,#$%&...#,False,False,False
2026-01-21T16:51:59.636454,37.395320,RX,0x123,8,24 25 26 27 00 08 9E 24,$%&'...$,False,False,False
2026-01-21T16:51:59.637978,37.396845,RX,0x123,8,25 26 27 28 00 08 9E 25,%&'(...%,False,False,False
2026-01-21T16:51:59.639577,37.398444,RX,0x123,8,26 27 28 29 00 08 9E 26,&'()...&,False,False,False
2026-01-21T16:51:59.641510,37.400377,RX,0x123,8,27 28 29 2A 00 08 9E 27,'()*...',False,False,False
2026-01-21T16:51:59.643703,37.402570,RX,0x123,8,28 29 2A 2B 00 08 9E 28,()*+...(,False,False,False
2026-01-21T16:51:59.645286,37.404153,RX,0x123,8,29 2A 2B 2C 00 08 9E 29,")*+,...)",False,False,False
2026-01-21T16:51:59.647291,37.406158,RX,0x123,8,2A 2B 2C 2D 00 08 9E 2A,"*+,-...*",False,False,False
2026-01-21T16:51:59.649311,37.408178,RX,0x123,8,2B 2C 2D 2E 00 08 9E 2B,"+,-....+",False,False,False
2026-01-21T16:51:59.650700,37.409567,RX,0x123,8,2C 2D 2E 2F 00 08 9E 2C,",-./...,",False,False,False
2026-01-21T16:51:59.652212,37.411079,RX,0x123,8,2D 2E 2F 30 00 08 9E 2D,-./0...-,False,False,False
2026-01-21T16:51:59.653623,37.412490,RX,0x123,8,2E 2F 30 31 00 08 9E 2E,./01....,False,False,False
2026-01-21T16:51:59.655113,37.413980,RX,0x123,8,2F 30 31 32 00 08 9E 2F,/012.../,False,False,False
2026-01-21T16:51:59.656693,37.415560,RX,0x123,8,30 31 32 33 00 08 9E 30,0123...0,False,False,False
2026-01-21T16:51:59.658117,37.416984,RX,0x123,8,31 32 33 34 00 08 9E 31,1234...1,False,False,False
2026-01-21T16:51:59.659557,37.418424,RX,0x123,8,32 33 34 35 00 08 9E 32,2345...2,False,False,False
2026-01-21T16:51:59.661049,37.419916,RX,0x123,8,33 34 35 36 00 08 9E 33,3456...3,False,False,False
2026-01-21T16:51:59.662467,37.421335,RX,0x123,8,34 35 36 37 00 08 9E 34,4567...4,False,False,False
2026-01-21T16:51:59.663939,37.422806,RX,0x123,8,35 36 37 38 00 08 9E 35,5678...5,False,False,False
2026-01-21T16:51:59.665295,37.424162,RX,0x123,8,36 37 38 39 00 08 9E 36,6789...6,False,False,False
2026-01-21T16:51:59.667338,37.426205,RX,0x123,8,37 38 39 3A 00 08 9E 37,789:...7,False,False,False
2026-01-21T16:51:59.668848,37.427716,RX,0x123,8,38 39 3A 3B 00 08 9E 38,89:;...8,False,False,False
2026-01-21T16:51:59.670975,37.429842,RX,0x123,8,39 3A 3B 3C 00 08 9E 39,9:;<...9,False,False,False
2026-01-21T16:51:59.672975,37.431842,RX,0x123,8,3A 3B 3C 3D 00 08 9E 3A,:;<=...:,False,False,False
2026-01-21T16:51:59.674857,37.433724,RX,0x123,8,3B 3C 3D 3E 00 08 9E 3B,;<=>...;,False,False,False
2026-01-21T16:51:59.676732,37.435599,RX,0x123,8,3C 3D 3E 3F 00 08 9E 3C,<=>?...<,False,False,False
2026-01-21T16:51:59.678346,37.437212,RX,0x123,8,3D 3E 3F 40 00 08 9E 3D,=>?@...=,False,False,False
2026-01-21T16:51:59.679818,37.438685,RX,0x123,8,3E 3F 40 41 00 08 9E 3E,>?@A...>,False,False,False
2026-01-21T16:51:59.681275,37.440142,RX,0x123,8,3F 40 41 42 00 08 9E 3F,?@AB...?,False,False,False
2026-01-21T16:51:59.683150,37.442017,RX,0x123,8,40 41 42 43 00 08 9E 40,@ABC...@,False,False,False
2026-01-21T16:51:59.684829,37.443696,RX,0x123,8,41 42 43 44 00 08 9E 41,ABCD...A,False,False,False
2026-01-21T16:51:59.686869,37.445736,RX,0x123,8,42 43 44 45 00 08 9E 42,BCDE...B,False,False,False
2026-01-21T16:51:59.688429,37.447296,RX,0x123,8,43 44 45 46 00 08 9E 43,CDEF...C,False,False,False
2026-01-21T16:51:59.690286,37.449153,RX,0x123,8,44 45 46 47 00 08 9E 44,DEFG...D,False,False,False
2026-01-21T16:51:59.692327,37.450857,RX,0x123,8,45 46 47 48 00 08 9E 45,EFGH...E,False,False,False
2026-01-21T16:51:59.693880,37.452747,RX,0x123,8,46 47 48 49 00 08 9E 46,FGHI...F,False,False,False
2026-01-21T16:51:59.695688,37.454555,RX,0x123,8,47 48 49 4A 00 08 9E 47,GHIJ...G,False,False,False
2026-01-21T16:51:59.697798,37.456665,RX,0x123,8,48 49 4A 4B 00 08 9E 48,HIJK...H,False,False,False
2026-01-21T16:51:59.699767,37.458634,RX,0x123,8,49 4A 4B 4C 00 08 9E 49,IJKL...I,False,False,False
2026-01-21T16:51:59.701188,37.460055,RX,0x123,8,4A 4B 4C 4D 00 08 9E 4A,JKLM...J,False,False,False
2026-01-21T16:51:59.702572,37.461439,RX,0x123,8,4B 4C 4D 4E 00 08 9E 4B,KLMN...K,False,False,False
2026-01-21T16:51:59.704226,37.463093,RX,0x123,8,4C 4D 4E 4F 00 08 9E 4C,LMNO...L,False,False,False
2026-01-21T16:51:59.706143,37.465010,RX,0x123,8,4D 4E 4F 50 00 08 9E 4D,MNOP...M,False,False,False
2026-01-21T16:51:59.708047,37.466914,RX,0x123,8,4E 4F 50 51 00 08 9E 4E,NOPQ...N,False,False,False
2026-01-21T16:51:59.710255,37.469122,RX,0x123,8,4F 50 51 52 00 08 9E 4F,OPQR...O,False,False,False
2026-01-21T16:51:59.711688,37.470555,RX,0x123,8,50 51 52 53 00 08 9E 50,PQRS...P,False,False,False
2026-01-21T16:51:59.713196,37.472063,RX,0x123,8,51 52 53 54 00 08 9E 51,QRST...Q,False,False,False
2026-01-21T16:51:59.714202,37.473069,RX,0x123,8,52 53 54 55 00 08 9E 52,RSTU...R,False,False,False
2026-01-21T16:51:59.716844,37.475711,RX,0x123,8,53 54 55 56 00 08 9E 53,STUV...S,False,False,False
2026-01-21T16:51:59.718460,37.477326,RX,0x123,8,54 55 56 57 00 08 9E 54,TUVW...T,False,False,False
2026-01-21T16:51:59.719957,37.478823,RX,0x123,8,55 56 57 58 00 08 9E 55,UVWX...U,False,False,False
2026-01-21T16:51:59.720969,37.479836,RX,0x123,8,56 57 58 59 00 08 9E 56,VWXY...V,False,False,False
2026-01-21T16:51:59.722479,37.481346,RX,0x123,8,57 58 59 5A 00 08 9E 57,WXYZ...W,False,False,False
2026-01-21T16:51:59.724579,37.483446,RX,0x123,8,58 59 5A 5B 00 08 9E 58,XYZ[...X,False,False,False
2026-01-21T16:51:59.726245,37.485112,RX,0x123,8,59 5A 5B 5C 00 08 9E 59,YZ[\...Y,False,False,False
2026-01-21T16:51:59.727677,37.486544,RX,0x123,8,5A 5B 5C 5D 00 08 9E 5A,Z[\]...Z,False,False,False
2026-01-21T16:51:59.728690,37.487557,RX,0x123,8,5B 5C 5D 5E 00 08 9E 5B,[\]^...[,False,False,False
2026-01-21T16:51:59.730841,37.489708,RX,0x123,8,5C 5D 5E 5F 00 08 9E 5C,\]^_...\,False,False,False
2026-01-21T16:51:59.732587,37.491454,RX,0x123,8,5D 5E 5F 60 00 08 9E 5D,]^_`...],False,False,False
2026-01-21T16:51:59.734002,37.492869,RX,0x123,8,5E 5F 60 61 00 08 9E 5E,^_`a...^,False,False,False
2026-01-21T16:51:59.735346,37.494213,RX,0x123,8,5F 60 61 62 00 08 9E 5F,_`ab..._,False,False,False
2026-01-21T16:51:59.736924,37.495791,RX,0x123,8,60 61 62 63 00 08 9E 60,`abc...`,False,False,False
2026-01-21T16:51:59.738625,37.497492,RX,0x123,8,61 62 63 64 00 08 9E 61,abcd...a,False,False,False
2026-01-21T16:51:59.740172,37.499039,RX,0x123,8,62 63 64 65 00 08 9E 62,bcde...b,False,False,False
2026-01-21T16:51:59.741211,37.500078,RX,0x123,8,63 64 65 66 00 08 9E 63,cdef...c,False,False,False
2026-01-21T16:51:59.744084,37.502951,RX,0x123,8,64 65 66 67 00 08 9E 64,defg...d,False,False,False
2026-01-21T16:51:59.745616,37.504483,RX,0x123,8,65 66 67 68 00 08 9E 65,efgh...e,False,False,False
2026-01-21T16:51:59.747122,37.505988,RX,0x123,8,66 67 68 69 00 08 9E 66,fghi...f,False,False,False
2026-01-21T16:51:59.748808,37.507675,RX,0x123,8,67 68 69 6A 00 08 9E 67,ghij...g,False,False,False
2026-01-21T16:51:59.750423,37.509290,RX,0x123,8,68 69 6A 6B 00 08 9E 68,hijk...h,False,False,False
2026-01-21T16:51:59.752086,37.510952,RX,0x123,8,69 6A 6B 6C 00 08 9E 69,ijkl...i,False,False,False
2026-01-21T16:51:59.753631,37.512498,RX,0x123,8,6A 6B 6C 6D 00 08 9E 6A,jklm...j,False,False,False
2026-01-21T16:51:59.755172,37.514039,RX,0x123,8,6B 6C 6D 6E 00 08 9E 6B,klmn...k,False,False,False
2026-01-21T16:51:59.756954,37.515821,RX,0x123,8,6C 6D 6E 6F 00 08 9E 6C,lmno...l,False,False,False
2026-01-21T16:51:59.759193,37.518060,RX,0x123,8,6D 6E 6F 70 00 08 9E 6D,mnop...m,False,False,False
2026-01-21T16:51:59.760750,37.519617,RX,0x123,8,6E 6F 70 71 00 08 9E 6E,nopq...n,False,False,False
2026-01-21T16:51:59.762751,37.521618,RX,0x123,8,6F 70 71 72 00 08 9E 6F,opqr...o,False,False,False
2026-01-21T16:51:59.764676,37.523543,RX,0x123,8,70 71 72 73 00 08 9E 70,pqrs...p,False,False,False
2026-01-21T16:51:59.766189,37.525056,RX,0x123,8,71 72 73 74 00 08 9E 71,qrst...q,False,False,False
2026-01-21T16:51:59.767201,37.526068,RX,0x123,8,72 73 74 75 00 08 9E 72,rstu...r,False,False,False
2026-01-21T16:51:59.769592,37.528459,RX,0x123,8,73 74 75 76 00 08 9E 73,stuv...s,False,False,False
2026-01-21T16:51:59.771568,37.530436,RX,0x123,8,74 75 76 77 00 08 9E 74,tuvw...t,False,False,False
2026-01-21T16:51:59.773480,37.532347,RX,0x123,8,75 76 77 78 00 08 9E 75,uvwx...u,False,False,False
2026-01-21T16:51:59.775278,37.534145,RX,0x123,8,76 77 78 79 00 08 9E 76,vwxy...v,False,False,False
2026-01-21T16:51:59.777181,37.536048,RX,0x123,8,77 78 79 7A 00 08 9E 77,wxyz...w,False,False,False
2026-01-21T16:51:59.779298,37.538165,RX,0x123,8,78 79 7A 7B 00 08 9E 78,xyz{...x,False,False,False
2026-01-21T16:51:59.781127,37.539994,RX,0x123,8,79 7A 7B 7C 00 08 9E 79,yz{|...y,False,False,False
2026-01-21T16:51:59.782687,37.541554,RX,0x123,8,7A 7B 7C 7D 00 08 9E 7A,z{|}...z,False,False,False
2026-01-21T16:51:59.784471,37.543338,RX,0x123,8,7B 7C 7D 7E 00 08 9E 7B,{|}~...{,False,False,False
2026-01-21T16:51:59.786076,37.544943,RX,0x123,8,7C 7D 7E 7F 00 08 9E 7C,|}~....|,False,False,False
2026-01-21T16:51:59.787766,37.546633,RX,0x123,8,7D 7E 7F 80 00 08 9E 7D,}~.....},False,False,False
2026-01-21T16:51:59.789537,37.548404,RX,0x123,8,7E 7F 80 81 00 08 9E 7E,~......~,False,False,False
2026-01-21T16:51:59.791211,37.550078,RX,0x123,8,7F 80 81 82 00 08 9E 7F,........,False,False,False
2026-01-21T16:51:59.793150,37.552017,RX,0x123,8,80 81 82 83 00 08 9E 80,........,False,False,False
2026-01-21T16:51:59.794669,37.553536,RX,0x123,8,81 82 83 84 00 08 9E 81,........,False,False,False
2026-01-21T16:51:59.796062,37.554929,RX,0x123,8,82 83 84 85 00 08 9E 82,........,False,False,False
2026-01-21T16:51:59.797461,37.556328,RX,0x123,8,83 84 85 86 00 08 9E 83,........,False,False,False
2026-01-21T16:51:59.798472,37.557339,RX,0x123,8,84 85 86 87 00 08 9E 84,........,False,False,False
2026-01-21T16:51:59.800741,37.559608,RX,0x123,8,85 86 87 88 00 08 9E 85,........,False,False,False
2026-01-21T16:51:59.802062,37.560929,RX,0x123,8,86 87 88 89 00 08 9E 86,........,False,False,False
2026-01-21T16:51:59.803608,37.562475,RX,0x123,8,87 88 89 8A 00 08 9E 87,........,False,False,False
2026-01-21T16:51:59.805175,37.564042,RX,0x123,8,88 89 8A 8B 00 08 9E 88,........,False,False,False
2026-01-21T16:51:59.806845,37.565712,RX,0x123,8,89 8A 8B 8C 00 08 9E 89,........,False,False,False
2026-01-21T16:51:59.808770,37.567637,RX,0x123,8,8A 8B 8C 8D 00 08 9E 8A,........,False,False,False
2026-01-21T16:51:59.810454,37.569321,RX,0x123,8,8B 8C 8D 8E 00 08 9E 8B,........,False,False,False
2026-01-21T16:51:59.812066,37.570933,RX,0x123,8,8C 8D 8E 8F 00 08 9E 8C,........,False,False,False
2026-01-21T16:51:59.813545,37.572412,RX,0x123,8,8D 8E 8F 90 00 08 9E 8D,........,False,False,False
2026-01-21T16:51:59.815158,37.574025,RX,0x123,8,8E 8F 90 91 00 08 9E 8E,........,False,False,False
2026-01-21T16:51:59.816924,37.575791,RX,0x123,8,8F 90 91 92 00 08 9E 8F,........,False,False,False
2026-01-21T16:51:59.819066,37.577933,RX,0x123,8,90 91 92 93 00 08 9E 90,........,False,False,False
2026-01-21T16:51:59.820072,37.578939,RX,0x123,8,91 92 93 94 00 08 9E 91,........,False,False,False
2026-01-21T16:51:59.822920,37.581786,RX,0x123,8,92 93 94 95 00 08 9E 92,........,False,False,False
2026-01-21T16:51:59.824450,37.583317,RX,0x123,8,93 94 95 96 00 08 9E 93,........,False,False,False
2026-01-21T16:51:59.826274,37.585141,RX,0x123,8,94 95 96 97 00 08 9E 94,........,False,False,False
2026-01-21T16:51:59.827933,37.586800,RX,0x123,8,95 96 97 98 00 08 9E 95,........,False,False,False
2026-01-21T16:51:59.829519,37.588386,RX,0x123,8,96 97 98 99 00 08 9E 96,........,False,False,False
2026-01-21T16:51:59.831303,37.590170,RX,0x123,8,97 98 99 9A 00 08 9E 97,........,False,False,False
2026-01-21T16:51:59.833308,37.592175,RX,0x123,8,98 99 9A 9B 00 08 9E 98,........,False,False,False
2026-01-21T16:51:59.835738,37.594605,RX,0x123,8,99 9A 9B 9C 00 08 9E 99,........,False,False,False
2026-01-21T16:51:59.837916,37.596783,RX,0x123,8,9A 9B 9C 9D 00 08 9E 9A,........,False,False,False
2026-01-21T16:51:59.839766,37.598633,RX,0x123,8,9B 9C 9D 9E 00 08 9E 9B,........,False,False,False
2026-01-21T16:51:59.841836,37.600703,RX,0x123,8,9C 9D 9E 9F 00 08 9E 9C,........,False,False,False
2026-01-21T16:51:59.843644,37.601711,RX,0x123,8,9D 9E 9F A0 00 08 9E 9D,........,False,False,False
2026-01-21T16:51:59.845374,37.604241,RX,0x123,8,9E 9F A0 A1 00 08 9E 9E,........,False,False,False
2026-01-21T16:51:59.847602,37.606469,RX,0x123,8,9F A0 A1 A2 00 08 9E 9F,........,False,False,False
2026-01-21T16:51:59.849962,37.608400,RX,0x123,8,A0 A1 A2 A3 00 08 9E A0,........,False,False,False
2026-01-21T16:51:59.851588,37.610455,RX,0x123,8,A1 A2 A3 A4 00 08 9E A1,........,False,False,False
2026-01-21T16:51:59.853164,37.612031,RX,0x123,8,A2 A3 A4 A5 00 08 9E A2,........,False,False,False
2026-01-21T16:51:59.854947,37.613814,RX,0x123,8,A3 A4 A5 A6 00 08 9E A3,........,False,False,False
2026-01-21T16:51:59.857126,37.615993,RX,0x123,8,A4 A5 A6 A7 00 08 9E A4,........,False,False,False
2026-01-21T16:51:59.858728,37.617595,RX,0x123,8,A5 A6 A7 A8 00 08 9E A5,........,False,False,False
2026-01-21T16:51:59.860679,37.619546,RX,0x123,8,A6 A7 A8 A9 00 08 9E A6,........,False,False,False
2026-01-21T16:51:59.862897,37.621764,RX,0x123,8,A7 A8 A9 AA 00 08 9E A7,........,False,False,False
2026-01-21T16:51:59.864858,37.623725,RX,0x123,8,A8 A9 AA AB 00 08 9E A8,........,False,False,False
2026-01-21T16:51:59.866767,37.625634,RX,0x123,8,A9 AA AB AC 00 08 9E A9,........,False,False,False
2026-01-21T16:51:59.868580,37.627447,RX,0x123,8,AA AB AC AD 00 08 9E AA,........,False,False,False
2026-01-21T16:51:59.870626,37.629183,RX,0x123,8,AB AC AD AE 00 08 9E AB,........,False,False,False
2026-01-21T16:51:59.872175,37.631042,RX,0x123,8,AC AD AE AF 00 08 9E AC,........,False,False,False
2026-01-21T16:51:59.873788,37.632654,RX,0x123,8,AD AE AF B0 00 08 9E AD,........,False,False,False
2026-01-21T16:51:59.875294,37.634161,RX,0x123,8,AE AF B0 B1 00 08 9E AE,........,False,False,False
2026-01-21T16:51:59.876348,37.635216,RX,0x123,8,AF B0 B1 B2 00 08 9E AF,........,False,False,False
2026-01-21T16:51:59.878491,37.637358,RX,0x123,8,B0 B1 B2 B3 00 08 9E B0,........,False,False,False
2026-01-21T16:51:59.879502,37.638369,RX,0x123,8,B1 B2 B3 B4 00 08 9E B1,........,False,False,False
2026-01-21T16:51:59.881299,37.640167,RX,0x123,8,B2 B3 B4 B5 00 08 9E B2,........,False,False,False
2026-01-21T16:51:59.883637,37.642504,RX,0x123,8,B3 B4 B5 B6 00 08 9E B3,........,False,False,False
2026-01-21T16:51:59.885078,37.643945,RX,0x123,8,B4 B5 B6 B7 00 08 9E B4,........,False,False,False
2026-01-21T16:51:59.886536,37.645403,RX,0x123,8,B5 B6 B7 B8 00 08 9E B5,........,False,False,False
2026-01-21T16:51:59.888091,37.646958,RX,0x123,8,B6 B7 B8 B9 00 08 9E B6,........,False,False,False
2026-01-21T16:51:59.890086,37.648953,RX,0x123,8,B7 B8 B9 BA 00 08 9E B7,........,False,False,False
2026-01-21T16:51:59.892185,37.651052,RX,0x123,8,B8 B9 BA BB 00 08 9E B8,........,False,False,False
2026-01-21T16:51:59.893672,37.652539,RX,0x123,8,B9 BA BB BC 00 08 9E B9,........,False,False,False
2026-01-21T16:51:59.895209,37.654076,RX,0x123,8,BA BB BC BD 00 08 9E BA,........,False,False,False
2026-01-21T16:51:59.896562,37.655430,RX,0x123,8,BB BC BD BE 00 08 9E BB,........,False,False,False
2026-01-21T16:51:59.897573,37.656440,RX,0x123,8,BC BD BE BF 00 08 9E BC,........,False,False,False
2026-01-21T16:51:59.900352,37.659219,RX,0x123,8,BD BE BF C0 00 08 9E BD,........,False,False,False
2026-01-21T16:51:59.901972,37.660839,RX,0x123,8,BE BF C0 C1 00 08 9E BE,........,False,False,False
2026-01-21T16:51:59.903919,37.662786,RX,0x123,8,BF C0 C1 C2 00 08 9E BF,........,False,False,False
2026-01-21T16:51:59.906088,37.664955,RX,0x123,8,C0 C1 C2 C3 00 08 9E C0,........,False,False,False
2026-01-21T16:51:59.908041,37.666908,RX,0x123,8,C1 C2 C3 C4 00 08 9E C1,........,False,False,False
2026-01-21T16:51:59.910600,37.669467,RX,0x123,8,C2 C3 C4 C5 00 08 9E C2,........,False,False,False
2026-01-21T16:51:59.912411,37.671278,RX,0x123,8,C3 C4 C5 C6 00 08 9E C3,........,False,False,False
2026-01-21T16:51:59.914351,37.673218,RX,0x123,8,C4 C5 C6 C7 00 08 9E C4,........,False,False,False
2026-01-21T16:51:59.916305,37.675172,RX,0x123,8,C5 C6 C7 C8 00 08 9E C5,........,False,False,False
2026-01-21T16:51:59.917797,37.676664,RX,0x123,8,C6 C7 C8 C9 00 08 9E C6,........,False,False,False
2026-01-21T16:51:59.919521,37.678388,RX,0x123,8,C7 C8 C9 CA 00 08 9E C7,........,False,False,False
2026-01-21T16:51:59.920584,37.679451,RX,0x123,8,C8 C9 CA CB 00 08 9E C8,........,False,False,False
2026-01-21T16:51:59.922648,37.681515,RX,0x123,8,C9 CA CB CC 00 08 9E C9,........,False,False,False
2026-01-21T16:51:59.924169,37.683036,RX,0x123,8,CA CB CC CD 00 08 9E CA,........,False,False,False
2026-01-21T16:51:59.925686,37.684553,RX,0x123,8,CB CC CD CE 00 08 9E CB,........,False,False,False
2026-01-21T16:51:59.927216,37.686084,RX,0x123,8,CC CD CE CF 00 08 9E CC,........,False,False,False
2026-01-21T16:51:59.928626,37.687493,RX,0x123,8,CD CE CF D0 00 08 9E CD,........,False,False,False
2026-01-21T16:51:59.930043,37.688910,RX,0x123,8,CE CF D0 D1 00 08 9E CE,........,False,False,False
2026-01-21T16:51:59.931633,37.690500,RX,0x123,8,CF D0 D1 D2 00 08 9E CF,........,False,False,False
2026-01-21T16:51:59.933259,37.692126,RX,0x123,8,D0 D1 D2 D3 00 08 9E D0,........,False,False,False
2026-01-21T16:51:59.934697,37.693564,RX,0x123,8,D1 D2 D3 D4 00 08 9E D1,........,False,False,False
2026-01-21T16:51:59.936361,37.695228,RX,0x123,8,D2 D3 D4 D5 00 08 9E D2,........,False,False,False
2026-01-21T16:51:59.938243,37.697110,RX,0x123,8,D3 D4 D5 D6 00 08 9E D3,........,False,False,False
2026-01-21T16:51:59.940691,37.699558,RX,0x123,8,D4 D5 D6 D7 00 08 9E D4,........,False,False,False
2026-01-21T16:51:59.942602,37.701469,RX,0x123,8,D5 D6 D7 D8 00 08 9E D5,........,False,False,False
2026-01-21T16:51:59.944884,37.703751,RX,0x123,8,D6 D7 D8 D9 00 08 9E D6,........,False,False,False
2026-01-21T16:51:59.947546,37.706413,RX,0x123,8,D7 D8 D9 DA 00 08 9E D7,........,False,False,False
2026-01-21T16:51:59.948544,37.707411,RX,0x123,8,D8 D9 DA DB 00 08 9E D8,........,False,False,False
2026-01-21T16:51:59.950221,37.709088,RX,0x123,8,D9 DA DB DC 00 08 9E D9,........,False,False,False
2026-01-21T16:51:59.952097,37.710963,RX,0x123,8,DA DB DC DD 00 08 9E DA,........,False,False,False
2026-01-21T16:51:59.953780,37.712646,RX,0x123,8,DB DC DD DE 00 08 9E DB,........,False,False,False
2026-01-21T16:51:59.956319,37.715186,RX,0x123,8,DC DD DE DF 00 08 9E DC,........,False,False,False
2026-01-21T16:51:59.958560,37.717427,RX,0x123,8,DD DE DF E0 00 08 9E DD,........,False,False,False
2026-01-21T16:51:59.960503,37.719370,RX,0x123,8,DE DF E0 E1 00 08 9E DE,........,False,False,False
2026-01-21T16:51:59.962749,37.721616,RX,0x123,8,DF E0 E1 E2 00 08 9E DF,........,False,False,False
2026-01-21T16:51:59.964198,37.723065,RX,0x123,8,E0 E1 E2 E3 00 08 9E E0,........,False,False,False
2026-01-21T16:51:59.965773,37.724640,RX,0x123,8,E1 E2 E3 E4 00 08 9E E1,........,False,False,False
2026-01-21T16:51:59.967604,37.726471,RX,0x123,8,E2 E3 E4 E5 00 08 9E E2,........,False,False,False
2026-01-21T16:51:59.969566,37.728433,RX,0x123,8,E3 E4 E5 E6 00 08 9E E3,........,False,False,False
2026-01-21T16:51:59.971031,37.729898,RX,0x123,8,E4 E5 E6 E7 00 08 9E E4,........,False,False,False
2026-01-21T16:51:59.972509,37.731376,RX,0x123,8,E5 E6 E7 E8 00 08 9E E5,........,False,False,False
2026-01-21T16:51:59.974172,37.733038,RX,0x123,8,E6 E7 E8 E9 00 08 9E E6,........,False,False,False
2026-01-21T16:51:59.976058,37.734925,RX,0x123,8,E7 E8 E9 EA 00 08 9E E7,........,False,False,False
2026-01-21T16:51:59.977483,37.736350,RX,0x123,8,E8 E9 EA EB 00 08 9E E8,........,False,False,False
2026-01-21T16:51:59.978920,37.737787,RX,0x123,8,E9 EA EB EC 00 08 9E E9,........,False,False,False
2026-01-21T16:51:59.980266,37.739133,RX,0x123,8,EA EB EC ED 00 08 9E EA,........,False,False,False
2026-01-21T16:51:59.981598,37.740465,RX,0x123,8,EB EC ED EE 00 08 9E EB,........,False,False,False
2026-01-21T16:51:59.983345,37.742213,RX,0x123,8,EC ED EE EF 00 08 9E EC,........,False,False,False
2026-01-21T16:51:59.985139,37.744006,RX,0x123,8,ED EE EF F0 00 08 9E ED,........,False,False,False
2026-01-21T16:51:59.986544,37.745411,RX,0x123,8,EE EF F0 F1 00 08 9E EE,........,False,False,False
2026-01-21T16:51:59.987864,37.746731,RX,0x123,8,EF F0 F1 F2 00 08 9E EF,........,False,False,False
2026-01-21T16:51:59.988869,37.747736,RX,0x123,8,F0 F1 F2 F3 00 08 9E F0,........,False,False,False
2026-01-21T16:51:59.990961,37.749828,RX,0x123,8,F1 F2 F3 F4 00 08 9E F1,........,False,False,False
2026-01-21T16:51:59.992583,37.751450,RX,0x123,8,F2 F3 F4 F5 00 08 9E F2,........,False,False,False
2026-01-21T16:51:59.994498,37.753365,RX,0x123,8,F3 F4 F5 F6 00 08 9E F3,........,False,False,False
2026-01-21T16:51:59.995889,37.754756,RX,0x123,8,F4 F5 F6 F7 00 08 9E F4,........,False,False,False
2026-01-21T16:51:59.997379,37.756246,RX,0x123,8,F5 F6 F7 F8 00 08 9E F5,........,False,False,False
2026-01-21T16:51:59.998788,37.757655,RX,0x123,8,F6 F7 F8 F9 00 08 9E F6,........,False,False,False
2026-01-21T16:52:00.000150,37.759017,RX,0x123,8,F7 F8 F9 FA 00 08 9E F7,........,False,False,False
2026-01-21T16:52:00.001600,37.760468,RX,0x123,8,F8 F9 FA FB 00 08 9E F8,........,False,False,False
2026-01-21T16:52:00.002973,37.761840,RX,0x123,8,F9 FA FB FC 00 08 9E F9,........,False,False,False
2026-01-21T16:52:00.004677,37.763544,RX,0x123,8,FA FB FC FD 00 08 9E FA,........,False,False,False
2026-01-21T16:52:00.006112,37.764979,RX,0x123,8,FB FC FD FE 00 08 9E FB,........,False,False,False
2026-01-21T16:52:00.007519,37.766386,RX,0x123,8,FC FD FE FF 00 08 9E FC,........,False,False,False
2026-01-21T16:52:00.009261,37.768128,RX,0x123,8,FD FE FF 00 00 08 9E FD,........,False,False,False
2026-01-21T16:52:00.011198,37.770065,RX,0x123,8,FE FF 00 01 00 08 9E FE,........,False,False,False
2026-01-21T16:52:00.012885,37.771752,RX,0x123,8,FF 00 01 02 00 08 9E FF,........,False,False,False
2026-01-21T16:52:00.014739,37.773606,RX,0x123,8,00 01 02 03 00 08 9F 00,........,False,False,False
2026-01-21T16:52:00.017117,37.775984,RX,0x123,8,01 02 03 04 00 08 9F 01,........,False,False,False
2026-01-21T16:52:00.018998,37.777865,RX,0x123,8,02 03 04 05 00 08 9F 02,........,False,False,False
2026-01-21T16:52:00.020758,37.779625,RX,0x123,8,03 04 05 06 00 08 9F 03,........,False,False,False
2026-01-21T16:52:00.022830,37.781697,RX,0x123,8,04 05 06 07 00 08 9F 04,........,False,False,False
2026-01-21T16:52:00.024371,37.783238,RX,0x123,8,05 06 07 08 00 08 9F 05,........,False,False,False
2026-01-21T16:52:00.026754,37.785621,RX,0x123,8,06 07 08 09 00 08 9F 06,........,False,False,False
2026-01-21T16:52:00.028670,37.787537,RX,0x123,8,07 08 09 0A 00 08 9F 07,........,False,False,False
2026-01-21T16:52:00.030281,37.789148,RX,0x123,8,08 09 0A 0B 00 08 9F 08,........,False,False,False
2026-01-21T16:52:00.032215,37.791082,RX,0x123,8,09 0A 0B 0C 00 08 9F 09,........,False,False,False
2026-01-21T16:52:00.034522,37.793389,RX,0x123,8,0A 0B 0C 0D 00 08 9F 0A,........,False,False,False
2026-01-21T16:52:00.036176,37.795043,RX,0x123,8,0B 0C 0D 0E 00 08 9F 0B,........,False,False,False
2026-01-21T16:52:00.037959,37.796826,RX,0x123,8,0C 0D 0E 0F 00 08 9F 0C,........,False,False,False
2026-01-21T16:52:00.039380,37.798247,RX,0x123,8,0D 0E 0F 10 00 08 9F 0D,........,False,False,False
2026-01-21T16:52:00.041019,37.799886,RX,0x123,8,0E 0F 10 11 00 08 9F 0E,........,False,False,False
2026-01-21T16:52:00.042945,37.801812,RX,0x123,8,0F 10 11 12 00 08 9F 0F,........,False,False,False
2026-01-21T16:52:00.045167,37.804034,RX,0x123,8,10 11 12 13 00 08 9F 10,........,False,False,False
2026-01-21T16:52:00.046509,37.805376,RX,0x123,8,11 12 13 14 00 08 9F 11,........,False,False,False
2026-01-21T16:52:00.048233,37.807100,RX,0x123,8,12 13 14 15 00 08 9F 12,........,False,False,False
2026-01-21T16:52:00.049951,37.808818,RX,0x123,8,13 14 15 16 00 08 9F 13,........,False,False,False
2026-01-21T16:52:00.051364,37.810231,RX,0x123,8,14 15 16 17 00 08 9F 14,........,False,False,False
2026-01-21T16:52:00.052918,37.811785,RX,0x123,8,15 16 17 18 00 08 9F 15,........,False,False,False
2026-01-21T16:52:00.054629,37.813496,RX,0x123,8,16 17 18 19 00 08 9F 16,........,False,False,False
2026-01-21T16:52:00.056717,37.815584,RX,0x123,8,17 18 19 1A 00 08 9F 17,........,False,False,False
2026-01-21T16:52:00.058613,37.817480,RX,0x123,8,18 19 1A 1B 00 08 9F 18,........,False,False,False
2026-01-21T16:52:00.060458,37.819325,RX,0x123,8,19 1A 1B 1C 00 08 9F 19,........,False,False,False
2026-01-21T16:52:00.062044,37.820911,RX,0x123,8,1A 1B 1C 1D 00 08 9F 1A,........,False,False,False
2026-01-21T16:52:00.063768,37.822635,RX,0x123,8,1B 1C 1D 1E 00 08 9F 1B,........,False,False,False
2026-01-21T16:52:00.065694,37.824561,RX,0x123,8,1C 1D 1E 1F 00 08 9F 1C,........,False,False,False
2026-01-21T16:52:00.067673,37.826540,RX,0x123,8,1D 1E 1F 20 00 08 9F 1D,... ....,False,False,False
2026-01-21T16:52:00.069761,37.828628,RX,0x123,8,1E 1F 20 21 00 08 9F 1E,.. !....,False,False,False
2026-01-21T16:52:00.071201,37.830068,RX,0x123,8,1F 20 21 22 00 08 9F 1F,". !""....",False,False,False
2026-01-21T16:52:00.072652,37.831519,RX,0x123,8,20 21 22 23 00 08 9F 20," !""#... ",False,False,False
2026-01-21T16:52:00.074205,37.833072,RX,0x123,8,21 22 23 24 00 08 9F 21,"!""#$...!",False,False,False
2026-01-21T16:52:00.076206,37.835073,RX,0x123,8,22 23 24 25 00 08 9F 22,"""#$%...""",False,False,False
2026-01-21T16:52:00.077698,37.836565,RX,0x123,8,23 24 25 26 00 08 9F 23,#$%&...#,False,False,False
2026-01-21T16:52:00.079120,37.837987,RX,0x123,8,24 25 26 27 00 08 9F 24,$%&'...$,False,False,False
2026-01-21T16:52:00.080837,37.839704,RX,0x123,8,25 26 27 28 00 08 9F 25,%&'(...%,False,False,False
2026-01-21T16:52:00.082364,37.841231,RX,0x123,8,26 27 28 29 00 08 9F 26,&'()...&,False,False,False
2026-01-21T16:52:00.083752,37.842619,RX,0x123,8,27 28 29 2A 00 08 9F 27,'()*...',False,False,False
2026-01-21T16:52:00.085130,37.843997,RX,0x123,8,28 29 2A 2B 00 08 9F 28,()*+...(,False,False,False
2026-01-21T16:52:00.086837,37.845704,RX,0x123,8,29 2A 2B 2C 00 08 9F 29,")*+,...)",False,False,False
2026-01-21T16:52:00.088677,37.847544,RX,0x123,8,2A 2B 2C 2D 00 08 9F 2A,"*+,-...*",False,False,False
2026-01-21T16:52:00.090643,37.849510,RX,0x123,8,2B 2C 2D 2E 00 08 9F 2B,"+,-....+",False,False,False
2026-01-21T16:52:00.092824,37.851691,RX,0x123,8,2C 2D 2E 2F 00 08 9F 2C,",-./...,",False,False,False
2026-01-21T16:52:00.094725,37.853592,RX,0x123,8,2D 2E 2F 30 00 08 9F 2D,-./0...-,False,False,False
2026-01-21T16:52:00.097081,37.855948,RX,0x123,8,2E 2F 30 31 00 08 9F 2E,./01....,False,False,False
2026-01-21T16:52:00.098535,37.857402,RX,0x123,8,2F 30 31 32 00 08 9F 2F,/012.../,False,False,False
2026-01-21T16:52:00.100196,37.859063,RX,0x123,8,30 31 32 33 00 08 9F 30,0123...0,False,False,False
2026-01-21T16:52:00.102087,37.860954,RX,0x123,8,31 32 33 34 00 08 9F 31,1234...1,False,False,False
2026-01-21T16:52:00.104127,37.862994,RX,0x123,8,32 33 34 35 00 08 9F 32,2345...2,False,False,False
2026-01-21T16:52:00.105677,37.864544,RX,0x123,8,33 34 35 36 00 08 9F 33,3456...3,False,False,False
2026-01-21T16:52:00.106683,37.865550,RX,0x123,8,34 35 36 37 00 08 9F 34,4567...4,False,False,False
2026-01-21T16:52:00.109210,37.868077,RX,0x123,8,35 36 37 38 00 08 9F 35,5678...5,False,False,False
2026-01-21T16:52:00.111410,37.870277,RX,0x123,8,36 37 38 39 00 08 9F 36,6789...6,False,False,False
2026-01-21T16:52:00.113064,37.871931,RX,0x123,8,37 38 39 3A 00 08 9F 37,789:...7,False,False,False
2026-01-21T16:52:00.114956,37.873823,RX,0x123,8,38 39 3A 3B 00 08 9F 38,89:;...8,False,False,False
2026-01-21T16:52:00.117225,37.876092,RX,0x123,8,39 3A 3B 3C 00 08 9F 39,9:;<...9,False,False,False
2026-01-21T16:52:00.118743,37.877610,RX,0x123,8,3A 3B 3C 3D 00 08 9F 3A,:;<=...:,False,False,False
2026-01-21T16:52:00.120240,37.879107,RX,0x123,8,3B 3C 3D 3E 00 08 9F 3B,;<=>...;,False,False,False
2026-01-21T16:52:00.121252,37.880119,RX,0x123,8,3C 3D 3E 3F 00 08 9F 3C,<=>?...<,False,False,False
2026-01-21T16:52:00.123316,37.882183,RX,0x123,8,3D 3E 3F 40 00 08 9F 3D,=>?@...=,False,False,False
2026-01-21T16:52:00.124837,37.883704,RX,0x123,8,3E 3F 40 41 00 08 9F 3E,>?@A...>,False,False,False
2026-01-21T16:52:00.126207,37.885074,RX,0x123,8,3F 40 41 42 00 08 9F 3F,?@AB...?,False,False,False
2026-01-21T16:52:00.127789,37.886656,RX,0x123,8,40 41 42 43 00 08 9F 40,@ABC...@,False,False,False
2026-01-21T16:52:00.129755,37.888623,RX,0x123,8,41 42 43 44 00 08 9F 41,ABCD...A,False,False,False
2026-01-21T16:52:00.131170,37.890037,RX,0x123,8,42 43 44 45 00 08 9F 42,BCDE...B,False,False,False
2026-01-21T16:52:00.132181,37.891047,RX,0x123,8,43 44 45 46 00 08 9F 43,CDEF...C,False,False,False
2026-01-21T16:52:00.134439,37.893306,RX,0x123,8,44 45 46 47 00 08 9F 44,DEFG...D,False,False,False
2026-01-21T16:52:00.135840,37.894707,RX,0x123,8,45 46 47 48 00 08 9F 45,EFGH...E,False,False,False
2026-01-21T16:52:00.137438,37.896305,RX,0x123,8,46 47 48 49 00 08 9F 46,FGHI...F,False,False,False
2026-01-21T16:52:00.139390,37.898257,RX,0x123,8,47 48 49 4A 00 08 9F 47,GHIJ...G,False,False,False
2026-01-21T16:52:00.141612,37.900479,RX,0x123,8,48 49 4A 4B 00 08 9F 48,HIJK...H,False,False,False
2026-01-21T16:52:00.143246,37.902113,RX,0x123,8,49 4A 4B 4C 00 08 9F 49,IJKL...I,False,False,False
2026-01-21T16:52:00.145175,37.904042,RX,0x123,8,4A 4B 4C 4D 00 08 9F 4A,JKLM...J,False,False,False
2026-01-21T16:52:00.146709,37.905576,RX,0x123,8,4B 4C 4D 4E 00 08 9F 4B,KLMN...K,False,False,False
2026-01-21T16:52:00.148195,37.907062,RX,0x123,8,4C 4D 4E 4F 00 08 9F 4C,LMNO...L,False,False,False
2026-01-21T16:52:00.150074,37.908941,RX,0x123,8,4D 4E 4F 50 00 08 9F 4D,MNOP...M,False,False,False
2026-01-21T16:52:00.151744,37.910611,RX,0x123,8,4E 4F 50 51 00 08 9F 4E,NOPQ...N,False,False,False
2026-01-21T16:52:00.153890,37.912757,RX,0x123,8,4F 50 51 52 00 08 9F 4F,OPQR...O,False,False,False
2026-01-21T16:52:00.155785,37.914652,RX,0x123,8,50 51 52 53 00 08 9F 50,PQRS...P,False,False,False
2026-01-21T16:52:00.157356,37.916223,RX,0x123,8,51 52 53 54 00 08 9F 51,QRST...Q,False,False,False
2026-01-21T16:52:00.158969,37.917836,RX,0x123,8,52 53 54 55 00 08 9F 52,RSTU...R,False,False,False
2026-01-21T16:52:00.160482,37.919348,RX,0x123,8,53 54 55 56 00 08 9F 53,STUV...S,False,False,False
2026-01-21T16:52:00.162254,37.921121,RX,0x123,8,54 55 56 57 00 08 9F 54,TUVW...T,False,False,False
2026-01-21T16:52:00.164155,37.923022,RX,0x123,8,55 56 57 58 00 08 9F 55,UVWX...U,False,False,False
2026-01-21T16:52:00.165800,37.924667,RX,0x123,8,56 57 58 59 00 08 9F 56,VWXY...V,False,False,False
2026-01-21T16:52:00.167244,37.926111,RX,0x123,8,57 58 59 5A 00 08 9F 57,WXYZ...W,False,False,False
2026-01-21T16:52:00.168943,37.927810,RX,0x123,8,58 59 5A 5B 00 08 9F 58,XYZ[...X,False,False,False
2026-01-21T16:52:00.170275,37.929142,RX,0x123,8,59 5A 5B 5C 00 08 9F 59,YZ[\...Y,False,False,False
2026-01-21T16:52:00.171285,37.930151,RX,0x123,8,5A 5B 5C 5D 00 08 9F 5A,Z[\]...Z,False,False,False
2026-01-21T16:52:00.173414,37.932281,RX,0x123,8,5B 5C 5D 5E 00 08 9F 5B,[\]^...[,False,False,False
2026-01-21T16:52:00.174856,37.933723,RX,0x123,8,5C 5D 5E 5F 00 08 9F 5C,\]^_...\,False,False,False
2026-01-21T16:52:00.175868,37.934735,RX,0x123,8,5D 5E 5F 60 00 08 9F 5D,]^_`...],False,False,False
2026-01-21T16:52:00.177660,37.936527,RX,0x123,8,5E 5F 60 61 00 08 9F 5E,^_`a...^,False,False,False
2026-01-21T16:52:00.179922,37.938790,RX,0x123,8,5F 60 61 62 00 08 9F 5F,_`ab..._,False,False,False
2026-01-21T16:52:00.181592,37.940459,RX,0x123,8,60 61 62 63 00 08 9F 60,`abc...`,False,False,False
2026-01-21T16:52:00.183505,37.941579,RX,0x123,8,61 62 63 64 00 08 9F 61,abcd...a,False,False,False
2026-01-21T16:52:00.185425,37.944292,RX,0x123,8,62 63 64 65 00 08 9F 62,bcde...b,False,False,False
2026-01-21T16:52:00.186932,37.945799,RX,0x123,8,63 64 65 66 00 08 9F 63,cdef...c,False,False,False
2026-01-21T16:52:00.189438,37.948305,RX,0x123,8,64 65 66 67 00 08 9F 64,defg...d,False,False,False
2026-01-21T16:52:00.191327,37.950194,RX,0x123,8,65 66 67 68 00 08 9F 65,efgh...e,False,False,False
2026-01-21T16:52:00.193084,37.951951,RX,0x123,8,66 67 68 69 00 08 9F 66,fghi...f,False,False,False
2026-01-21T16:52:00.195049,37.953916,RX,0x123,8,67 68 69 6A 00 08 9F 67,ghij...g,False,False,False
2026-01-21T16:52:00.196556,37.955423,RX,0x123,8,68 69 6A 6B 00 08 9F 68,hijk...h,False,False,False
2026-01-21T16:52:00.198278,37.957145,RX,0x123,8,69 6A 6B 6C 00 08 9F 69,ijkl...i,False,False,False
2026-01-21T16:52:00.200130,37.958997,RX,0x123,8,6A 6B 6C 6D 00 08 9F 6A,jklm...j,False,False,False
2026-01-21T16:52:00.201646,37.960513,RX,0x123,8,6B 6C 6D 6E 00 08 9F 6B,klmn...k,False,False,False
2026-01-21T16:52:00.203044,37.961911,RX,0x123,8,6C 6D 6E 6F 00 08 9F 6C,lmno...l,False,False,False
2026-01-21T16:52:00.204506,37.963373,RX,0x123,8,6D 6E 6F 70 00 08 9F 6D,mnop...m,False,False,False
2026-01-21T16:52:00.205914,37.964781,RX,0x123,8,6E 6F 70 71 00 08 9F 6E,nopq...n,False,False,False
2026-01-21T16:52:00.207617,37.966484,RX,0x123,8,6F 70 71 72 00 08 9F 6F,opqr...o,False,False,False
2026-01-21T16:52:00.209459,37.968326,RX,0x123,8,70 71 72 73 00 08 9F 70,pqrs...p,False,False,False
2026-01-21T16:52:00.210869,37.969737,RX,0x123,8,71 72 73 74 00 08 9F 71,qrst...q,False,False,False
2026-01-21T16:52:00.212548,37.971415,RX,0x123,8,72 73 74 75 00 08 9F 72,rstu...r,False,False,False
2026-01-21T16:52:00.214160,37.973027,RX,0x123,8,73 74 75 76 00 08 9F 73,stuv...s,False,False,False
2026-01-21T16:52:00.215537,37.974403,RX,0x123,8,74 75 76 77 00 08 9F 74,tuvw...t,False,False,False
2026-01-21T16:52:00.217031,37.975898,RX,0x123,8,75 76 77 78 00 08 9F 75,uvwx...u,False,False,False
2026-01-21T16:52:00.218553,37.977420,RX,0x123,8,76 77 78 79 00 08 9F 76,vwxy...v,False,False,False
2026-01-21T16:52:00.220263,37.979130,RX,0x123,8,77 78 79 7A 00 08 9F 77,wxyz...w,False,False,False
2026-01-21T16:52:00.221694,37.980561,RX,0x123,8,78 79 7A 7B 00 08 9F 78,xyz{...x,False,False,False
2026-01-21T16:52:00.223955,37.982822,RX,0x123,8,79 7A 7B 7C 00 08 9F 79,yz{|...y,False,False,False
2026-01-21T16:52:00.225912,37.984779,RX,0x123,8,7A 7B 7C 7D 00 08 9F 7A,z{|}...z,False,False,False
2026-01-21T16:52:00.227693,37.986560,RX,0x123,8,7B 7C 7D 7E 00 08 9F 7B,{|}~...{,False,False,False
2026-01-21T16:52:00.229499,37.988366,RX,0x123,8,7C 7D 7E 7F 00 08 9F 7C,|}~....|,False,False,False
2026-01-21T16:52:00.231252,37.990119,RX,0x123,8,7D 7E 7F 80 00 08 9F 7D,}~.....},False,False,False
2026-01-21T16:52:00.233653,37.992520,RX,0x123,8,7E 7F 80 81 00 08 9F 7E,~......~,False,False,False
2026-01-21T16:52:00.235285,37.994152,RX,0x123,8,7F 80 81 82 00 08 9F 7F,........,False,False,False
2026-01-21T16:52:00.236893,37.995760,RX,0x123,8,80 81 82 83 00 08 9F 80,........,False,False,False
2026-01-21T16:52:00.238867,37.997734,RX,0x123,8,81 82 83 84 00 08 9F 81,........,False,False,False
2026-01-21T16:52:00.241033,37.999900,RX,0x123,8,82 83 84 85 00 08 9F 82,........,False,False,False
2026-01-21T16:52:00.242811,38.001678,RX,0x123,8,83 84 85 86 00 08 9F 83,........,False,False,False
2026-01-21T16:52:00.244262,38.003129,RX,0x123,8,84 85 86 87 00 08 9F 84,........,False,False,False
2026-01-21T16:52:00.245620,38.004487,RX,0x123,8,85 86 87 88 00 08 9F 85,........,False,False,False
2026-01-21T16:52:00.246979,38.005846,RX,0x123,8,86 87 88 89 00 08 9F 86,........,False,False,False
2026-01-21T16:52:00.248368,38.007236,RX,0x123,8,87 88 89 8A 00 08 9F 87,........,False,False,False
2026-01-21T16:52:00.250013,38.008880,RX,0x123,8,88 89 8A 8B 00 08 9F 88,........,False,False,False
2026-01-21T16:52:00.251025,38.009892,RX,0x123,8,89 8A 8B 8C 00 08 9F 89,........,False,False,False
2026-01-21T16:52:00.253673,38.012540,RX,0x123,8,8A 8B 8C 8D 00 08 9F 8A,........,False,False,False
2026-01-21T16:52:00.255179,38.014046,RX,0x123,8,8B 8C 8D 8E 00 08 9F 8B,........,False,False,False
2026-01-21T16:52:00.256623,38.015490,RX,0x123,8,8C 8D 8E 8F 00 08 9F 8C,........,False,False,False
2026-01-21T16:52:00.258119,38.016986,RX,0x123,8,8D 8E 8F 90 00 08 9F 8D,........,False,False,False
2026-01-21T16:52:00.260297,38.019165,RX,0x123,8,8E 8F 90 91 00 08 9F 8E,........,False,False,False
2026-01-21T16:52:00.261364,38.020231,RX,0x123,8,8F 90 91 92 00 08 9F 8F,........,False,False,False
2026-01-21T16:52:00.263226,38.022094,RX,0x123,8,90 91 92 93 00 08 9F 90,........,False,False,False
2026-01-21T16:52:00.264237,38.023104,RX,0x123,8,91 92 93 94 00 08 9F 91,........,False,False,False
2026-01-21T16:52:00.266444,38.025311,RX,0x123,8,92 93 94 95 00 08 9F 92,........,False,False,False
2026-01-21T16:52:00.267887,38.026754,RX,0x123,8,93 94 95 96 00 08 9F 93,........,False,False,False
2026-01-21T16:52:00.269482,38.028349,RX,0x123,8,94 95 96 97 00 08 9F 94,........,False,False,False
2026-01-21T16:52:00.270881,38.029748,RX,0x123,8,95 96 97 98 00 08 9F 95,........,False,False,False
2026-01-21T16:52:00.272516,38.031383,RX,0x123,8,96 97 98 99 00 08 9F 96,........,False,False,False
2026-01-21T16:52:00.274118,38.032984,RX,0x123,8,97 98 99 9A 00 08 9F 97,........,False,False,False
2026-01-21T16:52:00.275832,38.034699,RX,0x123,8,98 99 9A 9B 00 08 9F 98,........,False,False,False
2026-01-21T16:52:00.277456,38.036324,RX,0x123,8,99 9A 9B 9C 00 08 9F 99,........,False,False,False
2026-01-21T16:52:00.279168,38.038034,RX,0x123,8,9A 9B 9C 9D 00 08 9F 9A,........,False,False,False
2026-01-21T16:52:00.280664,38.039531,RX,0x123,8,9B 9C 9D 9E 00 08 9F 9B,........,False,False,False
2026-01-21T16:52:00.282027,38.040894,RX,0x123,8,9C 9D 9E 9F 00 08 9F 9C,........,False,False,False
2026-01-21T16:52:00.283657,38.042524,RX,0x123,8,9D 9E 9F A0 00 08 9F 9D,........,False,False,False
2026-01-21T16:52:00.285285,38.044152,RX,0x123,8,9E 9F A0 A1 00 08 9F 9E,........,False,False,False
2026-01-21T16:52:00.286768,38.045635,RX,0x123,8,9F A0 A1 A2 00 08 9F 9F,........,False,False,False
2026-01-21T16:52:00.288482,38.047349,RX,0x123,8,A0 A1 A2 A3 00 08 9F A0,........,False,False,False
2026-01-21T16:52:00.290417,38.049284,RX,0x123,8,A1 A2 A3 A4 00 08 9F A1,........,False,False,False
2026-01-21T16:52:00.292030,38.050897,RX,0x123,8,A2 A3 A4 A5 00 08 9F A2,........,False,False,False
2026-01-21T16:52:00.293992,38.052859,RX,0x123,8,A3 A4 A5 A6 00 08 9F A3,........,False,False,False
2026-01-21T16:52:00.296221,38.055088,RX,0x123,8,A4 A5 A6 A7 00 08 9F A4,........,False,False,False
2026-01-21T16:52:00.297745,38.056612,RX,0x123,8,A5 A6 A7 A8 00 08 9F A5,........,False,False,False
2026-01-21T16:52:00.298812,38.057679,RX,0x123,8,A6 A7 A8 A9 00 08 9F A6,........,False,False,False
2026-01-21T16:52:00.301187,38.060054,RX,0x123,8,A7 A8 A9 AA 00 08 9F A7,........,False,False,False
2026-01-21T16:52:00.302713,38.061580,RX,0x123,8,A8 A9 AA AB 00 08 9F A8,........,False,False,False
2026-01-21T16:52:00.304230,38.063097,RX,0x123,8,A9 AA AB AC 00 08 9F A9,........,False,False,False
2026-01-21T16:52:00.305996,38.064863,RX,0x123,8,AA AB AC AD 00 08 9F AA,........,False,False,False
2026-01-21T16:52:00.307684,38.066551,RX,0x123,8,AB AC AD AE 00 08 9F AB,........,False,False,False
2026-01-21T16:52:00.309337,38.068204,RX,0x123,8,AC AD AE AF 00 08 9F AC,........,False,False,False
2026-01-21T16:52:00.311116,38.069983,RX,0x123,8,AD AE AF B0 00 08 9F AD,........,False,False,False
2026-01-21T16:52:00.312522,38.071389,RX,0x123,8,AE AF B0 B1 00 08 9F AE,........,False,False,False
2026-01-21T16:52:00.313978,38.072845,RX,0x123,8,AF B0 B1 B2 00 08 9F AF,........,False,False,False
2026-01-21T16:52:00.315737,38.074604,RX,0x123,8,B0 B1 B2 B3 00 08 9F B0,........,False,False,False
2026-01-21T16:52:00.317273,38.076140,RX,0x123,8,B1 B2 B3 B4 00 08 9F B1,........,False,False,False
2026-01-21T16:52:00.318714,38.077581,RX,0x123,8,B2 B3 B4 B5 00 08 9F B2,........,False,False,False
2026-01-21T16:52:00.320374,38.079241,RX,0x123,8,B3 B4 B5 B6 00 08 9F B3,........,False,False,False
2026-01-21T16:52:00.321391,38.080258,RX,0x123,8,B4 B5 B6 B7 00 08 9F B4,........,False,False,False
2026-01-21T16:52:00.323833,38.082700,RX,0x123,8,B5 B6 B7 B8 00 08 9F B5,........,False,False,False
2026-01-21T16:52:00.325286,38.084152,RX,0x123,8,B6 B7 B8 B9 00 08 9F B6,........,False,False,False
2026-01-21T16:52:00.326691,38.085558,RX,0x123,8,B7 B8 B9 BA 00 08 9F B7,........,False,False,False
2026-01-21T16:52:00.328146,38.087013,RX,0x123,8,B8 B9 BA BB 00 08 9F B8,........,False,False,False
2026-01-21T16:52:00.329619,38.088486,RX,0x123,8,B9 BA BB BC 00 08 9F B9,........,False,False,False
2026-01-21T16:52:00.331043,38.089910,RX,0x123,8,BA BB BC BD 00 08 9F BA,........,False,False,False
2026-01-21T16:52:00.332410,38.091277,RX,0x123,8,BB BC BD BE 00 08 9F BB,........,False,False,False
2026-01-21T16:52:00.334001,38.092868,RX,0x123,8,BC BD BE BF 00 08 9F BC,........,False,False,False
2026-01-21T16:52:00.335400,38.094267,RX,0x123,8,BD BE BF C0 00 08 9F BD,........,False,False,False
2026-01-21T16:52:00.336867,38.095734,RX,0x123,8,BE BF C0 C1 00 08 9F BE,........,False,False,False
2026-01-21T16:52:00.338316,38.097183,RX,0x123,8,BF C0 C1 C2 00 08 9F BF,........,False,False,False
2026-01-21T16:52:00.339725,38.098592,RX,0x123,8,C0 C1 C2 C3 00 08 9F C0,........,False,False,False
2026-01-21T16:52:00.340736,38.099603,RX,0x123,8,C1 C2 C3 C4 00 08 9F C1,........,False,False,False
2026-01-21T16:52:00.343137,38.102004,RX,0x123,8,C2 C3 C4 C5 00 08 9F C2,........,False,False,False
2026-01-21T16:52:00.344519,38.103386,RX,0x123,8,C3 C4 C5 C6 00 08 9F C3,........,False,False,False
2026-01-21T16:52:00.345976,38.104843,RX,0x123,8,C4 C5 C6 C7 00 08 9F C4,........,False,False,False
2026-01-21T16:52:00.347295,38.106162,RX,0x123,8,C5 C6 C7 C8 00 08 9F C5,........,False,False,False
2026-01-21T16:52:00.348301,38.107168,RX,0x123,8,C6 C7 C8 C9 00 08 9F C6,........,False,False,False
2026-01-21T16:52:00.350547,38.109414,RX,0x123,8,C7 C8 C9 CA 00 08 9F C7,........,False,False,False
2026-01-21T16:52:00.352126,38.110994,RX,0x123,8,C8 C9 CA CB 00 08 9F C8,........,False,False,False
2026-01-21T16:52:00.353562,38.112429,RX,0x123,8,C9 CA CB CC 00 08 9F C9,........,False,False,False
2026-01-21T16:52:00.354925,38.113792,RX,0x123,8,CA CB CC CD 00 08 9F CA,........,False,False,False
2026-01-21T16:52:00.356400,38.115267,RX,0x123,8,CB CC CD CE 00 08 9F CB,........,False,False,False
2026-01-21T16:52:00.357779,38.116646,RX,0x123,8,CC CD CE CF 00 08 9F CC,........,False,False,False
2026-01-21T16:52:00.359298,38.118165,RX,0x123,8,CD CE CF D0 00 08 9F CD,........,False,False,False
2026-01-21T16:52:00.360612,38.119479,RX,0x123,8,CE CF D0 D1 00 08 9F CE,........,False,False,False
2026-01-21T16:52:00.361622,38.120489,RX,0x123,8,CF D0 D1 D2 00 08 9F CF,........,False,False,False
2026-01-21T16:52:00.363679,38.122545,RX,0x123,8,D0 D1 D2 D3 00 08 9F D0,........,False,False,False
2026-01-21T16:52:00.364692,38.123559,RX,0x123,8,D1 D2 D3 D4 00 08 9F D1,........,False,False,False
2026-01-21T16:52:00.367237,38.126104,RX,0x123,8,D2 D3 D4 D5 00 08 9F D2,........,False,False,False
2026-01-21T16:52:00.368722,38.127589,RX,0x123,8,D3 D4 D5 D6 00 08 9F D3,........,False,False,False
2026-01-21T16:52:00.370092,38.128959,RX,0x123,8,D4 D5 D6 D7 00 08 9F D4,........,False,False,False
2026-01-21T16:52:00.371105,38.129972,RX,0x123,8,D5 D6 D7 D8 00 08 9F D5,........,False,False,False
2026-01-21T16:52:00.373176,38.132043,RX,0x123,8,D6 D7 D8 D9 00 08 9F D6,........,False,False,False
2026-01-21T16:52:00.374557,38.133424,RX,0x123,8,D7 D8 D9 DA 00 08 9F D7,........,False,False,False
2026-01-21T16:52:00.375876,38.134743,RX,0x123,8,D8 D9 DA DB 00 08 9F D8,........,False,False,False
2026-01-21T16:52:00.377380,38.136247,RX,0x123,8,D9 DA DB DC 00 08 9F D9,........,False,False,False
2026-01-21T16:52:00.378899,38.137765,RX,0x123,8,DA DB DC DD 00 08 9F DA,........,False,False,False
2026-01-21T16:52:00.380527,38.139395,RX,0x123,8,DB DC DD DE 00 08 9F DB,........,False,False,False
2026-01-21T16:52:00.382030,38.140898,RX,0x123,8,DC DD DE DF 00 08 9F DC,........,False,False,False
2026-01-21T16:52:00.383779,38.142646,RX,0x123,8,DD DE DF E0 00 08 9F DD,........,False,False,False
2026-01-21T16:52:00.385610,38.144478,RX,0x123,8,DE DF E0 E1 00 08 9F DE,........,False,False,False
2026-01-21T16:52:00.387619,38.146486,RX,0x123,8,DF E0 E1 E2 00 08 9F DF,........,False,False,False
2026-01-21T16:52:00.388973,38.147840,RX,0x123,8,E0 E1 E2 E3 00 08 9F E0,........,False,False,False
2026-01-21T16:52:00.390332,38.149199,RX,0x123,8,E1 E2 E3 E4 00 08 9F E1,........,False,False,False
2026-01-21T16:52:00.391340,38.150207,RX,0x123,8,E2 E3 E4 E5 00 08 9F E2,........,False,False,False
2026-01-21T16:52:00.393723,38.152589,RX,0x123,8,E3 E4 E5 E6 00 08 9F E3,........,False,False,False
2026-01-21T16:52:00.395685,38.154552,RX,0x123,8,E4 E5 E6 E7 00 08 9F E4,........,False,False,False
2026-01-21T16:52:00.397343,38.156210,RX,0x123,8,E5 E6 E7 E8 00 08 9F E5,........,False,False,False
2026-01-21T16:52:00.398976,38.157843,RX,0x123,8,E6 E7 E8 E9 00 08 9F E6,........,False,False,False
2026-01-21T16:52:00.400795,38.159662,RX,0x123,8,E7 E8 E9 EA 00 08 9F E7,........,False,False,False
2026-01-21T16:52:00.402486,38.161353,RX,0x123,8,E8 E9 EA EB 00 08 9F E8,........,False,False,False
2026-01-21T16:52:00.404068,38.162935,RX,0x123,8,E9 EA EB EC 00 08 9F E9,........,False,False,False
2026-01-21T16:52:00.405871,38.164738,RX,0x123,8,EA EB EC ED 00 08 9F EA,........,False,False,False
2026-01-21T16:52:00.407393,38.166260,RX,0x123,8,EB EC ED EE 00 08 9F EB,........,False,False,False
2026-01-21T16:52:00.408930,38.167797,RX,0x123,8,EC ED EE EF 00 08 9F EC,........,False,False,False
2026-01-21T16:52:00.410446,38.169313,RX,0x123,8,ED EE EF F0 00 08 9F ED,........,False,False,False
2026-01-21T16:52:00.411909,38.170776,RX,0x123,8,EE EF F0 F1 00 08 9F EE,........,False,False,False
2026-01-21T16:52:00.413576,38.172443,RX,0x123,8,EF F0 F1 F2 00 08 9F EF,........,False,False,False
2026-01-21T16:52:00.415043,38.173910,RX,0x123,8,F0 F1 F2 F3 00 08 9F F0,........,False,False,False
2026-01-21T16:52:00.417068,38.175935,RX,0x123,8,F1 F2 F3 F4 00 08 9F F1,........,False,False,False
2026-01-21T16:52:00.418580,38.177447,RX,0x123,8,F2 F3 F4 F5 00 08 9F F2,........,False,False,False
2026-01-21T16:52:00.420624,38.179491,RX,0x123,8,F3 F4 F5 F6 00 08 9F F3,........,False,False,False
2026-01-21T16:52:00.421635,38.180502,RX,0x123,8,F4 F5 F6 F7 00 08 9F F4,........,False,False,False
2026-01-21T16:52:00.424173,38.183040,RX,0x123,8,F5 F6 F7 F8 00 08 9F F5,........,False,False,False
2026-01-21T16:52:00.425822,38.184689,RX,0x123,8,F6 F7 F8 F9 00 08 9F F6,........,False,False,False
2026-01-21T16:52:00.427863,38.186730,RX,0x123,8,F7 F8 F9 FA 00 08 9F F7,........,False,False,False
2026-01-21T16:52:00.429640,38.188507,RX,0x123,8,F8 F9 FA FB 00 08 9F F8,........,False,False,False
2026-01-21T16:52:00.431749,38.190616,RX,0x123,8,F9 FA FB FC 00 08 9F F9,........,False,False,False
2026-01-21T16:52:00.433571,38.192438,RX,0x123,8,FA FB FC FD 00 08 9F FA,........,False,False,False
2026-01-21T16:52:00.435711,38.194578,RX,0x123,8,FB FC FD FE 00 08 9F FB,........,False,False,False
2026-01-21T16:52:00.437333,38.196200,RX,0x123,8,FC FD FE FF 00 08 9F FC,........,False,False,False
2026-01-21T16:52:00.438858,38.197725,RX,0x123,8,FD FE FF 00 00 08 9F FD,........,False,False,False
2026-01-21T16:52:00.440951,38.199381,RX,0x123,8,FE FF 00 01 00 08 9F FE,........,False,False,False
2026-01-21T16:52:00.442295,38.201162,RX,0x123,8,FF 00 01 02 00 08 9F FF,........,False,False,False
2026-01-21T16:52:00.444076,38.202943,RX,0x123,8,00 01 02 03 00 08 A0 00,........,False,False,False
2026-01-21T16:52:00.446025,38.204892,RX,0x123,8,01 02 03 04 00 08 A0 01,........,False,False,False
2026-01-21T16:52:00.447393,38.206259,RX,0x123,8,02 03 04 05 00 08 A0 02,........,False,False,False
2026-01-21T16:52:00.448399,38.207266,RX,0x123,8,03 04 05 06 00 08 A0 03,........,False,False,False
2026-01-21T16:52:00.450669,38.209536,RX,0x123,8,04 05 06 07 00 08 A0 04,........,False,False,False
2026-01-21T16:52:00.452165,38.211032,RX,0x123,8,05 06 07 08 00 08 A0 05,........,False,False,False
2026-01-21T16:52:00.453703,38.212570,RX,0x123,8,06 07 08 09 00 08 A0 06,........,False,False,False
2026-01-21T16:52:00.455692,38.214559,RX,0x123,8,07 08 09 0A 00 08 A0 07,........,False,False,False
2026-01-21T16:52:00.457812,38.216680,RX,0x123,8,08 09 0A 0B 00 08 A0 08,........,False,False,False
2026-01-21T16:52:00.460088,38.218955,RX,0x123,8,09 0A 0B 0C 00 08 A0 09,........,False,False,False
2026-01-21T16:52:00.461751,38.220618,RX,0x123,8,0A 0B 0C 0D 00 08 A0 0A,........,False,False,False
2026-01-21T16:52:00.463505,38.222372,RX,0x123,8,0B 0C 0D 0E 00 08 A0 0B,........,False,False,False
2026-01-21T16:52:00.464993,38.223860,RX,0x123,8,0C 0D 0E 0F 00 08 A0 0C,........,False,False,False
2026-01-21T16:52:00.466361,38.225228,RX,0x123,8,0D 0E 0F 10 00 08 A0 0D,........,False,False,False
2026-01-21T16:52:00.467763,38.226629,RX,0x123,8,0E 0F 10 11 00 08 A0 0E,........,False,False,False
2026-01-21T16:52:00.469111,38.227978,RX,0x123,8,0F 10 11 12 00 08 A0 0F,........,False,False,False
2026-01-21T16:52:00.470645,38.229512,RX,0x123,8,10 11 12 13 00 08 A0 10,........,False,False,False
2026-01-21T16:52:00.472358,38.231225,RX,0x123,8,11 12 13 14 00 08 A0 11,........,False,False,False
2026-01-21T16:52:00.474253,38.233120,RX,0x123,8,12 13 14 15 00 08 A0 12,........,False,False,False
2026-01-21T16:52:00.476027,38.234894,RX,0x123,8,13 14 15 16 00 08 A0 13,........,False,False,False
2026-01-21T16:52:00.477889,38.236756,RX,0x123,8,14 15 16 17 00 08 A0 14,........,False,False,False
2026-01-21T16:52:00.479220,38.238087,RX,0x123,8,15 16 17 18 00 08 A0 15,........,False,False,False
2026-01-21T16:52:00.480226,38.239093,RX,0x123,8,16 17 18 19 00 08 A0 16,........,False,False,False
2026-01-21T16:52:00.482296,38.241163,RX,0x123,8,17 18 19 1A 00 08 A0 17,........,False,False,False
2026-01-21T16:52:00.483826,38.242692,RX,0x123,8,18 19 1A 1B 00 08 A0 18,........,False,False,False
2026-01-21T16:52:00.485307,38.244174,RX,0x123,8,19 1A 1B 1C 00 08 A0 19,........,False,False,False
2026-01-21T16:52:00.486625,38.245492,RX,0x123,8,1A 1B 1C 1D 00 08 A0 1A,........,False,False,False
2026-01-21T16:52:00.487987,38.246854,RX,0x123,8,1B 1C 1D 1E 00 08 A0 1B,........,False,False,False
2026-01-21T16:52:00.489360,38.248226,RX,0x123,8,1C 1D 1E 1F 00 08 A0 1C,........,False,False,False
2026-01-21T16:52:00.491145,38.250012,RX,0x123,8,1D 1E 1F 20 00 08 A0 1D,... ....,False,False,False
2026-01-21T16:52:00.492652,38.251519,RX,0x123,8,1E 1F 20 21 00 08 A0 1E,.. !....,False,False,False
2026-01-21T16:52:00.494317,38.253184,RX,0x123,8,1F 20 21 22 00 08 A0 1F,". !""....",False,False,False
2026-01-21T16:52:00.496237,38.255104,RX,0x123,8,20 21 22 23 00 08 A0 20," !""#... ",False,False,False
2026-01-21T16:52:00.497822,38.256689,RX,0x123,8,21 22 23 24 00 08 A0 21,"!""#$...!",False,False,False
2026-01-21T16:52:00.499326,38.258193,RX,0x123,8,22 23 24 25 00 08 A0 22,"""#$%...""",False,False,False
2026-01-21T16:52:00.500834,38.259701,RX,0x123,8,23 24 25 26 00 08 A0 23,#$%&...#,False,False,False
2026-01-21T16:52:00.501841,38.260708,RX,0x123,8,24 25 26 27 00 08 A0 24,$%&'...$,False,False,False
2026-01-21T16:52:00.504019,38.262886,RX,0x123,8,25 26 27 28 00 08 A0 25,%&'(...%,False,False,False
2026-01-21T16:52:00.505520,38.264387,RX,0x123,8,26 27 28 29 00 08 A0 26,&'()...&,False,False,False
2026-01-21T16:52:00.507247,38.266114,RX,0x123,8,27 28 29 2A 00 08 A0 27,'()*...',False,False,False
2026-01-21T16:52:00.508805,38.267672,RX,0x123,8,28 29 2A 2B 00 08 A0 28,()*+...(,False,False,False
2026-01-21T16:52:00.510679,38.269546,RX,0x123,8,29 2A 2B 2C 00 08 A0 29,")*+,...)",False,False,False
2026-01-21T16:52:00.512134,38.271002,RX,0x123,8,2A 2B 2C 2D 00 08 A0 2A,"*+,-...*",False,False,False
2026-01-21T16:52:00.513622,38.272489,RX,0x123,8,2B 2C 2D 2E 00 08 A0 2B,"+,-....+",False,False,False
2026-01-21T16:52:00.515061,38.273928,RX,0x123,8,2C 2D 2E 2F 00 08 A0 2C,",-./...,",False,False,False
2026-01-21T16:52:00.516824,38.275691,RX,0x123,8,2D 2E 2F 30 00 08 A0 2D,-./0...-,False,False,False
2026-01-21T16:52:00.518330,38.277197,RX,0x123,8,2E 2F 30 31 00 08 A0 2E,./01....,False,False,False
2026-01-21T16:52:00.519750,38.278617,RX,0x123,8,2F 30 31 32 00 08 A0 2F,/012.../,False,False,False
2026-01-21T16:52:00.521321,38.280189,RX,0x123,8,30 31 32 33 00 08 A0 30,0123...0,False,False,False
2026-01-21T16:52:00.522329,38.281196,RX,0x123,8,31 32 33 34 00 08 A0 31,1234...1,False,False,False
2026-01-21T16:52:00.524633,38.283500,RX,0x123,8,32 33 34 35 00 08 A0 32,2345...2,False,False,False
2026-01-21T16:52:00.526389,38.285256,RX,0x123,8,33 34 35 36 00 08 A0 33,3456...3,False,False,False
2026-01-21T16:52:00.527886,38.286753,RX,0x123,8,34 35 36 37 00 08 A0 34,4567...4,False,False,False
2026-01-21T16:52:00.529387,38.288254,RX,0x123,8,35 36 37 38 00 08 A0 35,5678...5,False,False,False
2026-01-21T16:52:00.530832,38.289699,RX,0x123,8,36 37 38 39 00 08 A0 36,6789...6,False,False,False
2026-01-21T16:52:00.532364,38.291231,RX,0x123,8,37 38 39 3A 00 08 A0 37,789:...7,False,False,False
2026-01-21T16:52:00.533907,38.292774,RX,0x123,8,38 39 3A 3B 00 08 A0 38,89:;...8,False,False,False
2026-01-21T16:52:00.535289,38.294156,RX,0x123,8,39 3A 3B 3C 00 08 A0 39,9:;<...9,False,False,False
2026-01-21T16:52:00.536947,38.295814,RX,0x123,8,3A 3B 3C 3D 00 08 A0 3A,:;<=...:,False,False,False
2026-01-21T16:52:00.538786,38.297653,RX,0x123,8,3B 3C 3D 3E 00 08 A0 3B,;<=>...;,False,False,False
2026-01-21T16:52:00.540681,38.299548,RX,0x123,8,3C 3D 3E 3F 00 08 A0 3C,<=>?...<,False,False,False
2026-01-21T16:52:00.542363,38.301230,RX,0x123,8,3D 3E 3F 40 00 08 A0 3D,=>?@...=,False,False,False
2026-01-21T16:52:00.544301,38.303168,RX,0x123,8,3E 3F 40 41 00 08 A0 3E,>?@A...>,False,False,False
2026-01-21T16:52:00.546711,38.305578,RX,0x123,8,3F 40 41 42 00 08 A0 3F,?@AB...?,False,False,False
2026-01-21T16:52:00.548594,38.307461,RX,0x123,8,40 41 42 43 00 08 A0 40,@ABC...@,False,False,False
2026-01-21T16:52:00.550100,38.308967,RX,0x123,8,41 42 43 44 00 08 A0 41,ABCD...A,False,False,False
2026-01-21T16:52:00.551702,38.310569,RX,0x123,8,42 43 44 45 00 08 A0 42,BCDE...B,False,False,False
2026-01-21T16:52:00.553148,38.312015,RX,0x123,8,43 44 45 46 00 08 A0 43,CDEF...C,False,False,False
2026-01-21T16:52:00.554545,38.313412,RX,0x123,8,44 45 46 47 00 08 A0 44,DEFG...D,False,False,False
2026-01-21T16:52:00.555556,38.314423,RX,0x123,8,45 46 47 48 00 08 A0 45,EFGH...E,False,False,False
2026-01-21T16:52:00.557364,38.316231,RX,0x123,8,46 47 48 49 00 08 A0 46,FGHI...F,False,False,False
2026-01-21T16:52:00.559666,38.318533,RX,0x123,8,47 48 49 4A 00 08 A0 47,GHIJ...G,False,False,False
2026-01-21T16:52:00.561077,38.319945,RX,0x123,8,48 49 4A 4B 00 08 A0 48,HIJK...H,False,False,False
2026-01-21T16:52:00.562088,38.320955,RX,0x123,8,49 4A 4B 4C 00 08 A0 49,IJKL...I,False,False,False
2026-01-21T16:52:00.564306,38.323174,RX,0x123,8,4A 4B 4C 4D 00 08 A0 4A,JKLM...J,False,False,False
2026-01-21T16:52:00.565317,38.324184,RX,0x123,8,4B 4C 4D 4E 00 08 A0 4B,KLMN...K,False,False,False
2026-01-21T16:52:00.567424,38.326291,RX,0x123,8,4C 4D 4E 4F 00 08 A0 4C,LMNO...L,False,False,False
2026-01-21T16:52:00.568873,38.327740,RX,0x123,8,4D 4E 4F 50 00 08 A0 4D,MNOP...M,False,False,False
2026-01-21T16:52:00.570300,38.329167,RX,0x123,8,4E 4F 50 51 00 08 A0 4E,NOPQ...N,False,False,False
2026-01-21T16:52:00.571863,38.330729,RX,0x123,8,4F 50 51 52 00 08 A0 4F,OPQR...O,False,False,False
2026-01-21T16:52:00.573842,38.332709,RX,0x123,8,50 51 52 53 00 08 A0 50,PQRS...P,False,False,False
2026-01-21T16:52:00.574847,38.333714,RX,0x123,8,51 52 53 54 00 08 A0 51,QRST...Q,False,False,False
2026-01-21T16:52:00.577187,38.336054,RX,0x123,8,52 53 54 55 00 08 A0 52,RSTU...R,False,False,False
2026-01-21T16:52:00.578638,38.337505,RX,0x123,8,53 54 55 56 00 08 A0 53,STUV...S,False,False,False
2026-01-21T16:52:00.580134,38.339001,RX,0x123,8,54 55 56 57 00 08 A0 54,TUVW...T,False,False,False
2026-01-21T16:52:00.581468,38.340335,RX,0x123,8,55 56 57 58 00 08 A0 55,UVWX...U,False,False,False
2026-01-21T16:52:00.582939,38.341806,RX,0x123,8,56 57 58 59 00 08 A0 56,VWXY...V,False,False,False
2026-01-21T16:52:00.584307,38.343174,RX,0x123,8,57 58 59 5A 00 08 A0 57,WXYZ...W,False,False,False
2026-01-21T16:52:00.585761,38.344628,RX,0x123,8,58 59 5A 5B 00 08 A0 58,XYZ[...X,False,False,False
2026-01-21T16:52:00.587240,38.346107,RX,0x123,8,59 5A 5B 5C 00 08 A0 59,YZ[\...Y,False,False,False
2026-01-21T16:52:00.588630,38.347497,RX,0x123,8,5A 5B 5C 5D 00 08 A0 5A,Z[\]...Z,False,False,False
2026-01-21T16:52:00.590045,38.348912,RX,0x123,8,5B 5C 5D 5E 00 08 A0 5B,[\]^...[,False,False,False
2026-01-21T16:52:00.591863,38.350730,RX,0x123,8,5C 5D 5E 5F 00 08 A0 5C,\]^_...\,False,False,False
2026-01-21T16:52:00.593914,38.352782,RX,0x123,8,5D 5E 5F 60 00 08 A0 5D,]^_`...],False,False,False
2026-01-21T16:52:00.595634,38.354501,RX,0x123,8,5E 5F 60 61 00 08 A0 5E,^_`a...^,False,False,False
2026-01-21T16:52:00.597440,38.356307,RX,0x123,8,5F 60 61 62 00 08 A0 5F,_`ab..._,False,False,False
2026-01-21T16:52:00.598507,38.357374,RX,0x123,8,60 61 62 63 00 08 A0 60,`abc...`,False,False,False
2026-01-21T16:52:00.601321,38.360188,RX,0x123,8,61 62 63 64 00 08 A0 61,abcd...a,False,False,False
2026-01-21T16:52:00.603727,38.362594,RX,0x123,8,62 63 64 65 00 08 A0 62,bcde...b,False,False,False
2026-01-21T16:52:00.605601,38.364468,RX,0x123,8,63 64 65 66 00 08 A0 63,cdef...c,False,False,False
2026-01-21T16:52:00.607923,38.366790,RX,0x123,8,64 65 66 67 00 08 A0 64,defg...d,False,False,False
2026-01-21T16:52:00.609464,38.368331,RX,0x123,8,65 66 67 68 00 08 A0 65,efgh...e,False,False,False
2026-01-21T16:52:00.610471,38.369338,RX,0x123,8,66 67 68 69 00 08 A0 66,fghi...f,False,False,False
2026-01-21T16:52:00.612242,38.371109,RX,0x123,8,67 68 69 6A 00 08 A0 67,ghij...g,False,False,False
2026-01-21T16:52:00.614694,38.373561,RX,0x123,8,68 69 6A 6B 00 08 A0 68,hijk...h,False,False,False
2026-01-21T16:52:00.616102,38.374969,RX,0x123,8,69 6A 6B 6C 00 08 A0 69,ijkl...i,False,False,False
2026-01-21T16:52:00.617876,38.376743,RX,0x123,8,6A 6B 6C 6D 00 08 A0 6A,jklm...j,False,False,False
2026-01-21T16:52:00.619512,38.378379,RX,0x123,8,6B 6C 6D 6E 00 08 A0 6B,klmn...k,False,False,False
2026-01-21T16:52:00.620918,38.379785,RX,0x123,8,6C 6D 6E 6F 00 08 A0 6C,lmno...l,False,False,False
2026-01-21T16:52:00.622010,38.380877,RX,0x123,8,6D 6E 6F 70 00 08 A0 6D,mnop...m,False,False,False
2026-01-21T16:52:00.624313,38.383180,RX,0x123,8,6E 6F 70 71 00 08 A0 6E,nopq...n,False,False,False
2026-01-21T16:52:00.625810,38.384676,RX,0x123,8,6F 70 71 72 00 08 A0 6F,opqr...o,False,False,False
2026-01-21T16:52:00.627282,38.386149,RX,0x123,8,70 71 72 73 00 08 A0 70,pqrs...p,False,False,False
2026-01-21T16:52:00.628294,38.387161,RX,0x123,8,71 72 73 74 00 08 A0 71,qrst...q,False,False,False
2026-01-21T16:52:00.630708,38.389575,RX,0x123,8,72 73 74 75 00 08 A0 72,rstu...r,False,False,False
2026-01-21T16:52:00.632544,38.391411,RX,0x123,8,73 74 75 76 00 08 A0 73,stuv...s,False,False,False
2026-01-21T16:52:00.634414,38.393281,RX,0x123,8,74 75 76 77 00 08 A0 74,tuvw...t,False,False,False
2026-01-21T16:52:00.635986,38.394852,RX,0x123,8,75 76 77 78 00 08 A0 75,uvwx...u,False,False,False
2026-01-21T16:52:00.637431,38.396298,RX,0x123,8,76 77 78 79 00 08 A0 76,vwxy...v,False,False,False
2026-01-21T16:52:00.638801,38.397668,RX,0x123,8,77 78 79 7A 00 08 A0 77,wxyz...w,False,False,False
2026-01-21T16:52:00.640313,38.399180,RX,0x123,8,78 79 7A 7B 00 08 A0 78,xyz{...x,False,False,False
2026-01-21T16:52:00.641755,38.400622,RX,0x123,8,79 7A 7B 7C 00 08 A0 79,yz{|...y,False,False,False
2026-01-21T16:52:00.643407,38.402274,RX,0x123,8,7A 7B 7C 7D 00 08 A0 7A,z{|}...z,False,False,False
2026-01-21T16:52:00.645307,38.404174,RX,0x123,8,7B 7C 7D 7E 00 08 A0 7B,{|}~...{,False,False,False
2026-01-21T16:52:00.647614,38.406482,RX,0x123,8,7C 7D 7E 7F 00 08 A0 7C,|}~....|,False,False,False
2026-01-21T16:52:00.649768,38.408635,RX,0x123,8,7D 7E 7F 80 00 08 A0 7D,}~.....},False,False,False
2026-01-21T16:52:00.651335,38.410202,RX,0x123,8,7E 7F 80 81 00 08 A0 7E,~......~,False,False,False
2026-01-21T16:52:00.652967,38.411834,RX,0x123,8,7F 80 81 82 00 08 A0 7F,........,False,False,False
2026-01-21T16:52:00.654553,38.413420,RX,0x123,8,80 81 82 83 00 08 A0 80,........,False,False,False
2026-01-21T16:52:00.656229,38.415096,RX,0x123,8,81 82 83 84 00 08 A0 81,........,False,False,False
2026-01-21T16:52:00.658178,38.417045,RX,0x123,8,82 83 84 85 00 08 A0 82,........,False,False,False
2026-01-21T16:52:00.659682,38.418549,RX,0x123,8,83 84 85 86 00 08 A0 83,........,False,False,False
2026-01-21T16:52:00.661400,38.420267,RX,0x123,8,84 85 86 87 00 08 A0 84,........,False,False,False
2026-01-21T16:52:00.663095,38.421962,RX,0x123,8,85 86 87 88 00 08 A0 85,........,False,False,False
2026-01-21T16:52:00.664853,38.423720,RX,0x123,8,86 87 88 89 00 08 A0 86,........,False,False,False
2026-01-21T16:52:00.666624,38.425492,RX,0x123,8,87 88 89 8A 00 08 A0 87,........,False,False,False
2026-01-21T16:52:00.667968,38.426835,RX,0x123,8,88 89 8A 8B 00 08 A0 88,........,False,False,False
2026-01-21T16:52:00.669552,38.428419,RX,0x123,8,89 8A 8B 8C 00 08 A0 89,........,False,False,False
2026-01-21T16:52:00.671085,38.429952,RX,0x123,8,8A 8B 8C 8D 00 08 A0 8A,........,False,False,False
2026-01-21T16:52:00.672467,38.431334,RX,0x123,8,8B 8C 8D 8E 00 08 A0 8B,........,False,False,False
2026-01-21T16:52:00.673873,38.432740,RX,0x123,8,8C 8D 8E 8F 00 08 A0 8C,........,False,False,False
2026-01-21T16:52:00.675275,38.434142,RX,0x123,8,8D 8E 8F 90 00 08 A0 8D,........,False,False,False
2026-01-21T16:52:00.677013,38.435879,RX,0x123,8,8E 8F 90 91 00 08 A0 8E,........,False,False,False
2026-01-21T16:52:00.679072,38.437939,RX,0x123,8,8F 90 91 92 00 08 A0 8F,........,False,False,False
2026-01-21T16:52:00.680704,38.439571,RX,0x123,8,90 91 92 93 00 08 A0 90,........,False,False,False
2026-01-21T16:52:00.682333,38.441200,RX,0x123,8,91 92 93 94 00 08 A0 91,........,False,False,False
2026-01-21T16:52:00.683842,38.442709,RX,0x123,8,92 93 94 95 00 08 A0 92,........,False,False,False
2026-01-21T16:52:00.685284,38.444151,RX,0x123,8,93 94 95 96 00 08 A0 93,........,False,False,False
2026-01-21T16:52:00.686658,38.445525,RX,0x123,8,94 95 96 97 00 08 A0 94,........,False,False,False
2026-01-21T16:52:00.688086,38.446953,RX,0x123,8,95 96 97 98 00 08 A0 95,........,False,False,False
2026-01-21T16:52:00.689407,38.448273,RX,0x123,8,96 97 98 99 00 08 A0 96,........,False,False,False
2026-01-21T16:52:00.690852,38.449719,RX,0x123,8,97 98 99 9A 00 08 A0 97,........,False,False,False
2026-01-21T16:52:00.693014,38.451880,RX,0x123,8,98 99 9A 9B 00 08 A0 98,........,False,False,False
2026-01-21T16:52:00.694358,38.453225,RX,0x123,8,99 9A 9B 9C 00 08 A0 99,........,False,False,False
2026-01-21T16:52:00.695969,38.454836,RX,0x123,8,9A 9B 9C 9D 00 08 A0 9A,........,False,False,False
2026-01-21T16:52:00.697364,38.456231,RX,0x123,8,9B 9C 9D 9E 00 08 A0 9B,........,False,False,False
2026-01-21T16:52:00.698876,38.457743,RX,0x123,8,9C 9D 9E 9F 00 08 A0 9C,........,False,False,False
2026-01-21T16:52:00.700431,38.459298,RX,0x123,8,9D 9E 9F A0 00 08 A0 9D,........,False,False,False
2026-01-21T16:52:00.702440,38.461307,RX,0x123,8,9E 9F A0 A1 00 08 A0 9E,........,False,False,False
2026-01-21T16:52:00.703898,38.462765,RX,0x123,8,9F A0 A1 A2 00 08 A0 9F,........,False,False,False
2026-01-21T16:52:00.705433,38.464300,RX,0x123,8,A0 A1 A2 A3 00 08 A0 A0,........,False,False,False
2026-01-21T16:52:00.707198,38.466065,RX,0x123,8,A1 A2 A3 A4 00 08 A0 A1,........,False,False,False
2026-01-21T16:52:00.708979,38.467846,RX,0x123,8,A2 A3 A4 A5 00 08 A0 A2,........,False,False,False
2026-01-21T16:52:00.710684,38.469550,RX,0x123,8,A3 A4 A5 A6 00 08 A0 A3,........,False,False,False
2026-01-21T16:52:00.713263,38.472130,RX,0x123,8,A4 A5 A6 A7 00 08 A0 A4,........,False,False,False
2026-01-21T16:52:00.715329,38.474196,RX,0x123,8,A5 A6 A7 A8 00 08 A0 A5,........,False,False,False
2026-01-21T16:52:00.716668,38.475535,RX,0x123,8,A6 A7 A8 A9 00 08 A0 A6,........,False,False,False
2026-01-21T16:52:00.718060,38.476927,RX,0x123,8,A7 A8 A9 AA 00 08 A0 A7,........,False,False,False
2026-01-21T16:52:00.719485,38.478352,RX,0x123,8,A8 A9 AA AB 00 08 A0 A8,........,False,False,False
2026-01-21T16:52:00.720797,38.479664,RX,0x123,8,A9 AA AB AC 00 08 A0 A9,........,False,False,False
2026-01-21T16:52:00.721807,38.480675,RX,0x123,8,AA AB AC AD 00 08 A0 AA,........,False,False,False
2026-01-21T16:52:00.724320,38.483187,RX,0x123,8,AB AC AD AE 00 08 A0 AB,........,False,False,False
2026-01-21T16:52:00.726034,38.484901,RX,0x123,8,AC AD AE AF 00 08 A0 AC,........,False,False,False
2026-01-21T16:52:00.727874,38.486741,RX,0x123,8,AD AE AF B0 00 08 A0 AD,........,False,False,False
2026-01-21T16:52:00.729509,38.488376,RX,0x123,8,AE AF B0 B1 00 08 A0 AE,........,False,False,False
2026-01-21T16:52:00.730968,38.489835,RX,0x123,8,AF B0 B1 B2 00 08 A0 AF,........,False,False,False
2026-01-21T16:52:00.732591,38.491458,RX,0x123,8,B0 B1 B2 B3 00 08 A0 B0,........,False,False,False
2026-01-21T16:52:00.734515,38.493382,RX,0x123,8,B1 B2 B3 B4 00 08 A0 B1,........,False,False,False
2026-01-21T16:52:00.736454,38.495321,RX,0x123,8,B2 B3 B4 B5 00 08 A0 B2,........,False,False,False
2026-01-21T16:52:00.737768,38.496635,RX,0x123,8,B3 B4 B5 B6 00 08 A0 B3,........,False,False,False
2026-01-21T16:52:00.739194,38.498061,RX,0x123,8,B4 B5 B6 B7 00 08 A0 B4,........,False,False,False
2026-01-21T16:52:00.740907,38.499774,RX,0x123,8,B5 B6 B7 B8 00 08 A0 B5,........,False,False,False
2026-01-21T16:52:00.742406,38.501273,RX,0x123,8,B6 B7 B8 B9 00 08 A0 B6,........,False,False,False
2026-01-21T16:52:00.743913,38.502780,RX,0x123,8,B7 B8 B9 BA 00 08 A0 B7,........,False,False,False
2026-01-21T16:52:00.744926,38.503793,RX,0x123,8,B8 B9 BA BB 00 08 A0 B8,........,False,False,False
2026-01-21T16:52:00.747204,38.506071,RX,0x123,8,B9 BA BB BC 00 08 A0 B9,........,False,False,False
2026-01-21T16:52:00.748705,38.507572,RX,0x123,8,BA BB BC BD 00 08 A0 BA,........,False,False,False
2026-01-21T16:52:00.749729,38.508596,RX,0x123,8,BB BC BD BE 00 08 A0 BB,........,False,False,False
2026-01-21T16:52:00.751975,38.510842,RX,0x123,8,BC BD BE BF 00 08 A0 BC,........,False,False,False
2026-01-21T16:52:00.754568,38.513435,RX,0x123,8,BD BE BF C0 00 08 A0 BD,........,False,False,False
2026-01-21T16:52:00.756038,38.514905,RX,0x123,8,BE BF C0 C1 00 08 A0 BE,........,False,False,False
2026-01-21T16:52:00.757417,38.516284,RX,0x123,8,BF C0 C1 C2 00 08 A0 BF,........,False,False,False
2026-01-21T16:52:00.758788,38.517655,RX,0x123,8,C0 C1 C2 C3 00 08 A0 C0,........,False,False,False
2026-01-21T16:52:00.760184,38.519051,RX,0x123,8,C1 C2 C3 C4 00 08 A0 C1,........,False,False,False
2026-01-21T16:52:00.761544,38.520411,RX,0x123,8,C2 C3 C4 C5 00 08 A0 C2,........,False,False,False
2026-01-21T16:52:00.763097,38.521964,RX,0x123,8,C3 C4 C5 C6 00 08 A0 C3,........,False,False,False
2026-01-21T16:52:00.765092,38.523959,RX,0x123,8,C4 C5 C6 C7 00 08 A0 C4,........,False,False,False
2026-01-21T16:52:00.766449,38.525316,RX,0x123,8,C5 C6 C7 C8 00 08 A0 C5,........,False,False,False
2026-01-21T16:52:00.767460,38.526327,RX,0x123,8,C6 C7 C8 C9 00 08 A0 C6,........,False,False,False
2026-01-21T16:52:00.769657,38.528524,RX,0x123,8,C7 C8 C9 CA 00 08 A0 C7,........,False,False,False
2026-01-21T16:52:00.771268,38.530135,RX,0x123,8,C8 C9 CA CB 00 08 A0 C8,........,False,False,False
2026-01-21T16:52:00.772626,38.531493,RX,0x123,8,C9 CA CB CC 00 08 A0 C9,........,False,False,False
2026-01-21T16:52:00.774005,38.532872,RX,0x123,8,CA CB CC CD 00 08 A0 CA,........,False,False,False
2026-01-21T16:52:00.775787,38.534654,RX,0x123,8,CB CC CD CE 00 08 A0 CB,........,False,False,False
2026-01-21T16:52:00.777499,38.536366,RX,0x123,8,CC CD CE CF 00 08 A0 CC,........,False,False,False
2026-01-21T16:52:00.779020,38.537887,RX,0x123,8,CD CE CF D0 00 08 A0 CD,........,False,False,False
2026-01-21T16:52:00.780508,38.539376,RX,0x123,8,CE CF D0 D1 00 08 A0 CE,........,False,False,False
2026-01-21T16:52:00.782031,38.540898,RX,0x123,8,CF D0 D1 D2 00 08 A0 CF,........,False,False,False
2026-01-21T16:52:00.783845,38.542712,RX,0x123,8,D0 D1 D2 D3 00 08 A0 D0,........,False,False,False
2026-01-21T16:52:00.785256,38.544123,RX,0x123,8,D1 D2 D3 D4 00 08 A0 D1,........,False,False,False
2026-01-21T16:52:00.786620,38.545487,RX,0x123,8,D2 D3 D4 D5 00 08 A0 D2,........,False,False,False
2026-01-21T16:52:00.788247,38.547114,RX,0x123,8,D3 D4 D5 D6 00 08 A0 D3,........,False,False,False
2026-01-21T16:52:00.789932,38.548799,RX,0x123,8,D4 D5 D6 D7 00 08 A0 D4,........,False,False,False
2026-01-21T16:52:00.791707,38.550575,RX,0x123,8,D5 D6 D7 D8 00 08 A0 D5,........,False,False,False
2026-01-21T16:52:00.793546,38.552413,RX,0x123,8,D6 D7 D8 D9 00 08 A0 D6,........,False,False,False
2026-01-21T16:52:00.795186,38.554054,RX,0x123,8,D7 D8 D9 DA 00 08 A0 D7,........,False,False,False
2026-01-21T16:52:00.796611,38.555478,RX,0x123,8,D8 D9 DA DB 00 08 A0 D8,........,False,False,False
2026-01-21T16:52:00.797946,38.556813,RX,0x123,8,D9 DA DB DC 00 08 A0 D9,........,False,False,False
2026-01-21T16:52:00.799394,38.558261,RX,0x123,8,DA DB DC DD 00 08 A0 DA,........,False,False,False
2026-01-21T16:52:00.800779,38.559646,RX,0x123,8,DB DC DD DE 00 08 A0 DB,........,False,False,False
2026-01-21T16:52:00.802293,38.561161,RX,0x123,8,DC DD DE DF 00 08 A0 DC,........,False,False,False
2026-01-21T16:52:00.803306,38.562173,RX,0x123,8,DD DE DF E0 00 08 A0 DD,........,False,False,False
2026-01-21T16:52:00.805631,38.564498,RX,0x123,8,DE DF E0 E1 00 08 A0 DE,........,False,False,False
2026-01-21T16:52:00.807173,38.566040,RX,0x123,8,DF E0 E1 E2 00 08 A0 DF,........,False,False,False
2026-01-21T16:52:00.808614,38.567482,RX,0x123,8,E0 E1 E2 E3 00 08 A0 E0,........,False,False,False
2026-01-21T16:52:00.810002,38.568869,RX,0x123,8,E1 E2 E3 E4 00 08 A0 E1,........,False,False,False
2026-01-21T16:52:00.811385,38.570252,RX,0x123,8,E2 E3 E4 E5 00 08 A0 E2,........,False,False,False
2026-01-21T16:52:00.812722,38.571589,RX,0x123,8,E3 E4 E5 E6 00 08 A0 E3,........,False,False,False
2026-01-21T16:52:00.814177,38.573044,RX,0x123,8,E4 E5 E6 E7 00 08 A0 E4,........,False,False,False
2026-01-21T16:52:00.815565,38.574432,RX,0x123,8,E5 E6 E7 E8 00 08 A0 E5,........,False,False,False
2026-01-21T16:52:00.817137,38.576005,RX,0x123,8,E6 E7 E8 E9 00 08 A0 E6,........,False,False,False
2026-01-21T16:52:00.819107,38.577974,RX,0x123,8,E7 E8 E9 EA 00 08 A0 E7,........,False,False,False
2026-01-21T16:52:00.821284,38.580151,RX,0x123,8,E8 E9 EA EB 00 08 A0 E8,........,False,False,False
2026-01-21T16:52:00.823220,38.582088,RX,0x123,8,E9 EA EB EC 00 08 A0 E9,........,False,False,False
2026-01-21T16:52:00.824973,38.583840,RX,0x123,8,EA EB EC ED 00 08 A0 EA,........,False,False,False
2026-01-21T16:52:00.826764,38.585631,RX,0x123,8,EB EC ED EE 00 08 A0 EB,........,False,False,False
2026-01-21T16:52:00.829280,38.588146,RX,0x123,8,EC ED EE EF 00 08 A0 EC,........,False,False,False
2026-01-21T16:52:00.830994,38.589860,RX,0x123,8,ED EE EF F0 00 08 A0 ED,........,False,False,False
2026-01-21T16:52:00.833527,38.592394,RX,0x123,8,EE EF F0 F1 00 08 A0 EE,........,False,False,False
2026-01-21T16:52:00.835409,38.594276,RX,0x123,8,EF F0 F1 F2 00 08 A0 EF,........,False,False,False
2026-01-21T16:52:00.836968,38.595835,RX,0x123,8,F0 F1 F2 F3 00 08 A0 F0,........,False,False,False
2026-01-21T16:52:00.838869,38.597736,RX,0x123,8,F1 F2 F3 F4 00 08 A0 F1,........,False,False,False
2026-01-21T16:52:00.840507,38.599374,RX,0x123,8,F2 F3 F4 F5 00 08 A0 F2,........,False,False,False
2026-01-21T16:52:00.842017,38.600884,RX,0x123,8,F3 F4 F5 F6 00 08 A0 F3,........,False,False,False
2026-01-21T16:52:00.843679,38.602546,RX,0x123,8,F4 F5 F6 F7 00 08 A0 F4,........,False,False,False
2026-01-21T16:52:00.845192,38.604059,RX,0x123,8,F5 F6 F7 F8 00 08 A0 F5,........,False,False,False
2026-01-21T16:52:00.847011,38.605878,RX,0x123,8,F6 F7 F8 F9 00 08 A0 F6,........,False,False,False
2026-01-21T16:52:00.849013,38.607880,RX,0x123,8,F7 F8 F9 FA 00 08 A0 F7,........,False,False,False
2026-01-21T16:52:00.851040,38.609907,RX,0x123,8,F8 F9 FA FB 00 08 A0 F8,........,False,False,False
2026-01-21T16:52:00.853034,38.611901,RX,0x123,8,F9 FA FB FC 00 08 A0 F9,........,False,False,False
2026-01-21T16:52:00.854846,38.613713,RX,0x123,8,FA FB FC FD 00 08 A0 FA,........,False,False,False
2026-01-21T16:52:00.856605,38.615472,RX,0x123,8,FB FC FD FE 00 08 A0 FB,........,False,False,False
2026-01-21T16:52:00.858064,38.616931,RX,0x123,8,FC FD FE FF 00 08 A0 FC,........,False,False,False
2026-01-21T16:52:00.859629,38.618496,RX,0x123,8,FD FE FF 00 00 08 A0 FD,........,False,False,False
2026-01-21T16:52:00.861473,38.620340,RX,0x123,8,FE FF 00 01 00 08 A0 FE,........,False,False,False
2026-01-21T16:52:00.862818,38.621685,RX,0x123,8,FF 00 01 02 00 08 A0 FF,........,False,False,False
2026-01-21T16:52:00.864222,38.623089,RX,0x123,8,00 01 02 03 00 08 A1 00,........,False,False,False
2026-01-21T16:52:00.865228,38.624095,RX,0x123,8,01 02 03 04 00 08 A1 01,........,False,False,False
2026-01-21T16:52:00.867830,38.626697,RX,0x123,8,02 03 04 05 00 08 A1 02,........,False,False,False
2026-01-21T16:52:00.869989,38.628555,RX,0x123,8,03 04 05 06 00 08 A1 03,........,False,False,False
2026-01-21T16:52:00.871002,38.629869,RX,0x123,8,04 05 06 07 00 08 A1 04,........,False,False,False
2026-01-21T16:52:00.873545,38.632412,RX,0x123,8,05 06 07 08 00 08 A1 05,........,False,False,False
2026-01-21T16:52:00.876192,38.635059,RX,0x123,8,06 07 08 09 00 08 A1 06,........,False,False,False
2026-01-21T16:52:00.877209,38.636076,RX,0x123,8,07 08 09 0A 00 08 A1 07,........,False,False,False
2026-01-21T16:52:00.880093,38.638960,RX,0x123,8,08 09 0A 0B 00 08 A1 08,........,False,False,False
2026-01-21T16:52:00.881954,38.640821,RX,0x123,8,09 0A 0B 0C 00 08 A1 09,........,False,False,False
2026-01-21T16:52:00.883026,38.641893,RX,0x123,8,0A 0B 0C 0D 00 08 A1 0A,........,False,False,False
2026-01-21T16:52:00.886643,38.645510,RX,0x123,8,0B 0C 0D 0E 00 08 A1 0B,........,False,False,False
2026-01-21T16:52:00.888272,38.647140,RX,0x123,8,0C 0D 0E 0F 00 08 A1 0C,........,False,False,False
2026-01-21T16:52:00.890244,38.649111,RX,0x123,8,0D 0E 0F 10 00 08 A1 0D,........,False,False,False
2026-01-21T16:52:00.891641,38.650508,RX,0x123,8,0E 0F 10 11 00 08 A1 0E,........,False,False,False
2026-01-21T16:52:00.893026,38.651893,RX,0x123,8,0F 10 11 12 00 08 A1 0F,........,False,False,False
2026-01-21T16:52:00.894550,38.653417,RX,0x123,8,10 11 12 13 00 08 A1 10,........,False,False,False
2026-01-21T16:52:00.896067,38.654934,RX,0x123,8,11 12 13 14 00 08 A1 11,........,False,False,False
2026-01-21T16:52:00.897692,38.656559,RX,0x123,8,12 13 14 15 00 08 A1 12,........,False,False,False
2026-01-21T16:52:00.899137,38.658004,RX,0x123,8,13 14 15 16 00 08 A1 13,........,False,False,False
2026-01-21T16:52:00.900632,38.659499,RX,0x123,8,14 15 16 17 00 08 A1 14,........,False,False,False
2026-01-21T16:52:00.902182,38.661049,RX,0x123,8,15 16 17 18 00 08 A1 15,........,False,False,False
2026-01-21T16:52:00.903772,38.662639,RX,0x123,8,16 17 18 19 00 08 A1 16,........,False,False,False
2026-01-21T16:52:00.905499,38.664366,RX,0x123,8,17 18 19 1A 00 08 A1 17,........,False,False,False
2026-01-21T16:52:00.907279,38.666146,RX,0x123,8,18 19 1A 1B 00 08 A1 18,........,False,False,False
2026-01-21T16:52:00.908768,38.667635,RX,0x123,8,19 1A 1B 1C 00 08 A1 19,........,False,False,False
2026-01-21T16:52:00.910392,38.669259,RX,0x123,8,1A 1B 1C 1D 00 08 A1 1A,........,False,False,False
2026-01-21T16:52:00.912468,38.671335,RX,0x123,8,1B 1C 1D 1E 00 08 A1 1B,........,False,False,False
2026-01-21T16:52:00.913830,38.672697,RX,0x123,8,1C 1D 1E 1F 00 08 A1 1C,........,False,False,False
2026-01-21T16:52:00.915491,38.674358,RX,0x123,8,1D 1E 1F 20 00 08 A1 1D,... ....,False,False,False
2026-01-21T16:52:00.917343,38.676210,RX,0x123,8,1E 1F 20 21 00 08 A1 1E,.. !....,False,False,False
2026-01-21T16:52:00.919141,38.678008,RX,0x123,8,1F 20 21 22 00 08 A1 1F,". !""....",False,False,False
2026-01-21T16:52:00.920474,38.679341,RX,0x123,8,20 21 22 23 00 08 A1 20," !""#... ",False,False,False
2026-01-21T16:52:00.921491,38.680357,RX,0x123,8,21 22 23 24 00 08 A1 21,"!""#$...!",False,False,False
2026-01-21T16:52:00.923786,38.682652,RX,0x123,8,22 23 24 25 00 08 A1 22,"""#$%...""",False,False,False
2026-01-21T16:52:00.925101,38.683968,RX,0x123,8,23 24 25 26 00 08 A1 23,#$%&...#,False,False,False
2026-01-21T16:52:00.926936,38.685803,RX,0x123,8,24 25 26 27 00 08 A1 24,$%&'...$,False,False,False
2026-01-21T16:52:00.928665,38.687532,RX,0x123,8,25 26 27 28 00 08 A1 25,%&'(...%,False,False,False
2026-01-21T16:52:00.930910,38.689777,RX,0x123,8,26 27 28 29 00 08 A1 26,&'()...&,False,False,False
2026-01-21T16:52:00.932901,38.691768,RX,0x123,8,27 28 29 2A 00 08 A1 27,'()*...',False,False,False
2026-01-21T16:52:00.934341,38.693208,RX,0x123,8,28 29 2A 2B 00 08 A1 28,()*+...(,False,False,False
2026-01-21T16:52:00.935814,38.694681,RX,0x123,8,29 2A 2B 2C 00 08 A1 29,")*+,...)",False,False,False
2026-01-21T16:52:00.937488,38.696355,RX,0x123,8,2A 2B 2C 2D 00 08 A1 2A,"*+,-...*",False,False,False
2026-01-21T16:52:00.939467,38.698334,RX,0x123,8,2B 2C 2D 2E 00 08 A1 2B,"+,-....+",False,False,False
2026-01-21T16:52:00.940869,38.699736,RX,0x123,8,2C 2D 2E 2F 00 08 A1 2C,",-./...,",False,False,False
2026-01-21T16:52:00.943482,38.702349,RX,0x123,8,2D 2E 2F 30 00 08 A1 2D,-./0...-,False,False,False
2026-01-21T16:52:00.943901,38.702767,RX,0x123,8,2E 2F 30 31 00 08 A1 2E,./01....,False,False,False
2026-01-21T16:52:00.945270,38.704137,RX,0x123,8,2F 30 31 32 00 08 A1 2F,/012.../,False,False,False
2026-01-21T16:52:00.947032,38.705899,RX,0x123,8,30 31 32 33 00 08 A1 30,0123...0,False,False,False
2026-01-21T16:52:00.949033,38.707900,RX,0x123,8,31 32 33 34 00 08 A1 31,1234...1,False,False,False
2026-01-21T16:52:00.951291,38.710157,RX,0x123,8,32 33 34 35 00 08 A1 32,2345...2,False,False,False
2026-01-21T16:52:00.952825,38.711692,RX,0x123,8,33 34 35 36 00 08 A1 33,3456...3,False,False,False
2026-01-21T16:52:00.954177,38.713044,RX,0x123,8,34 35 36 37 00 08 A1 34,4567...4,False,False,False
2026-01-21T16:52:00.955717,38.714584,RX,0x123,8,35 36 37 38 00 08 A1 35,5678...5,False,False,False
2026-01-21T16:52:00.957212,38.716079,RX,0x123,8,36 37 38 39 00 08 A1 36,6789...6,False,False,False
2026-01-21T16:52:00.959511,38.718378,RX,0x123,8,37 38 39 3A 00 08 A1 37,789:...7,False,False,False
2026-01-21T16:52:00.960523,38.719390,RX,0x123,8,38 39 3A 3B 00 08 A1 38,89:;...8,False,False,False
2026-01-21T16:52:00.962267,38.721134,RX,0x123,8,39 3A 3B 3C 00 08 A1 39,9:;<...9,False,False,False
2026-01-21T16:52:00.964474,38.723341,RX,0x123,8,3A 3B 3C 3D 00 08 A1 3A,:;<=...:,False,False,False
2026-01-21T16:52:00.965873,38.724740,RX,0x123,8,3B 3C 3D 3E 00 08 A1 3B,;<=>...;,False,False,False
2026-01-21T16:52:00.966882,38.725749,RX,0x123,8,3C 3D 3E 3F 00 08 A1 3C,<=>?...<,False,False,False
2026-01-21T16:52:00.969643,38.728049,RX,0x123,8,3D 3E 3F 40 00 08 A1 3D,=>?@...=,False,False,False
2026-01-21T16:52:00.970988,38.729855,RX,0x123,8,3E 3F 40 41 00 08 A1 3E,>?@A...>,False,False,False
2026-01-21T16:52:00.972388,38.731255,RX,0x123,8,3F 40 41 42 00 08 A1 3F,?@AB...?,False,False,False
2026-01-21T16:52:00.973955,38.732822,RX,0x123,8,40 41 42 43 00 08 A1 40,@ABC...@,False,False,False
2026-01-21T16:52:00.975426,38.734293,RX,0x123,8,41 42 43 44 00 08 A1 41,ABCD...A,False,False,False
2026-01-21T16:52:00.976748,38.735615,RX,0x123,8,42 43 44 45 00 08 A1 42,BCDE...B,False,False,False
2026-01-21T16:52:00.978212,38.737079,RX,0x123,8,43 44 45 46 00 08 A1 43,CDEF...C,False,False,False
2026-01-21T16:52:00.979227,38.738094,RX,0x123,8,44 45 46 47 00 08 A1 44,DEFG...D,False,False,False
2026-01-21T16:52:00.981037,38.739904,RX,0x123,8,45 46 47 48 00 08 A1 45,EFGH...E,False,False,False
2026-01-21T16:52:00.982760,38.741627,RX,0x123,8,46 47 48 49 00 08 A1 46,FGHI...F,False,False,False
2026-01-21T16:52:00.984789,38.743656,RX,0x123,8,47 48 49 4A 00 08 A1 47,GHIJ...G,False,False,False
2026-01-21T16:52:00.986190,38.745057,RX,0x123,8,48 49 4A 4B 00 08 A1 48,HIJK...H,False,False,False
2026-01-21T16:52:00.987694,38.746561,RX,0x123,8,49 4A 4B 4C 00 08 A1 49,IJKL...I,False,False,False
2026-01-21T16:52:00.989361,38.748228,RX,0x123,8,4A 4B 4C 4D 00 08 A1 4A,JKLM...J,False,False,False
2026-01-21T16:52:00.991241,38.750108,RX,0x123,8,4B 4C 4D 4E 00 08 A1 4B,KLMN...K,False,False,False
2026-01-21T16:52:00.992252,38.751119,RX,0x123,8,4C 4D 4E 4F 00 08 A1 4C,LMNO...L,False,False,False
2026-01-21T16:52:00.994327,38.753194,RX,0x123,8,4D 4E 4F 50 00 08 A1 4D,MNOP...M,False,False,False
2026-01-21T16:52:00.995333,38.754200,RX,0x123,8,4E 4F 50 51 00 08 A1 4E,NOPQ...N,False,False,False
2026-01-21T16:52:00.997414,38.756281,RX,0x123,8,4F 50 51 52 00 08 A1 4F,OPQR...O,False,False,False
2026-01-21T16:52:00.998425,38.757292,RX,0x123,8,50 51 52 53 00 08 A1 50,PQRS...P,False,False,False
2026-01-21T16:52:01.000230,38.759097,RX,0x123,8,51 52 53 54 00 08 A1 51,QRST...Q,False,False,False
2026-01-21T16:52:01.002505,38.761372,RX,0x123,8,52 53 54 55 00 08 A1 52,RSTU...R,False,False,False
2026-01-21T16:52:01.003910,38.762777,RX,0x123,8,53 54 55 56 00 08 A1 53,STUV...S,False,False,False
2026-01-21T16:52:01.005574,38.764441,RX,0x123,8,54 55 56 57 00 08 A1 54,TUVW...T,False,False,False
2026-01-21T16:52:01.007352,38.766219,RX,0x123,8,55 56 57 58 00 08 A1 55,UVWX...U,False,False,False
2026-01-21T16:52:01.008675,38.767542,RX,0x123,8,56 57 58 59 00 08 A1 56,VWXY...V,False,False,False
2026-01-21T16:52:01.010049,38.768916,RX,0x123,8,57 58 59 5A 00 08 A1 57,WXYZ...W,False,False,False
2026-01-21T16:52:01.011734,38.770601,RX,0x123,8,58 59 5A 5B 00 08 A1 58,XYZ[...X,False,False,False
2026-01-21T16:52:01.013075,38.771943,RX,0x123,8,59 5A 5B 5C 00 08 A1 59,YZ[\...Y,False,False,False
2026-01-21T16:52:01.014562,38.773429,RX,0x123,8,5A 5B 5C 5D 00 08 A1 5A,Z[\]...Z,False,False,False
2026-01-21T16:52:01.016057,38.774924,RX,0x123,8,5B 5C 5D 5E 00 08 A1 5B,[\]^...[,False,False,False
2026-01-21T16:52:01.017616,38.776484,RX,0x123,8,5C 5D 5E 5F 00 08 A1 5C,\]^_...\,False,False,False
2026-01-21T16:52:01.019613,38.778480,RX,0x123,8,5D 5E 5F 60 00 08 A1 5D,]^_`...],False,False,False
2026-01-21T16:52:01.021993,38.780860,RX,0x123,8,5E 5F 60 61 00 08 A1 5E,^_`a...^,False,False,False
2026-01-21T16:52:01.023869,38.782736,RX,0x123,8,5F 60 61 62 00 08 A1 5F,_`ab..._,False,False,False
2026-01-21T16:52:01.026232,38.785099,RX,0x123,8,60 61 62 63 00 08 A1 60,`abc...`,False,False,False
2026-01-21T16:52:01.028069,38.786937,RX,0x123,8,61 62 63 64 00 08 A1 61,abcd...a,False,False,False
2026-01-21T16:52:01.029632,38.788499,RX,0x123,8,62 63 64 65 00 08 A1 62,bcde...b,False,False,False
2026-01-21T16:52:01.031632,38.790498,RX,0x123,8,63 64 65 66 00 08 A1 63,cdef...c,False,False,False
2026-01-21T16:52:01.033269,38.792136,RX,0x123,8,64 65 66 67 00 08 A1 64,defg...d,False,False,False
2026-01-21T16:52:01.035144,38.794011,RX,0x123,8,65 66 67 68 00 08 A1 65,efgh...e,False,False,False
2026-01-21T16:52:01.037073,38.795940,RX,0x123,8,66 67 68 69 00 08 A1 66,fghi...f,False,False,False
2026-01-21T16:52:01.038806,38.797673,RX,0x123,8,67 68 69 6A 00 08 A1 67,ghij...g,False,False,False
2026-01-21T16:52:01.040570,38.799437,RX,0x123,8,68 69 6A 6B 00 08 A1 68,hijk...h,False,False,False
2026-01-21T16:52:01.041954,38.800821,RX,0x123,8,69 6A 6B 6C 00 08 A1 69,ijkl...i,False,False,False
2026-01-21T16:52:01.043371,38.802238,RX,0x123,8,6A 6B 6C 6D 00 08 A1 6A,jklm...j,False,False,False
2026-01-21T16:52:01.044747,38.803614,RX,0x123,8,6B 6C 6D 6E 00 08 A1 6B,klmn...k,False,False,False
2026-01-21T16:52:01.046128,38.804996,RX,0x123,8,6C 6D 6E 6F 00 08 A1 6C,lmno...l,False,False,False
2026-01-21T16:52:01.047493,38.806360,RX,0x123,8,6D 6E 6F 70 00 08 A1 6D,mnop...m,False,False,False
2026-01-21T16:52:01.049125,38.807992,RX,0x123,8,6E 6F 70 71 00 08 A1 6E,nopq...n,False,False,False
2026-01-21T16:52:01.050971,38.809839,RX,0x123,8,6F 70 71 72 00 08 A1 6F,opqr...o,False,False,False
2026-01-21T16:52:01.052643,38.811510,RX,0x123,8,70 71 72 73 00 08 A1 70,pqrs...p,False,False,False
2026-01-21T16:52:01.053955,38.812822,RX,0x123,8,71 72 73 74 00 08 A1 71,qrst...q,False,False,False
2026-01-21T16:52:01.055522,38.814389,RX,0x123,8,72 73 74 75 00 08 A1 72,rstu...r,False,False,False
2026-01-21T16:52:01.056865,38.815732,RX,0x123,8,73 74 75 76 00 08 A1 73,stuv...s,False,False,False
2026-01-21T16:52:01.057926,38.816792,RX,0x123,8,74 75 76 77 00 08 A1 74,tuvw...t,False,False,False
2026-01-21T16:52:01.060165,38.819032,RX,0x123,8,75 76 77 78 00 08 A1 75,uvwx...u,False,False,False
2026-01-21T16:52:01.061488,38.820355,RX,0x123,8,76 77 78 79 00 08 A1 76,vwxy...v,False,False,False
2026-01-21T16:52:01.062498,38.821365,RX,0x123,8,77 78 79 7A 00 08 A1 77,wxyz...w,False,False,False
2026-01-21T16:52:01.064789,38.823657,RX,0x123,8,78 79 7A 7B 00 08 A1 78,xyz{...x,False,False,False
2026-01-21T16:52:01.066486,38.825353,RX,0x123,8,79 7A 7B 7C 00 08 A1 79,yz{|...y,False,False,False
2026-01-21T16:52:01.067823,38.826690,RX,0x123,8,7A 7B 7C 7D 00 08 A1 7A,z{|}...z,False,False,False
2026-01-21T16:52:01.069397,38.828264,RX,0x123,8,7B 7C 7D 7E 00 08 A1 7B,{|}~...{,False,False,False
2026-01-21T16:52:01.070971,38.829839,RX,0x123,8,7C 7D 7E 7F 00 08 A1 7C,|}~....|,False,False,False
2026-01-21T16:52:01.072303,38.831170,RX,0x123,8,7D 7E 7F 80 00 08 A1 7D,}~.....},False,False,False
2026-01-21T16:52:01.073718,38.832585,RX,0x123,8,7E 7F 80 81 00 08 A1 7E,~......~,False,False,False
2026-01-21T16:52:01.075279,38.834146,RX,0x123,8,7F 80 81 82 00 08 A1 7F,........,False,False,False
2026-01-21T16:52:01.076602,38.835469,RX,0x123,8,80 81 82 83 00 08 A1 80,........,False,False,False
2026-01-21T16:52:01.077926,38.836793,RX,0x123,8,81 82 83 84 00 08 A1 81,........,False,False,False
2026-01-21T16:52:01.079249,38.838116,RX,0x123,8,82 83 84 85 00 08 A1 82,........,False,False,False
2026-01-21T16:52:01.080745,38.839612,RX,0x123,8,83 84 85 86 00 08 A1 83,........,False,False,False
2026-01-21T16:52:01.082266,38.841133,RX,0x123,8,84 85 86 87 00 08 A1 84,........,False,False,False
2026-01-21T16:52:01.084048,38.842915,RX,0x123,8,85 86 87 88 00 08 A1 85,........,False,False,False
2026-01-21T16:52:01.086010,38.844877,RX,0x123,8,86 87 88 89 00 08 A1 86,........,False,False,False
2026-01-21T16:52:01.088219,38.847086,RX,0x123,8,87 88 89 8A 00 08 A1 87,........,False,False,False
2026-01-21T16:52:01.090151,38.849019,RX,0x123,8,88 89 8A 8B 00 08 A1 88,........,False,False,False
2026-01-21T16:52:01.091727,38.850594,RX,0x123,8,89 8A 8B 8C 00 08 A1 89,........,False,False,False
2026-01-21T16:52:01.093085,38.851951,RX,0x123,8,8A 8B 8C 8D 00 08 A1 8A,........,False,False,False
2026-01-21T16:52:01.094622,38.853489,RX,0x123,8,8B 8C 8D 8E 00 08 A1 8B,........,False,False,False
2026-01-21T16:52:01.096380,38.855247,RX,0x123,8,8C 8D 8E 8F 00 08 A1 8C,........,False,False,False
2026-01-21T16:52:01.097913,38.856780,RX,0x123,8,8D 8E 8F 90 00 08 A1 8D,........,False,False,False
2026-01-21T16:52:01.098919,38.857785,RX,0x123,8,8E 8F 90 91 00 08 A1 8E,........,False,False,False
2026-01-21T16:52:01.101181,38.860048,RX,0x123,8,8F 90 91 92 00 08 A1 8F,........,False,False,False
2026-01-21T16:52:01.102772,38.861639,RX,0x123,8,90 91 92 93 00 08 A1 90,........,False,False,False
2026-01-21T16:52:01.104727,38.863594,RX,0x123,8,91 92 93 94 00 08 A1 91,........,False,False,False
2026-01-21T16:52:01.106472,38.865339,RX,0x123,8,92 93 94 95 00 08 A1 92,........,False,False,False
2026-01-21T16:52:01.108275,38.867141,RX,0x123,8,93 94 95 96 00 08 A1 93,........,False,False,False
2026-01-21T16:52:01.110703,38.869570,RX,0x123,8,94 95 96 97 00 08 A1 94,........,False,False,False
2026-01-21T16:52:01.112528,38.871395,RX,0x123,8,95 96 97 98 00 08 A1 95,........,False,False,False
2026-01-21T16:52:01.114238,38.873105,RX,0x123,8,96 97 98 99 00 08 A1 96,........,False,False,False
2026-01-21T16:52:01.116211,38.875078,RX,0x123,8,97 98 99 9A 00 08 A1 97,........,False,False,False
2026-01-21T16:52:01.117697,38.876564,RX,0x123,8,98 99 9A 9B 00 08 A1 98,........,False,False,False
2026-01-21T16:52:01.118708,38.877575,RX,0x123,8,99 9A 9B 9C 00 08 A1 99,........,False,False,False
2026-01-21T16:52:01.120971,38.879838,RX,0x123,8,9A 9B 9C 9D 00 08 A1 9A,........,False,False,False
2026-01-21T16:52:01.121993,38.880860,RX,0x123,8,9B 9C 9D 9E 00 08 A1 9B,........,False,False,False
2026-01-21T16:52:01.124070,38.882937,RX,0x123,8,9C 9D 9E 9F 00 08 A1 9C,........,False,False,False
2026-01-21T16:52:01.125601,38.884468,RX,0x123,8,9D 9E 9F A0 00 08 A1 9D,........,False,False,False
2026-01-21T16:52:01.126925,38.885792,RX,0x123,8,9E 9F A0 A1 00 08 A1 9E,........,False,False,False
2026-01-21T16:52:01.128411,38.887278,RX,0x123,8,9F A0 A1 A2 00 08 A1 9F,........,False,False,False
2026-01-21T16:52:01.129894,38.888761,RX,0x123,8,A0 A1 A2 A3 00 08 A1 A0,........,False,False,False
2026-01-21T16:52:01.131260,38.890126,RX,0x123,8,A1 A2 A3 A4 00 08 A1 A1,........,False,False,False
2026-01-21T16:52:01.132650,38.891516,RX,0x123,8,A2 A3 A4 A5 00 08 A1 A2,........,False,False,False
2026-01-21T16:52:01.134009,38.892876,RX,0x123,8,A3 A4 A5 A6 00 08 A1 A3,........,False,False,False
2026-01-21T16:52:01.135537,38.894404,RX,0x123,8,A4 A5 A6 A7 00 08 A1 A4,........,False,False,False
2026-01-21T16:52:01.136888,38.895755,RX,0x123,8,A5 A6 A7 A8 00 08 A1 A5,........,False,False,False
2026-01-21T16:52:01.138368,38.897235,RX,0x123,8,A6 A7 A8 A9 00 08 A1 A6,........,False,False,False
2026-01-21T16:52:01.139673,38.898540,RX,0x123,8,A7 A8 A9 AA 00 08 A1 A7,........,False,False,False
2026-01-21T16:52:01.140993,38.899860,RX,0x123,8,A8 A9 AA AB 00 08 A1 A8,........,False,False,False
2026-01-21T16:52:01.142544,38.901411,RX,0x123,8,A9 AA AB AC 00 08 A1 A9,........,False,False,False
2026-01-21T16:52:01.144116,38.902983,RX,0x123,8,AA AB AC AD 00 08 A1 AA,........,False,False,False
2026-01-21T16:52:01.145433,38.904300,RX,0x123,8,AB AC AD AE 00 08 A1 AB,........,False,False,False
2026-01-21T16:52:01.146438,38.905305,RX,0x123,8,AC AD AE AF 00 08 A1 AC,........,False,False,False
2026-01-21T16:52:01.148288,38.907155,RX,0x123,8,AD AE AF B0 00 08 A1 AD,........,False,False,False
2026-01-21T16:52:01.150078,38.908945,RX,0x123,8,AE AF B0 B1 00 08 A1 AE,........,False,False,False
2026-01-21T16:52:01.151868,38.910735,RX,0x123,8,AF B0 B1 B2 00 08 A1 AF,........,False,False,False
2026-01-21T16:52:01.154281,38.913148,RX,0x123,8,B0 B1 B2 B3 00 08 A1 B0,........,False,False,False
2026-01-21T16:52:01.155945,38.914812,RX,0x123,8,B1 B2 B3 B4 00 08 A1 B1,........,False,False,False
2026-01-21T16:52:01.157588,38.916455,RX,0x123,8,B2 B3 B4 B5 00 08 A1 B2,........,False,False,False
2026-01-21T16:52:01.158944,38.917811,RX,0x123,8,B3 B4 B5 B6 00 08 A1 B3,........,False,False,False
2026-01-21T16:52:01.160486,38.919353,RX,0x123,8,B4 B5 B6 B7 00 08 A1 B4,........,False,False,False
2026-01-21T16:52:01.161549,38.920416,RX,0x123,8,B5 B6 B7 B8 00 08 A1 B5,........,False,False,False
2026-01-21T16:52:01.163671,38.922538,RX,0x123,8,B6 B7 B8 B9 00 08 A1 B6,........,False,False,False
2026-01-21T16:52:01.165179,38.924046,RX,0x123,8,B7 B8 B9 BA 00 08 A1 B7,........,False,False,False
2026-01-21T16:52:01.166190,38.925057,RX,0x123,8,B8 B9 BA BB 00 08 A1 B8,........,False,False,False
2026-01-21T16:52:01.168247,38.927114,RX,0x123,8,B9 BA BB BC 00 08 A1 B9,........,False,False,False
2026-01-21T16:52:01.169865,38.928732,RX,0x123,8,BA BB BC BD 00 08 A1 BA,........,False,False,False
2026-01-21T16:52:01.171316,38.930183,RX,0x123,8,BB BC BD BE 00 08 A1 BB,........,False,False,False
2026-01-21T16:52:01.172322,38.931189,RX,0x123,8,BC BD BE BF 00 08 A1 BC,........,False,False,False
2026-01-21T16:52:01.174677,38.933544,RX,0x123,8,BD BE BF C0 00 08 A1 BD,........,False,False,False
2026-01-21T16:52:01.176437,38.935304,RX,0x123,8,BE BF C0 C1 00 08 A1 BE,........,False,False,False
2026-01-21T16:52:01.178554,38.937421,RX,0x123,8,BF C0 C1 C2 00 08 A1 BF,........,False,False,False
2026-01-21T16:52:01.180505,38.939372,RX,0x123,8,C0 C1 C2 C3 00 08 A1 C0,........,False,False,False
2026-01-21T16:52:01.181993,38.940860,RX,0x123,8,C1 C2 C3 C4 00 08 A1 C1,........,False,False,False
2026-01-21T16:52:01.183449,38.942316,RX,0x123,8,C2 C3 C4 C5 00 08 A1 C2,........,False,False,False
2026-01-21T16:52:01.185050,38.943918,RX,0x123,8,C3 C4 C5 C6 00 08 A1 C3,........,False,False,False
2026-01-21T16:52:01.186929,38.945796,RX,0x123,8,C4 C5 C6 C7 00 08 A1 C4,........,False,False,False
2026-01-21T16:52:01.188501,38.947368,RX,0x123,8,C5 C6 C7 C8 00 08 A1 C5,........,False,False,False
2026-01-21T16:52:01.190115,38.948982,RX,0x123,8,C6 C7 C8 C9 00 08 A1 C6,........,False,False,False
2026-01-21T16:52:01.191800,38.950667,RX,0x123,8,C7 C8 C9 CA 00 08 A1 C7,........,False,False,False
2026-01-21T16:52:01.193635,38.952502,RX,0x123,8,C8 C9 CA CB 00 08 A1 C8,........,False,False,False
2026-01-21T16:52:01.195097,38.953964,RX,0x123,8,C9 CA CB CC 00 08 A1 C9,........,False,False,False
2026-01-21T16:52:01.196839,38.955706,RX,0x123,8,CA CB CC CD 00 08 A1 CA,........,False,False,False
2026-01-21T16:52:01.198645,38.957512,RX,0x123,8,CB CC CD CE 00 08 A1 CB,........,False,False,False
2026-01-21T16:52:01.200810,38.959677,RX,0x123,8,CC CD CE CF 00 08 A1 CC,........,False,False,False
2026-01-21T16:52:01.202391,38.961258,RX,0x123,8,CD CE CF D0 00 08 A1 CD,........,False,False,False
2026-01-21T16:52:01.204018,38.962885,RX,0x123,8,CE CF D0 D1 00 08 A1 CE,........,False,False,False
2026-01-21T16:52:01.205908,38.964775,RX,0x123,8,CF D0 D1 D2 00 08 A1 CF,........,False,False,False
2026-01-21T16:52:01.207377,38.966244,RX,0x123,8,D0 D1 D2 D3 00 08 A1 D0,........,False,False,False
2026-01-21T16:52:01.208727,38.967594,RX,0x123,8,D1 D2 D3 D4 00 08 A1 D1,........,False,False,False
2026-01-21T16:52:01.210153,38.969020,RX,0x123,8,D2 D3 D4 D5 00 08 A1 D2,........,False,False,False
2026-01-21T16:52:01.211536,38.970403,RX,0x123,8,D3 D4 D5 D6 00 08 A1 D3,........,False,False,False
2026-01-21T16:52:01.212931,38.971798,RX,0x123,8,D4 D5 D6 D7 00 08 A1 D4,........,False,False,False
2026-01-21T16:52:01.214531,38.973398,RX,0x123,8,D5 D6 D7 D8 00 08 A1 D5,........,False,False,False
2026-01-21T16:52:01.215977,38.974844,RX,0x123,8,D6 D7 D8 D9 00 08 A1 D6,........,False,False,False
2026-01-21T16:52:01.218380,38.977247,RX,0x123,8,D7 D8 D9 DA 00 08 A1 D7,........,False,False,False
2026-01-21T16:52:01.219697,38.978564,RX,0x123,8,D8 D9 DA DB 00 08 A1 D8,........,False,False,False
2026-01-21T16:52:01.221154,38.980021,RX,0x123,8,D9 DA DB DC 00 08 A1 D9,........,False,False,False
2026-01-21T16:52:01.222161,38.981029,RX,0x123,8,DA DB DC DD 00 08 A1 DA,........,False,False,False
2026-01-21T16:52:01.224614,38.983481,RX,0x123,8,DB DC DD DE 00 08 A1 DB,........,False,False,False
2026-01-21T16:52:01.226349,38.985216,RX,0x123,8,DC DD DE DF 00 08 A1 DC,........,False,False,False
2026-01-21T16:52:01.228054,38.986921,RX,0x123,8,DD DE DF E0 00 08 A1 DD,........,False,False,False
2026-01-21T16:52:01.229550,38.988417,RX,0x123,8,DE DF E0 E1 00 08 A1 DE,........,False,False,False
2026-01-21T16:52:01.231009,38.989876,RX,0x123,8,DF E0 E1 E2 00 08 A1 DF,........,False,False,False
2026-01-21T16:52:01.232511,38.991378,RX,0x123,8,E0 E1 E2 E3 00 08 A1 E0,........,False,False,False
2026-01-21T16:52:01.234048,38.992915,RX,0x123,8,E1 E2 E3 E4 00 08 A1 E1,........,False,False,False
2026-01-21T16:52:01.235391,38.994258,RX,0x123,8,E2 E3 E4 E5 00 08 A1 E2,........,False,False,False
2026-01-21T16:52:01.236955,38.995822,RX,0x123,8,E3 E4 E5 E6 00 08 A1 E3,........,False,False,False
2026-01-21T16:52:01.238645,38.997513,RX,0x123,8,E4 E5 E6 E7 00 08 A1 E4,........,False,False,False
2026-01-21T16:52:01.240344,38.999211,RX,0x123,8,E5 E6 E7 E8 00 08 A1 E5,........,False,False,False
2026-01-21T16:52:01.242377,39.001244,RX,0x123,8,E6 E7 E8 E9 00 08 A1 E6,........,False,False,False
2026-01-21T16:52:01.244018,39.002885,RX,0x123,8,E7 E8 E9 EA 00 08 A1 E7,........,False,False,False
2026-01-21T16:52:01.246019,39.004886,RX,0x123,8,E8 E9 EA EB 00 08 A1 E8,........,False,False,False
2026-01-21T16:52:01.247443,39.006310,RX,0x123,8,E9 EA EB EC 00 08 A1 E9,........,False,False,False
2026-01-21T16:52:01.248823,39.007690,RX,0x123,8,EA EB EC ED 00 08 A1 EA,........,False,False,False
2026-01-21T16:52:01.250280,39.009146,RX,0x123,8,EB EC ED EE 00 08 A1 EB,........,False,False,False
2026-01-21T16:52:01.251680,39.010547,RX,0x123,8,EC ED EE EF 00 08 A1 EC,........,False,False,False
2026-01-21T16:52:01.253068,39.011935,RX,0x123,8,ED EE EF F0 00 08 A1 ED,........,False,False,False
2026-01-21T16:52:01.254457,39.013324,RX,0x123,8,EE EF F0 F1 00 08 A1 EE,........,False,False,False
2026-01-21T16:52:01.255965,39.014832,RX,0x123,8,EF F0 F1 F2 00 08 A1 EF,........,False,False,False
2026-01-21T16:52:01.257313,39.016180,RX,0x123,8,F0 F1 F2 F3 00 08 A1 F0,........,False,False,False
2026-01-21T16:52:01.258324,39.017191,RX,0x123,8,F1 F2 F3 F4 00 08 A1 F1,........,False,False,False
2026-01-21T16:52:01.260500,39.019367,RX,0x123,8,F2 F3 F4 F5 00 08 A1 F2,........,False,False,False
2026-01-21T16:52:01.262136,39.021003,RX,0x123,8,F3 F4 F5 F6 00 08 A1 F3,........,False,False,False
2026-01-21T16:52:01.263465,39.022332,RX,0x123,8,F4 F5 F6 F7 00 08 A1 F4,........,False,False,False
2026-01-21T16:52:01.264472,39.023339,RX,0x123,8,F5 F6 F7 F8 00 08 A1 F5,........,False,False,False
2026-01-21T16:52:01.267806,39.026673,RX,0x123,8,F6 F7 F8 F9 00 08 A1 F6,........,False,False,False
2026-01-21T16:52:01.277622,39.036489,RX,0x123,8,F7 F8 F9 FA 00 08 A1 F7,........,False,False,False
2026-01-21T16:52:01.279959,39.038420,RX,0x123,8,F8 F9 FA FB 00 08 A1 F8,........,False,False,False
2026-01-21T16:52:01.281620,39.040487,RX,0x123,8,F9 FA FB FC 00 08 A1 F9,........,False,False,False
2026-01-21T16:52:01.283124,39.041991,RX,0x123,8,FA FB FC FD 00 08 A1 FA,........,False,False,False
2026-01-21T16:52:01.284679,39.043546,RX,0x123,8,FB FC FD FE 00 08 A1 FB,........,False,False,False
2026-01-21T16:52:01.286191,39.045058,RX,0x123,8,FC FD FE FF 00 08 A1 FC,........,False,False,False
2026-01-21T16:52:01.287591,39.046458,RX,0x123,8,FD FE FF 00 00 08 A1 FD,........,False,False,False
2026-01-21T16:52:01.289099,39.047966,RX,0x123,8,FE FF 00 01 00 08 A1 FE,........,False,False,False
2026-01-21T16:52:01.290623,39.049490,RX,0x123,8,FF 00 01 02 00 08 A1 FF,........,False,False,False
2026-01-21T16:52:01.292138,39.051005,RX,0x123,8,00 01 02 03 00 08 A2 00,........,False,False,False
2026-01-21T16:52:01.293546,39.052413,RX,0x123,8,01 02 03 04 00 08 A2 01,........,False,False,False
2026-01-21T16:52:01.294929,39.053796,RX,0x123,8,02 03 04 05 00 08 A2 02,........,False,False,False
2026-01-21T16:52:01.296367,39.055234,RX,0x123,8,03 04 05 06 00 08 A2 03,........,False,False,False
2026-01-21T16:52:01.297847,39.056714,RX,0x123,8,04 05 06 07 00 08 A2 04,........,False,False,False
2026-01-21T16:52:01.299409,39.058276,RX,0x123,8,05 06 07 08 00 08 A2 05,........,False,False,False
2026-01-21T16:52:01.301138,39.060005,RX,0x123,8,06 07 08 09 00 08 A2 06,........,False,False,False
2026-01-21T16:52:01.302675,39.061542,RX,0x123,8,07 08 09 0A 00 08 A2 07,........,False,False,False
2026-01-21T16:52:01.304146,39.063013,RX,0x123,8,08 09 0A 0B 00 08 A2 08,........,False,False,False
2026-01-21T16:52:01.305685,39.064552,RX,0x123,8,09 0A 0B 0C 00 08 A2 09,........,False,False,False
2026-01-21T16:52:01.307689,39.066556,RX,0x123,8,0A 0B 0C 0D 00 08 A2 0A,........,False,False,False
2026-01-21T16:52:01.309274,39.068141,RX,0x123,8,0B 0C 0D 0E 00 08 A2 0B,........,False,False,False
2026-01-21T16:52:01.310754,39.069621,RX,0x123,8,0C 0D 0E 0F 00 08 A2 0C,........,False,False,False
2026-01-21T16:52:01.312236,39.071103,RX,0x123,8,0D 0E 0F 10 00 08 A2 0D,........,False,False,False
2026-01-21T16:52:01.314035,39.072902,RX,0x123,8,0E 0F 10 11 00 08 A2 0E,........,False,False,False
2026-01-21T16:52:01.315462,39.074328,RX,0x123,8,0F 10 11 12 00 08 A2 0F,........,False,False,False
2026-01-21T16:52:01.317175,39.076042,RX,0x123,8,10 11 12 13 00 08 A2 10,........,False,False,False
2026-01-21T16:52:01.318870,39.077737,RX,0x123,8,11 12 13 14 00 08 A2 11,........,False,False,False
2026-01-21T16:52:01.320396,39.079263,RX,0x123,8,12 13 14 15 00 08 A2 12,........,False,False,False
2026-01-21T16:52:01.321810,39.080677,RX,0x123,8,13 14 15 16 00 08 A2 13,........,False,False,False
2026-01-21T16:52:01.322816,39.081683,RX,0x123,8,14 15 16 17 00 08 A2 14,........,False,False,False
2026-01-21T16:52:01.325036,39.083903,RX,0x123,8,15 16 17 18 00 08 A2 15,........,False,False,False
2026-01-21T16:52:01.326356,39.085223,RX,0x123,8,16 17 18 19 00 08 A2 16,........,False,False,False
2026-01-21T16:52:01.327967,39.086834,RX,0x123,8,17 18 19 1A 00 08 A2 17,........,False,False,False
2026-01-21T16:52:01.329312,39.088179,RX,0x123,8,18 19 1A 1B 00 08 A2 18,........,False,False,False
2026-01-21T16:52:01.330319,39.089186,RX,0x123,8,19 1A 1B 1C 00 08 A2 19,........,False,False,False
2026-01-21T16:52:01.332425,39.091292,RX,0x123,8,1A 1B 1C 1D 00 08 A2 1A,........,False,False,False
2026-01-21T16:52:01.334053,39.092920,RX,0x123,8,1B 1C 1D 1E 00 08 A2 1B,........,False,False,False
2026-01-21T16:52:01.335414,39.094281,RX,0x123,8,1C 1D 1E 1F 00 08 A2 1C,........,False,False,False
2026-01-21T16:52:01.336797,39.095664,RX,0x123,8,1D 1E 1F 20 00 08 A2 1D,... ....,False,False,False
2026-01-21T16:52:01.338343,39.097210,RX,0x123,8,1E 1F 20 21 00 08 A2 1E,.. !....,False,False,False
2026-01-21T16:52:01.339708,39.098576,RX,0x123,8,1F 20 21 22 00 08 A2 1F,". !""....",False,False,False
2026-01-21T16:52:01.341557,39.100424,RX,0x123,8,20 21 22 23 00 08 A2 20," !""#... ",False,False,False
2026-01-21T16:52:01.343137,39.102004,RX,0x123,8,21 22 23 24 00 08 A2 21,"!""#$...!",False,False,False
2026-01-21T16:52:01.344559,39.103426,RX,0x123,8,22 23 24 25 00 08 A2 22,"""#$%...""",False,False,False
2026-01-21T16:52:01.346163,39.105030,RX,0x123,8,23 24 25 26 00 08 A2 23,#$%&...#,False,False,False
2026-01-21T16:52:01.347602,39.106469,RX,0x123,8,24 25 26 27 00 08 A2 24,$%&'...$,False,False,False
2026-01-21T16:52:01.349009,39.107876,RX,0x123,8,25 26 27 28 00 08 A2 25,%&'(...%,False,False,False
2026-01-21T16:52:01.350736,39.109603,RX,0x123,8,26 27 28 29 00 08 A2 26,&'()...&,False,False,False
2026-01-21T16:52:01.352317,39.111185,RX,0x123,8,27 28 29 2A 00 08 A2 27,'()*...',False,False,False
2026-01-21T16:52:01.353807,39.112674,RX,0x123,8,28 29 2A 2B 00 08 A2 28,()*+...(,False,False,False
2026-01-21T16:52:01.355219,39.114085,RX,0x123,8,29 2A 2B 2C 00 08 A2 29,")*+,...)",False,False,False
2026-01-21T16:52:01.357002,39.115869,RX,0x123,8,2A 2B 2C 2D 00 08 A2 2A,"*+,-...*",False,False,False
2026-01-21T16:52:01.358850,39.117717,RX,0x123,8,2B 2C 2D 2E 00 08 A2 2B,"+,-....+",False,False,False
2026-01-21T16:52:01.360297,39.119164,RX,0x123,8,2C 2D 2E 2F 00 08 A2 2C,",-./...,",False,False,False
2026-01-21T16:52:01.361303,39.120170,RX,0x123,8,2D 2E 2F 30 00 08 A2 2D,-./0...-,False,False,False
2026-01-21T16:52:01.363108,39.121975,RX,0x123,8,2E 2F 30 31 00 08 A2 2E,./01....,False,False,False
2026-01-21T16:52:01.365220,39.124087,RX,0x123,8,2F 30 31 32 00 08 A2 2F,/012.../,False,False,False
2026-01-21T16:52:01.366778,39.125645,RX,0x123,8,30 31 32 33 00 08 A2 30,0123...0,False,False,False
2026-01-21T16:52:01.368127,39.126993,RX,0x123,8,31 32 33 34 00 08 A2 31,1234...1,False,False,False
2026-01-21T16:52:01.369703,39.128570,RX,0x123,8,32 33 34 35 00 08 A2 32,2345...2,False,False,False
2026-01-21T16:52:01.371347,39.130214,RX,0x123,8,33 34 35 36 00 08 A2 33,3456...3,False,False,False
2026-01-21T16:52:01.373513,39.132002,RX,0x123,8,34 35 36 37 00 08 A2 34,4567...4,False,False,False
2026-01-21T16:52:01.375024,39.133891,RX,0x123,8,35 36 37 38 00 08 A2 35,5678...5,False,False,False
2026-01-21T16:52:01.377485,39.136352,RX,0x123,8,36 37 38 39 00 08 A2 36,6789...6,False,False,False
2026-01-21T16:52:01.379381,39.138248,RX,0x123,8,37 38 39 3A 00 08 A2 37,789:...7,False,False,False
2026-01-21T16:52:01.380903,39.139770,RX,0x123,8,38 39 3A 3B 00 08 A2 38,89:;...8,False,False,False
2026-01-21T16:52:01.382297,39.141164,RX,0x123,8,39 3A 3B 3C 00 08 A2 39,9:;<...9,False,False,False
2026-01-21T16:52:01.383817,39.142684,RX,0x123,8,3A 3B 3C 3D 00 08 A2 3A,:;<=...:,False,False,False
2026-01-21T16:52:01.385206,39.144073,RX,0x123,8,3B 3C 3D 3E 00 08 A2 3B,;<=>...;,False,False,False
2026-01-21T16:52:01.387227,39.146094,RX,0x123,8,3C 3D 3E 3F 00 08 A2 3C,<=>?...<,False,False,False
2026-01-21T16:52:01.388734,39.147602,RX,0x123,8,3D 3E 3F 40 00 08 A2 3D,=>?@...=,False,False,False
2026-01-21T16:52:01.391172,39.150039,RX,0x123,8,3E 3F 40 41 00 08 A2 3E,>?@A...>,False,False,False
2026-01-21T16:52:01.393128,39.151995,RX,0x123,8,3F 40 41 42 00 08 A2 3F,?@AB...?,False,False,False
2026-01-21T16:52:01.394591,39.153458,RX,0x123,8,40 41 42 43 00 08 A2 40,@ABC...@,False,False,False
2026-01-21T16:52:01.395955,39.154821,RX,0x123,8,41 42 43 44 00 08 A2 41,ABCD...A,False,False,False
2026-01-21T16:52:01.397347,39.156214,RX,0x123,8,42 43 44 45 00 08 A2 42,BCDE...B,False,False,False
2026-01-21T16:52:01.398359,39.157226,RX,0x123,8,43 44 45 46 00 08 A2 43,CDEF...C,False,False,False
2026-01-21T16:52:01.401129,39.159996,RX,0x123,8,44 45 46 47 00 08 A2 44,DEFG...D,False,False,False
2026-01-21T16:52:01.402857,39.161724,RX,0x123,8,45 46 47 48 00 08 A2 45,EFGH...E,False,False,False
2026-01-21T16:52:01.404362,39.163229,RX,0x123,8,46 47 48 49 00 08 A2 46,FGHI...F,False,False,False
2026-01-21T16:52:01.405761,39.164628,RX,0x123,8,47 48 49 4A 00 08 A2 47,GHIJ...G,False,False,False
2026-01-21T16:52:01.407334,39.166201,RX,0x123,8,48 49 4A 4B 00 08 A2 48,HIJK...H,False,False,False
2026-01-21T16:52:01.408947,39.167814,RX,0x123,8,49 4A 4B 4C 00 08 A2 49,IJKL...I,False,False,False
2026-01-21T16:52:01.410655,39.169522,RX,0x123,8,4A 4B 4C 4D 00 08 A2 4A,JKLM...J,False,False,False
2026-01-21T16:52:01.412257,39.171124,RX,0x123,8,4B 4C 4D 4E 00 08 A2 4B,KLMN...K,False,False,False
2026-01-21T16:52:01.414213,39.173080,RX,0x123,8,4C 4D 4E 4F 00 08 A2 4C,LMNO...L,False,False,False
2026-01-21T16:52:01.415737,39.174604,RX,0x123,8,4D 4E 4F 50 00 08 A2 4D,MNOP...M,False,False,False
2026-01-21T16:52:01.417189,39.176056,RX,0x123,8,4E 4F 50 51 00 08 A2 4E,NOPQ...N,False,False,False
2026-01-21T16:52:01.418574,39.177441,RX,0x123,8,4F 50 51 52 00 08 A2 4F,OPQR...O,False,False,False
2026-01-21T16:52:01.420063,39.178930,RX,0x123,8,50 51 52 53 00 08 A2 50,PQRS...P,False,False,False
2026-01-21T16:52:01.421831,39.180698,RX,0x123,8,51 52 53 54 00 08 A2 51,QRST...Q,False,False,False
2026-01-21T16:52:01.422847,39.181714,RX,0x123,8,52 53 54 55 00 08 A2 52,RSTU...R,False,False,False
2026-01-21T16:52:01.425004,39.183871,RX,0x123,8,53 54 55 56 00 08 A2 53,STUV...S,False,False,False
2026-01-21T16:52:01.426642,39.185509,RX,0x123,8,54 55 56 57 00 08 A2 54,TUVW...T,False,False,False
2026-01-21T16:52:01.428622,39.187489,RX,0x123,8,55 56 57 58 00 08 A2 55,UVWX...U,False,False,False
2026-01-21T16:52:01.430132,39.188999,RX,0x123,8,56 57 58 59 00 08 A2 56,VWXY...V,False,False,False
2026-01-21T16:52:01.431481,39.190348,RX,0x123,8,57 58 59 5A 00 08 A2 57,WXYZ...W,False,False,False
2026-01-21T16:52:01.432811,39.191678,RX,0x123,8,58 59 5A 5B 00 08 A2 58,XYZ[...X,False,False,False
2026-01-21T16:52:01.434613,39.193480,RX,0x123,8,59 5A 5B 5C 00 08 A2 59,YZ[\...Y,False,False,False
2026-01-21T16:52:01.436121,39.194988,RX,0x123,8,5A 5B 5C 5D 00 08 A2 5A,Z[\]...Z,False,False,False
2026-01-21T16:52:01.437801,39.196668,RX,0x123,8,5B 5C 5D 5E 00 08 A2 5B,[\]^...[,False,False,False
2026-01-21T16:52:01.439545,39.198412,RX,0x123,8,5C 5D 5E 5F 00 08 A2 5C,\]^_...\,False,False,False
2026-01-21T16:52:01.441427,39.200294,RX,0x123,8,5D 5E 5F 60 00 08 A2 5D,]^_`...],False,False,False
2026-01-21T16:52:01.443163,39.202030,RX,0x123,8,5E 5F 60 61 00 08 A2 5E,^_`a...^,False,False,False
2026-01-21T16:52:01.444877,39.203744,RX,0x123,8,5F 60 61 62 00 08 A2 5F,_`ab..._,False,False,False
2026-01-21T16:52:01.446487,39.205353,RX,0x123,8,60 61 62 63 00 08 A2 60,`abc...`,False,False,False
2026-01-21T16:52:01.448118,39.206985,RX,0x123,8,61 62 63 64 00 08 A2 61,abcd...a,False,False,False
2026-01-21T16:52:01.449646,39.208513,RX,0x123,8,62 63 64 65 00 08 A2 62,bcde...b,False,False,False
2026-01-21T16:52:01.451467,39.210334,RX,0x123,8,63 64 65 66 00 08 A2 63,cdef...c,False,False,False
2026-01-21T16:52:01.453284,39.212151,RX,0x123,8,64 65 66 67 00 08 A2 64,defg...d,False,False,False
2026-01-21T16:52:01.455625,39.214492,RX,0x123,8,65 66 67 68 00 08 A2 65,efgh...e,False,False,False
2026-01-21T16:52:01.458202,39.217069,RX,0x123,8,66 67 68 69 00 08 A2 66,fghi...f,False,False,False
2026-01-21T16:52:01.459678,39.218545,RX,0x123,8,67 68 69 6A 00 08 A2 67,ghij...g,False,False,False
2026-01-21T16:52:01.461368,39.220235,RX,0x123,8,68 69 6A 6B 00 08 A2 68,hijk...h,False,False,False
2026-01-21T16:52:01.462944,39.221811,RX,0x123,8,69 6A 6B 6C 00 08 A2 69,ijkl...i,False,False,False
2026-01-21T16:52:01.464714,39.223581,RX,0x123,8,6A 6B 6C 6D 00 08 A2 6A,jklm...j,False,False,False
2026-01-21T16:52:01.466451,39.225317,RX,0x123,8,6B 6C 6D 6E 00 08 A2 6B,klmn...k,False,False,False
2026-01-21T16:52:01.468009,39.226876,RX,0x123,8,6C 6D 6E 6F 00 08 A2 6C,lmno...l,False,False,False
2026-01-21T16:52:01.469987,39.228854,RX,0x123,8,6D 6E 6F 70 00 08 A2 6D,mnop...m,False,False,False
2026-01-21T16:52:01.472215,39.231082,RX,0x123,8,6E 6F 70 71 00 08 A2 6E,nopq...n,False,False,False
2026-01-21T16:52:01.474205,39.233072,RX,0x123,8,6F 70 71 72 00 08 A2 6F,opqr...o,False,False,False
2026-01-21T16:52:01.476614,39.235482,RX,0x123,8,70 71 72 73 00 08 A2 70,pqrs...p,False,False,False
2026-01-21T16:52:01.478697,39.237564,RX,0x123,8,71 72 73 74 00 08 A2 71,qrst...q,False,False,False
2026-01-21T16:52:01.480280,39.239147,RX,0x123,8,72 73 74 75 00 08 A2 72,rstu...r,False,False,False
2026-01-21T16:52:01.481718,39.240585,RX,0x123,8,73 74 75 76 00 08 A2 73,stuv...s,False,False,False
2026-01-21T16:52:01.483056,39.241923,RX,0x123,8,74 75 76 77 00 08 A2 74,tuvw...t,False,False,False
2026-01-21T16:52:01.484730,39.243597,RX,0x123,8,75 76 77 78 00 08 A2 75,uvwx...u,False,False,False
2026-01-21T16:52:01.486297,39.245164,RX,0x123,8,76 77 78 79 00 08 A2 76,vwxy...v,False,False,False
2026-01-21T16:52:01.488280,39.247147,RX,0x123,8,77 78 79 7A 00 08 A2 77,wxyz...w,False,False,False
2026-01-21T16:52:01.490473,39.249340,RX,0x123,8,78 79 7A 7B 00 08 A2 78,xyz{...x,False,False,False
2026-01-21T16:52:01.492394,39.251261,RX,0x123,8,79 7A 7B 7C 00 08 A2 79,yz{|...y,False,False,False
2026-01-21T16:52:01.493955,39.252822,RX,0x123,8,7A 7B 7C 7D 00 08 A2 7A,z{|}...z,False,False,False
2026-01-21T16:52:01.495540,39.254407,RX,0x123,8,7B 7C 7D 7E 00 08 A2 7B,{|}~...{,False,False,False
2026-01-21T16:52:01.496552,39.255419,RX,0x123,8,7C 7D 7E 7F 00 08 A2 7C,|}~....|,False,False,False
2026-01-21T16:52:01.498335,39.257202,RX,0x123,8,7D 7E 7F 80 00 08 A2 7D,}~.....},False,False,False
2026-01-21T16:52:01.500573,39.259440,RX,0x123,8,7E 7F 80 81 00 08 A2 7E,~......~,False,False,False
2026-01-21T16:52:01.501915,39.260782,RX,0x123,8,7F 80 81 82 00 08 A2 7F,........,False,False,False
2026-01-21T16:52:01.503502,39.262369,RX,0x123,8,80 81 82 83 00 08 A2 80,........,False,False,False
2026-01-21T16:52:01.504810,39.263677,RX,0x123,8,81 82 83 84 00 08 A2 81,........,False,False,False
2026-01-21T16:52:01.506225,39.265092,RX,0x123,8,82 83 84 85 00 08 A2 82,........,False,False,False
2026-01-21T16:52:01.507557,39.266424,RX,0x123,8,83 84 85 86 00 08 A2 83,........,False,False,False
2026-01-21T16:52:01.509253,39.268120,RX,0x123,8,84 85 86 87 00 08 A2 84,........,False,False,False
2026-01-21T16:52:01.510934,39.269801,RX,0x123,8,85 86 87 88 00 08 A2 85,........,False,False,False
2026-01-21T16:52:01.512547,39.271414,RX,0x123,8,86 87 88 89 00 08 A2 86,........,False,False,False
2026-01-21T16:52:01.514114,39.272981,RX,0x123,8,87 88 89 8A 00 08 A2 87,........,False,False,False
2026-01-21T16:52:01.515653,39.274520,RX,0x123,8,88 89 8A 8B 00 08 A2 88,........,False,False,False
2026-01-21T16:52:01.517023,39.275890,RX,0x123,8,89 8A 8B 8C 00 08 A2 89,........,False,False,False
2026-01-21T16:52:01.518427,39.277294,RX,0x123,8,8A 8B 8C 8D 00 08 A2 8A,........,False,False,False
2026-01-21T16:52:01.519800,39.278667,RX,0x123,8,8B 8C 8D 8E 00 08 A2 8B,........,False,False,False
2026-01-21T16:52:01.520812,39.279679,RX,0x123,8,8C 8D 8E 8F 00 08 A2 8C,........,False,False,False
2026-01-21T16:52:01.522598,39.281464,RX,0x123,8,8D 8E 8F 90 00 08 A2 8D,........,False,False,False
2026-01-21T16:52:01.524664,39.283531,RX,0x123,8,8E 8F 90 91 00 08 A2 8E,........,False,False,False
2026-01-21T16:52:01.526187,39.285053,RX,0x123,8,8F 90 91 92 00 08 A2 8F,........,False,False,False
2026-01-21T16:52:01.528453,39.287320,RX,0x123,8,90 91 92 93 00 08 A2 90,........,False,False,False
2026-01-21T16:52:01.530387,39.289254,RX,0x123,8,91 92 93 94 00 08 A2 91,........,False,False,False
2026-01-21T16:52:01.531730,39.290597,RX,0x123,8,92 93 94 95 00 08 A2 92,........,False,False,False
2026-01-21T16:52:01.532741,39.291608,RX,0x123,8,93 94 95 96 00 08 A2 93,........,False,False,False
2026-01-21T16:52:01.534827,39.293694,RX,0x123,8,94 95 96 97 00 08 A2 94,........,False,False,False
2026-01-21T16:52:01.536157,39.295024,RX,0x123,8,95 96 97 98 00 08 A2 95,........,False,False,False
2026-01-21T16:52:01.537477,39.296344,RX,0x123,8,96 97 98 99 00 08 A2 96,........,False,False,False
2026-01-21T16:52:01.539112,39.297979,RX,0x123,8,97 98 99 9A 00 08 A2 97,........,False,False,False
2026-01-21T16:52:01.541018,39.299885,RX,0x123,8,98 99 9A 9B 00 08 A2 98,........,False,False,False
2026-01-21T16:52:01.543323,39.302190,RX,0x123,8,99 9A 9B 9C 00 08 A2 99,........,False,False,False
2026-01-21T16:52:01.545278,39.304145,RX,0x123,8,9A 9B 9C 9D 00 08 A2 9A,........,False,False,False
2026-01-21T16:52:01.547087,39.305954,RX,0x123,8,9B 9C 9D 9E 00 08 A2 9B,........,False,False,False
2026-01-21T16:52:01.548945,39.307812,RX,0x123,8,9C 9D 9E 9F 00 08 A2 9C,........,False,False,False
2026-01-21T16:52:01.551416,39.310283,RX,0x123,8,9D 9E 9F A0 00 08 A2 9D,........,False,False,False
2026-01-21T16:52:01.553581,39.312448,RX,0x123,8,9E 9F A0 A1 00 08 A2 9E,........,False,False,False
2026-01-21T16:52:01.555112,39.313979,RX,0x123,8,9F A0 A1 A2 00 08 A2 9F,........,False,False,False
2026-01-21T16:52:01.556638,39.315505,RX,0x123,8,A0 A1 A2 A3 00 08 A2 A0,........,False,False,False
2026-01-21T16:52:01.558160,39.317027,RX,0x123,8,A1 A2 A3 A4 00 08 A2 A1,........,False,False,False
2026-01-21T16:52:01.559610,39.318477,RX,0x123,8,A2 A3 A4 A5 00 08 A2 A2,........,False,False,False
2026-01-21T16:52:01.561227,39.320094,RX,0x123,8,A3 A4 A5 A6 00 08 A2 A3,........,False,False,False
2026-01-21T16:52:01.563150,39.322017,RX,0x123,8,A4 A5 A6 A7 00 08 A2 A4,........,False,False,False
2026-01-21T16:52:01.565374,39.324241,RX,0x123,8,A5 A6 A7 A8 00 08 A2 A5,........,False,False,False
2026-01-21T16:52:01.566931,39.325798,RX,0x123,8,A6 A7 A8 A9 00 08 A2 A6,........,False,False,False
2026-01-21T16:52:01.568555,39.327422,RX,0x123,8,A7 A8 A9 AA 00 08 A2 A7,........,False,False,False
2026-01-21T16:52:01.570041,39.328908,RX,0x123,8,A8 A9 AA AB 00 08 A2 A8,........,False,False,False
2026-01-21T16:52:01.571566,39.330433,RX,0x123,8,A9 AA AB AC 00 08 A2 A9,........,False,False,False
2026-01-21T16:52:01.573206,39.332073,RX,0x123,8,AA AB AC AD 00 08 A2 AA,........,False,False,False
2026-01-21T16:52:01.574732,39.333599,RX,0x123,8,AB AC AD AE 00 08 A2 AB,........,False,False,False
2026-01-21T16:52:01.576257,39.335124,RX,0x123,8,AC AD AE AF 00 08 A2 AC,........,False,False,False
2026-01-21T16:52:01.577752,39.336619,RX,0x123,8,AD AE AF B0 00 08 A2 AD,........,False,False,False
2026-01-21T16:52:01.579179,39.338046,RX,0x123,8,AE AF B0 B1 00 08 A2 AE,........,False,False,False
2026-01-21T16:52:01.580499,39.339366,RX,0x123,8,AF B0 B1 B2 00 08 A2 AF,........,False,False,False
2026-01-21T16:52:01.582053,39.340920,RX,0x123,8,B0 B1 B2 B3 00 08 A2 B0,........,False,False,False
2026-01-21T16:52:01.583436,39.342303,RX,0x123,8,B1 B2 B3 B4 00 08 A2 B1,........,False,False,False
2026-01-21T16:52:01.584762,39.343629,RX,0x123,8,B2 B3 B4 B5 00 08 A2 B2,........,False,False,False
2026-01-21T16:52:01.586186,39.345054,RX,0x123,8,B3 B4 B5 B6 00 08 A2 B3,........,False,False,False
2026-01-21T16:52:01.587193,39.346060,RX,0x123,8,B4 B5 B6 B7 00 08 A2 B4,........,False,False,False
2026-01-21T16:52:01.589408,39.348275,RX,0x123,8,B5 B6 B7 B8 00 08 A2 B5,........,False,False,False
2026-01-21T16:52:01.590943,39.349811,RX,0x123,8,B6 B7 B8 B9 00 08 A2 B6,........,False,False,False
2026-01-21T16:52:01.592496,39.351363,RX,0x123,8,B7 B8 B9 BA 00 08 A2 B7,........,False,False,False
2026-01-21T16:52:01.593800,39.352667,RX,0x123,8,B8 B9 BA BB 00 08 A2 B8,........,False,False,False
2026-01-21T16:52:01.596191,39.355058,RX,0x123,8,B9 BA BB BC 00 08 A2 B9,........,False,False,False
2026-01-21T16:52:01.597780,39.356647,RX,0x123,8,BA BB BC BD 00 08 A2 BA,........,False,False,False
2026-01-21T16:52:01.599223,39.358090,RX,0x123,8,BB BC BD BE 00 08 A2 BB,........,False,False,False
2026-01-21T16:52:01.600650,39.359517,RX,0x123,8,BC BD BE BF 00 08 A2 BC,........,False,False,False
2026-01-21T16:52:01.602189,39.361056,RX,0x123,8,BD BE BF C0 00 08 A2 BD,........,False,False,False
2026-01-21T16:52:01.603520,39.362387,RX,0x123,8,BE BF C0 C1 00 08 A2 BE,........,False,False,False
2026-01-21T16:52:01.605194,39.364061,RX,0x123,8,BF C0 C1 C2 00 08 A2 BF,........,False,False,False
2026-01-21T16:52:01.607285,39.366152,RX,0x123,8,C0 C1 C2 C3 00 08 A2 C0,........,False,False,False
2026-01-21T16:52:01.608687,39.367554,RX,0x123,8,C1 C2 C3 C4 00 08 A2 C1,........,False,False,False
2026-01-21T16:52:01.610167,39.369034,RX,0x123,8,C2 C3 C4 C5 00 08 A2 C2,........,False,False,False
2026-01-21T16:52:01.611596,39.370463,RX,0x123,8,C3 C4 C5 C6 00 08 A2 C3,........,False,False,False
2026-01-21T16:52:01.612603,39.371470,RX,0x123,8,C4 C5 C6 C7 00 08 A2 C4,........,False,False,False
2026-01-21T16:52:01.614960,39.373827,RX,0x123,8,C5 C6 C7 C8 00 08 A2 C5,........,False,False,False
2026-01-21T16:52:01.616929,39.375796,RX,0x123,8,C6 C7 C8 C9 00 08 A2 C6,........,False,False,False
2026-01-21T16:52:01.618963,39.377830,RX,0x123,8,C7 C8 C9 CA 00 08 A2 C7,........,False,False,False
2026-01-21T16:52:01.620451,39.379318,RX,0x123,8,C8 C9 CA CB 00 08 A2 C8,........,False,False,False
2026-01-21T16:52:01.621896,39.380763,RX,0x123,8,C9 CA CB CC 00 08 A2 C9,........,False,False,False
2026-01-21T16:52:01.622907,39.381774,RX,0x123,8,CA CB CC CD 00 08 A2 CA,........,False,False,False
2026-01-21T16:52:01.625954,39.384391,RX,0x123,8,CB CC CD CE 00 08 A2 CB,........,False,False,False
2026-01-21T16:52:01.627826,39.386693,RX,0x123,8,CC CD CE CF 00 08 A2 CC,........,False,False,False
2026-01-21T16:52:01.629646,39.388513,RX,0x123,8,CD CE CF D0 00 08 A2 CD,........,False,False,False
2026-01-21T16:52:01.631369,39.390236,RX,0x123,8,CE CF D0 D1 00 08 A2 CE,........,False,False,False
2026-01-21T16:52:01.633923,39.392790,RX,0x123,8,CF D0 D1 D2 00 08 A2 CF,........,False,False,False
2026-01-21T16:52:01.635658,39.394525,RX,0x123,8,D0 D1 D2 D3 00 08 A2 D0,........,False,False,False
2026-01-21T16:52:01.638184,39.397051,RX,0x123,8,D1 D2 D3 D4 00 08 A2 D1,........,False,False,False
2026-01-21T16:52:01.639964,39.398831,RX,0x123,8,D2 D3 D4 D5 00 08 A2 D2,........,False,False,False
2026-01-21T16:52:01.641569,39.400436,RX,0x123,8,D3 D4 D5 D6 00 08 A2 D3,........,False,False,False
2026-01-21T16:52:01.643187,39.402054,RX,0x123,8,D4 D5 D6 D7 00 08 A2 D4,........,False,False,False
2026-01-21T16:52:01.645191,39.404058,RX,0x123,8,D5 D6 D7 D8 00 08 A2 D5,........,False,False,False
2026-01-21T16:52:01.647266,39.406133,RX,0x123,8,D6 D7 D8 D9 00 08 A2 D6,........,False,False,False
2026-01-21T16:52:01.648277,39.407144,RX,0x123,8,D7 D8 D9 DA 00 08 A2 D7,........,False,False,False
2026-01-21T16:52:01.650078,39.408945,RX,0x123,8,D8 D9 DA DB 00 08 A2 D8,........,False,False,False
2026-01-21T16:52:01.652260,39.411127,RX,0x123,8,D9 DA DB DC 00 08 A2 D9,........,False,False,False
2026-01-21T16:52:01.653722,39.412589,RX,0x123,8,DA DB DC DD 00 08 A2 DA,........,False,False,False
2026-01-21T16:52:01.655082,39.413949,RX,0x123,8,DB DC DD DE 00 08 A2 DB,........,False,False,False
2026-01-21T16:52:01.656501,39.415368,RX,0x123,8,DC DD DE DF 00 08 A2 DC,........,False,False,False
2026-01-21T16:52:01.658035,39.416902,RX,0x123,8,DD DE DF E0 00 08 A2 DD,........,False,False,False
2026-01-21T16:52:01.659634,39.418501,RX,0x123,8,DE DF E0 E1 00 08 A2 DE,........,False,False,False
2026-01-21T16:52:01.661024,39.419891,RX,0x123,8,DF E0 E1 E2 00 08 A2 DF,........,False,False,False
2026-01-21T16:52:01.662491,39.421358,RX,0x123,8,E0 E1 E2 E3 00 08 A2 E0,........,False,False,False
2026-01-21T16:52:01.664150,39.423017,RX,0x123,8,E1 E2 E3 E4 00 08 A2 E1,........,False,False,False
2026-01-21T16:52:01.665531,39.424398,RX,0x123,8,E2 E3 E4 E5 00 08 A2 E2,........,False,False,False
2026-01-21T16:52:01.667089,39.425956,RX,0x123,8,E3 E4 E5 E6 00 08 A2 E3,........,False,False,False
2026-01-21T16:52:01.668493,39.427360,RX,0x123,8,E4 E5 E6 E7 00 08 A2 E4,........,False,False,False
2026-01-21T16:52:01.669981,39.428848,RX,0x123,8,E5 E6 E7 E8 00 08 A2 E5,........,False,False,False
2026-01-21T16:52:01.671466,39.430332,RX,0x123,8,E6 E7 E8 E9 00 08 A2 E6,........,False,False,False
2026-01-21T16:52:01.673195,39.432062,RX,0x123,8,E7 E8 E9 EA 00 08 A2 E7,........,False,False,False
2026-01-21T16:52:01.675023,39.433890,RX,0x123,8,E8 E9 EA EB 00 08 A2 E8,........,False,False,False
2026-01-21T16:52:01.676801,39.435668,RX,0x123,8,E9 EA EB EC 00 08 A2 E9,........,False,False,False
2026-01-21T16:52:01.678450,39.437317,RX,0x123,8,EA EB EC ED 00 08 A2 EA,........,False,False,False
2026-01-21T16:52:01.679875,39.438742,RX,0x123,8,EB EC ED EE 00 08 A2 EB,........,False,False,False
2026-01-21T16:52:01.681413,39.440280,RX,0x123,8,EC ED EE EF 00 08 A2 EC,........,False,False,False
2026-01-21T16:52:01.682928,39.441795,RX,0x123,8,ED EE EF F0 00 08 A2 ED,........,False,False,False
2026-01-21T16:52:01.684958,39.443825,RX,0x123,8,EE EF F0 F1 00 08 A2 EE,........,False,False,False
2026-01-21T16:52:01.686526,39.445394,RX,0x123,8,EF F0 F1 F2 00 08 A2 EF,........,False,False,False
2026-01-21T16:52:01.688036,39.446903,RX,0x123,8,F0 F1 F2 F3 00 08 A2 F0,........,False,False,False
2026-01-21T16:52:01.689695,39.448562,RX,0x123,8,F1 F2 F3 F4 00 08 A2 F1,........,False,False,False
2026-01-21T16:52:01.691929,39.450796,RX,0x123,8,F2 F3 F4 F5 00 08 A2 F2,........,False,False,False
2026-01-21T16:52:01.693764,39.452631,RX,0x123,8,F3 F4 F5 F6 00 08 A2 F3,........,False,False,False
2026-01-21T16:52:01.695484,39.454351,RX,0x123,8,F4 F5 F6 F7 00 08 A2 F4,........,False,False,False
2026-01-21T16:52:01.697913,39.456780,RX,0x123,8,F5 F6 F7 F8 00 08 A2 F5,........,False,False,False
2026-01-21T16:52:01.699741,39.458608,RX,0x123,8,F6 F7 F8 F9 00 08 A2 F6,........,False,False,False
2026-01-21T16:52:01.701905,39.460772,RX,0x123,8,F7 F8 F9 FA 00 08 A2 F7,........,False,False,False
2026-01-21T16:52:01.703682,39.462549,RX,0x123,8,F8 F9 FA FB 00 08 A2 F8,........,False,False,False
2026-01-21T16:52:01.705377,39.464244,RX,0x123,8,F9 FA FB FC 00 08 A2 F9,........,False,False,False
2026-01-21T16:52:01.707233,39.466100,RX,0x123,8,FA FB FC FD 00 08 A2 FA,........,False,False,False
2026-01-21T16:52:01.708959,39.467826,RX,0x123,8,FB FC FD FE 00 08 A2 FB,........,False,False,False
2026-01-21T16:52:01.710804,39.469671,RX,0x123,8,FC FD FE FF 00 08 A2 FC,........,False,False,False
2026-01-21T16:52:01.712422,39.471289,RX,0x123,8,FD FE FF 00 00 08 A2 FD,........,False,False,False
2026-01-21T16:52:01.713777,39.472644,RX,0x123,8,FE FF 00 01 00 08 A2 FE,........,False,False,False
2026-01-21T16:52:01.714782,39.473649,RX,0x123,8,FF 00 01 02 00 08 A2 FF,........,False,False,False
2026-01-21T16:52:01.717017,39.475884,RX,0x123,8,00 01 02 03 00 08 A3 00,........,False,False,False
2026-01-21T16:52:01.718455,39.477322,RX,0x123,8,01 02 03 04 00 08 A3 01,........,False,False,False
2026-01-21T16:52:01.720288,39.479155,RX,0x123,8,02 03 04 05 00 08 A3 02,........,False,False,False
2026-01-21T16:52:01.721951,39.480818,RX,0x123,8,03 04 05 06 00 08 A3 03,........,False,False,False
2026-01-21T16:52:01.723018,39.481886,RX,0x123,8,04 05 06 07 00 08 A3 04,........,False,False,False
2026-01-21T16:52:01.725489,39.484356,RX,0x123,8,05 06 07 08 00 08 A3 05,........,False,False,False
2026-01-21T16:52:01.727143,39.486010,RX,0x123,8,06 07 08 09 00 08 A3 06,........,False,False,False
2026-01-21T16:52:01.728634,39.487501,RX,0x123,8,07 08 09 0A 00 08 A3 07,........,False,False,False
2026-01-21T16:52:01.729708,39.488575,RX,0x123,8,08 09 0A 0B 00 08 A3 08,........,False,False,False
2026-01-21T16:52:01.731499,39.490366,RX,0x123,8,09 0A 0B 0C 00 08 A3 09,........,False,False,False
2026-01-21T16:52:01.733301,39.492168,RX,0x123,8,0A 0B 0C 0D 00 08 A3 0A,........,False,False,False
2026-01-21T16:52:01.735577,39.494444,RX,0x123,8,0B 0C 0D 0E 00 08 A3 0B,........,False,False,False
2026-01-21T16:52:01.737178,39.496045,RX,0x123,8,0C 0D 0E 0F 00 08 A3 0C,........,False,False,False
2026-01-21T16:52:01.738183,39.497050,RX,0x123,8,0D 0E 0F 10 00 08 A3 0D,........,False,False,False
2026-01-21T16:52:01.740350,39.499217,RX,0x123,8,0E 0F 10 11 00 08 A3 0E,........,False,False,False
2026-01-21T16:52:01.741668,39.500535,RX,0x123,8,0F 10 11 12 00 08 A3 0F,........,False,False,False
2026-01-21T16:52:01.742680,39.501547,RX,0x123,8,10 11 12 13 00 08 A3 10,........,False,False,False
2026-01-21T16:52:01.744878,39.503745,RX,0x123,8,11 12 13 14 00 08 A3 11,........,False,False,False
2026-01-21T16:52:01.745889,39.504756,RX,0x123,8,12 13 14 15 00 08 A3 12,........,False,False,False
2026-01-21T16:52:01.747631,39.506498,RX,0x123,8,13 14 15 16 00 08 A3 13,........,False,False,False
2026-01-21T16:52:01.749376,39.508243,RX,0x123,8,14 15 16 17 00 08 A3 14,........,False,False,False
2026-01-21T16:52:01.751687,39.510554,RX,0x123,8,15 16 17 18 00 08 A3 15,........,False,False,False
2026-01-21T16:52:01.753025,39.511892,RX,0x123,8,16 17 18 19 00 08 A3 16,........,False,False,False
2026-01-21T16:52:01.754386,39.513253,RX,0x123,8,17 18 19 1A 00 08 A3 17,........,False,False,False
2026-01-21T16:52:01.755873,39.514740,RX,0x123,8,18 19 1A 1B 00 08 A3 18,........,False,False,False
2026-01-21T16:52:01.757286,39.516153,RX,0x123,8,19 1A 1B 1C 00 08 A3 19,........,False,False,False
2026-01-21T16:52:01.758845,39.517713,RX,0x123,8,1A 1B 1C 1D 00 08 A3 1A,........,False,False,False
2026-01-21T16:52:01.760518,39.519385,RX,0x123,8,1B 1C 1D 1E 00 08 A3 1B,........,False,False,False
2026-01-21T16:52:01.762295,39.520398,RX,0x123,8,1C 1D 1E 1F 00 08 A3 1C,........,False,False,False
2026-01-21T16:52:01.764073,39.522940,RX,0x123,8,1D 1E 1F 20 00 08 A3 1D,... ....,False,False,False
2026-01-21T16:52:01.766567,39.525434,RX,0x123,8,1E 1F 20 21 00 08 A3 1E,.. !....,False,False,False
2026-01-21T16:52:01.768497,39.527364,RX,0x123,8,1F 20 21 22 00 08 A3 1F,". !""....",False,False,False
2026-01-21T16:52:01.770086,39.528954,RX,0x123,8,20 21 22 23 00 08 A3 20," !""#... ",False,False,False
2026-01-21T16:52:01.772060,39.530927,RX,0x123,8,21 22 23 24 00 08 A3 21,"!""#$...!",False,False,False
2026-01-21T16:52:01.774521,39.533388,RX,0x123,8,22 23 24 25 00 08 A3 22,"""#$%...""",False,False,False
2026-01-21T16:52:01.775830,39.534697,RX,0x123,8,23 24 25 26 00 08 A3 23,#$%&...#,False,False,False
2026-01-21T16:52:01.778611,39.537478,RX,0x123,8,24 25 26 27 00 08 A3 24,$%&'...$,False,False,False
2026-01-21T16:52:01.780373,39.539240,RX,0x123,8,25 26 27 28 00 08 A3 25,%&'(...%,False,False,False
2026-01-21T16:52:01.782086,39.540953,RX,0x123,8,26 27 28 29 00 08 A3 26,&'()...&,False,False,False
2026-01-21T16:52:01.783201,39.542068,RX,0x123,8,27 28 29 2A 00 08 A3 27,'()*...',False,False,False
2026-01-21T16:52:01.785550,39.544417,RX,0x123,8,28 29 2A 2B 00 08 A3 28,()*+...(,False,False,False
2026-01-21T16:52:01.787041,39.545908,RX,0x123,8,29 2A 2B 2C 00 08 A3 29,")*+,...)",False,False,False
2026-01-21T16:52:01.788502,39.547369,RX,0x123,8,2A 2B 2C 2D 00 08 A3 2A,"*+,-...*",False,False,False
2026-01-21T16:52:01.790282,39.549149,RX,0x123,8,2B 2C 2D 2E 00 08 A3 2B,"+,-....+",False,False,False
2026-01-21T16:52:01.792115,39.550982,RX,0x123,8,2C 2D 2E 2F 00 08 A3 2C,",-./...,",False,False,False
2026-01-21T16:52:01.793715,39.552582,RX,0x123,8,2D 2E 2F 30 00 08 A3 2D,-./0...-,False,False,False
2026-01-21T16:52:01.795545,39.554412,RX,0x123,8,2E 2F 30 31 00 08 A3 2E,./01....,False,False,False
2026-01-21T16:52:01.797226,39.556093,RX,0x123,8,2F 30 31 32 00 08 A3 2F,/012.../,False,False,False
2026-01-21T16:52:01.799103,39.557970,RX,0x123,8,30 31 32 33 00 08 A3 30,0123...0,False,False,False
2026-01-21T16:52:01.801750,39.560617,RX,0x123,8,31 32 33 34 00 08 A3 31,1234...1,False,False,False
2026-01-21T16:52:01.803421,39.562288,RX,0x123,8,32 33 34 35 00 08 A3 32,2345...2,False,False,False
2026-01-21T16:52:01.804780,39.563647,RX,0x123,8,33 34 35 36 00 08 A3 33,3456...3,False,False,False
2026-01-21T16:52:01.805793,39.564660,RX,0x123,8,34 35 36 37 00 08 A3 34,4567...4,False,False,False
2026-01-21T16:52:01.808347,39.567214,RX,0x123,8,35 36 37 38 00 08 A3 35,5678...5,False,False,False
2026-01-21T16:52:01.810022,39.568889,RX,0x123,8,36 37 38 39 00 08 A3 36,6789...6,False,False,False
2026-01-21T16:52:01.811435,39.570302,RX,0x123,8,37 38 39 3A 00 08 A3 37,789:...7,False,False,False
2026-01-21T16:52:01.813033,39.571900,RX,0x123,8,38 39 3A 3B 00 08 A3 38,89:;...8,False,False,False
2026-01-21T16:52:01.814597,39.573464,RX,0x123,8,39 3A 3B 3C 00 08 A3 39,9:;<...9,False,False,False
2026-01-21T16:52:01.816327,39.575194,RX,0x123,8,3A 3B 3C 3D 00 08 A3 3A,:;<=...:,False,False,False
2026-01-21T16:52:01.818194,39.577060,RX,0x123,8,3B 3C 3D 3E 00 08 A3 3B,;<=>...;,False,False,False
2026-01-21T16:52:01.819741,39.578608,RX,0x123,8,3C 3D 3E 3F 00 08 A3 3C,<=>?...<,False,False,False
2026-01-21T16:52:01.821227,39.580094,RX,0x123,8,3D 3E 3F 40 00 08 A3 3D,=>?@...=,False,False,False
2026-01-21T16:52:01.822688,39.581555,RX,0x123,8,3E 3F 40 41 00 08 A3 3E,>?@A...>,False,False,False
2026-01-21T16:52:01.823698,39.582564,RX,0x123,8,3F 40 41 42 00 08 A3 3F,?@AB...?,False,False,False
2026-01-21T16:52:01.825716,39.584583,RX,0x123,8,40 41 42 43 00 08 A3 40,@ABC...@,False,False,False
2026-01-21T16:52:01.828248,39.587115,RX,0x123,8,41 42 43 44 00 08 A3 41,ABCD...A,False,False,False
2026-01-21T16:52:01.829885,39.588753,RX,0x123,8,42 43 44 45 00 08 A3 42,BCDE...B,False,False,False
2026-01-21T16:52:01.831817,39.590684,RX,0x123,8,43 44 45 46 00 08 A3 43,CDEF...C,False,False,False
2026-01-21T16:52:01.833512,39.592379,RX,0x123,8,44 45 46 47 00 08 A3 44,DEFG...D,False,False,False
2026-01-21T16:52:01.835369,39.594236,RX,0x123,8,45 46 47 48 00 08 A3 45,EFGH...E,False,False,False
2026-01-21T16:52:01.837525,39.596393,RX,0x123,8,46 47 48 49 00 08 A3 46,FGHI...F,False,False,False
2026-01-21T16:52:01.839595,39.598462,RX,0x123,8,47 48 49 4A 00 08 A3 47,GHIJ...G,False,False,False
2026-01-21T16:52:01.841141,39.600008,RX,0x123,8,48 49 4A 4B 00 08 A3 48,HIJK...H,False,False,False
2026-01-21T16:52:01.842532,39.601399,RX,0x123,8,49 4A 4B 4C 00 08 A3 49,IJKL...I,False,False,False
2026-01-21T16:52:01.844199,39.603066,RX,0x123,8,4A 4B 4C 4D 00 08 A3 4A,JKLM...J,False,False,False
2026-01-21T16:52:01.845839,39.604706,RX,0x123,8,4B 4C 4D 4E 00 08 A3 4B,KLMN...K,False,False,False
2026-01-21T16:52:01.847577,39.606444,RX,0x123,8,4C 4D 4E 4F 00 08 A3 4C,LMNO...L,False,False,False
2026-01-21T16:52:01.848588,39.607455,RX,0x123,8,4D 4E 4F 50 00 08 A3 4D,MNOP...M,False,False,False
2026-01-21T16:52:01.850860,39.609727,RX,0x123,8,4E 4F 50 51 00 08 A3 4E,NOPQ...N,False,False,False
2026-01-21T16:52:01.852343,39.611210,RX,0x123,8,4F 50 51 52 00 08 A3 4F,OPQR...O,False,False,False
2026-01-21T16:52:01.853736,39.612603,RX,0x123,8,50 51 52 53 00 08 A3 50,PQRS...P,False,False,False
2026-01-21T16:52:01.855233,39.614100,RX,0x123,8,51 52 53 54 00 08 A3 51,QRST...Q,False,False,False
2026-01-21T16:52:01.856841,39.615708,RX,0x123,8,52 53 54 55 00 08 A3 52,RSTU...R,False,False,False
2026-01-21T16:52:01.858792,39.617659,RX,0x123,8,53 54 55 56 00 08 A3 53,STUV...S,False,False,False
2026-01-21T16:52:01.860399,39.619267,RX,0x123,8,54 55 56 57 00 08 A3 54,TUVW...T,False,False,False
2026-01-21T16:52:01.861730,39.620597,RX,0x123,8,55 56 57 58 00 08 A3 55,UVWX...U,False,False,False
2026-01-21T16:52:01.862740,39.621607,RX,0x123,8,56 57 58 59 00 08 A3 56,VWXY...V,False,False,False
2026-01-21T16:52:01.864818,39.623686,RX,0x123,8,57 58 59 5A 00 08 A3 57,WXYZ...W,False,False,False
2026-01-21T16:52:01.866323,39.625190,RX,0x123,8,58 59 5A 5B 00 08 A3 58,XYZ[...X,False,False,False
2026-01-21T16:52:01.868115,39.626202,RX,0x123,8,59 5A 5B 5C 00 08 A3 59,YZ[\...Y,False,False,False
2026-01-21T16:52:01.869702,39.628569,RX,0x123,8,5A 5B 5C 5D 00 08 A3 5A,Z[\]...Z,False,False,False
2026-01-21T16:52:01.871102,39.629969,RX,0x123,8,5B 5C 5D 5E 00 08 A3 5B,[\]^...[,False,False,False
2026-01-21T16:52:01.872512,39.631379,RX,0x123,8,5C 5D 5E 5F 00 08 A3 5C,\]^_...\,False,False,False
2026-01-21T16:52:01.874543,39.633410,RX,0x123,8,5D 5E 5F 60 00 08 A3 5D,]^_`...],False,False,False
2026-01-21T16:52:01.876055,39.634922,RX,0x123,8,5E 5F 60 61 00 08 A3 5E,^_`a...^,False,False,False
2026-01-21T16:52:01.877884,39.636751,RX,0x123,8,5F 60 61 62 00 08 A3 5F,_`ab..._,False,False,False
2026-01-21T16:52:01.879679,39.638546,RX,0x123,8,60 61 62 63 00 08 A3 60,`abc...`,False,False,False
2026-01-21T16:52:01.881430,39.640297,RX,0x123,8,61 62 63 64 00 08 A3 61,abcd...a,False,False,False
2026-01-21T16:52:01.883910,39.642777,RX,0x123,8,62 63 64 65 00 08 A3 62,bcde...b,False,False,False
2026-01-21T16:52:01.885798,39.644665,RX,0x123,8,63 64 65 66 00 08 A3 63,cdef...c,False,False,False
2026-01-21T16:52:01.887457,39.646324,RX,0x123,8,64 65 66 67 00 08 A3 64,defg...d,False,False,False
2026-01-21T16:52:01.889012,39.647879,RX,0x123,8,65 66 67 68 00 08 A3 65,efgh...e,False,False,False
2026-01-21T16:52:01.890572,39.649439,RX,0x123,8,66 67 68 69 00 08 A3 66,fghi...f,False,False,False
2026-01-21T16:52:01.892138,39.651005,RX,0x123,8,67 68 69 6A 00 08 A3 67,ghij...g,False,False,False
2026-01-21T16:52:01.893847,39.652020,RX,0x123,8,68 69 6A 6B 00 08 A3 68,hijk...h,False,False,False
2026-01-21T16:52:01.895720,39.654587,RX,0x123,8,69 6A 6B 6C 00 08 A3 69,ijkl...i,False,False,False
2026-01-21T16:52:01.897598,39.656465,RX,0x123,8,6A 6B 6C 6D 00 08 A3 6A,jklm...j,False,False,False
2026-01-21T16:52:01.899247,39.658114,RX,0x123,8,6B 6C 6D 6E 00 08 A3 6B,klmn...k,False,False,False
2026-01-21T16:52:01.900929,39.659796,RX,0x123,8,6C 6D 6E 6F 00 08 A3 6C,lmno...l,False,False,False
2026-01-21T16:52:01.902343,39.661210,RX,0x123,8,6D 6E 6F 70 00 08 A3 6D,mnop...m,False,False,False
2026-01-21T16:52:01.903956,39.662823,RX,0x123,8,6E 6F 70 71 00 08 A3 6E,nopq...n,False,False,False
2026-01-21T16:52:01.905430,39.664297,RX,0x123,8,6F 70 71 72 00 08 A3 6F,opqr...o,False,False,False
2026-01-21T16:52:01.906860,39.665727,RX,0x123,8,70 71 72 73 00 08 A3 70,pqrs...p,False,False,False
2026-01-21T16:52:01.908588,39.667454,RX,0x123,8,71 72 73 74 00 08 A3 71,qrst...q,False,False,False
2026-01-21T16:52:01.909986,39.668853,RX,0x123,8,72 73 74 75 00 08 A3 72,rstu...r,False,False,False
2026-01-21T16:52:01.912838,39.671705,RX,0x123,8,73 74 75 76 00 08 A3 73,stuv...s,False,False,False
2026-01-21T16:52:01.914734,39.673601,RX,0x123,8,74 75 76 77 00 08 A3 74,tuvw...t,False,False,False
2026-01-21T16:52:01.916148,39.675015,RX,0x123,8,75 76 77 78 00 08 A3 75,uvwx...u,False,False,False
2026-01-21T16:52:01.917658,39.676525,RX,0x123,8,76 77 78 79 00 08 A3 76,vwxy...v,False,False,False
2026-01-21T16:52:01.918670,39.677537,RX,0x123,8,77 78 79 7A 00 08 A3 77,wxyz...w,False,False,False
2026-01-21T16:52:01.920434,39.679301,RX,0x123,8,78 79 7A 7B 00 08 A3 78,xyz{...x,False,False,False
2026-01-21T16:52:01.922761,39.681628,RX,0x123,8,79 7A 7B 7C 00 08 A3 79,yz{|...y,False,False,False
2026-01-21T16:52:01.923969,39.682836,RX,0x123,8,7A 7B 7C 7D 00 08 A3 7A,z{|}...z,False,False,False
2026-01-21T16:52:01.926621,39.685488,RX,0x123,8,7B 7C 7D 7E 00 08 A3 7B,{|}~...{,False,False,False
2026-01-21T16:52:01.928552,39.687419,RX,0x123,8,7C 7D 7E 7F 00 08 A3 7C,|}~....|,False,False,False
2026-01-21T16:52:01.930109,39.688976,RX,0x123,8,7D 7E 7F 80 00 08 A3 7D,}~.....},False,False,False
2026-01-21T16:52:01.932110,39.690977,RX,0x123,8,7E 7F 80 81 00 08 A3 7E,~......~,False,False,False
2026-01-21T16:52:01.933580,39.692447,RX,0x123,8,7F 80 81 82 00 08 A3 7F,........,False,False,False
2026-01-21T16:52:01.935257,39.694124,RX,0x123,8,80 81 82 83 00 08 A3 80,........,False,False,False
2026-01-21T16:52:01.937143,39.696010,RX,0x123,8,81 82 83 84 00 08 A3 81,........,False,False,False
2026-01-21T16:52:01.939006,39.697873,RX,0x123,8,82 83 84 85 00 08 A3 82,........,False,False,False
2026-01-21T16:52:01.940480,39.699347,RX,0x123,8,83 84 85 86 00 08 A3 83,........,False,False,False
2026-01-21T16:52:01.942037,39.700904,RX,0x123,8,84 85 86 87 00 08 A3 84,........,False,False,False
2026-01-21T16:52:01.943717,39.702584,RX,0x123,8,85 86 87 88 00 08 A3 85,........,False,False,False
2026-01-21T16:52:01.945449,39.704316,RX,0x123,8,86 87 88 89 00 08 A3 86,........,False,False,False
2026-01-21T16:52:01.947253,39.706120,RX,0x123,8,87 88 89 8A 00 08 A3 87,........,False,False,False
2026-01-21T16:52:01.949261,39.708128,RX,0x123,8,88 89 8A 8B 00 08 A3 88,........,False,False,False
2026-01-21T16:52:01.950272,39.709139,RX,0x123,8,89 8A 8B 8C 00 08 A3 89,........,False,False,False
2026-01-21T16:52:01.952599,39.711466,RX,0x123,8,8A 8B 8C 8D 00 08 A3 8A,........,False,False,False
2026-01-21T16:52:01.954068,39.712935,RX,0x123,8,8B 8C 8D 8E 00 08 A3 8B,........,False,False,False
2026-01-21T16:52:01.955647,39.714514,RX,0x123,8,8C 8D 8E 8F 00 08 A3 8C,........,False,False,False
2026-01-21T16:52:01.957860,39.716727,RX,0x123,8,8D 8E 8F 90 00 08 A3 8D,........,False,False,False
2026-01-21T16:52:01.959830,39.718697,RX,0x123,8,8E 8F 90 91 00 08 A3 8E,........,False,False,False
2026-01-21T16:52:01.961336,39.720203,RX,0x123,8,8F 90 91 92 00 08 A3 8F,........,False,False,False
2026-01-21T16:52:01.962873,39.721740,RX,0x123,8,90 91 92 93 00 08 A3 90,........,False,False,False
2026-01-21T16:52:01.964209,39.723076,RX,0x123,8,91 92 93 94 00 08 A3 91,........,False,False,False
2026-01-21T16:52:01.965753,39.724620,RX,0x123,8,92 93 94 95 00 08 A3 92,........,False,False,False
2026-01-21T16:52:01.967123,39.725990,RX,0x123,8,93 94 95 96 00 08 A3 93,........,False,False,False
2026-01-21T16:52:01.968958,39.727825,RX,0x123,8,94 95 96 97 00 08 A3 94,........,False,False,False
2026-01-21T16:52:01.970338,39.729205,RX,0x123,8,95 96 97 98 00 08 A3 95,........,False,False,False
2026-01-21T16:52:01.971767,39.730634,RX,0x123,8,96 97 98 99 00 08 A3 96,........,False,False,False
2026-01-21T16:52:01.973347,39.732214,RX,0x123,8,97 98 99 9A 00 08 A3 97,........,False,False,False
2026-01-21T16:52:01.975056,39.733923,RX,0x123,8,98 99 9A 9B 00 08 A3 98,........,False,False,False
2026-01-21T16:52:01.976566,39.735433,RX,0x123,8,99 9A 9B 9C 00 08 A3 99,........,False,False,False
2026-01-21T16:52:01.978212,39.737079,RX,0x123,8,9A 9B 9C 9D 00 08 A3 9A,........,False,False,False
2026-01-21T16:52:01.980245,39.739112,RX,0x123,8,9B 9C 9D 9E 00 08 A3 9B,........,False,False,False
2026-01-21T16:52:01.981826,39.740693,RX,0x123,8,9C 9D 9E 9F 00 08 A3 9C,........,False,False,False
2026-01-21T16:52:01.983225,39.742092,RX,0x123,8,9D 9E 9F A0 00 08 A3 9D,........,False,False,False
2026-01-21T16:52:01.985405,39.743110,RX,0x123,8,9E 9F A0 A1 00 08 A3 9E,........,False,False,False
2026-01-21T16:52:01.987244,39.746111,RX,0x123,8,9F A0 A1 A2 00 08 A3 9F,........,False,False,False
2026-01-21T16:52:01.989358,39.748225,RX,0x123,8,A0 A1 A2 A3 00 08 A3 A0,........,False,False,False
2026-01-21T16:52:01.991208,39.750075,RX,0x123,8,A1 A2 A3 A4 00 08 A3 A1,........,False,False,False
2026-01-21T16:52:01.992556,39.751423,RX,0x123,8,A2 A3 A4 A5 00 08 A3 A2,........,False,False,False
2026-01-21T16:52:01.994213,39.753080,RX,0x123,8,A3 A4 A5 A6 00 08 A3 A3,........,False,False,False
2026-01-21T16:52:01.995614,39.754482,RX,0x123,8,A4 A5 A6 A7 00 08 A3 A4,........,False,False,False
2026-01-21T16:52:01.997030,39.755898,RX,0x123,8,A5 A6 A7 A8 00 08 A3 A5,........,False,False,False
2026-01-21T16:52:01.998491,39.757358,RX,0x123,8,A6 A7 A8 A9 00 08 A3 A6,........,False,False,False
2026-01-21T16:52:01.999496,39.758363,RX,0x123,8,A7 A8 A9 AA 00 08 A3 A7,........,False,False,False
2026-01-21T16:52:02.001821,39.760688,RX,0x123,8,A8 A9 AA AB 00 08 A3 A8,........,False,False,False
2026-01-21T16:52:02.003372,39.762239,RX,0x123,8,A9 AA AB AC 00 08 A3 A9,........,False,False,False
2026-01-21T16:52:02.004846,39.763713,RX,0x123,8,AA AB AC AD 00 08 A3 AA,........,False,False,False
2026-01-21T16:52:02.006489,39.765356,RX,0x123,8,AB AC AD AE 00 08 A3 AB,........,False,False,False
2026-01-21T16:52:02.008402,39.767269,RX,0x123,8,AC AD AE AF 00 08 A3 AC,........,False,False,False
2026-01-21T16:52:02.010542,39.769409,RX,0x123,8,AD AE AF B0 00 08 A3 AD,........,False,False,False
2026-01-21T16:52:02.012529,39.771396,RX,0x123,8,AE AF B0 B1 00 08 A3 AE,........,False,False,False
2026-01-21T16:52:02.013536,39.772403,RX,0x123,8,AF B0 B1 B2 00 08 A3 AF,........,False,False,False
2026-01-21T16:52:02.016055,39.774922,RX,0x123,8,B0 B1 B2 B3 00 08 A3 B0,........,False,False,False
2026-01-21T16:52:02.018390,39.777257,RX,0x123,8,B1 B2 B3 B4 00 08 A3 B1,........,False,False,False
2026-01-21T16:52:02.020201,39.779068,RX,0x123,8,B2 B3 B4 B5 00 08 A3 B2,........,False,False,False
2026-01-21T16:52:02.022361,39.781228,RX,0x123,8,B3 B4 B5 B6 00 08 A3 B3,........,False,False,False
2026-01-21T16:52:02.023368,39.782235,RX,0x123,8,B4 B5 B6 B7 00 08 A3 B4,........,False,False,False
2026-01-21T16:52:02.026186,39.785053,RX,0x123,8,B5 B6 B7 B8 00 08 A3 B5,........,False,False,False
2026-01-21T16:52:02.027964,39.786831,RX,0x123,8,B6 B7 B8 B9 00 08 A3 B6,........,False,False,False
2026-01-21T16:52:02.029513,39.788380,RX,0x123,8,B7 B8 B9 BA 00 08 A3 B7,........,False,False,False
2026-01-21T16:52:02.031490,39.790357,RX,0x123,8,B8 B9 BA BB 00 08 A3 B8,........,False,False,False
2026-01-21T16:52:02.033918,39.792785,RX,0x123,8,B9 BA BB BC 00 08 A3 B9,........,False,False,False
2026-01-21T16:52:02.035947,39.794814,RX,0x123,8,BA BB BC BD 00 08 A3 BA,........,False,False,False
2026-01-21T16:52:02.037599,39.796466,RX,0x123,8,BB BC BD BE 00 08 A3 BB,........,False,False,False
2026-01-21T16:52:02.039470,39.798337,RX,0x123,8,BC BD BE BF 00 08 A3 BC,........,False,False,False
2026-01-21T16:52:02.041524,39.800391,RX,0x123,8,BD BE BF C0 00 08 A3 BD,........,False,False,False
2026-01-21T16:52:02.044620,39.803487,RX,0x123,8,BE BF C0 C1 00 08 A3 BE,........,False,False,False
2026-01-21T16:52:02.046352,39.805219,RX,0x123,8,BF C0 C1 C2 00 08 A3 BF,........,False,False,False
2026-01-21T16:52:02.047983,39.806850,RX,0x123,8,C0 C1 C2 C3 00 08 A3 C0,........,False,False,False
2026-01-21T16:52:02.050234,39.809101,RX,0x123,8,C1 C2 C3 C4 00 08 A3 C1,........,False,False,False
2026-01-21T16:52:02.051919,39.810786,RX,0x123,8,C2 C3 C4 C5 00 08 A3 C2,........,False,False,False
2026-01-21T16:52:02.053549,39.812416,RX,0x123,8,C3 C4 C5 C6 00 08 A3 C3,........,False,False,False
2026-01-21T16:52:02.055277,39.814144,RX,0x123,8,C4 C5 C6 C7 00 08 A3 C4,........,False,False,False
2026-01-21T16:52:02.057169,39.816036,RX,0x123,8,C5 C6 C7 C8 00 08 A3 C5,........,False,False,False
2026-01-21T16:52:02.058649,39.817516,RX,0x123,8,C6 C7 C8 C9 00 08 A3 C6,........,False,False,False
2026-01-21T16:52:02.060345,39.819212,RX,0x123,8,C7 C8 C9 CA 00 08 A3 C7,........,False,False,False
2026-01-21T16:52:02.061732,39.820599,RX,0x123,8,C8 C9 CA CB 00 08 A3 C8,........,False,False,False
2026-01-21T16:52:02.063641,39.822508,RX,0x123,8,C9 CA CB CC 00 08 A3 C9,........,False,False,False
2026-01-21T16:52:02.064992,39.823860,RX,0x123,8,CA CB CC CD 00 08 A3 CA,........,False,False,False
2026-01-21T16:52:02.066431,39.825298,RX,0x123,8,CB CC CD CE 00 08 A3 CB,........,False,False,False
2026-01-21T16:52:02.068113,39.826980,RX,0x123,8,CC CD CE CF 00 08 A3 CC,........,False,False,False
2026-01-21T16:52:02.069669,39.828536,RX,0x123,8,CD CE CF D0 00 08 A3 CD,........,False,False,False
2026-01-21T16:52:02.071202,39.830069,RX,0x123,8,CE CF D0 D1 00 08 A3 CE,........,False,False,False
2026-01-21T16:52:02.072646,39.831513,RX,0x123,8,CF D0 D1 D2 00 08 A3 CF,........,False,False,False
2026-01-21T16:52:02.074091,39.832958,RX,0x123,8,D0 D1 D2 D3 00 08 A3 D0,........,False,False,False
2026-01-21T16:52:02.075576,39.834443,RX,0x123,8,D1 D2 D3 D4 00 08 A3 D1,........,False,False,False
2026-01-21T16:52:02.076949,39.835816,RX,0x123,8,D2 D3 D4 D5 00 08 A3 D2,........,False,False,False
2026-01-21T16:52:02.078414,39.837281,RX,0x123,8,D3 D4 D5 D6 00 08 A3 D3,........,False,False,False
2026-01-21T16:52:02.079968,39.838835,RX,0x123,8,D4 D5 D6 D7 00 08 A3 D4,........,False,False,False
2026-01-21T16:52:02.081698,39.840564,RX,0x123,8,D5 D6 D7 D8 00 08 A3 D5,........,False,False,False
2026-01-21T16:52:02.083555,39.842422,RX,0x123,8,D6 D7 D8 D9 00 08 A3 D6,........,False,False,False
2026-01-21T16:52:02.085262,39.844129,RX,0x123,8,D7 D8 D9 DA 00 08 A3 D7,........,False,False,False
2026-01-21T16:52:02.086588,39.845455,RX,0x123,8,D8 D9 DA DB 00 08 A3 D8,........,False,False,False
2026-01-21T16:52:02.087980,39.846847,RX,0x123,8,D9 DA DB DC 00 08 A3 D9,........,False,False,False
2026-01-21T16:52:02.089430,39.848297,RX,0x123,8,DA DB DC DD 00 08 A3 DA,........,False,False,False
2026-01-21T16:52:02.090951,39.849818,RX,0x123,8,DB DC DD DE 00 08 A3 DB,........,False,False,False
2026-01-21T16:52:02.092443,39.851310,RX,0x123,8,DC DD DE DF 00 08 A3 DC,........,False,False,False
2026-01-21T16:52:02.093458,39.852325,RX,0x123,8,DD DE DF E0 00 08 A3 DD,........,False,False,False
2026-01-21T16:52:02.096665,39.855532,RX,0x123,8,DE DF E0 E1 00 08 A3 DE,........,False,False,False
2026-01-21T16:52:02.098795,39.857662,RX,0x123,8,DF E0 E1 E2 00 08 A3 DF,........,False,False,False
2026-01-21T16:52:02.100392,39.859259,RX,0x123,8,E0 E1 E2 E3 00 08 A3 E0,........,False,False,False
2026-01-21T16:52:02.102216,39.861083,RX,0x123,8,E1 E2 E3 E4 00 08 A3 E1,........,False,False,False
2026-01-21T16:52:02.103586,39.862453,RX,0x123,8,E2 E3 E4 E5 00 08 A3 E2,........,False,False,False
2026-01-21T16:52:02.104600,39.863467,RX,0x123,8,E3 E4 E5 E6 00 08 A3 E3,........,False,False,False
2026-01-21T16:52:02.107051,39.865917,RX,0x123,8,E4 E5 E6 E7 00 08 A3 E4,........,False,False,False
2026-01-21T16:52:02.109060,39.866924,RX,0x123,8,E5 E6 E7 E8 00 08 A3 E5,........,False,False,False
2026-01-21T16:52:02.111753,39.870620,RX,0x123,8,E6 E7 E8 E9 00 08 A3 E6,........,False,False,False
2026-01-21T16:52:02.113434,39.872301,RX,0x123,8,E7 E8 E9 EA 00 08 A3 E7,........,False,False,False
2026-01-21T16:52:02.115747,39.874614,RX,0x123,8,E8 E9 EA EB 00 08 A3 E8,........,False,False,False
2026-01-21T16:52:02.117869,39.876400,RX,0x123,8,E9 EA EB EC 00 08 A3 E9,........,False,False,False
2026-01-21T16:52:02.119527,39.878395,RX,0x123,8,EA EB EC ED 00 08 A3 EA,........,False,False,False
2026-01-21T16:52:02.121336,39.880203,RX,0x123,8,EB EC ED EE 00 08 A3 EB,........,False,False,False
2026-01-21T16:52:02.123448,39.882315,RX,0x123,8,EC ED EE EF 00 08 A3 EC,........,False,False,False
2026-01-21T16:52:02.124547,39.883414,RX,0x123,8,ED EE EF F0 00 08 A3 ED,........,False,False,False
2026-01-21T16:52:02.126458,39.885325,RX,0x123,8,EE EF F0 F1 00 08 A3 EE,........,False,False,False
2026-01-21T16:52:02.127912,39.886779,RX,0x123,8,EF F0 F1 F2 00 08 A3 EF,........,False,False,False
2026-01-21T16:52:02.129352,39.888219,RX,0x123,8,F0 F1 F2 F3 00 08 A3 F0,........,False,False,False
2026-01-21T16:52:02.130765,39.889632,RX,0x123,8,F1 F2 F3 F4 00 08 A3 F1,........,False,False,False
2026-01-21T16:52:02.132126,39.890994,RX,0x123,8,F2 F3 F4 F5 00 08 A3 F2,........,False,False,False
2026-01-21T16:52:02.133523,39.892390,RX,0x123,8,F3 F4 F5 F6 00 08 A3 F3,........,False,False,False
2026-01-21T16:52:02.135099,39.893966,RX,0x123,8,F4 F5 F6 F7 00 08 A3 F4,........,False,False,False
2026-01-21T16:52:02.136107,39.894974,RX,0x123,8,F5 F6 F7 F8 00 08 A3 F5,........,False,False,False
2026-01-21T16:52:02.138280,39.897147,RX,0x123,8,F6 F7 F8 F9 00 08 A3 F6,........,False,False,False
2026-01-21T16:52:02.139912,39.898779,RX,0x123,8,F7 F8 F9 FA 00 08 A3 F7,........,False,False,False
2026-01-21T16:52:02.141419,39.900286,RX,0x123,8,F8 F9 FA FB 00 08 A3 F8,........,False,False,False
2026-01-21T16:52:02.143078,39.901944,RX,0x123,8,F9 FA FB FC 00 08 A3 F9,........,False,False,False
2026-01-21T16:52:02.144898,39.903765,RX,0x123,8,FA FB FC FD 00 08 A3 FA,........,False,False,False
2026-01-21T16:52:02.146006,39.904873,RX,0x123,8,FB FC FD FE 00 08 A3 FB,........,False,False,False
2026-01-21T16:52:02.148812,39.907213,RX,0x123,8,FC FD FE FF 00 08 A3 FC,........,False,False,False
2026-01-21T16:52:02.149874,39.908741,RX,0x123,8,FD FE FF 00 00 08 A3 FD,........,False,False,False
2026-01-21T16:52:02.152318,39.911186,RX,0x123,8,FE FF 00 01 00 08 A3 FE,........,False,False,False
2026-01-21T16:52:02.153326,39.912193,RX,0x123,8,FF 00 01 02 00 08 A3 FF,........,False,False,False
2026-01-21T16:52:02.155647,39.914514,RX,0x123,8,00 01 02 03 00 08 A4 00,........,False,False,False
2026-01-21T16:52:02.157292,39.916159,RX,0x123,8,01 02 03 04 00 08 A4 01,........,False,False,False
2026-01-21T16:52:02.158832,39.917699,RX,0x123,8,02 03 04 05 00 08 A4 02,........,False,False,False
2026-01-21T16:52:02.160430,39.919297,RX,0x123,8,03 04 05 06 00 08 A4 03,........,False,False,False
2026-01-21T16:52:02.161515,39.920382,RX,0x123,8,04 05 06 07 00 08 A4 04,........,False,False,False
2026-01-21T16:52:02.163938,39.922805,RX,0x123,8,05 06 07 08 00 08 A4 05,........,False,False,False
2026-01-21T16:52:02.165573,39.924440,RX,0x123,8,06 07 08 09 00 08 A4 06,........,False,False,False
2026-01-21T16:52:02.166700,39.925567,RX,0x123,8,07 08 09 0A 00 08 A4 07,........,False,False,False
2026-01-21T16:52:02.168880,39.927747,RX,0x123,8,08 09 0A 0B 00 08 A4 08,........,False,False,False
2026-01-21T16:52:02.170358,39.929225,RX,0x123,8,09 0A 0B 0C 00 08 A4 09,........,False,False,False
2026-01-21T16:52:02.171367,39.930234,RX,0x123,8,0A 0B 0C 0D 00 08 A4 0A,........,False,False,False
2026-01-21T16:52:02.173608,39.932475,RX,0x123,8,0B 0C 0D 0E 00 08 A4 0B,........,False,False,False
2026-01-21T16:52:02.174988,39.933855,RX,0x123,8,0C 0D 0E 0F 00 08 A4 0C,........,False,False,False
2026-01-21T16:52:02.176530,39.935397,RX,0x123,8,0D 0E 0F 10 00 08 A4 0D,........,False,False,False
2026-01-21T16:52:02.178092,39.936959,RX,0x123,8,0E 0F 10 11 00 08 A4 0E,........,False,False,False
2026-01-21T16:52:02.179156,39.938023,RX,0x123,8,0F 10 11 12 00 08 A4 0F,........,False,False,False
2026-01-21T16:52:02.181260,39.940127,RX,0x123,8,10 11 12 13 00 08 A4 10,........,False,False,False
2026-01-21T16:52:02.182700,39.941567,RX,0x123,8,11 12 13 14 00 08 A4 11,........,False,False,False
2026-01-21T16:52:02.184158,39.943025,RX,0x123,8,12 13 14 15 00 08 A4 12,........,False,False,False
2026-01-21T16:52:02.185606,39.944473,RX,0x123,8,13 14 15 16 00 08 A4 13,........,False,False,False
2026-01-21T16:52:02.187093,39.945960,RX,0x123,8,14 15 16 17 00 08 A4 14,........,False,False,False
2026-01-21T16:52:02.188818,39.947685,RX,0x123,8,15 16 17 18 00 08 A4 15,........,False,False,False
2026-01-21T16:52:02.190644,39.949511,RX,0x123,8,16 17 18 19 00 08 A4 16,........,False,False,False
2026-01-21T16:52:02.193102,39.951969,RX,0x123,8,17 18 19 1A 00 08 A4 17,........,False,False,False
2026-01-21T16:52:02.194836,39.953703,RX,0x123,8,18 19 1A 1B 00 08 A4 18,........,False,False,False
2026-01-21T16:52:02.196858,39.955725,RX,0x123,8,19 1A 1B 1C 00 08 A4 19,........,False,False,False
2026-01-21T16:52:02.198735,39.957602,RX,0x123,8,1A 1B 1C 1D 00 08 A4 1A,........,False,False,False
2026-01-21T16:52:02.200842,39.959708,RX,0x123,8,1B 1C 1D 1E 00 08 A4 1B,........,False,False,False
2026-01-21T16:52:02.202874,39.961741,RX,0x123,8,1C 1D 1E 1F 00 08 A4 1C,........,False,False,False
2026-01-21T16:52:02.204616,39.963483,RX,0x123,8,1D 1E 1F 20 00 08 A4 1D,... ....,False,False,False
2026-01-21T16:52:02.206170,39.965037,RX,0x123,8,1E 1F 20 21 00 08 A4 1E,.. !....,False,False,False
2026-01-21T16:52:02.208310,39.967177,RX,0x123,8,1F 20 21 22 00 08 A4 1F,". !""....",False,False,False
2026-01-21T16:52:02.209833,39.968700,RX,0x123,8,20 21 22 23 00 08 A4 20," !""#... ",False,False,False
2026-01-21T16:52:02.211365,39.970232,RX,0x123,8,21 22 23 24 00 08 A4 21,"!""#$...!",False,False,False
2026-01-21T16:52:02.212803,39.971670,RX,0x123,8,22 23 24 25 00 08 A4 22,"""#$%...""",False,False,False
2026-01-21T16:52:02.214472,39.973339,RX,0x123,8,23 24 25 26 00 08 A4 23,#$%&...#,False,False,False
2026-01-21T16:52:02.216332,39.975199,RX,0x123,8,24 25 26 27 00 08 A4 24,$%&'...$,False,False,False
2026-01-21T16:52:02.217340,39.976207,RX,0x123,8,25 26 27 28 00 08 A4 25,%&'(...%,False,False,False
2026-01-21T16:52:02.219869,39.978736,RX,0x123,8,26 27 28 29 00 08 A4 26,&'()...&,False,False,False
2026-01-21T16:52:02.222442,39.980443,RX,0x123,8,27 28 29 2A 00 08 A4 27,'()*...',False,False,False
2026-01-21T16:52:02.224142,39.983009,RX,0x123,8,28 29 2A 2B 00 08 A4 28,()*+...(,False,False,False
2026-01-21T16:52:02.226390,39.985257,RX,0x123,8,29 2A 2B 2C 00 08 A4 29,")*+,...)",False,False,False
2026-01-21T16:52:02.228212,39.987079,RX,0x123,8,2A 2B 2C 2D 00 08 A4 2A,"*+,-...*",False,False,False
2026-01-21T16:52:02.230283,39.989150,RX,0x123,8,2B 2C 2D 2E 00 08 A4 2B,"+,-....+",False,False,False
2026-01-21T16:52:02.231808,39.990675,RX,0x123,8,2C 2D 2E 2F 00 08 A4 2C,",-./...,",False,False,False
2026-01-21T16:52:02.233799,39.992666,RX,0x123,8,2D 2E 2F 30 00 08 A4 2D,-./0...-,False,False,False
2026-01-21T16:52:02.235455,39.994322,RX,0x123,8,2E 2F 30 31 00 08 A4 2E,./01....,False,False,False
2026-01-21T16:52:02.237361,39.996228,RX,0x123,8,2F 30 31 32 00 08 A4 2F,/012.../,False,False,False
2026-01-21T16:52:02.238844,39.997711,RX,0x123,8,30 31 32 33 00 08 A4 30,0123...0,False,False,False
2026-01-21T16:52:02.240252,39.999119,RX,0x123,8,31 32 33 34 00 08 A4 31,1234...1,False,False,False
2026-01-21T16:52:02.241662,40.000529,RX,0x123,8,32 33 34 35 00 08 A4 32,2345...2,False,False,False
2026-01-21T16:52:02.243311,40.002178,RX,0x123,8,33 34 35 36 00 08 A4 33,3456...3,False,False,False
2026-01-21T16:52:02.244863,40.003730,RX,0x123,8,34 35 36 37 00 08 A4 34,4567...4,False,False,False
2026-01-21T16:52:02.246708,40.005575,RX,0x123,8,35 36 37 38 00 08 A4 35,5678...5,False,False,False
2026-01-21T16:52:02.248230,40.007097,RX,0x123,8,36 37 38 39 00 08 A4 36,6789...6,False,False,False
2026-01-21T16:52:02.249924,40.008791,RX,0x123,8,37 38 39 3A 00 08 A4 37,789:...7,False,False,False
2026-01-21T16:52:02.251921,40.010788,RX,0x123,8,38 39 3A 3B 00 08 A4 38,89:;...8,False,False,False
2026-01-21T16:52:02.253601,40.012468,RX,0x123,8,39 3A 3B 3C 00 08 A4 39,9:;<...9,False,False,False
2026-01-21T16:52:02.255576,40.014443,RX,0x123,8,3A 3B 3C 3D 00 08 A4 3A,:;<=...:,False,False,False
2026-01-21T16:52:02.257461,40.016328,RX,0x123,8,3B 3C 3D 3E 00 08 A4 3B,;<=>...;,False,False,False
2026-01-21T16:52:02.259006,40.017874,RX,0x123,8,3C 3D 3E 3F 00 08 A4 3C,<=>?...<,False,False,False
2026-01-21T16:52:02.261011,40.019878,RX,0x123,8,3D 3E 3F 40 00 08 A4 3D,=>?@...=,False,False,False
2026-01-21T16:52:02.263317,40.022184,RX,0x123,8,3E 3F 40 41 00 08 A4 3E,>?@A...>,False,False,False
2026-01-21T16:52:02.265043,40.023911,RX,0x123,8,3F 40 41 42 00 08 A4 3F,?@AB...?,False,False,False
2026-01-21T16:52:02.266512,40.025379,RX,0x123,8,40 41 42 43 00 08 A4 40,@ABC...@,False,False,False
2026-01-21T16:52:02.268690,40.027557,RX,0x123,8,41 42 43 44 00 08 A4 41,ABCD...A,False,False,False
2026-01-21T16:52:02.270960,40.029827,RX,0x123,8,42 43 44 45 00 08 A4 42,BCDE...B,False,False,False
2026-01-21T16:52:02.272392,40.031259,RX,0x123,8,43 44 45 46 00 08 A4 43,CDEF...C,False,False,False
2026-01-21T16:52:02.273710,40.032577,RX,0x123,8,44 45 46 47 00 08 A4 44,DEFG...D,False,False,False
2026-01-21T16:52:02.275117,40.033984,RX,0x123,8,45 46 47 48 00 08 A4 45,EFGH...E,False,False,False
2026-01-21T16:52:02.276530,40.035397,RX,0x123,8,46 47 48 49 00 08 A4 46,FGHI...F,False,False,False
2026-01-21T16:52:02.277842,40.036709,RX,0x123,8,47 48 49 4A 00 08 A4 47,GHIJ...G,False,False,False
2026-01-21T16:52:02.279547,40.038414,RX,0x123,8,48 49 4A 4B 00 08 A4 48,HIJK...H,False,False,False
2026-01-21T16:52:02.281009,40.039876,RX,0x123,8,49 4A 4B 4C 00 08 A4 49,IJKL...I,False,False,False
2026-01-21T16:52:02.282596,40.041463,RX,0x123,8,4A 4B 4C 4D 00 08 A4 4A,JKLM...J,False,False,False
2026-01-21T16:52:02.284128,40.042995,RX,0x123,8,4B 4C 4D 4E 00 08 A4 4B,KLMN...K,False,False,False
2026-01-21T16:52:02.285969,40.044001,RX,0x123,8,4C 4D 4E 4F 00 08 A4 4C,LMNO...L,False,False,False
2026-01-21T16:52:02.287470,40.046337,RX,0x123,8,4D 4E 4F 50 00 08 A4 4D,MNOP...M,False,False,False
2026-01-21T16:52:02.289010,40.047877,RX,0x123,8,4E 4F 50 51 00 08 A4 4E,NOPQ...N,False,False,False
2026-01-21T16:52:02.290714,40.049581,RX,0x123,8,4F 50 51 52 00 08 A4 4F,OPQR...O,False,False,False
2026-01-21T16:52:02.292413,40.051280,RX,0x123,8,50 51 52 53 00 08 A4 50,PQRS...P,False,False,False
2026-01-21T16:52:02.294111,40.052978,RX,0x123,8,51 52 53 54 00 08 A4 51,QRST...Q,False,False,False
2026-01-21T16:52:02.295910,40.054777,RX,0x123,8,52 53 54 55 00 08 A4 52,RSTU...R,False,False,False
2026-01-21T16:52:02.297713,40.055837,RX,0x123,8,53 54 55 56 00 08 A4 53,STUV...S,False,False,False
2026-01-21T16:52:02.299831,40.058698,RX,0x123,8,54 55 56 57 00 08 A4 54,TUVW...T,False,False,False
2026-01-21T16:52:02.301514,40.060380,RX,0x123,8,55 56 57 58 00 08 A4 55,UVWX...U,False,False,False
2026-01-21T16:52:02.303366,40.062233,RX,0x123,8,56 57 58 59 00 08 A4 56,VWXY...V,False,False,False
2026-01-21T16:52:02.305116,40.063983,RX,0x123,8,57 58 59 5A 00 08 A4 57,WXYZ...W,False,False,False
2026-01-21T16:52:02.306687,40.065554,RX,0x123,8,58 59 5A 5B 00 08 A4 58,XYZ[...X,False,False,False
2026-01-21T16:52:02.308733,40.067600,RX,0x123,8,59 5A 5B 5C 00 08 A4 59,YZ[\...Y,False,False,False
2026-01-21T16:52:02.310684,40.069551,RX,0x123,8,5A 5B 5C 5D 00 08 A4 5A,Z[\]...Z,False,False,False
2026-01-21T16:52:02.312463,40.071330,RX,0x123,8,5B 5C 5D 5E 00 08 A4 5B,[\]^...[,False,False,False
2026-01-21T16:52:02.314451,40.073318,RX,0x123,8,5C 5D 5E 5F 00 08 A4 5C,\]^_...\,False,False,False
2026-01-21T16:52:02.316490,40.075356,RX,0x123,8,5D 5E 5F 60 00 08 A4 5D,]^_`...],False,False,False
2026-01-21T16:52:02.317510,40.076377,RX,0x123,8,5E 5F 60 61 00 08 A4 5E,^_`a...^,False,False,False
2026-01-21T16:52:02.320781,40.079648,RX,0x123,8,5F 60 61 62 00 08 A4 5F,_`ab..._,False,False,False
2026-01-21T16:52:02.322167,40.081034,RX,0x123,8,60 61 62 63 00 08 A4 60,`abc...`,False,False,False
2026-01-21T16:52:02.323818,40.082685,RX,0x123,8,61 62 63 64 00 08 A4 61,abcd...a,False,False,False
2026-01-21T16:52:02.325721,40.084588,RX,0x123,8,62 63 64 65 00 08 A4 62,bcde...b,False,False,False
2026-01-21T16:52:02.328327,40.087194,RX,0x123,8,63 64 65 66 00 08 A4 63,cdef...c,False,False,False
2026-01-21T16:52:02.330030,40.088897,RX,0x123,8,64 65 66 67 00 08 A4 64,defg...d,False,False,False
2026-01-21T16:52:02.332146,40.091012,RX,0x123,8,65 66 67 68 00 08 A4 65,efgh...e,False,False,False
2026-01-21T16:52:02.333673,40.092540,RX,0x123,8,66 67 68 69 00 08 A4 66,fghi...f,False,False,False
2026-01-21T16:52:02.335099,40.093966,RX,0x123,8,67 68 69 6A 00 08 A4 67,ghij...g,False,False,False
2026-01-21T16:52:02.336110,40.094977,RX,0x123,8,68 69 6A 6B 00 08 A4 68,hijk...h,False,False,False
2026-01-21T16:52:02.338267,40.097134,RX,0x123,8,69 6A 6B 6C 00 08 A4 69,ijkl...i,False,False,False
2026-01-21T16:52:02.339971,40.098838,RX,0x123,8,6A 6B 6C 6D 00 08 A4 6A,jklm...j,False,False,False
2026-01-21T16:52:02.341764,40.100631,RX,0x123,8,6B 6C 6D 6E 00 08 A4 6B,klmn...k,False,False,False
2026-01-21T16:52:02.343615,40.102482,RX,0x123,8,6C 6D 6E 6F 00 08 A4 6C,lmno...l,False,False,False
2026-01-21T16:52:02.345320,40.104187,RX,0x123,8,6D 6E 6F 70 00 08 A4 6D,mnop...m,False,False,False
2026-01-21T16:52:02.347477,40.106344,RX,0x123,8,6E 6F 70 71 00 08 A4 6E,nopq...n,False,False,False
2026-01-21T16:52:02.349376,40.108243,RX,0x123,8,6F 70 71 72 00 08 A4 6F,opqr...o,False,False,False
2026-01-21T16:52:02.351409,40.109793,RX,0x123,8,70 71 72 73 00 08 A4 70,pqrs...p,False,False,False
2026-01-21T16:52:02.352921,40.111788,RX,0x123,8,71 72 73 74 00 08 A4 71,qrst...q,False,False,False
2026-01-21T16:52:02.355032,40.113899,RX,0x123,8,72 73 74 75 00 08 A4 72,rstu...r,False,False,False
2026-01-21T16:52:02.356972,40.115839,RX,0x123,8,73 74 75 76 00 08 A4 73,stuv...s,False,False,False
2026-01-21T16:52:02.358552,40.117419,RX,0x123,8,74 75 76 77 00 08 A4 74,tuvw...t,False,False,False
2026-01-21T16:52:02.359963,40.118830,RX,0x123,8,75 76 77 78 00 08 A4 75,uvwx...u,False,False,False
2026-01-21T16:52:02.361447,40.120314,RX,0x123,8,76 77 78 79 00 08 A4 76,vwxy...v,False,False,False
2026-01-21T16:52:02.362850,40.121716,RX,0x123,8,77 78 79 7A 00 08 A4 77,wxyz...w,False,False,False
2026-01-21T16:52:02.364583,40.123450,RX,0x123,8,78 79 7A 7B 00 08 A4 78,xyz{...x,False,False,False
2026-01-21T16:52:02.365942,40.124809,RX,0x123,8,79 7A 7B 7C 00 08 A4 79,yz{|...y,False,False,False
2026-01-21T16:52:02.366953,40.125820,RX,0x123,8,7A 7B 7C 7D 00 08 A4 7A,z{|}...z,False,False,False
2026-01-21T16:52:02.368752,40.127619,RX,0x123,8,7B 7C 7D 7E 00 08 A4 7B,{|}~...{,False,False,False
2026-01-21T16:52:02.370992,40.129859,RX,0x123,8,7C 7D 7E 7F 00 08 A4 7C,|}~....|,False,False,False
2026-01-21T16:52:02.372367,40.131234,RX,0x123,8,7D 7E 7F 80 00 08 A4 7D,}~.....},False,False,False
2026-01-21T16:52:02.373796,40.132663,RX,0x123,8,7E 7F 80 81 00 08 A4 7E,~......~,False,False,False
2026-01-21T16:52:02.375226,40.134094,RX,0x123,8,7F 80 81 82 00 08 A4 7F,........,False,False,False
2026-01-21T16:52:02.376668,40.135535,RX,0x123,8,80 81 82 83 00 08 A4 80,........,False,False,False
2026-01-21T16:52:02.378226,40.137093,RX,0x123,8,81 82 83 84 00 08 A4 81,........,False,False,False
2026-01-21T16:52:02.380198,40.139065,RX,0x123,8,82 83 84 85 00 08 A4 82,........,False,False,False
2026-01-21T16:52:02.382119,40.140986,RX,0x123,8,83 84 85 86 00 08 A4 83,........,False,False,False
2026-01-21T16:52:02.383452,40.142319,RX,0x123,8,84 85 86 87 00 08 A4 84,........,False,False,False
2026-01-21T16:52:02.385144,40.144011,RX,0x123,8,85 86 87 88 00 08 A4 85,........,False,False,False
2026-01-21T16:52:02.386990,40.145857,RX,0x123,8,86 87 88 89 00 08 A4 86,........,False,False,False
2026-01-21T16:52:02.389241,40.148108,RX,0x123,8,87 88 89 8A 00 08 A4 87,........,False,False,False
2026-01-21T16:52:02.390875,40.149742,RX,0x123,8,88 89 8A 8B 00 08 A4 88,........,False,False,False
2026-01-21T16:52:02.392325,40.151192,RX,0x123,8,89 8A 8B 8C 00 08 A4 89,........,False,False,False
2026-01-21T16:52:02.393713,40.152580,RX,0x123,8,8A 8B 8C 8D 00 08 A4 8A,........,False,False,False
2026-01-21T16:52:02.395030,40.153897,RX,0x123,8,8B 8C 8D 8E 00 08 A4 8B,........,False,False,False
2026-01-21T16:52:02.396581,40.155448,RX,0x123,8,8C 8D 8E 8F 00 08 A4 8C,........,False,False,False
2026-01-21T16:52:02.398647,40.157514,RX,0x123,8,8D 8E 8F 90 00 08 A4 8D,........,False,False,False
2026-01-21T16:52:02.400351,40.159218,RX,0x123,8,8E 8F 90 91 00 08 A4 8E,........,False,False,False
2026-01-21T16:52:02.401866,40.160733,RX,0x123,8,8F 90 91 92 00 08 A4 8F,........,False,False,False
2026-01-21T16:52:02.403277,40.162144,RX,0x123,8,90 91 92 93 00 08 A4 90,........,False,False,False
2026-01-21T16:52:02.404849,40.163715,RX,0x123,8,91 92 93 94 00 08 A4 91,........,False,False,False
2026-01-21T16:52:02.406272,40.165140,RX,0x123,8,92 93 94 95 00 08 A4 92,........,False,False,False
2026-01-21T16:52:02.407827,40.166694,RX,0x123,8,93 94 95 96 00 08 A4 93,........,False,False,False
2026-01-21T16:52:02.409749,40.168616,RX,0x123,8,94 95 96 97 00 08 A4 94,........,False,False,False
2026-01-21T16:52:02.411274,40.170141,RX,0x123,8,95 96 97 98 00 08 A4 95,........,False,False,False
2026-01-21T16:52:02.412927,40.171794,RX,0x123,8,96 97 98 99 00 08 A4 96,........,False,False,False
2026-01-21T16:52:02.414397,40.173264,RX,0x123,8,97 98 99 9A 00 08 A4 97,........,False,False,False
2026-01-21T16:52:02.415907,40.174774,RX,0x123,8,98 99 9A 9B 00 08 A4 98,........,False,False,False
2026-01-21T16:52:02.417547,40.176414,RX,0x123,8,99 9A 9B 9C 00 08 A4 99,........,False,False,False
2026-01-21T16:52:02.419488,40.178355,RX,0x123,8,9A 9B 9C 9D 00 08 A4 9A,........,False,False,False
2026-01-21T16:52:02.421122,40.179989,RX,0x123,8,9B 9C 9D 9E 00 08 A4 9B,........,False,False,False
2026-01-21T16:52:02.423101,40.181967,RX,0x123,8,9C 9D 9E 9F 00 08 A4 9C,........,False,False,False
2026-01-21T16:52:02.424255,40.183122,RX,0x123,8,9D 9E 9F A0 00 08 A4 9D,........,False,False,False
2026-01-21T16:52:02.426188,40.185055,RX,0x123,8,9E 9F A0 A1 00 08 A4 9E,........,False,False,False
2026-01-21T16:52:02.427729,40.186595,RX,0x123,8,9F A0 A1 A2 00 08 A4 9F,........,False,False,False
2026-01-21T16:52:02.429293,40.188160,RX,0x123,8,A0 A1 A2 A3 00 08 A4 A0,........,False,False,False
2026-01-21T16:52:02.430750,40.189616,RX,0x123,8,A1 A2 A3 A4 00 08 A4 A1,........,False,False,False
2026-01-21T16:52:02.432213,40.191080,RX,0x123,8,A2 A3 A4 A5 00 08 A4 A2,........,False,False,False
2026-01-21T16:52:02.433589,40.192456,RX,0x123,8,A3 A4 A5 A6 00 08 A4 A3,........,False,False,False
2026-01-21T16:52:02.435071,40.193938,RX,0x123,8,A4 A5 A6 A7 00 08 A4 A4,........,False,False,False
2026-01-21T16:52:02.436527,40.195394,RX,0x123,8,A5 A6 A7 A8 00 08 A4 A5,........,False,False,False
2026-01-21T16:52:02.437892,40.196759,RX,0x123,8,A6 A7 A8 A9 00 08 A4 A6,........,False,False,False
2026-01-21T16:52:02.438901,40.197768,RX,0x123,8,A7 A8 A9 AA 00 08 A4 A7,........,False,False,False
2026-01-21T16:52:02.441248,40.200114,RX,0x123,8,A8 A9 AA AB 00 08 A4 A8,........,False,False,False
2026-01-21T16:52:02.443183,40.202050,RX,0x123,8,A9 AA AB AC 00 08 A4 A9,........,False,False,False
2026-01-21T16:52:02.445354,40.204221,RX,0x123,8,AA AB AC AD 00 08 A4 AA,........,False,False,False
2026-01-21T16:52:02.447288,40.206155,RX,0x123,8,AB AC AD AE 00 08 A4 AB,........,False,False,False
2026-01-21T16:52:02.448733,40.207599,RX,0x123,8,AC AD AE AF 00 08 A4 AC,........,False,False,False
2026-01-21T16:52:02.450131,40.208998,RX,0x123,8,AD AE AF B0 00 08 A4 AD,........,False,False,False
2026-01-21T16:52:02.452046,40.210913,RX,0x123,8,AE AF B0 B1 00 08 A4 AE,........,False,False,False
2026-01-21T16:52:02.453987,40.212854,RX,0x123,8,AF B0 B1 B2 00 08 A4 AF,........,False,False,False
2026-01-21T16:52:02.456310,40.215177,RX,0x123,8,B0 B1 B2 B3 00 08 A4 B0,........,False,False,False
2026-01-21T16:52:02.458345,40.217212,RX,0x123,8,B1 B2 B3 B4 00 08 A4 B1,........,False,False,False
2026-01-21T16:52:02.460314,40.219181,RX,0x123,8,B2 B3 B4 B5 00 08 A4 B2,........,False,False,False
2026-01-21T16:52:02.461772,40.220639,RX,0x123,8,B3 B4 B5 B6 00 08 A4 B3,........,False,False,False
2026-01-21T16:52:02.462778,40.221645,RX,0x123,8,B4 B5 B6 B7 00 08 A4 B4,........,False,False,False
2026-01-21T16:52:02.465174,40.224041,RX,0x123,8,B5 B6 B7 B8 00 08 A4 B5,........,False,False,False
2026-01-21T16:52:02.467129,40.225996,RX,0x123,8,B6 B7 B8 B9 00 08 A4 B6,........,False,False,False
2026-01-21T16:52:02.468712,40.227579,RX,0x123,8,B7 B8 B9 BA 00 08 A4 B7,........,False,False,False
2026-01-21T16:52:02.470672,40.229539,RX,0x123,8,B8 B9 BA BB 00 08 A4 B8,........,False,False,False
2026-01-21T16:52:02.472916,40.231783,RX,0x123,8,B9 BA BB BC 00 08 A4 B9,........,False,False,False
2026-01-21T16:52:02.474766,40.233633,RX,0x123,8,BA BB BC BD 00 08 A4 BA,........,False,False,False
2026-01-21T16:52:02.477111,40.235978,RX,0x123,8,BB BC BD BE 00 08 A4 BB,........,False,False,False
2026-01-21T16:52:02.479091,40.237958,RX,0x123,8,BC BD BE BF 00 08 A4 BC,........,False,False,False
2026-01-21T16:52:02.480841,40.239708,RX,0x123,8,BD BE BF C0 00 08 A4 BD,........,False,False,False
2026-01-21T16:52:02.482435,40.241302,RX,0x123,8,BE BF C0 C1 00 08 A4 BE,........,False,False,False
2026-01-21T16:52:02.483904,40.242771,RX,0x123,8,BF C0 C1 C2 00 08 A4 BF,........,False,False,False
2026-01-21T16:52:02.485541,40.244408,RX,0x123,8,C0 C1 C2 C3 00 08 A4 C0,........,False,False,False
2026-01-21T16:52:02.486980,40.245847,RX,0x123,8,C1 C2 C3 C4 00 08 A4 C1,........,False,False,False
2026-01-21T16:52:02.488394,40.247261,RX,0x123,8,C2 C3 C4 C5 00 08 A4 C2,........,False,False,False
2026-01-21T16:52:02.489730,40.248597,RX,0x123,8,C3 C4 C5 C6 00 08 A4 C3,........,False,False,False
2026-01-21T16:52:02.490740,40.249607,RX,0x123,8,C4 C5 C6 C7 00 08 A4 C4,........,False,False,False
2026-01-21T16:52:02.492852,40.251719,RX,0x123,8,C5 C6 C7 C8 00 08 A4 C5,........,False,False,False
2026-01-21T16:52:02.494718,40.253585,RX,0x123,8,C6 C7 C8 C9 00 08 A4 C6,........,False,False,False
2026-01-21T16:52:02.496384,40.255251,RX,0x123,8,C7 C8 C9 CA 00 08 A4 C7,........,False,False,False
2026-01-21T16:52:02.497810,40.256677,RX,0x123,8,C8 C9 CA CB 00 08 A4 C8,........,False,False,False
2026-01-21T16:52:02.499356,40.258224,RX,0x123,8,C9 CA CB CC 00 08 A4 C9,........,False,False,False
2026-01-21T16:52:02.501465,40.260332,RX,0x123,8,CA CB CC CD 00 08 A4 CA,........,False,False,False
2026-01-21T16:52:02.502947,40.261814,RX,0x123,8,CB CC CD CE 00 08 A4 CB,........,False,False,False
2026-01-21T16:52:02.503958,40.262825,RX,0x123,8,CC CD CE CF 00 08 A4 CC,........,False,False,False
2026-01-21T16:52:02.506201,40.265068,RX,0x123,8,CD CE CF D0 00 08 A4 CD,........,False,False,False
2026-01-21T16:52:02.507670,40.266536,RX,0x123,8,CE CF D0 D1 00 08 A4 CE,........,False,False,False
2026-01-21T16:52:02.509040,40.267907,RX,0x123,8,CF D0 D1 D2 00 08 A4 CF,........,False,False,False
2026-01-21T16:52:02.510446,40.269313,RX,0x123,8,D0 D1 D2 D3 00 08 A4 D0,........,False,False,False
2026-01-21T16:52:02.511957,40.270824,RX,0x123,8,D1 D2 D3 D4 00 08 A4 D1,........,False,False,False
2026-01-21T16:52:02.513590,40.272457,RX,0x123,8,D2 D3 D4 D5 00 08 A4 D2,........,False,False,False
2026-01-21T16:52:02.515411,40.274278,RX,0x123,8,D3 D4 D5 D6 00 08 A4 D3,........,False,False,False
2026-01-21T16:52:02.517435,40.276302,RX,0x123,8,D4 D5 D6 D7 00 08 A4 D4,........,False,False,False
2026-01-21T16:52:02.519332,40.278199,RX,0x123,8,D5 D6 D7 D8 00 08 A4 D5,........,False,False,False
2026-01-21T16:52:02.520854,40.279721,RX,0x123,8,D6 D7 D8 D9 00 08 A4 D6,........,False,False,False
2026-01-21T16:52:02.522660,40.281527,RX,0x123,8,D7 D8 D9 DA 00 08 A4 D7,........,False,False,False
2026-01-21T16:52:02.524557,40.283424,RX,0x123,8,D8 D9 DA DB 00 08 A4 D8,........,False,False,False
2026-01-21T16:52:02.526567,40.285434,RX,0x123,8,D9 DA DB DC 00 08 A4 D9,........,False,False,False
2026-01-21T16:52:02.527931,40.286798,RX,0x123,8,DA DB DC DD 00 08 A4 DA,........,False,False,False
2026-01-21T16:52:02.529451,40.288318,RX,0x123,8,DB DC DD DE 00 08 A4 DB,........,False,False,False
2026-01-21T16:52:02.530792,40.289659,RX,0x123,8,DC DD DE DF 00 08 A4 DC,........,False,False,False
2026-01-21T16:52:02.531803,40.290670,RX,0x123,8,DD DE DF E0 00 08 A4 DD,........,False,False,False
2026-01-21T16:52:02.534013,40.292881,RX,0x123,8,DE DF E0 E1 00 08 A4 DE,........,False,False,False
2026-01-21T16:52:02.535542,40.294409,RX,0x123,8,DF E0 E1 E2 00 08 A4 DF,........,False,False,False
2026-01-21T16:52:02.536958,40.295825,RX,0x123,8,E0 E1 E2 E3 00 08 A4 E0,........,False,False,False
2026-01-21T16:52:02.538615,40.297482,RX,0x123,8,E1 E2 E3 E4 00 08 A4 E1,........,False,False,False
2026-01-21T16:52:02.540499,40.299366,RX,0x123,8,E2 E3 E4 E5 00 08 A4 E2,........,False,False,False
2026-01-21T16:52:02.542582,40.301449,RX,0x123,8,E3 E4 E5 E6 00 08 A4 E3,........,False,False,False
2026-01-21T16:52:02.543951,40.302818,RX,0x123,8,E4 E5 E6 E7 00 08 A4 E4,........,False,False,False
2026-01-21T16:52:02.545617,40.304484,RX,0x123,8,E5 E6 E7 E8 00 08 A4 E5,........,False,False,False
2026-01-21T16:52:02.547133,40.306000,RX,0x123,8,E6 E7 E8 E9 00 08 A4 E6,........,False,False,False
2026-01-21T16:52:02.548569,40.307436,RX,0x123,8,E7 E8 E9 EA 00 08 A4 E7,........,False,False,False
2026-01-21T16:52:02.550369,40.309236,RX,0x123,8,E8 E9 EA EB 00 08 A4 E8,........,False,False,False
2026-01-21T16:52:02.552210,40.311077,RX,0x123,8,E9 EA EB EC 00 08 A4 E9,........,False,False,False
2026-01-21T16:52:02.553742,40.312609,RX,0x123,8,EA EB EC ED 00 08 A4 EA,........,False,False,False
2026-01-21T16:52:02.555492,40.314359,RX,0x123,8,EB EC ED EE 00 08 A4 EB,........,False,False,False
2026-01-21T16:52:02.557429,40.316296,RX,0x123,8,EC ED EE EF 00 08 A4 EC,........,False,False,False
2026-01-21T16:52:02.559105,40.317972,RX,0x123,8,ED EE EF F0 00 08 A4 ED,........,False,False,False
2026-01-21T16:52:02.560895,40.319762,RX,0x123,8,EE EF F0 F1 00 08 A4 EE,........,False,False,False
2026-01-21T16:52:02.562465,40.321332,RX,0x123,8,EF F0 F1 F2 00 08 A4 EF,........,False,False,False
2026-01-21T16:52:02.564372,40.323239,RX,0x123,8,F0 F1 F2 F3 00 08 A4 F0,........,False,False,False
2026-01-21T16:52:02.566048,40.324915,RX,0x123,8,F1 F2 F3 F4 00 08 A4 F1,........,False,False,False
2026-01-21T16:52:02.567881,40.326748,RX,0x123,8,F2 F3 F4 F5 00 08 A4 F2,........,False,False,False
2026-01-21T16:52:02.569478,40.328345,RX,0x123,8,F3 F4 F5 F6 00 08 A4 F3,........,False,False,False
2026-01-21T16:52:02.571261,40.330128,RX,0x123,8,F4 F5 F6 F7 00 08 A4 F4,........,False,False,False
2026-01-21T16:52:02.572669,40.331536,RX,0x123,8,F5 F6 F7 F8 00 08 A4 F5,........,False,False,False
2026-01-21T16:52:02.574081,40.332948,RX,0x123,8,F6 F7 F8 F9 00 08 A4 F6,........,False,False,False
2026-01-21T16:52:02.575671,40.334538,RX,0x123,8,F7 F8 F9 FA 00 08 A4 F7,........,False,False,False
2026-01-21T16:52:02.577677,40.336544,RX,0x123,8,F8 F9 FA FB 00 08 A4 F8,........,False,False,False
2026-01-21T16:52:02.579412,40.338279,RX,0x123,8,F9 FA FB FC 00 08 A4 F9,........,False,False,False
2026-01-21T16:52:02.581329,40.340196,RX,0x123,8,FA FB FC FD 00 08 A4 FA,........,False,False,False
2026-01-21T16:52:02.583124,40.341991,RX,0x123,8,FB FC FD FE 00 08 A4 FB,........,False,False,False
2026-01-21T16:52:02.584455,40.343322,RX,0x123,8,FC FD FE FF 00 08 A4 FC,........,False,False,False
2026-01-21T16:52:02.585983,40.344850,RX,0x123,8,FD FE FF 00 00 08 A4 FD,........,False,False,False
2026-01-21T16:52:02.587675,40.346542,RX,0x123,8,FE FF 00 01 00 08 A4 FE,........,False,False,False
2026-01-21T16:52:02.589186,40.348053,RX,0x123,8,FF 00 01 02 00 08 A4 FF,........,False,False,False
2026-01-21T16:52:02.590193,40.349061,RX,0x123,8,00 01 02 03 00 08 A5 00,........,False,False,False
2026-01-21T16:52:02.592511,40.351377,RX,0x123,8,01 02 03 04 00 08 A5 01,........,False,False,False
2026-01-21T16:52:02.594224,40.353091,RX,0x123,8,02 03 04 05 00 08 A5 02,........,False,False,False
2026-01-21T16:52:02.596076,40.354943,RX,0x123,8,03 04 05 06 00 08 A5 03,........,False,False,False
2026-01-21T16:52:02.598250,40.357117,RX,0x123,8,04 05 06 07 00 08 A5 04,........,False,False,False
2026-01-21T16:52:02.599697,40.358563,RX,0x123,8,05 06 07 08 00 08 A5 05,........,False,False,False
2026-01-21T16:52:02.601359,40.360226,RX,0x123,8,06 07 08 09 00 08 A5 06,........,False,False,False
2026-01-21T16:52:02.603246,40.362113,RX,0x123,8,07 08 09 0A 00 08 A5 07,........,False,False,False
2026-01-21T16:52:02.604645,40.363512,RX,0x123,8,08 09 0A 0B 00 08 A5 08,........,False,False,False
2026-01-21T16:52:02.605664,40.364532,RX,0x123,8,09 0A 0B 0C 00 08 A5 09,........,False,False,False
2026-01-21T16:52:02.608224,40.367090,RX,0x123,8,0A 0B 0C 0D 00 08 A5 0A,........,False,False,False
2026-01-21T16:52:02.609758,40.368625,RX,0x123,8,0B 0C 0D 0E 00 08 A5 0B,........,False,False,False
2026-01-21T16:52:02.611382,40.370249,RX,0x123,8,0C 0D 0E 0F 00 08 A5 0C,........,False,False,False
2026-01-21T16:52:02.612879,40.371746,RX,0x123,8,0D 0E 0F 10 00 08 A5 0D,........,False,False,False
2026-01-21T16:52:02.613888,40.372755,RX,0x123,8,0E 0F 10 11 00 08 A5 0E,........,False,False,False
2026-01-21T16:52:02.615629,40.374496,RX,0x123,8,0F 10 11 12 00 08 A5 0F,........,False,False,False
2026-01-21T16:52:02.617413,40.376280,RX,0x123,8,10 11 12 13 00 08 A5 10,........,False,False,False
2026-01-21T16:52:02.619592,40.378459,RX,0x123,8,11 12 13 14 00 08 A5 11,........,False,False,False
2026-01-21T16:52:02.620921,40.379788,RX,0x123,8,12 13 14 15 00 08 A5 12,........,False,False,False
2026-01-21T16:52:02.622312,40.381179,RX,0x123,8,13 14 15 16 00 08 A5 13,........,False,False,False
2026-01-21T16:52:02.623949,40.382816,RX,0x123,8,14 15 16 17 00 08 A5 14,........,False,False,False
2026-01-21T16:52:02.625964,40.383826,RX,0x123,8,15 16 17 18 00 08 A5 15,........,False,False,False
2026-01-21T16:52:02.627799,40.386666,RX,0x123,8,16 17 18 19 00 08 A5 16,........,False,False,False
2026-01-21T16:52:02.629808,40.388675,RX,0x123,8,17 18 19 1A 00 08 A5 17,........,False,False,False
2026-01-21T16:52:02.631791,40.390658,RX,0x123,8,18 19 1A 1B 00 08 A5 18,........,False,False,False
2026-01-21T16:52:02.633899,40.392766,RX,0x123,8,19 1A 1B 1C 00 08 A5 19,........,False,False,False
2026-01-21T16:52:02.635939,40.394473,RX,0x123,8,1A 1B 1C 1D 00 08 A5 1A,........,False,False,False
2026-01-21T16:52:02.637445,40.396312,RX,0x123,8,1B 1C 1D 1E 00 08 A5 1B,........,False,False,False
2026-01-21T16:52:02.639807,40.398674,RX,0x123,8,1C 1D 1E 1F 00 08 A5 1C,........,False,False,False
2026-01-21T16:52:02.641877,40.400744,RX,0x123,8,1D 1E 1F 20 00 08 A5 1D,... ....,False,False,False
2026-01-21T16:52:02.643666,40.402533,RX,0x123,8,1E 1F 20 21 00 08 A5 1E,.. !....,False,False,False
2026-01-21T16:52:02.645535,40.404402,RX,0x123,8,1F 20 21 22 00 08 A5 1F,". !""....",False,False,False
2026-01-21T16:52:02.647129,40.405996,RX,0x123,8,20 21 22 23 00 08 A5 20," !""#... ",False,False,False
2026-01-21T16:52:02.648560,40.407427,RX,0x123,8,21 22 23 24 00 08 A5 21,"!""#$...!",False,False,False
2026-01-21T16:52:02.650182,40.409049,RX,0x123,8,22 23 24 25 00 08 A5 22,"""#$%...""",False,False,False
2026-01-21T16:52:02.652099,40.410966,RX,0x123,8,23 24 25 26 00 08 A5 23,#$%&...#,False,False,False
2026-01-21T16:52:02.653614,40.412481,RX,0x123,8,24 25 26 27 00 08 A5 24,$%&'...$,False,False,False
2026-01-21T16:52:02.655328,40.414195,RX,0x123,8,25 26 27 28 00 08 A5 25,%&'(...%,False,False,False
2026-01-21T16:52:02.657322,40.416189,RX,0x123,8,26 27 28 29 00 08 A5 26,&'()...&,False,False,False
2026-01-21T16:52:02.658329,40.417196,RX,0x123,8,27 28 29 2A 00 08 A5 27,'()*...',False,False,False
2026-01-21T16:52:02.660618,40.419485,RX,0x123,8,28 29 2A 2B 00 08 A5 28,()*+...(,False,False,False
2026-01-21T16:52:02.662218,40.421085,RX,0x123,8,29 2A 2B 2C 00 08 A5 29,")*+,...)",False,False,False
2026-01-21T16:52:02.663909,40.422776,RX,0x123,8,2A 2B 2C 2D 00 08 A5 2A,"*+,-...*",False,False,False
2026-01-21T16:52:02.665763,40.424630,RX,0x123,8,2B 2C 2D 2E 00 08 A5 2B,"+,-....+",False,False,False
2026-01-21T16:52:02.667184,40.426051,RX,0x123,8,2C 2D 2E 2F 00 08 A5 2C,",-./...,",False,False,False
2026-01-21T16:52:02.669238,40.428105,RX,0x123,8,2D 2E 2F 30 00 08 A5 2D,-./0...-,False,False,False
2026-01-21T16:52:02.670744,40.429611,RX,0x123,8,2E 2F 30 31 00 08 A5 2E,./01....,False,False,False
2026-01-21T16:52:02.672306,40.431173,RX,0x123,8,2F 30 31 32 00 08 A5 2F,/012.../,False,False,False
2026-01-21T16:52:02.674009,40.432876,RX,0x123,8,30 31 32 33 00 08 A5 30,0123...0,False,False,False
2026-01-21T16:52:02.675975,40.434842,RX,0x123,8,31 32 33 34 00 08 A5 31,1234...1,False,False,False
2026-01-21T16:52:02.677826,40.436693,RX,0x123,8,32 33 34 35 00 08 A5 32,2345...2,False,False,False
2026-01-21T16:52:02.678900,40.437767,RX,0x123,8,33 34 35 36 00 08 A5 33,3456...3,False,False,False
2026-01-21T16:52:02.681667,40.440534,RX,0x123,8,34 35 36 37 00 08 A5 34,4567...4,False,False,False
2026-01-21T16:52:02.683734,40.442601,RX,0x123,8,35 36 37 38 00 08 A5 35,5678...5,False,False,False
2026-01-21T16:52:02.684746,40.443613,RX,0x123,8,36 37 38 39 00 08 A5 36,6789...6,False,False,False
2026-01-21T16:52:02.687205,40.446072,RX,0x123,8,37 38 39 3A 00 08 A5 37,789:...7,False,False,False
2026-01-21T16:52:02.688555,40.447422,RX,0x123,8,38 39 3A 3B 00 08 A5 38,89:;...8,False,False,False
2026-01-21T16:52:02.689561,40.448428,RX,0x123,8,39 3A 3B 3C 00 08 A5 39,9:;<...9,False,False,False
2026-01-21T16:52:02.691822,40.450689,RX,0x123,8,3A 3B 3C 3D 00 08 A5 3A,:;<=...:,False,False,False
2026-01-21T16:52:02.692830,40.451697,RX,0x123,8,3B 3C 3D 3E 00 08 A5 3B,;<=>...;,False,False,False
2026-01-21T16:52:02.694970,40.453837,RX,0x123,8,3C 3D 3E 3F 00 08 A5 3C,<=>?...<,False,False,False
2026-01-21T16:52:02.696344,40.455211,RX,0x123,8,3D 3E 3F 40 00 08 A5 3D,=>?@...=,False,False,False
2026-01-21T16:52:02.697688,40.456555,RX,0x123,8,3E 3F 40 41 00 08 A5 3E,>?@A...>,False,False,False
2026-01-21T16:52:02.699019,40.457886,RX,0x123,8,3F 40 41 42 00 08 A5 3F,?@AB...?,False,False,False
2026-01-21T16:52:02.700371,40.459238,RX,0x123,8,40 41 42 43 00 08 A5 40,@ABC...@,False,False,False
2026-01-21T16:52:02.702385,40.461252,RX,0x123,8,41 42 43 44 00 08 A5 41,ABCD...A,False,False,False
2026-01-21T16:52:02.704701,40.463568,RX,0x123,8,42 43 44 45 00 08 A5 42,BCDE...B,False,False,False
2026-01-21T16:52:02.706322,40.465189,RX,0x123,8,43 44 45 46 00 08 A5 43,CDEF...C,False,False,False
2026-01-21T16:52:02.708213,40.467080,RX,0x123,8,44 45 46 47 00 08 A5 44,DEFG...D,False,False,False
2026-01-21T16:52:02.709730,40.468597,RX,0x123,8,45 46 47 48 00 08 A5 45,EFGH...E,False,False,False
2026-01-21T16:52:02.711216,40.470083,RX,0x123,8,46 47 48 49 00 08 A5 46,FGHI...F,False,False,False
2026-01-21T16:52:02.713117,40.471098,RX,0x123,8,47 48 49 4A 00 08 A5 47,GHIJ...G,False,False,False
2026-01-21T16:52:02.715009,40.473876,RX,0x123,8,48 49 4A 4B 00 08 A5 48,HIJK...H,False,False,False
2026-01-21T16:52:02.716672,40.475540,RX,0x123,8,49 4A 4B 4C 00 08 A5 49,IJKL...I,False,False,False
2026-01-21T16:52:02.718559,40.477426,RX,0x123,8,4A 4B 4C 4D 00 08 A5 4A,JKLM...J,False,False,False
2026-01-21T16:52:02.719944,40.478811,RX,0x123,8,4B 4C 4D 4E 00 08 A5 4B,KLMN...K,False,False,False
2026-01-21T16:52:02.721477,40.480344,RX,0x123,8,4C 4D 4E 4F 00 08 A5 4C,LMNO...L,False,False,False
2026-01-21T16:52:02.722485,40.481352,RX,0x123,8,4D 4E 4F 50 00 08 A5 4D,MNOP...M,False,False,False
2026-01-21T16:52:02.724246,40.483113,RX,0x123,8,4E 4F 50 51 00 08 A5 4E,NOPQ...N,False,False,False
2026-01-21T16:52:02.726957,40.485824,RX,0x123,8,4F 50 51 52 00 08 A5 4F,OPQR...O,False,False,False
2026-01-21T16:52:02.727963,40.486830,RX,0x123,8,50 51 52 53 00 08 A5 50,PQRS...P,False,False,False
2026-01-21T16:52:02.730097,40.488964,RX,0x123,8,51 52 53 54 00 08 A5 51,QRST...Q,False,False,False
2026-01-21T16:52:02.731108,40.489975,RX,0x123,8,52 53 54 55 00 08 A5 52,RSTU...R,False,False,False
2026-01-21T16:52:02.733620,40.492487,RX,0x123,8,53 54 55 56 00 08 A5 53,STUV...S,False,False,False
2026-01-21T16:52:02.735469,40.494336,RX,0x123,8,54 55 56 57 00 08 A5 54,TUVW...T,False,False,False
2026-01-21T16:52:02.738086,40.496632,RX,0x123,8,55 56 57 58 00 08 A5 55,UVWX...U,False,False,False
2026-01-21T16:52:02.739605,40.498471,RX,0x123,8,56 57 58 59 00 08 A5 56,VWXY...V,False,False,False
2026-01-21T16:52:02.740616,40.499483,RX,0x123,8,57 58 59 5A 00 08 A5 57,WXYZ...W,False,False,False
2026-01-21T16:52:02.742406,40.501273,RX,0x123,8,58 59 5A 5B 00 08 A5 58,XYZ[...X,False,False,False
2026-01-21T16:52:02.744136,40.503002,RX,0x123,8,59 5A 5B 5C 00 08 A5 59,YZ[\...Y,False,False,False
2026-01-21T16:52:02.746481,40.505348,RX,0x123,8,5A 5B 5C 5D 00 08 A5 5A,Z[\]...Z,False,False,False
2026-01-21T16:52:02.748032,40.506899,RX,0x123,8,5B 5C 5D 5E 00 08 A5 5B,[\]^...[,False,False,False
2026-01-21T16:52:02.749394,40.508261,RX,0x123,8,5C 5D 5E 5F 00 08 A5 5C,\]^_...\,False,False,False
2026-01-21T16:52:02.750875,40.509742,RX,0x123,8,5D 5E 5F 60 00 08 A5 5D,]^_`...],False,False,False
2026-01-21T16:52:02.752475,40.511342,RX,0x123,8,5E 5F 60 61 00 08 A5 5E,^_`a...^,False,False,False
2026-01-21T16:52:02.754393,40.513260,RX,0x123,8,5F 60 61 62 00 08 A5 5F,_`ab..._,False,False,False
2026-01-21T16:52:02.755884,40.514751,RX,0x123,8,60 61 62 63 00 08 A5 60,`abc...`,False,False,False
2026-01-21T16:52:02.757382,40.516249,RX,0x123,8,61 62 63 64 00 08 A5 61,abcd...a,False,False,False
2026-01-21T16:52:02.758822,40.517689,RX,0x123,8,62 63 64 65 00 08 A5 62,bcde...b,False,False,False
2026-01-21T16:52:02.760201,40.519068,RX,0x123,8,63 64 65 66 00 08 A5 63,cdef...c,False,False,False
2026-01-21T16:52:02.761210,40.520077,RX,0x123,8,64 65 66 67 00 08 A5 64,defg...d,False,False,False
2026-01-21T16:52:02.763721,40.522588,RX,0x123,8,65 66 67 68 00 08 A5 65,efgh...e,False,False,False
2026-01-21T16:52:02.765410,40.524277,RX,0x123,8,66 67 68 69 00 08 A5 66,fghi...f,False,False,False
2026-01-21T16:52:02.767056,40.525923,RX,0x123,8,67 68 69 6A 00 08 A5 67,ghij...g,False,False,False
2026-01-21T16:52:02.768828,40.527695,RX,0x123,8,68 69 6A 6B 00 08 A5 68,hijk...h,False,False,False
2026-01-21T16:52:02.769837,40.528704,RX,0x123,8,69 6A 6B 6C 00 08 A5 69,ijkl...i,False,False,False
2026-01-21T16:52:02.772173,40.531040,RX,0x123,8,6A 6B 6C 6D 00 08 A5 6A,jklm...j,False,False,False
2026-01-21T16:52:02.773759,40.532625,RX,0x123,8,6B 6C 6D 6E 00 08 A5 6B,klmn...k,False,False,False
2026-01-21T16:52:02.775200,40.534067,RX,0x123,8,6C 6D 6E 6F 00 08 A5 6C,lmno...l,False,False,False
2026-01-21T16:52:02.776779,40.535646,RX,0x123,8,6D 6E 6F 70 00 08 A5 6D,mnop...m,False,False,False
2026-01-21T16:52:02.778172,40.537039,RX,0x123,8,6E 6F 70 71 00 08 A5 6E,nopq...n,False,False,False
2026-01-21T16:52:02.779682,40.538549,RX,0x123,8,6F 70 71 72 00 08 A5 6F,opqr...o,False,False,False
2026-01-21T16:52:02.781118,40.539985,RX,0x123,8,70 71 72 73 00 08 A5 70,pqrs...p,False,False,False
2026-01-21T16:52:02.782507,40.541374,RX,0x123,8,71 72 73 74 00 08 A5 71,qrst...q,False,False,False
2026-01-21T16:52:02.783951,40.542818,RX,0x123,8,72 73 74 75 00 08 A5 72,rstu...r,False,False,False
2026-01-21T16:52:02.785520,40.544387,RX,0x123,8,73 74 75 76 00 08 A5 73,stuv...s,False,False,False
2026-01-21T16:52:02.786533,40.545400,RX,0x123,8,74 75 76 77 00 08 A5 74,tuvw...t,False,False,False
2026-01-21T16:52:02.788330,40.547197,RX,0x123,8,75 76 77 78 00 08 A5 75,uvwx...u,False,False,False
2026-01-21T16:52:02.790095,40.548962,RX,0x123,8,76 77 78 79 00 08 A5 76,vwxy...v,False,False,False
2026-01-21T16:52:02.791834,40.550701,RX,0x123,8,77 78 79 7A 00 08 A5 77,wxyz...w,False,False,False
2026-01-21T16:52:02.794062,40.552929,RX,0x123,8,78 79 7A 7B 00 08 A5 78,xyz{...x,False,False,False
2026-01-21T16:52:02.795650,40.554517,RX,0x123,8,79 7A 7B 7C 00 08 A5 79,yz{|...y,False,False,False
2026-01-21T16:52:02.797198,40.556065,RX,0x123,8,7A 7B 7C 7D 00 08 A5 7A,z{|}...z,False,False,False
2026-01-21T16:52:02.798565,40.557432,RX,0x123,8,7B 7C 7D 7E 00 08 A5 7B,{|}~...{,False,False,False
2026-01-21T16:52:02.799577,40.558444,RX,0x123,8,7C 7D 7E 7F 00 08 A5 7C,|}~....|,False,False,False
2026-01-21T16:52:02.801892,40.560759,RX,0x123,8,7D 7E 7F 80 00 08 A5 7D,}~.....},False,False,False
2026-01-21T16:52:02.803420,40.562288,RX,0x123,8,7E 7F 80 81 00 08 A5 7E,~......~,False,False,False
2026-01-21T16:52:02.804976,40.563843,RX,0x123,8,7F 80 81 82 00 08 A5 7F,........,False,False,False
2026-01-21T16:52:02.806794,40.565661,RX,0x123,8,80 81 82 83 00 08 A5 80,........,False,False,False
2026-01-21T16:52:02.808106,40.566973,RX,0x123,8,81 82 83 84 00 08 A5 81,........,False,False,False
2026-01-21T16:52:02.810263,40.569130,RX,0x123,8,82 83 84 85 00 08 A5 82,........,False,False,False
2026-01-21T16:52:02.811770,40.570637,RX,0x123,8,83 84 85 86 00 08 A5 83,........,False,False,False
2026-01-21T16:52:02.813488,40.572355,RX,0x123,8,84 85 86 87 00 08 A5 84,........,False,False,False
2026-01-21T16:52:02.815308,40.574175,RX,0x123,8,85 86 87 88 00 08 A5 85,........,False,False,False
2026-01-21T16:52:02.816997,40.575864,RX,0x123,8,86 87 88 89 00 08 A5 86,........,False,False,False
2026-01-21T16:52:02.818850,40.577717,RX,0x123,8,87 88 89 8A 00 08 A5 87,........,False,False,False
2026-01-21T16:52:02.820969,40.579836,RX,0x123,8,88 89 8A 8B 00 08 A5 88,........,False,False,False
2026-01-21T16:52:02.822323,40.581190,RX,0x123,8,89 8A 8B 8C 00 08 A5 89,........,False,False,False
2026-01-21T16:52:02.823921,40.582788,RX,0x123,8,8A 8B 8C 8D 00 08 A5 8A,........,False,False,False
2026-01-21T16:52:02.824928,40.583795,RX,0x123,8,8B 8C 8D 8E 00 08 A5 8B,........,False,False,False
2026-01-21T16:52:02.827637,40.586504,RX,0x123,8,8C 8D 8E 8F 00 08 A5 8C,........,False,False,False
2026-01-21T16:52:02.829645,40.588512,RX,0x123,8,8D 8E 8F 90 00 08 A5 8D,........,False,False,False
2026-01-21T16:52:02.831214,40.590081,RX,0x123,8,8E 8F 90 91 00 08 A5 8E,........,False,False,False
2026-01-21T16:52:02.832647,40.591514,RX,0x123,8,8F 90 91 92 00 08 A5 8F,........,False,False,False
2026-01-21T16:52:02.834192,40.593058,RX,0x123,8,90 91 92 93 00 08 A5 90,........,False,False,False
2026-01-21T16:52:02.835522,40.594389,RX,0x123,8,91 92 93 94 00 08 A5 91,........,False,False,False
2026-01-21T16:52:02.836900,40.595767,RX,0x123,8,92 93 94 95 00 08 A5 92,........,False,False,False
2026-01-21T16:52:02.838320,40.597188,RX,0x123,8,93 94 95 96 00 08 A5 93,........,False,False,False
2026-01-21T16:52:02.839644,40.598511,RX,0x123,8,94 95 96 97 00 08 A5 94,........,False,False,False
2026-01-21T16:52:02.840655,40.599522,RX,0x123,8,95 96 97 98 00 08 A5 95,........,False,False,False
2026-01-21T16:52:02.843496,40.602362,RX,0x123,8,96 97 98 99 00 08 A5 96,........,False,False,False
2026-01-21T16:52:02.845300,40.604167,RX,0x123,8,97 98 99 9A 00 08 A5 97,........,False,False,False
2026-01-21T16:52:02.846781,40.605648,RX,0x123,8,98 99 9A 9B 00 08 A5 98,........,False,False,False
2026-01-21T16:52:02.847794,40.606661,RX,0x123,8,99 9A 9B 9C 00 08 A5 99,........,False,False,False
2026-01-21T16:52:02.849600,40.608467,RX,0x123,8,9A 9B 9C 9D 00 08 A5 9A,........,False,False,False
2026-01-21T16:52:02.851933,40.610800,RX,0x123,8,9B 9C 9D 9E 00 08 A5 9B,........,False,False,False
2026-01-21T16:52:02.852939,40.611805,RX,0x123,8,9C 9D 9E 9F 00 08 A5 9C,........,False,False,False
2026-01-21T16:52:02.855063,40.613930,RX,0x123,8,9D 9E 9F A0 00 08 A5 9D,........,False,False,False
2026-01-21T16:52:02.856648,40.615515,RX,0x123,8,9E 9F A0 A1 00 08 A5 9E,........,False,False,False
2026-01-21T16:52:02.858738,40.616585,RX,0x123,8,9F A0 A1 A2 00 08 A5 9F,........,False,False,False
2026-01-21T16:52:02.860710,40.619577,RX,0x123,8,A0 A1 A2 A3 00 08 A5 A0,........,False,False,False
2026-01-21T16:52:02.862150,40.621017,RX,0x123,8,A1 A2 A3 A4 00 08 A5 A1,........,False,False,False
2026-01-21T16:52:02.863796,40.622663,RX,0x123,8,A2 A3 A4 A5 00 08 A5 A2,........,False,False,False
2026-01-21T16:52:02.865582,40.624449,RX,0x123,8,A3 A4 A5 A6 00 08 A5 A3,........,False,False,False
2026-01-21T16:52:02.866969,40.625836,RX,0x123,8,A4 A5 A6 A7 00 08 A5 A4,........,False,False,False
2026-01-21T16:52:02.868401,40.627268,RX,0x123,8,A5 A6 A7 A8 00 08 A5 A5,........,False,False,False
2026-01-21T16:52:02.869779,40.628646,RX,0x123,8,A6 A7 A8 A9 00 08 A5 A6,........,False,False,False
2026-01-21T16:52:02.871131,40.629998,RX,0x123,8,A7 A8 A9 AA 00 08 A5 A7,........,False,False,False
2026-01-21T16:52:02.873362,40.632229,RX,0x123,8,A8 A9 AA AB 00 08 A5 A8,........,False,False,False
2026-01-21T16:52:02.874357,40.633224,RX,0x123,8,A9 AA AB AC 00 08 A5 A9,........,False,False,False
2026-01-21T16:52:02.875933,40.634800,RX,0x123,8,AA AB AC AD 00 08 A5 AA,........,False,False,False
2026-01-21T16:52:02.877527,40.636394,RX,0x123,8,AB AC AD AE 00 08 A5 AB,........,False,False,False
2026-01-21T16:52:02.878878,40.637745,RX,0x123,8,AC AD AE AF 00 08 A5 AC,........,False,False,False
2026-01-21T16:52:02.880300,40.639167,RX,0x123,8,AD AE AF B0 00 08 A5 AD,........,False,False,False
2026-01-21T16:52:02.881634,40.640501,RX,0x123,8,AE AF B0 B1 00 08 A5 AE,........,False,False,False
2026-01-21T16:52:02.883121,40.641989,RX,0x123,8,AF B0 B1 B2 00 08 A5 AF,........,False,False,False
2026-01-21T16:52:02.884635,40.643502,RX,0x123,8,B0 B1 B2 B3 00 08 A5 B0,........,False,False,False
2026-01-21T16:52:02.886106,40.644973,RX,0x123,8,B1 B2 B3 B4 00 08 A5 B1,........,False,False,False
2026-01-21T16:52:02.887605,40.646472,RX,0x123,8,B2 B3 B4 B5 00 08 A5 B2,........,False,False,False
2026-01-21T16:52:02.889040,40.647907,RX,0x123,8,B3 B4 B5 B6 00 08 A5 B3,........,False,False,False
2026-01-21T16:52:02.890366,40.649233,RX,0x123,8,B4 B5 B6 B7 00 08 A5 B4,........,False,False,False
2026-01-21T16:52:02.891882,40.650749,RX,0x123,8,B5 B6 B7 B8 00 08 A5 B5,........,False,False,False
2026-01-21T16:52:02.893467,40.652334,RX,0x123,8,B6 B7 B8 B9 00 08 A5 B6,........,False,False,False
2026-01-21T16:52:02.895025,40.653892,RX,0x123,8,B7 B8 B9 BA 00 08 A5 B7,........,False,False,False
2026-01-21T16:52:02.896456,40.655323,RX,0x123,8,B8 B9 BA BB 00 08 A5 B8,........,False,False,False
2026-01-21T16:52:02.897762,40.656629,RX,0x123,8,B9 BA BB BC 00 08 A5 B9,........,False,False,False
2026-01-21T16:52:02.898786,40.657653,RX,0x123,8,BA BB BC BD 00 08 A5 BA,........,False,False,False
2026-01-21T16:52:02.900569,40.659436,RX,0x123,8,BB BC BD BE 00 08 A5 BB,........,False,False,False
2026-01-21T16:52:02.902782,40.661649,RX,0x123,8,BC BD BE BF 00 08 A5 BC,........,False,False,False
2026-01-21T16:52:02.904505,40.663372,RX,0x123,8,BD BE BF C0 00 08 A5 BD,........,False,False,False
2026-01-21T16:52:02.905918,40.664785,RX,0x123,8,BE BF C0 C1 00 08 A5 BE,........,False,False,False
2026-01-21T16:52:02.907606,40.666473,RX,0x123,8,BF C0 C1 C2 00 08 A5 BF,........,False,False,False
2026-01-21T16:52:02.909202,40.668069,RX,0x123,8,C0 C1 C2 C3 00 08 A5 C0,........,False,False,False
2026-01-21T16:52:02.910620,40.669487,RX,0x123,8,C1 C2 C3 C4 00 08 A5 C1,........,False,False,False
2026-01-21T16:52:02.911937,40.670804,RX,0x123,8,C2 C3 C4 C5 00 08 A5 C2,........,False,False,False
2026-01-21T16:52:02.913392,40.672259,RX,0x123,8,C3 C4 C5 C6 00 08 A5 C3,........,False,False,False
2026-01-21T16:52:02.914886,40.673753,RX,0x123,8,C4 C5 C6 C7 00 08 A5 C4,........,False,False,False
2026-01-21T16:52:02.916292,40.675159,RX,0x123,8,C5 C6 C7 C8 00 08 A5 C5,........,False,False,False
2026-01-21T16:52:02.917644,40.676511,RX,0x123,8,C6 C7 C8 C9 00 08 A5 C6,........,False,False,False
2026-01-21T16:52:02.919264,40.678131,RX,0x123,8,C7 C8 C9 CA 00 08 A5 C7,........,False,False,False
2026-01-21T16:52:02.920888,40.679755,RX,0x123,8,C8 C9 CA CB 00 08 A5 C8,........,False,False,False
2026-01-21T16:52:02.922215,40.681082,RX,0x123,8,C9 CA CB CC 00 08 A5 C9,........,False,False,False
2026-01-21T16:52:02.923572,40.682439,RX,0x123,8,CA CB CC CD 00 08 A5 CA,........,False,False,False
2026-01-21T16:52:02.924578,40.683445,RX,0x123,8,CB CC CD CE 00 08 A5 CB,........,False,False,False
2026-01-21T16:52:02.927192,40.686059,RX,0x123,8,CC CD CE CF 00 08 A5 CC,........,False,False,False
2026-01-21T16:52:02.929157,40.688024,RX,0x123,8,CD CE CF D0 00 08 A5 CD,........,False,False,False
2026-01-21T16:52:02.930467,40.689334,RX,0x123,8,CE CF D0 D1 00 08 A5 CE,........,False,False,False
2026-01-21T16:52:02.931885,40.690752,RX,0x123,8,CF D0 D1 D2 00 08 A5 CF,........,False,False,False
2026-01-21T16:52:02.933229,40.692096,RX,0x123,8,D0 D1 D2 D3 00 08 A5 D0,........,False,False,False
2026-01-21T16:52:02.934618,40.693485,RX,0x123,8,D1 D2 D3 D4 00 08 A5 D1,........,False,False,False
2026-01-21T16:52:02.936089,40.694956,RX,0x123,8,D2 D3 D4 D5 00 08 A5 D2,........,False,False,False
2026-01-21T16:52:02.937624,40.696491,RX,0x123,8,D3 D4 D5 D6 00 08 A5 D3,........,False,False,False
2026-01-21T16:52:02.939229,40.698096,RX,0x123,8,D4 D5 D6 D7 00 08 A5 D4,........,False,False,False
2026-01-21T16:52:02.940611,40.699478,RX,0x123,8,D5 D6 D7 D8 00 08 A5 D5,........,False,False,False
2026-01-21T16:52:02.942285,40.701152,RX,0x123,8,D6 D7 D8 D9 00 08 A5 D6,........,False,False,False
2026-01-21T16:52:02.943739,40.702606,RX,0x123,8,D7 D8 D9 DA 00 08 A5 D7,........,False,False,False
2026-01-21T16:52:02.945401,40.704268,RX,0x123,8,D8 D9 DA DB 00 08 A5 D8,........,False,False,False
2026-01-21T16:52:02.947047,40.705914,RX,0x123,8,D9 DA DB DC 00 08 A5 D9,........,False,False,False
2026-01-21T16:52:02.948703,40.707570,RX,0x123,8,DA DB DC DD 00 08 A5 DA,........,False,False,False
2026-01-21T16:52:02.950095,40.708962,RX,0x123,8,DB DC DD DE 00 08 A5 DB,........,False,False,False
2026-01-21T16:52:02.951763,40.710630,RX,0x123,8,DC DD DE DF 00 08 A5 DC,........,False,False,False
2026-01-21T16:52:02.953629,40.712497,RX,0x123,8,DD DE DF E0 00 08 A5 DD,........,False,False,False
2026-01-21T16:52:02.955580,40.714447,RX,0x123,8,DE DF E0 E1 00 08 A5 DE,........,False,False,False
2026-01-21T16:52:02.957143,40.716010,RX,0x123,8,DF E0 E1 E2 00 08 A5 DF,........,False,False,False
2026-01-21T16:52:02.958535,40.717402,RX,0x123,8,E0 E1 E2 E3 00 08 A5 E0,........,False,False,False
2026-01-21T16:52:02.959877,40.718744,RX,0x123,8,E1 E2 E3 E4 00 08 A5 E1,........,False,False,False
2026-01-21T16:52:02.961332,40.720199,RX,0x123,8,E2 E3 E4 E5 00 08 A5 E2,........,False,False,False
2026-01-21T16:52:02.962338,40.721205,RX,0x123,8,E3 E4 E5 E6 00 08 A5 E3,........,False,False,False
2026-01-21T16:52:02.964452,40.723319,RX,0x123,8,E4 E5 E6 E7 00 08 A5 E4,........,False,False,False
2026-01-21T16:52:02.966273,40.725140,RX,0x123,8,E5 E6 E7 E8 00 08 A5 E5,........,False,False,False
2026-01-21T16:52:02.967982,40.726849,RX,0x123,8,E6 E7 E8 E9 00 08 A5 E6,........,False,False,False
2026-01-21T16:52:02.969500,40.728367,RX,0x123,8,E7 E8 E9 EA 00 08 A5 E7,........,False,False,False
2026-01-21T16:52:02.971234,40.730101,RX,0x123,8,E8 E9 EA EB 00 08 A5 E8,........,False,False,False
2026-01-21T16:52:02.973237,40.732104,RX,0x123,8,E9 EA EB EC 00 08 A5 E9,........,False,False,False
2026-01-21T16:52:02.974834,40.733701,RX,0x123,8,EA EB EC ED 00 08 A5 EA,........,False,False,False
2026-01-21T16:52:02.976181,40.735048,RX,0x123,8,EB EC ED EE 00 08 A5 EB,........,False,False,False
2026-01-21T16:52:02.977528,40.736395,RX,0x123,8,EC ED EE EF 00 08 A5 EC,........,False,False,False
2026-01-21T16:52:02.979072,40.737939,RX,0x123,8,ED EE EF F0 00 08 A5 ED,........,False,False,False
2026-01-21T16:52:02.980543,40.739410,RX,0x123,8,EE EF F0 F1 00 08 A5 EE,........,False,False,False
2026-01-21T16:52:02.982271,40.741138,RX,0x123,8,EF F0 F1 F2 00 08 A5 EF,........,False,False,False
2026-01-21T16:52:02.984043,40.742910,RX,0x123,8,F0 F1 F2 F3 00 08 A5 F0,........,False,False,False
2026-01-21T16:52:02.985524,40.744391,RX,0x123,8,F1 F2 F3 F4 00 08 A5 F1,........,False,False,False
2026-01-21T16:52:02.987108,40.745975,RX,0x123,8,F2 F3 F4 F5 00 08 A5 F2,........,False,False,False
2026-01-21T16:52:02.988566,40.747433,RX,0x123,8,F3 F4 F5 F6 00 08 A5 F3,........,False,False,False
2026-01-21T16:52:02.991035,40.749902,RX,0x123,8,F4 F5 F6 F7 00 08 A5 F4,........,False,False,False
2026-01-21T16:52:02.992592,40.751459,RX,0x123,8,F5 F6 F7 F8 00 08 A5 F5,........,False,False,False
2026-01-21T16:52:02.994374,40.753241,RX,0x123,8,F6 F7 F8 F9 00 08 A5 F6,........,False,False,False
2026-01-21T16:52:02.995773,40.754640,RX,0x123,8,F7 F8 F9 FA 00 08 A5 F7,........,False,False,False
2026-01-21T16:52:02.997272,40.756139,RX,0x123,8,F8 F9 FA FB 00 08 A5 F8,........,False,False,False
2026-01-21T16:52:02.998736,40.757603,RX,0x123,8,F9 FA FB FC 00 08 A5 F9,........,False,False,False
2026-01-21T16:52:03.000295,40.759162,RX,0x123,8,FA FB FC FD 00 08 A5 FA,........,False,False,False
2026-01-21T16:52:03.002282,40.761149,RX,0x123,8,FB FC FD FE 00 08 A5 FB,........,False,False,False
2026-01-21T16:52:03.004575,40.763442,RX,0x123,8,FC FD FE FF 00 08 A5 FC,........,False,False,False
2026-01-21T16:52:03.006145,40.765012,RX,0x123,8,FD FE FF 00 00 08 A5 FD,........,False,False,False
2026-01-21T16:52:03.007608,40.766475,RX,0x123,8,FE FF 00 01 00 08 A5 FE,........,False,False,False
2026-01-21T16:52:03.009317,40.768184,RX,0x123,8,FF 00 01 02 00 08 A5 FF,........,False,False,False
2026-01-21T16:52:03.010989,40.769856,RX,0x123,8,00 01 02 03 00 08 A6 00,........,False,False,False
2026-01-21T16:52:03.012382,40.771249,RX,0x123,8,01 02 03 04 00 08 A6 01,........,False,False,False
2026-01-21T16:52:03.013996,40.772863,RX,0x123,8,02 03 04 05 00 08 A6 02,........,False,False,False
2026-01-21T16:52:03.016126,40.774993,RX,0x123,8,03 04 05 06 00 08 A6 03,........,False,False,False
2026-01-21T16:52:03.018009,40.776876,RX,0x123,8,04 05 06 07 00 08 A6 04,........,False,False,False
2026-01-21T16:52:03.019677,40.778544,RX,0x123,8,05 06 07 08 00 08 A6 05,........,False,False,False
2026-01-21T16:52:03.021049,40.779916,RX,0x123,8,06 07 08 09 00 08 A6 06,........,False,False,False
2026-01-21T16:52:03.023540,40.782407,RX,0x123,8,07 08 09 0A 00 08 A6 07,........,False,False,False
2026-01-21T16:52:03.024527,40.783394,RX,0x123,8,08 09 0A 0B 00 08 A6 08,........,False,False,False
2026-01-21T16:52:03.026714,40.785581,RX,0x123,8,09 0A 0B 0C 00 08 A6 09,........,False,False,False
2026-01-21T16:52:03.028232,40.787099,RX,0x123,8,0A 0B 0C 0D 00 08 A6 0A,........,False,False,False
2026-01-21T16:52:03.030858,40.789725,RX,0x123,8,0B 0C 0D 0E 00 08 A6 0B,........,False,False,False
2026-01-21T16:52:03.032783,40.791650,RX,0x123,8,0C 0D 0E 0F 00 08 A6 0C,........,False,False,False
2026-01-21T16:52:03.034460,40.793327,RX,0x123,8,0D 0E 0F 10 00 08 A6 0D,........,False,False,False
2026-01-21T16:52:03.036331,40.795198,RX,0x123,8,0E 0F 10 11 00 08 A6 0E,........,False,False,False
2026-01-21T16:52:03.038723,40.797590,RX,0x123,8,0F 10 11 12 00 08 A6 0F,........,False,False,False
2026-01-21T16:52:03.040476,40.799343,RX,0x123,8,10 11 12 13 00 08 A6 10,........,False,False,False
2026-01-21T16:52:03.041893,40.800760,RX,0x123,8,11 12 13 14 00 08 A6 11,........,False,False,False
2026-01-21T16:52:03.043485,40.802352,RX,0x123,8,12 13 14 15 00 08 A6 12,........,False,False,False
2026-01-21T16:52:03.044965,40.803832,RX,0x123,8,13 14 15 16 00 08 A6 13,........,False,False,False
2026-01-21T16:52:03.046416,40.805283,RX,0x123,8,14 15 16 17 00 08 A6 14,........,False,False,False
2026-01-21T16:52:03.047960,40.806827,RX,0x123,8,15 16 17 18 00 08 A6 15,........,False,False,False
2026-01-21T16:52:03.049747,40.808614,RX,0x123,8,16 17 18 19 00 08 A6 16,........,False,False,False
2026-01-21T16:52:03.051296,40.810163,RX,0x123,8,17 18 19 1A 00 08 A6 17,........,False,False,False
2026-01-21T16:52:03.053007,40.811874,RX,0x123,8,18 19 1A 1B 00 08 A6 18,........,False,False,False
2026-01-21T16:52:03.054634,40.813501,RX,0x123,8,19 1A 1B 1C 00 08 A6 19,........,False,False,False
2026-01-21T16:52:03.056062,40.814929,RX,0x123,8,1A 1B 1C 1D 00 08 A6 1A,........,False,False,False
2026-01-21T16:52:03.057549,40.816416,RX,0x123,8,1B 1C 1D 1E 00 08 A6 1B,........,False,False,False
2026-01-21T16:52:03.059603,40.818470,RX,0x123,8,1C 1D 1E 1F 00 08 A6 1C,........,False,False,False
2026-01-21T16:52:03.061120,40.819987,RX,0x123,8,1D 1E 1F 20 00 08 A6 1D,... ....,False,False,False
2026-01-21T16:52:03.063419,40.822286,RX,0x123,8,1E 1F 20 21 00 08 A6 1E,.. !....,False,False,False
2026-01-21T16:52:03.065184,40.824051,RX,0x123,8,1F 20 21 22 00 08 A6 1F,". !""....",False,False,False
2026-01-21T16:52:03.066612,40.825479,RX,0x123,8,20 21 22 23 00 08 A6 20," !""#... ",False,False,False
2026-01-21T16:52:03.068006,40.826873,RX,0x123,8,21 22 23 24 00 08 A6 21,"!""#$...!",False,False,False
2026-01-21T16:52:03.069584,40.828451,RX,0x123,8,22 23 24 25 00 08 A6 22,"""#$%...""",False,False,False
2026-01-21T16:52:03.071559,40.830426,RX,0x123,8,23 24 25 26 00 08 A6 23,#$%&...#,False,False,False
2026-01-21T16:52:03.073003,40.831870,RX,0x123,8,24 25 26 27 00 08 A6 24,$%&'...$,False,False,False
2026-01-21T16:52:03.074661,40.833528,RX,0x123,8,25 26 27 28 00 08 A6 25,%&'(...%,False,False,False
2026-01-21T16:52:03.076352,40.835219,RX,0x123,8,26 27 28 29 00 08 A6 26,&'()...&,False,False,False
2026-01-21T16:52:03.078282,40.837148,RX,0x123,8,27 28 29 2A 00 08 A6 27,'()*...',False,False,False
2026-01-21T16:52:03.080057,40.838924,RX,0x123,8,28 29 2A 2B 00 08 A6 28,()*+...(,False,False,False
2026-01-21T16:52:03.081964,40.840831,RX,0x123,8,29 2A 2B 2C 00 08 A6 29,")*+,...)",False,False,False
2026-01-21T16:52:03.083542,40.842409,RX,0x123,8,2A 2B 2C 2D 00 08 A6 2A,"*+,-...*",False,False,False
2026-01-21T16:52:03.085101,40.843968,RX,0x123,8,2B 2C 2D 2E 00 08 A6 2B,"+,-....+",False,False,False
2026-01-21T16:52:03.087074,40.845941,RX,0x123,8,2C 2D 2E 2F 00 08 A6 2C,",-./...,",False,False,False
2026-01-21T16:52:03.089378,40.848245,RX,0x123,8,2D 2E 2F 30 00 08 A6 2D,-./0...-,False,False,False
2026-01-21T16:52:03.091100,40.849967,RX,0x123,8,2E 2F 30 31 00 08 A6 2E,./01....,False,False,False
2026-01-21T16:52:03.093304,40.852171,RX,0x123,8,2F 30 31 32 00 08 A6 2F,/012.../,False,False,False
2026-01-21T16:52:03.095229,40.854096,RX,0x123,8,30 31 32 33 00 08 A6 30,0123...0,False,False,False
2026-01-21T16:52:03.097168,40.856035,RX,0x123,8,31 32 33 34 00 08 A6 31,1234...1,False,False,False
2026-01-21T16:52:03.099167,40.858035,RX,0x123,8,32 33 34 35 00 08 A6 32,2345...2,False,False,False
2026-01-21T16:52:03.100650,40.859517,RX,0x123,8,33 34 35 36 00 08 A6 33,3456...3,False,False,False
2026-01-21T16:52:03.102197,40.861064,RX,0x123,8,34 35 36 37 00 08 A6 34,4567...4,False,False,False
2026-01-21T16:52:03.103681,40.862548,RX,0x123,8,35 36 37 38 00 08 A6 35,5678...5,False,False,False
2026-01-21T16:52:03.105222,40.864089,RX,0x123,8,36 37 38 39 00 08 A6 36,6789...6,False,False,False
2026-01-21T16:52:03.106851,40.865718,RX,0x123,8,37 38 39 3A 00 08 A6 37,789:...7,False,False,False
2026-01-21T16:52:03.108420,40.867287,RX,0x123,8,38 39 3A 3B 00 08 A6 38,89:;...8,False,False,False
2026-01-21T16:52:03.110401,40.869268,RX,0x123,8,39 3A 3B 3C 00 08 A6 39,9:;<...9,False,False,False
2026-01-21T16:52:03.112771,40.871638,RX,0x123,8,3A 3B 3C 3D 00 08 A6 3A,:;<=...:,False,False,False
2026-01-21T16:52:03.114679,40.873546,RX,0x123,8,3B 3C 3D 3E 00 08 A6 3B,;<=>...;,False,False,False
2026-01-21T16:52:03.117054,40.875921,RX,0x123,8,3C 3D 3E 3F 00 08 A6 3C,<=>?...<,False,False,False
2026-01-21T16:52:03.118928,40.877795,RX,0x123,8,3D 3E 3F 40 00 08 A6 3D,=>?@...=,False,False,False
2026-01-21T16:52:03.120644,40.879511,RX,0x123,8,3E 3F 40 41 00 08 A6 3E,>?@A...>,False,False,False
2026-01-21T16:52:03.122260,40.881127,RX,0x123,8,3F 40 41 42 00 08 A6 3F,?@AB...?,False,False,False
2026-01-21T16:52:03.124203,40.883070,RX,0x123,8,40 41 42 43 00 08 A6 40,@ABC...@,False,False,False
2026-01-21T16:52:03.125857,40.884724,RX,0x123,8,41 42 43 44 00 08 A6 41,ABCD...A,False,False,False
2026-01-21T16:52:03.128368,40.887235,RX,0x123,8,42 43 44 45 00 08 A6 42,BCDE...B,False,False,False
2026-01-21T16:52:03.129964,40.888831,RX,0x123,8,43 44 45 46 00 08 A6 43,CDEF...C,False,False,False
2026-01-21T16:52:03.131382,40.890249,RX,0x123,8,44 45 46 47 00 08 A6 44,DEFG...D,False,False,False
2026-01-21T16:52:03.132856,40.891723,RX,0x123,8,45 46 47 48 00 08 A6 45,EFGH...E,False,False,False
2026-01-21T16:52:03.134169,40.893036,RX,0x123,8,46 47 48 49 00 08 A6 46,FGHI...F,False,False,False
2026-01-21T16:52:03.135174,40.894040,RX,0x123,8,47 48 49 4A 00 08 A6 47,GHIJ...G,False,False,False
2026-01-21T16:52:03.137437,40.896304,RX,0x123,8,48 49 4A 4B 00 08 A6 48,HIJK...H,False,False,False
2026-01-21T16:52:03.139140,40.898007,RX,0x123,8,49 4A 4B 4C 00 08 A6 49,IJKL...I,False,False,False
2026-01-21T16:52:03.141006,40.899873,RX,0x123,8,4A 4B 4C 4D 00 08 A6 4A,JKLM...J,False,False,False
2026-01-21T16:52:03.142451,40.901318,RX,0x123,8,4B 4C 4D 4E 00 08 A6 4B,KLMN...K,False,False,False
2026-01-21T16:52:03.144192,40.903059,RX,0x123,8,4C 4D 4E 4F 00 08 A6 4C,LMNO...L,False,False,False
2026-01-21T16:52:03.146001,40.904868,RX,0x123,8,4D 4E 4F 50 00 08 A6 4D,MNOP...M,False,False,False
2026-01-21T16:52:03.147013,40.905880,RX,0x123,8,4E 4F 50 51 00 08 A6 4E,NOPQ...N,False,False,False
2026-01-21T16:52:03.149515,40.908382,RX,0x123,8,4F 50 51 52 00 08 A6 4F,OPQR...O,False,False,False
2026-01-21T16:52:03.150548,40.909415,RX,0x123,8,50 51 52 53 00 08 A6 50,PQRS...P,False,False,False
2026-01-21T16:52:03.152927,40.911794,RX,0x123,8,51 52 53 54 00 08 A6 51,QRST...Q,False,False,False
2026-01-21T16:52:03.154608,40.913475,RX,0x123,8,52 53 54 55 00 08 A6 52,RSTU...R,False,False,False
2026-01-21T16:52:03.156183,40.915050,RX,0x123,8,53 54 55 56 00 08 A6 53,STUV...S,False,False,False
2026-01-21T16:52:03.157612,40.916479,RX,0x123,8,54 55 56 57 00 08 A6 54,TUVW...T,False,False,False
2026-01-21T16:52:03.158991,40.917858,RX,0x123,8,55 56 57 58 00 08 A6 55,UVWX...U,False,False,False
2026-01-21T16:52:03.160002,40.918869,RX,0x123,8,56 57 58 59 00 08 A6 56,VWXY...V,False,False,False
2026-01-21T16:52:03.161741,40.920608,RX,0x123,8,57 58 59 5A 00 08 A6 57,WXYZ...W,False,False,False
2026-01-21T16:52:03.164194,40.923061,RX,0x123,8,58 59 5A 5B 00 08 A6 58,XYZ[...X,False,False,False
2026-01-21T16:52:03.165207,40.924074,RX,0x123,8,59 5A 5B 5C 00 08 A6 59,YZ[\...Y,False,False,False
2026-01-21T16:52:03.167396,40.926263,RX,0x123,8,5A 5B 5C 5D 00 08 A6 5A,Z[\]...Z,False,False,False
2026-01-21T16:52:03.169013,40.927880,RX,0x123,8,5B 5C 5D 5E 00 08 A6 5B,[\]^...[,False,False,False
2026-01-21T16:52:03.170999,40.929866,RX,0x123,8,5C 5D 5E 5F 00 08 A6 5C,\]^_...\,False,False,False
2026-01-21T16:52:03.172887,40.931754,RX,0x123,8,5D 5E 5F 60 00 08 A6 5D,]^_`...],False,False,False
2026-01-21T16:52:03.173899,40.932766,RX,0x123,8,5E 5F 60 61 00 08 A6 5E,^_`a...^,False,False,False
2026-01-21T16:52:03.175657,40.934524,RX,0x123,8,5F 60 61 62 00 08 A6 5F,_`ab..._,False,False,False
2026-01-21T16:52:03.177997,40.936864,RX,0x123,8,60 61 62 63 00 08 A6 60,`abc...`,False,False,False
2026-01-21T16:52:03.179627,40.938494,RX,0x123,8,61 62 63 64 00 08 A6 61,abcd...a,False,False,False
2026-01-21T16:52:03.181272,40.940139,RX,0x123,8,62 63 64 65 00 08 A6 62,bcde...b,False,False,False
2026-01-21T16:52:03.183269,40.942136,RX,0x123,8,63 64 65 66 00 08 A6 63,cdef...c,False,False,False
2026-01-21T16:52:03.184908,40.943775,RX,0x123,8,64 65 66 67 00 08 A6 64,defg...d,False,False,False
2026-01-21T16:52:03.185920,40.944787,RX,0x123,8,65 66 67 68 00 08 A6 65,efgh...e,False,False,False
2026-01-21T16:52:03.188407,40.947274,RX,0x123,8,66 67 68 69 00 08 A6 66,fghi...f,False,False,False
2026-01-21T16:52:03.190147,40.949014,RX,0x123,8,67 68 69 6A 00 08 A6 67,ghij...g,False,False,False
2026-01-21T16:52:03.192208,40.951074,RX,0x123,8,68 69 6A 6B 00 08 A6 68,hijk...h,False,False,False
2026-01-21T16:52:03.194443,40.953310,RX,0x123,8,69 6A 6B 6C 00 08 A6 69,ijkl...i,False,False,False
2026-01-21T16:52:03.196077,40.954944,RX,0x123,8,6A 6B 6C 6D 00 08 A6 6A,jklm...j,False,False,False
2026-01-21T16:52:03.197811,40.956678,RX,0x123,8,6B 6C 6D 6E 00 08 A6 6B,klmn...k,False,False,False
2026-01-21T16:52:03.199260,40.958127,RX,0x123,8,6C 6D 6E 6F 00 08 A6 6C,lmno...l,False,False,False
2026-01-21T16:52:03.200645,40.959512,RX,0x123,8,6D 6E 6F 70 00 08 A6 6D,mnop...m,False,False,False
2026-01-21T16:52:03.201996,40.960863,RX,0x123,8,6E 6F 70 71 00 08 A6 6E,nopq...n,False,False,False
2026-01-21T16:52:03.203559,40.962425,RX,0x123,8,6F 70 71 72 00 08 A6 6F,opqr...o,False,False,False
2026-01-21T16:52:03.205281,40.964148,RX,0x123,8,70 71 72 73 00 08 A6 70,pqrs...p,False,False,False
2026-01-21T16:52:03.206883,40.965750,RX,0x123,8,71 72 73 74 00 08 A6 71,qrst...q,False,False,False
2026-01-21T16:52:03.208537,40.967404,RX,0x123,8,72 73 74 75 00 08 A6 72,rstu...r,False,False,False
2026-01-21T16:52:03.210445,40.969312,RX,0x123,8,73 74 75 76 00 08 A6 73,stuv...s,False,False,False
2026-01-21T16:52:03.212082,40.970949,RX,0x123,8,74 75 76 77 00 08 A6 74,tuvw...t,False,False,False
2026-01-21T16:52:03.213785,40.972652,RX,0x123,8,75 76 77 78 00 08 A6 75,uvwx...u,False,False,False
2026-01-21T16:52:03.215425,40.974292,RX,0x123,8,76 77 78 79 00 08 A6 76,vwxy...v,False,False,False
2026-01-21T16:52:03.216844,40.975711,RX,0x123,8,77 78 79 7A 00 08 A6 77,wxyz...w,False,False,False
2026-01-21T16:52:03.218503,40.977370,RX,0x123,8,78 79 7A 7B 00 08 A6 78,xyz{...x,False,False,False
2026-01-21T16:52:03.219884,40.978751,RX,0x123,8,79 7A 7B 7C 00 08 A6 79,yz{|...y,False,False,False
2026-01-21T16:52:03.222261,40.981128,RX,0x123,8,7A 7B 7C 7D 00 08 A6 7A,z{|}...z,False,False,False
2026-01-21T16:52:03.223812,40.982679,RX,0x123,8,7B 7C 7D 7E 00 08 A6 7B,{|}~...{,False,False,False
2026-01-21T16:52:03.224816,40.983683,RX,0x123,8,7C 7D 7E 7F 00 08 A6 7C,|}~....|,False,False,False
2026-01-21T16:52:03.227560,40.986427,RX,0x123,8,7D 7E 7F 80 00 08 A6 7D,}~.....},False,False,False
2026-01-21T16:52:03.229399,40.988266,RX,0x123,8,7E 7F 80 81 00 08 A6 7E,~......~,False,False,False
2026-01-21T16:52:03.230872,40.989739,RX,0x123,8,7F 80 81 82 00 08 A6 7F,........,False,False,False
2026-01-21T16:52:03.232707,40.991574,RX,0x123,8,80 81 82 83 00 08 A6 80,........,False,False,False
2026-01-21T16:52:03.234431,40.993298,RX,0x123,8,81 82 83 84 00 08 A6 81,........,False,False,False
2026-01-21T16:52:03.236757,40.995625,RX,0x123,8,82 83 84 85 00 08 A6 82,........,False,False,False
2026-01-21T16:52:03.238333,40.997200,RX,0x123,8,83 84 85 86 00 08 A6 83,........,False,False,False
2026-01-21T16:52:03.239862,40.998729,RX,0x123,8,84 85 86 87 00 08 A6 84,........,False,False,False
2026-01-21T16:52:03.241268,41.000135,RX,0x123,8,85 86 87 88 00 08 A6 85,........,False,False,False
2026-01-21T16:52:03.243288,41.001757,RX,0x123,8,86 87 88 89 00 08 A6 86,........,False,False,False
2026-01-21T16:52:03.244857,41.003724,RX,0x123,8,87 88 89 8A 00 08 A6 87,........,False,False,False
2026-01-21T16:52:03.246976,41.005843,RX,0x123,8,88 89 8A 8B 00 08 A6 88,........,False,False,False
2026-01-21T16:52:03.248493,41.007360,RX,0x123,8,89 8A 8B 8C 00 08 A6 89,........,False,False,False
2026-01-21T16:52:03.250523,41.009390,RX,0x123,8,8A 8B 8C 8D 00 08 A6 8A,........,False,False,False
2026-01-21T16:52:03.252058,41.010925,RX,0x123,8,8B 8C 8D 8E 00 08 A6 8B,........,False,False,False
2026-01-21T16:52:03.253760,41.012627,RX,0x123,8,8C 8D 8E 8F 00 08 A6 8C,........,False,False,False
2026-01-21T16:52:03.255602,41.014468,RX,0x123,8,8D 8E 8F 90 00 08 A6 8D,........,False,False,False
2026-01-21T16:52:03.257589,41.016456,RX,0x123,8,8E 8F 90 91 00 08 A6 8E,........,False,False,False
2026-01-21T16:52:03.258934,41.017801,RX,0x123,8,8F 90 91 92 00 08 A6 8F,........,False,False,False
2026-01-21T16:52:03.260407,41.019274,RX,0x123,8,90 91 92 93 00 08 A6 90,........,False,False,False
2026-01-21T16:52:03.261853,41.020720,RX,0x123,8,91 92 93 94 00 08 A6 91,........,False,False,False
2026-01-21T16:52:03.263617,41.022484,RX,0x123,8,92 93 94 95 00 08 A6 92,........,False,False,False
2026-01-21T16:52:03.265281,41.024148,RX,0x123,8,93 94 95 96 00 08 A6 93,........,False,False,False
2026-01-21T16:52:03.267052,41.025919,RX,0x123,8,94 95 96 97 00 08 A6 94,........,False,False,False
2026-01-21T16:52:03.268799,41.027666,RX,0x123,8,95 96 97 98 00 08 A6 95,........,False,False,False
2026-01-21T16:52:03.270674,41.029541,RX,0x123,8,96 97 98 99 00 08 A6 96,........,False,False,False
2026-01-21T16:52:03.272427,41.031294,RX,0x123,8,97 98 99 9A 00 08 A6 97,........,False,False,False
2026-01-21T16:52:03.273847,41.032714,RX,0x123,8,98 99 9A 9B 00 08 A6 98,........,False,False,False
2026-01-21T16:52:03.275304,41.034171,RX,0x123,8,99 9A 9B 9C 00 08 A6 99,........,False,False,False
2026-01-21T16:52:03.276836,41.035703,RX,0x123,8,9A 9B 9C 9D 00 08 A6 9A,........,False,False,False
2026-01-21T16:52:03.278312,41.037179,RX,0x123,8,9B 9C 9D 9E 00 08 A6 9B,........,False,False,False
2026-01-21T16:52:03.279902,41.038769,RX,0x123,8,9C 9D 9E 9F 00 08 A6 9C,........,False,False,False
2026-01-21T16:52:03.282196,41.041063,RX,0x123,8,9D 9E 9F A0 00 08 A6 9D,........,False,False,False
2026-01-21T16:52:03.283870,41.042737,RX,0x123,8,9E 9F A0 A1 00 08 A6 9E,........,False,False,False
2026-01-21T16:52:03.285443,41.044310,RX,0x123,8,9F A0 A1 A2 00 08 A6 9F,........,False,False,False
2026-01-21T16:52:03.287059,41.045926,RX,0x123,8,A0 A1 A2 A3 00 08 A6 A0,........,False,False,False
2026-01-21T16:52:03.288068,41.046935,RX,0x123,8,A1 A2 A3 A4 00 08 A6 A1,........,False,False,False
2026-01-21T16:52:03.290413,41.049280,RX,0x123,8,A2 A3 A4 A5 00 08 A6 A2,........,False,False,False
2026-01-21T16:52:03.291966,41.050833,RX,0x123,8,A3 A4 A5 A6 00 08 A6 A3,........,False,False,False
2026-01-21T16:52:03.293531,41.052398,RX,0x123,8,A4 A5 A6 A7 00 08 A6 A4,........,False,False,False
2026-01-21T16:52:03.295270,41.054137,RX,0x123,8,A5 A6 A7 A8 00 08 A6 A5,........,False,False,False
2026-01-21T16:52:03.296982,41.055849,RX,0x123,8,A6 A7 A8 A9 00 08 A6 A6,........,False,False,False
2026-01-21T16:52:03.298355,41.057221,RX,0x123,8,A7 A8 A9 AA 00 08 A6 A7,........,False,False,False
2026-01-21T16:52:03.299847,41.058713,RX,0x123,8,A8 A9 AA AB 00 08 A6 A8,........,False,False,False
2026-01-21T16:52:03.301402,41.060269,RX,0x123,8,A9 AA AB AC 00 08 A6 A9,........,False,False,False
2026-01-21T16:52:03.303121,41.061988,RX,0x123,8,AA AB AC AD 00 08 A6 AA,........,False,False,False
2026-01-21T16:52:03.304620,41.063487,RX,0x123,8,AB AC AD AE 00 08 A6 AB,........,False,False,False
2026-01-21T16:52:03.305994,41.064861,RX,0x123,8,AC AD AE AF 00 08 A6 AC,........,False,False,False
2026-01-21T16:52:03.308037,41.066904,RX,0x123,8,AD AE AF B0 00 08 A6 AD,........,False,False,False
2026-01-21T16:52:03.309661,41.068528,RX,0x123,8,AE AF B0 B1 00 08 A6 AE,........,False,False,False
2026-01-21T16:52:03.312051,41.070918,RX,0x123,8,AF B0 B1 B2 00 08 A6 AF,........,False,False,False
2026-01-21T16:52:03.313786,41.072653,RX,0x123,8,B0 B1 B2 B3 00 08 A6 B0,........,False,False,False
2026-01-21T16:52:03.316305,41.075172,RX,0x123,8,B1 B2 B3 B4 00 08 A6 B1,........,False,False,False
2026-01-21T16:52:03.318049,41.076916,RX,0x123,8,B2 B3 B4 B5 00 08 A6 B2,........,False,False,False
2026-01-21T16:52:03.320205,41.079072,RX,0x123,8,B3 B4 B5 B6 00 08 A6 B3,........,False,False,False
2026-01-21T16:52:03.321941,41.080808,RX,0x123,8,B4 B5 B6 B7 00 08 A6 B4,........,False,False,False
2026-01-21T16:52:03.323650,41.082517,RX,0x123,8,B5 B6 B7 B8 00 08 A6 B5,........,False,False,False
2026-01-21T16:52:03.324658,41.083525,RX,0x123,8,B6 B7 B8 B9 00 08 A6 B6,........,False,False,False
2026-01-21T16:52:03.326731,41.085598,RX,0x123,8,B7 B8 B9 BA 00 08 A6 B7,........,False,False,False
2026-01-21T16:52:03.328052,41.086919,RX,0x123,8,B8 B9 BA BB 00 08 A6 B8,........,False,False,False
2026-01-21T16:52:03.329375,41.088242,RX,0x123,8,B9 BA BB BC 00 08 A6 B9,........,False,False,False
2026-01-21T16:52:03.330381,41.089248,RX,0x123,8,BA BB BC BD 00 08 A6 BA,........,False,False,False
2026-01-21T16:52:03.332540,41.091407,RX,0x123,8,BB BC BD BE 00 08 A6 BB,........,False,False,False
2026-01-21T16:52:03.333860,41.092727,RX,0x123,8,BC BD BE BF 00 08 A6 BC,........,False,False,False
2026-01-21T16:52:03.335274,41.094141,RX,0x123,8,BD BE BF C0 00 08 A6 BD,........,False,False,False
2026-01-21T16:52:03.336710,41.095577,RX,0x123,8,BE BF C0 C1 00 08 A6 BE,........,False,False,False
2026-01-21T16:52:03.338399,41.097266,RX,0x123,8,BF C0 C1 C2 00 08 A6 BF,........,False,False,False
2026-01-21T16:52:03.340043,41.098910,RX,0x123,8,C0 C1 C2 C3 00 08 A6 C0,........,False,False,False
2026-01-21T16:52:03.341940,41.100807,RX,0x123,8,C1 C2 C3 C4 00 08 A6 C1,........,False,False,False
2026-01-21T16:52:03.343319,41.102186,RX,0x123,8,C2 C3 C4 C5 00 08 A6 C2,........,False,False,False
2026-01-21T16:52:03.344707,41.103574,RX,0x123,8,C3 C4 C5 C6 00 08 A6 C3,........,False,False,False
2026-01-21T16:52:03.346120,41.104987,RX,0x123,8,C4 C5 C6 C7 00 08 A6 C4,........,False,False,False
2026-01-21T16:52:03.347742,41.106609,RX,0x123,8,C5 C6 C7 C8 00 08 A6 C5,........,False,False,False
2026-01-21T16:52:03.349244,41.108111,RX,0x123,8,C6 C7 C8 C9 00 08 A6 C6,........,False,False,False
2026-01-21T16:52:03.350662,41.109529,RX,0x123,8,C7 C8 C9 CA 00 08 A6 C7,........,False,False,False
2026-01-21T16:52:03.352315,41.111182,RX,0x123,8,C8 C9 CA CB 00 08 A6 C8,........,False,False,False
2026-01-21T16:52:03.353815,41.112682,RX,0x123,8,C9 CA CB CC 00 08 A6 C9,........,False,False,False
2026-01-21T16:52:03.355384,41.114251,RX,0x123,8,CA CB CC CD 00 08 A6 CA,........,False,False,False
2026-01-21T16:52:03.356403,41.115270,RX,0x123,8,CB CC CD CE 00 08 A6 CB,........,False,False,False
2026-01-21T16:52:03.358572,41.117439,RX,0x123,8,CC CD CE CF 00 08 A6 CC,........,False,False,False
2026-01-21T16:52:03.360006,41.118873,RX,0x123,8,CD CE CF D0 00 08 A6 CD,........,False,False,False
2026-01-21T16:52:03.361540,41.120407,RX,0x123,8,CE CF D0 D1 00 08 A6 CE,........,False,False,False
2026-01-21T16:52:03.363191,41.122058,RX,0x123,8,CF D0 D1 D2 00 08 A6 CF,........,False,False,False
2026-01-21T16:52:03.364624,41.123491,RX,0x123,8,D0 D1 D2 D3 00 08 A6 D0,........,False,False,False
2026-01-21T16:52:03.365959,41.124826,RX,0x123,8,D1 D2 D3 D4 00 08 A6 D1,........,False,False,False
2026-01-21T16:52:03.367351,41.126218,RX,0x123,8,D2 D3 D4 D5 00 08 A6 D2,........,False,False,False
2026-01-21T16:52:03.368711,41.127578,RX,0x123,8,D3 D4 D5 D6 00 08 A6 D3,........,False,False,False
2026-01-21T16:52:03.370403,41.129270,RX,0x123,8,D4 D5 D6 D7 00 08 A6 D4,........,False,False,False
2026-01-21T16:52:03.371414,41.130281,RX,0x123,8,D5 D6 D7 D8 00 08 A6 D5,........,False,False,False
2026-01-21T16:52:03.373608,41.132475,RX,0x123,8,D6 D7 D8 D9 00 08 A6 D6,........,False,False,False
2026-01-21T16:52:03.375201,41.134068,RX,0x123,8,D7 D8 D9 DA 00 08 A6 D7,........,False,False,False
2026-01-21T16:52:03.376646,41.135513,RX,0x123,8,D8 D9 DA DB 00 08 A6 D8,........,False,False,False
2026-01-21T16:52:03.379050,41.137917,RX,0x123,8,D9 DA DB DC 00 08 A6 D9,........,False,False,False
2026-01-21T16:52:03.380888,41.139755,RX,0x123,8,DA DB DC DD 00 08 A6 DA,........,False,False,False
2026-01-21T16:52:03.381898,41.140765,RX,0x123,8,DB DC DD DE 00 08 A6 DB,........,False,False,False
2026-01-21T16:52:03.384238,41.143106,RX,0x123,8,DC DD DE DF 00 08 A6 DC,........,False,False,False
2026-01-21T16:52:03.386403,41.144896,RX,0x123,8,DD DE DF E0 00 08 A6 DD,........,False,False,False
2026-01-21T16:52:03.387917,41.146784,RX,0x123,8,DE DF E0 E1 00 08 A6 DE,........,False,False,False
2026-01-21T16:52:03.390385,41.149252,RX,0x123,8,DF E0 E1 E2 00 08 A6 DF,........,False,False,False
2026-01-21T16:52:03.392484,41.151351,RX,0x123,8,E0 E1 E2 E3 00 08 A6 E0,........,False,False,False
2026-01-21T16:52:03.393492,41.152359,RX,0x123,8,E1 E2 E3 E4 00 08 A6 E1,........,False,False,False
2026-01-21T16:52:03.401304,41.159162,RX,0x123,8,E2 E3 E4 E5 00 08 A6 E2,........,False,False,False
2026-01-21T16:52:03.404160,41.163027,RX,0x123,8,E3 E4 E5 E6 00 08 A6 E3,........,False,False,False
2026-01-21T16:52:03.405867,41.164734,RX,0x123,8,E4 E5 E6 E7 00 08 A6 E4,........,False,False,False
2026-01-21T16:52:03.407310,41.166177,RX,0x123,8,E5 E6 E7 E8 00 08 A6 E5,........,False,False,False
2026-01-21T16:52:03.408696,41.167563,RX,0x123,8,E6 E7 E8 E9 00 08 A6 E6,........,False,False,False
2026-01-21T16:52:03.410214,41.169081,RX,0x123,8,E7 E8 E9 EA 00 08 A6 E7,........,False,False,False
2026-01-21T16:52:03.411527,41.170394,RX,0x123,8,E8 E9 EA EB 00 08 A6 E8,........,False,False,False
2026-01-21T16:52:03.412835,41.171702,RX,0x123,8,E9 EA EB EC 00 08 A6 E9,........,False,False,False
2026-01-21T16:52:03.414270,41.173137,RX,0x123,8,EA EB EC ED 00 08 A6 EA,........,False,False,False
2026-01-21T16:52:03.415637,41.174504,RX,0x123,8,EB EC ED EE 00 08 A6 EB,........,False,False,False
2026-01-21T16:52:03.417056,41.175923,RX,0x123,8,EC ED EE EF 00 08 A6 EC,........,False,False,False
2026-01-21T16:52:03.418484,41.177351,RX,0x123,8,ED EE EF F0 00 08 A6 ED,........,False,False,False
2026-01-21T16:52:03.420026,41.178893,RX,0x123,8,EE EF F0 F1 00 08 A6 EE,........,False,False,False
2026-01-21T16:52:03.421563,41.180430,RX,0x123,8,EF F0 F1 F2 00 08 A6 EF,........,False,False,False
2026-01-21T16:52:03.423059,41.181926,RX,0x123,8,F0 F1 F2 F3 00 08 A6 F0,........,False,False,False
2026-01-21T16:52:03.424377,41.183244,RX,0x123,8,F1 F2 F3 F4 00 08 A6 F1,........,False,False,False
2026-01-21T16:52:03.425383,41.184250,RX,0x123,8,F2 F3 F4 F5 00 08 A6 F2,........,False,False,False
2026-01-21T16:52:03.427374,41.186241,RX,0x123,8,F3 F4 F5 F6 00 08 A6 F3,........,False,False,False
2026-01-21T16:52:03.428754,41.187621,RX,0x123,8,F4 F5 F6 F7 00 08 A6 F4,........,False,False,False
2026-01-21T16:52:03.430094,41.188961,RX,0x123,8,F5 F6 F7 F8 00 08 A6 F5,........,False,False,False
2026-01-21T16:52:03.431622,41.190489,RX,0x123,8,F6 F7 F8 F9 00 08 A6 F6,........,False,False,False
2026-01-21T16:52:03.433186,41.192053,RX,0x123,8,F7 F8 F9 FA 00 08 A6 F7,........,False,False,False
2026-01-21T16:52:03.434753,41.193620,RX,0x123,8,F8 F9 FA FB 00 08 A6 F8,........,False,False,False
2026-01-21T16:52:03.436349,41.195216,RX,0x123,8,F9 FA FB FC 00 08 A6 F9,........,False,False,False
2026-01-21T16:52:03.438155,41.197022,RX,0x123,8,FA FB FC FD 00 08 A6 FA,........,False,False,False
2026-01-21T16:52:03.439733,41.198600,RX,0x123,8,FB FC FD FE 00 08 A6 FB,........,False,False,False
2026-01-21T16:52:03.441273,41.200140,RX,0x123,8,FC FD FE FF 00 08 A6 FC,........,False,False,False
2026-01-21T16:52:03.443119,41.201986,RX,0x123,8,FD FE FF 00 00 08 A6 FD,........,False,False,False
2026-01-21T16:52:03.444493,41.203360,RX,0x123,8,FE FF 00 01 00 08 A6 FE,........,False,False,False
2026-01-21T16:52:03.446179,41.205046,RX,0x123,8,FF 00 01 02 00 08 A6 FF,........,False,False,False
2026-01-21T16:52:03.447838,41.206705,RX,0x123,8,00 01 02 03 00 08 A7 00,........,False,False,False
2026-01-21T16:52:03.449952,41.207788,RX,0x123,8,01 02 03 04 00 08 A7 01,........,False,False,False
2026-01-21T16:52:03.452226,41.211093,RX,0x123,8,02 03 04 05 00 08 A7 02,........,False,False,False
2026-01-21T16:52:03.454421,41.213288,RX,0x123,8,03 04 05 06 00 08 A7 03,........,False,False,False
2026-01-21T16:52:03.456032,41.214899,RX,0x123,8,04 05 06 07 00 08 A7 04,........,False,False,False
2026-01-21T16:52:03.457769,41.216636,RX,0x123,8,05 06 07 08 00 08 A7 05,........,False,False,False
2026-01-21T16:52:03.459838,41.218705,RX,0x123,8,06 07 08 09 00 08 A7 06,........,False,False,False
2026-01-21T16:52:03.462425,41.221292,RX,0x123,8,07 08 09 0A 00 08 A7 07,........,False,False,False
2026-01-21T16:52:03.464217,41.223084,RX,0x123,8,08 09 0A 0B 00 08 A7 08,........,False,False,False
2026-01-21T16:52:03.466731,41.225598,RX,0x123,8,09 0A 0B 0C 00 08 A7 09,........,False,False,False
2026-01-21T16:52:03.468356,41.227223,RX,0x123,8,0A 0B 0C 0D 00 08 A7 0A,........,False,False,False
2026-01-21T16:52:03.469822,41.228689,RX,0x123,8,0B 0C 0D 0E 00 08 A7 0B,........,False,False,False
2026-01-21T16:52:03.471275,41.230142,RX,0x123,8,0C 0D 0E 0F 00 08 A7 0C,........,False,False,False
2026-01-21T16:52:03.472671,41.231539,RX,0x123,8,0D 0E 0F 10 00 08 A7 0D,........,False,False,False
2026-01-21T16:52:03.474027,41.232894,RX,0x123,8,0E 0F 10 11 00 08 A7 0E,........,False,False,False
2026-01-21T16:52:03.475399,41.234266,RX,0x123,8,0F 10 11 12 00 08 A7 0F,........,False,False,False
2026-01-21T16:52:03.476749,41.235615,RX,0x123,8,10 11 12 13 00 08 A7 10,........,False,False,False
2026-01-21T16:52:03.478552,41.237419,RX,0x123,8,11 12 13 14 00 08 A7 11,........,False,False,False
2026-01-21T16:52:03.480502,41.239369,RX,0x123,8,12 13 14 15 00 08 A7 12,........,False,False,False
2026-01-21T16:52:03.482376,41.241243,RX,0x123,8,13 14 15 16 00 08 A7 13,........,False,False,False
2026-01-21T16:52:03.484037,41.242904,RX,0x123,8,14 15 16 17 00 08 A7 14,........,False,False,False
2026-01-21T16:52:03.485499,41.244366,RX,0x123,8,15 16 17 18 00 08 A7 15,........,False,False,False
2026-01-21T16:52:03.487082,41.245949,RX,0x123,8,16 17 18 19 00 08 A7 16,........,False,False,False
2026-01-21T16:52:03.488509,41.247376,RX,0x123,8,17 18 19 1A 00 08 A7 17,........,False,False,False
2026-01-21T16:52:03.489897,41.248764,RX,0x123,8,18 19 1A 1B 00 08 A7 18,........,False,False,False
2026-01-21T16:52:03.491385,41.250252,RX,0x123,8,19 1A 1B 1C 00 08 A7 19,........,False,False,False
2026-01-21T16:52:03.492941,41.251808,RX,0x123,8,1A 1B 1C 1D 00 08 A7 1A,........,False,False,False
2026-01-21T16:52:03.494427,41.253294,RX,0x123,8,1B 1C 1D 1E 00 08 A7 1B,........,False,False,False
2026-01-21T16:52:03.496160,41.255027,RX,0x123,8,1C 1D 1E 1F 00 08 A7 1C,........,False,False,False
2026-01-21T16:52:03.497784,41.256651,RX,0x123,8,1D 1E 1F 20 00 08 A7 1D,... ....,False,False,False
2026-01-21T16:52:03.499176,41.258043,RX,0x123,8,1E 1F 20 21 00 08 A7 1E,.. !....,False,False,False
2026-01-21T16:52:03.500588,41.259454,RX,0x123,8,1F 20 21 22 00 08 A7 1F,". !""....",False,False,False
2026-01-21T16:52:03.502174,41.261041,RX,0x123,8,20 21 22 23 00 08 A7 20," !""#... ",False,False,False
2026-01-21T16:52:03.503704,41.262571,RX,0x123,8,21 22 23 24 00 08 A7 21,"!""#$...!",False,False,False
2026-01-21T16:52:03.505270,41.264137,RX,0x123,8,22 23 24 25 00 08 A7 22,"""#$%...""",False,False,False
2026-01-21T16:52:03.506773,41.265640,RX,0x123,8,23 24 25 26 00 08 A7 23,#$%&...#,False,False,False
2026-01-21T16:52:03.508153,41.267020,RX,0x123,8,24 25 26 27 00 08 A7 24,$%&'...$,False,False,False
2026-01-21T16:52:03.509629,41.268496,RX,0x123,8,25 26 27 28 00 08 A7 25,%&'(...%,False,False,False
2026-01-21T16:52:03.511124,41.269991,RX,0x123,8,26 27 28 29 00 08 A7 26,&'()...&,False,False,False
2026-01-21T16:52:03.512632,41.271499,RX,0x123,8,27 28 29 2A 00 08 A7 27,'()*...',False,False,False
2026-01-21T16:52:03.514039,41.272906,RX,0x123,8,28 29 2A 2B 00 08 A7 28,()*+...(,False,False,False
2026-01-21T16:52:03.515500,41.274367,RX,0x123,8,29 2A 2B 2C 00 08 A7 29,")*+,...)",False,False,False
2026-01-21T16:52:03.517035,41.275902,RX,0x123,8,2A 2B 2C 2D 00 08 A7 2A,"*+,-...*",False,False,False
2026-01-21T16:52:03.518468,41.277335,RX,0x123,8,2B 2C 2D 2E 00 08 A7 2B,"+,-....+",False,False,False
2026-01-21T16:52:03.519938,41.278805,RX,0x123,8,2C 2D 2E 2F 00 08 A7 2C,",-./...,",False,False,False
2026-01-21T16:52:03.521620,41.280487,RX,0x123,8,2D 2E 2F 30 00 08 A7 2D,-./0...-,False,False,False
2026-01-21T16:52:03.523085,41.281952,RX,0x123,8,2E 2F 30 31 00 08 A7 2E,./01....,False,False,False
2026-01-21T16:52:03.524602,41.283469,RX,0x123,8,2F 30 31 32 00 08 A7 2F,/012.../,False,False,False
2026-01-21T16:52:03.525950,41.284817,RX,0x123,8,30 31 32 33 00 08 A7 30,0123...0,False,False,False
2026-01-21T16:52:03.527983,41.286850,RX,0x123,8,31 32 33 34 00 08 A7 31,1234...1,False,False,False
2026-01-21T16:52:03.529389,41.288256,RX,0x123,8,32 33 34 35 00 08 A7 32,2345...2,False,False,False
2026-01-21T16:52:03.530834,41.289701,RX,0x123,8,33 34 35 36 00 08 A7 33,3456...3,False,False,False
2026-01-21T16:52:03.532260,41.291127,RX,0x123,8,34 35 36 37 00 08 A7 34,4567...4,False,False,False
2026-01-21T16:52:03.533956,41.292823,RX,0x123,8,35 36 37 38 00 08 A7 35,5678...5,False,False,False
2026-01-21T16:52:03.535369,41.294236,RX,0x123,8,36 37 38 39 00 08 A7 36,6789...6,False,False,False
2026-01-21T16:52:03.536950,41.295817,RX,0x123,8,37 38 39 3A 00 08 A7 37,789:...7,False,False,False
2026-01-21T16:52:03.538916,41.297783,RX,0x123,8,38 39 3A 3B 00 08 A7 38,89:;...8,False,False,False
2026-01-21T16:52:03.540599,41.299466,RX,0x123,8,39 3A 3B 3C 00 08 A7 39,9:;<...9,False,False,False
2026-01-21T16:52:03.542202,41.301069,RX,0x123,8,3A 3B 3C 3D 00 08 A7 3A,:;<=...:,False,False,False
2026-01-21T16:52:03.543836,41.302703,RX,0x123,8,3B 3C 3D 3E 00 08 A7 3B,;<=>...;,False,False,False
2026-01-21T16:52:03.544848,41.303715,RX,0x123,8,3C 3D 3E 3F 00 08 A7 3C,<=>?...<,False,False,False
2026-01-21T16:52:03.547583,41.306450,RX,0x123,8,3D 3E 3F 40 00 08 A7 3D,=>?@...=,False,False,False
2026-01-21T16:52:03.549105,41.307972,RX,0x123,8,3E 3F 40 41 00 08 A7 3E,>?@A...>,False,False,False
2026-01-21T16:52:03.550616,41.309483,RX,0x123,8,3F 40 41 42 00 08 A7 3F,?@AB...?,False,False,False
2026-01-21T16:52:03.552274,41.311141,RX,0x123,8,40 41 42 43 00 08 A7 40,@ABC...@,False,False,False
2026-01-21T16:52:03.553919,41.312786,RX,0x123,8,41 42 43 44 00 08 A7 41,ABCD...A,False,False,False
2026-01-21T16:52:03.555532,41.314399,RX,0x123,8,42 43 44 45 00 08 A7 42,BCDE...B,False,False,False
2026-01-21T16:52:03.557048,41.315915,RX,0x123,8,43 44 45 46 00 08 A7 43,CDEF...C,False,False,False
2026-01-21T16:52:03.558601,41.317467,RX,0x123,8,44 45 46 47 00 08 A7 44,DEFG...D,False,False,False
2026-01-21T16:52:03.560231,41.319098,RX,0x123,8,45 46 47 48 00 08 A7 45,EFGH...E,False,False,False
2026-01-21T16:52:03.561924,41.320791,RX,0x123,8,46 47 48 49 00 08 A7 46,FGHI...F,False,False,False
2026-01-21T16:52:03.563391,41.322258,RX,0x123,8,47 48 49 4A 00 08 A7 47,GHIJ...G,False,False,False
2026-01-21T16:52:03.564818,41.323685,RX,0x123,8,48 49 4A 4B 00 08 A7 48,HIJK...H,False,False,False
2026-01-21T16:52:03.566277,41.325145,RX,0x123,8,49 4A 4B 4C 00 08 A7 49,IJKL...I,False,False,False
2026-01-21T16:52:03.567999,41.326867,RX,0x123,8,4A 4B 4C 4D 00 08 A7 4A,JKLM...J,False,False,False
2026-01-21T16:52:03.569813,41.328680,RX,0x123,8,4B 4C 4D 4E 00 08 A7 4B,KLMN...K,False,False,False
2026-01-21T16:52:03.571282,41.330149,RX,0x123,8,4C 4D 4E 4F 00 08 A7 4C,LMNO...L,False,False,False
2026-01-21T16:52:03.572711,41.331578,RX,0x123,8,4D 4E 4F 50 00 08 A7 4D,MNOP...M,False,False,False
2026-01-21T16:52:03.574384,41.333251,RX,0x123,8,4E 4F 50 51 00 08 A7 4E,NOPQ...N,False,False,False
2026-01-21T16:52:03.576528,41.334701,RX,0x123,8,4F 50 51 52 00 08 A7 4F,OPQR...O,False,False,False
2026-01-21T16:52:03.578312,41.337179,RX,0x123,8,50 51 52 53 00 08 A7 50,PQRS...P,False,False,False
2026-01-21T16:52:03.579950,41.338817,RX,0x123,8,51 52 53 54 00 08 A7 51,QRST...Q,False,False,False
2026-01-21T16:52:03.581606,41.340473,RX,0x123,8,52 53 54 55 00 08 A7 52,RSTU...R,False,False,False
2026-01-21T16:52:03.582973,41.341840,RX,0x123,8,53 54 55 56 00 08 A7 53,STUV...S,False,False,False
2026-01-21T16:52:03.584461,41.343328,RX,0x123,8,54 55 56 57 00 08 A7 54,TUVW...T,False,False,False
2026-01-21T16:52:03.585922,41.344789,RX,0x123,8,55 56 57 58 00 08 A7 55,UVWX...U,False,False,False
2026-01-21T16:52:03.587485,41.346352,RX,0x123,8,56 57 58 59 00 08 A7 56,VWXY...V,False,False,False
2026-01-21T16:52:03.589003,41.347870,RX,0x123,8,57 58 59 5A 00 08 A7 57,WXYZ...W,False,False,False
2026-01-21T16:52:03.590467,41.349334,RX,0x123,8,58 59 5A 5B 00 08 A7 58,XYZ[...X,False,False,False
2026-01-21T16:52:03.591810,41.350677,RX,0x123,8,59 5A 5B 5C 00 08 A7 59,YZ[\...Y,False,False,False
2026-01-21T16:52:03.593143,41.352010,RX,0x123,8,5A 5B 5C 5D 00 08 A7 5A,Z[\]...Z,False,False,False
2026-01-21T16:52:03.594694,41.353561,RX,0x123,8,5B 5C 5D 5E 00 08 A7 5B,[\]^...[,False,False,False
2026-01-21T16:52:03.596145,41.355011,RX,0x123,8,5C 5D 5E 5F 00 08 A7 5C,\]^_...\,False,False,False
2026-01-21T16:52:03.597229,41.356096,RX,0x123,8,5D 5E 5F 60 00 08 A7 5D,]^_`...],False,False,False
2026-01-21T16:52:03.599074,41.357941,RX,0x123,8,5E 5F 60 61 00 08 A7 5E,^_`a...^,False,False,False
2026-01-21T16:52:03.600917,41.359784,RX,0x123,8,5F 60 61 62 00 08 A7 5F,_`ab..._,False,False,False
2026-01-21T16:52:03.603279,41.362146,RX,0x123,8,60 61 62 63 00 08 A7 60,`abc...`,False,False,False
2026-01-21T16:52:03.604705,41.363572,RX,0x123,8,61 62 63 64 00 08 A7 61,abcd...a,False,False,False
2026-01-21T16:52:03.606377,41.365245,RX,0x123,8,62 63 64 65 00 08 A7 62,bcde...b,False,False,False
2026-01-21T16:52:03.607388,41.366255,RX,0x123,8,63 64 65 66 00 08 A7 63,cdef...c,False,False,False
2026-01-21T16:52:03.609108,41.367975,RX,0x123,8,64 65 66 67 00 08 A7 64,defg...d,False,False,False
2026-01-21T16:52:03.610898,41.369765,RX,0x123,8,65 66 67 68 00 08 A7 65,efgh...e,False,False,False
2026-01-21T16:52:03.613167,41.372034,RX,0x123,8,66 67 68 69 00 08 A7 66,fghi...f,False,False,False
2026-01-21T16:52:03.614588,41.373455,RX,0x123,8,67 68 69 6A 00 08 A7 67,ghij...g,False,False,False
2026-01-21T16:52:03.615599,41.374466,RX,0x123,8,68 69 6A 6B 00 08 A7 68,hijk...h,False,False,False
2026-01-21T16:52:03.617389,41.376256,RX,0x123,8,69 6A 6B 6C 00 08 A7 69,ijkl...i,False,False,False
2026-01-21T16:52:03.619873,41.378740,RX,0x123,8,6A 6B 6C 6D 00 08 A7 6A,jklm...j,False,False,False
2026-01-21T16:52:03.621541,41.380408,RX,0x123,8,6B 6C 6D 6E 00 08 A7 6B,klmn...k,False,False,False
2026-01-21T16:52:03.623468,41.382335,RX,0x123,8,6C 6D 6E 6F 00 08 A7 6C,lmno...l,False,False,False
2026-01-21T16:52:03.625048,41.383915,RX,0x123,8,6D 6E 6F 70 00 08 A7 6D,mnop...m,False,False,False
2026-01-21T16:52:03.627515,41.386382,RX,0x123,8,6E 6F 70 71 00 08 A7 6E,nopq...n,False,False,False
2026-01-21T16:52:03.628993,41.387860,RX,0x123,8,6F 70 71 72 00 08 A7 6F,opqr...o,False,False,False
2026-01-21T16:52:03.630568,41.389436,RX,0x123,8,70 71 72 73 00 08 A7 70,pqrs...p,False,False,False
2026-01-21T16:52:03.632544,41.391411,RX,0x123,8,71 72 73 74 00 08 A7 71,qrst...q,False,False,False
2026-01-21T16:52:03.633989,41.392856,RX,0x123,8,72 73 74 75 00 08 A7 72,rstu...r,False,False,False
2026-01-21T16:52:03.635614,41.394481,RX,0x123,8,73 74 75 76 00 08 A7 73,stuv...s,False,False,False
2026-01-21T16:52:03.637224,41.396091,RX,0x123,8,74 75 76 77 00 08 A7 74,tuvw...t,False,False,False
2026-01-21T16:52:03.639165,41.398032,RX,0x123,8,75 76 77 78 00 08 A7 75,uvwx...u,False,False,False
2026-01-21T16:52:03.641656,41.400523,RX,0x123,8,76 77 78 79 00 08 A7 76,vwxy...v,False,False,False
2026-01-21T16:52:03.643336,41.402203,RX,0x123,8,77 78 79 7A 00 08 A7 77,wxyz...w,False,False,False
2026-01-21T16:52:03.645856,41.404723,RX,0x123,8,78 79 7A 7B 00 08 A7 78,xyz{...x,False,False,False
2026-01-21T16:52:03.647854,41.406721,RX,0x123,8,79 7A 7B 7C 00 08 A7 79,yz{|...y,False,False,False
2026-01-21T16:52:03.649495,41.408362,RX,0x123,8,7A 7B 7C 7D 00 08 A7 7A,z{|}...z,False,False,False
2026-01-21T16:52:03.651049,41.409916,RX,0x123,8,7B 7C 7D 7E 00 08 A7 7B,{|}~...{,False,False,False
2026-01-21T16:52:03.652896,41.411762,RX,0x123,8,7C 7D 7E 7F 00 08 A7 7C,|}~....|,False,False,False
2026-01-21T16:52:03.654422,41.413289,RX,0x123,8,7D 7E 7F 80 00 08 A7 7D,}~.....},False,False,False
2026-01-21T16:52:03.656144,41.415011,RX,0x123,8,7E 7F 80 81 00 08 A7 7E,~......~,False,False,False
2026-01-21T16:52:03.657995,41.416862,RX,0x123,8,7F 80 81 82 00 08 A7 7F,........,False,False,False
2026-01-21T16:52:03.660083,41.418950,RX,0x123,8,80 81 82 83 00 08 A7 80,........,False,False,False
2026-01-21T16:52:03.661871,41.420738,RX,0x123,8,81 82 83 84 00 08 A7 81,........,False,False,False
2026-01-21T16:52:03.663528,41.422395,RX,0x123,8,82 83 84 85 00 08 A7 82,........,False,False,False
2026-01-21T16:52:03.665035,41.423902,RX,0x123,8,83 84 85 86 00 08 A7 83,........,False,False,False
2026-01-21T16:52:03.666664,41.425531,RX,0x123,8,84 85 86 87 00 08 A7 84,........,False,False,False
2026-01-21T16:52:03.668248,41.427115,RX,0x123,8,85 86 87 88 00 08 A7 85,........,False,False,False
2026-01-21T16:52:03.669574,41.428441,RX,0x123,8,86 87 88 89 00 08 A7 86,........,False,False,False
2026-01-21T16:52:03.671043,41.429910,RX,0x123,8,87 88 89 8A 00 08 A7 87,........,False,False,False
2026-01-21T16:52:03.672894,41.431761,RX,0x123,8,88 89 8A 8B 00 08 A7 88,........,False,False,False
2026-01-21T16:52:03.674710,41.433577,RX,0x123,8,89 8A 8B 8C 00 08 A7 89,........,False,False,False
2026-01-21T16:52:03.676593,41.435461,RX,0x123,8,8A 8B 8C 8D 00 08 A7 8A,........,False,False,False
2026-01-21T16:52:03.678182,41.437049,RX,0x123,8,8B 8C 8D 8E 00 08 A7 8B,........,False,False,False
2026-01-21T16:52:03.679767,41.438634,RX,0x123,8,8C 8D 8E 8F 00 08 A7 8C,........,False,False,False
2026-01-21T16:52:03.681355,41.440222,RX,0x123,8,8D 8E 8F 90 00 08 A7 8D,........,False,False,False
2026-01-21T16:52:03.683342,41.442209,RX,0x123,8,8E 8F 90 91 00 08 A7 8E,........,False,False,False
2026-01-21T16:52:03.685784,41.444651,RX,0x123,8,8F 90 91 92 00 08 A7 8F,........,False,False,False
2026-01-21T16:52:03.687733,41.446600,RX,0x123,8,90 91 92 93 00 08 A7 90,........,False,False,False
2026-01-21T16:52:03.689901,41.448768,RX,0x123,8,91 92 93 94 00 08 A7 91,........,False,False,False
2026-01-21T16:52:03.691823,41.450691,RX,0x123,8,92 93 94 95 00 08 A7 92,........,False,False,False
2026-01-21T16:52:03.693241,41.452108,RX,0x123,8,93 94 95 96 00 08 A7 93,........,False,False,False
2026-01-21T16:52:03.694622,41.453489,RX,0x123,8,94 95 96 97 00 08 A7 94,........,False,False,False
2026-01-21T16:52:03.695633,41.454500,RX,0x123,8,95 96 97 98 00 08 A7 95,........,False,False,False
2026-01-21T16:52:03.698178,41.457045,RX,0x123,8,96 97 98 99 00 08 A7 96,........,False,False,False
2026-01-21T16:52:03.700042,41.458909,RX,0x123,8,97 98 99 9A 00 08 A7 97,........,False,False,False
2026-01-21T16:52:03.702010,41.460877,RX,0x123,8,98 99 9A 9B 00 08 A7 98,........,False,False,False
2026-01-21T16:52:03.704116,41.462983,RX,0x123,8,99 9A 9B 9C 00 08 A7 99,........,False,False,False
2026-01-21T16:52:03.706451,41.465318,RX,0x123,8,9A 9B 9C 9D 00 08 A7 9A,........,False,False,False
2026-01-21T16:52:03.708562,41.467429,RX,0x123,8,9B 9C 9D 9E 00 08 A7 9B,........,False,False,False
2026-01-21T16:52:03.710579,41.469446,RX,0x123,8,9C 9D 9E 9F 00 08 A7 9C,........,False,False,False
2026-01-21T16:52:03.712313,41.471180,RX,0x123,8,9D 9E 9F A0 00 08 A7 9D,........,False,False,False
2026-01-21T16:52:03.714239,41.473106,RX,0x123,8,9E 9F A0 A1 00 08 A7 9E,........,False,False,False
2026-01-21T16:52:03.716686,41.475553,RX,0x123,8,9F A0 A1 A2 00 08 A7 9F,........,False,False,False
2026-01-21T16:52:03.718689,41.477556,RX,0x123,8,A0 A1 A2 A3 00 08 A7 A0,........,False,False,False
2026-01-21T16:52:03.720462,41.479329,RX,0x123,8,A1 A2 A3 A4 00 08 A7 A1,........,False,False,False
2026-01-21T16:52:03.721934,41.480801,RX,0x123,8,A2 A3 A4 A5 00 08 A7 A2,........,False,False,False
2026-01-21T16:52:03.723472,41.482339,RX,0x123,8,A3 A4 A5 A6 00 08 A7 A3,........,False,False,False
2026-01-21T16:52:03.724946,41.483813,RX,0x123,8,A4 A5 A6 A7 00 08 A7 A4,........,False,False,False
2026-01-21T16:52:03.725952,41.484819,RX,0x123,8,A5 A6 A7 A8 00 08 A7 A5,........,False,False,False
2026-01-21T16:52:03.728663,41.487530,RX,0x123,8,A6 A7 A8 A9 00 08 A7 A6,........,False,False,False
2026-01-21T16:52:03.730648,41.489515,RX,0x123,8,A7 A8 A9 AA 00 08 A7 A7,........,False,False,False
2026-01-21T16:52:03.732877,41.491744,RX,0x123,8,A8 A9 AA AB 00 08 A7 A8,........,False,False,False
2026-01-21T16:52:03.734866,41.493733,RX,0x123,8,A9 AA AB AC 00 08 A7 A9,........,False,False,False
2026-01-21T16:52:03.736765,41.495632,RX,0x123,8,AA AB AC AD 00 08 A7 AA,........,False,False,False
2026-01-21T16:52:03.738296,41.497163,RX,0x123,8,AB AC AD AE 00 08 A7 AB,........,False,False,False
2026-01-21T16:52:03.739309,41.498176,RX,0x123,8,AC AD AE AF 00 08 A7 AC,........,False,False,False
2026-01-21T16:52:03.741583,41.500450,RX,0x123,8,AD AE AF B0 00 08 A7 AD,........,False,False,False
2026-01-21T16:52:03.742966,41.501833,RX,0x123,8,AE AF B0 B1 00 08 A7 AE,........,False,False,False
2026-01-21T16:52:03.744443,41.503310,RX,0x123,8,AF B0 B1 B2 00 08 A7 AF,........,False,False,False
2026-01-21T16:52:03.745946,41.504813,RX,0x123,8,B0 B1 B2 B3 00 08 A7 B0,........,False,False,False
2026-01-21T16:52:03.747659,41.506526,RX,0x123,8,B1 B2 B3 B4 00 08 A7 B1,........,False,False,False
2026-01-21T16:52:03.749499,41.508366,RX,0x123,8,B2 B3 B4 B5 00 08 A7 B2,........,False,False,False
2026-01-21T16:52:03.750510,41.509377,RX,0x123,8,B3 B4 B5 B6 00 08 A7 B3,........,False,False,False
2026-01-21T16:52:03.753046,41.511913,RX,0x123,8,B4 B5 B6 B7 00 08 A7 B4,........,False,False,False
2026-01-21T16:52:03.755443,41.514310,RX,0x123,8,B5 B6 B7 B8 00 08 A7 B5,........,False,False,False
2026-01-21T16:52:03.757367,41.516234,RX,0x123,8,B6 B7 B8 B9 00 08 A7 B6,........,False,False,False
2026-01-21T16:52:03.758981,41.517848,RX,0x123,8,B7 B8 B9 BA 00 08 A7 B7,........,False,False,False
2026-01-21T16:52:03.761189,41.520056,RX,0x123,8,B8 B9 BA BB 00 08 A7 B8,........,False,False,False
2026-01-21T16:52:03.763077,41.521944,RX,0x123,8,B9 BA BB BC 00 08 A7 B9,........,False,False,False
2026-01-21T16:52:03.764586,41.523453,RX,0x123,8,BA BB BC BD 00 08 A7 BA,........,False,False,False
2026-01-21T16:52:03.765939,41.524806,RX,0x123,8,BB BC BD BE 00 08 A7 BB,........,False,False,False
2026-01-21T16:52:03.767471,41.526338,RX,0x123,8,BC BD BE BF 00 08 A7 BC,........,False,False,False
2026-01-21T16:52:03.768986,41.527853,RX,0x123,8,BD BE BF C0 00 08 A7 BD,........,False,False,False
2026-01-21T16:52:03.770095,41.528962,RX,0x123,8,BE BF C0 C1 00 08 A7 BE,........,False,False,False
2026-01-21T16:52:03.772438,41.531305,RX,0x123,8,BF C0 C1 C2 00 08 A7 BF,........,False,False,False
2026-01-21T16:52:03.773858,41.532725,RX,0x123,8,C0 C1 C2 C3 00 08 A7 C0,........,False,False,False
2026-01-21T16:52:03.775770,41.534637,RX,0x123,8,C1 C2 C3 C4 00 08 A7 C1,........,False,False,False
2026-01-21T16:52:03.777615,41.536482,RX,0x123,8,C2 C3 C4 C5 00 08 A7 C2,........,False,False,False
2026-01-21T16:52:03.779218,41.538085,RX,0x123,8,C3 C4 C5 C6 00 08 A7 C3,........,False,False,False
2026-01-21T16:52:03.780832,41.539700,RX,0x123,8,C4 C5 C6 C7 00 08 A7 C4,........,False,False,False
2026-01-21T16:52:03.782992,41.541206,RX,0x123,8,C5 C6 C7 C8 00 08 A7 C5,........,False,False,False
2026-01-21T16:52:03.784063,41.542930,RX,0x123,8,C6 C7 C8 C9 00 08 A7 C6,........,False,False,False
2026-01-21T16:52:03.786175,41.545042,RX,0x123,8,C7 C8 C9 CA 00 08 A7 C7,........,False,False,False
2026-01-21T16:52:03.787610,41.546477,RX,0x123,8,C8 C9 CA CB 00 08 A7 C8,........,False,False,False
2026-01-21T16:52:03.789206,41.548073,RX,0x123,8,C9 CA CB CC 00 08 A7 C9,........,False,False,False
2026-01-21T16:52:03.790856,41.549723,RX,0x123,8,CA CB CC CD 00 08 A7 CA,........,False,False,False
2026-01-21T16:52:03.792400,41.551267,RX,0x123,8,CB CC CD CE 00 08 A7 CB,........,False,False,False
2026-01-21T16:52:03.794000,41.552867,RX,0x123,8,CC CD CE CF 00 08 A7 CC,........,False,False,False
2026-01-21T16:52:03.795636,41.554502,RX,0x123,8,CD CE CF D0 00 08 A7 CD,........,False,False,False
2026-01-21T16:52:03.797046,41.555913,RX,0x123,8,CE CF D0 D1 00 08 A7 CE,........,False,False,False
2026-01-21T16:52:03.798111,41.556978,RX,0x123,8,CF D0 D1 D2 00 08 A7 CF,........,False,False,False
2026-01-21T16:52:03.799922,41.558789,RX,0x123,8,D0 D1 D2 D3 00 08 A7 D0,........,False,False,False
2026-01-21T16:52:03.802067,41.560934,RX,0x123,8,D1 D2 D3 D4 00 08 A7 D1,........,False,False,False
2026-01-21T16:52:03.803073,41.561940,RX,0x123,8,D2 D3 D4 D5 00 08 A7 D2,........,False,False,False
2026-01-21T16:52:03.804834,41.563701,RX,0x123,8,D3 D4 D5 D6 00 08 A7 D3,........,False,False,False
2026-01-21T16:52:03.807160,41.566027,RX,0x123,8,D4 D5 D6 D7 00 08 A7 D4,........,False,False,False
2026-01-21T16:52:03.808917,41.567784,RX,0x123,8,D5 D6 D7 D8 00 08 A7 D5,........,False,False,False
2026-01-21T16:52:03.810917,41.569784,RX,0x123,8,D6 D7 D8 D9 00 08 A7 D6,........,False,False,False
2026-01-21T16:52:03.813302,41.572169,RX,0x123,8,D7 D8 D9 DA 00 08 A7 D7,........,False,False,False
2026-01-21T16:52:03.815217,41.574083,RX,0x123,8,D8 D9 DA DB 00 08 A7 D8,........,False,False,False
2026-01-21T16:52:03.816894,41.575761,RX,0x123,8,D9 DA DB DC 00 08 A7 D9,........,False,False,False
2026-01-21T16:52:03.818766,41.577633,RX,0x123,8,DA DB DC DD 00 08 A7 DA,........,False,False,False
2026-01-21T16:52:03.820339,41.579206,RX,0x123,8,DB DC DD DE 00 08 A7 DB,........,False,False,False
2026-01-21T16:52:03.822388,41.581255,RX,0x123,8,DC DD DE DF 00 08 A7 DC,........,False,False,False
2026-01-21T16:52:03.823858,41.582725,RX,0x123,8,DD DE DF E0 00 08 A7 DD,........,False,False,False
2026-01-21T16:52:03.825629,41.584496,RX,0x123,8,DE DF E0 E1 00 08 A7 DE,........,False,False,False
2026-01-21T16:52:03.826690,41.585557,RX,0x123,8,DF E0 E1 E2 00 08 A7 DF,........,False,False,False
2026-01-21T16:52:03.828804,41.587671,RX,0x123,8,E0 E1 E2 E3 00 08 A7 E0,........,False,False,False
2026-01-21T16:52:03.830280,41.589147,RX,0x123,8,E1 E2 E3 E4 00 08 A7 E1,........,False,False,False
2026-01-21T16:52:03.831687,41.590554,RX,0x123,8,E2 E3 E4 E5 00 08 A7 E2,........,False,False,False
2026-01-21T16:52:03.833406,41.592273,RX,0x123,8,E3 E4 E5 E6 00 08 A7 E3,........,False,False,False
2026-01-21T16:52:03.835270,41.594137,RX,0x123,8,E4 E5 E6 E7 00 08 A7 E4,........,False,False,False
2026-01-21T16:52:03.836679,41.595546,RX,0x123,8,E5 E6 E7 E8 00 08 A7 E5,........,False,False,False
2026-01-21T16:52:03.838361,41.597228,RX,0x123,8,E6 E7 E8 E9 00 08 A7 E6,........,False,False,False
2026-01-21T16:52:03.839813,41.598680,RX,0x123,8,E7 E8 E9 EA 00 08 A7 E7,........,False,False,False
2026-01-21T16:52:03.841434,41.600302,RX,0x123,8,E8 E9 EA EB 00 08 A7 E8,........,False,False,False
2026-01-21T16:52:03.842947,41.601814,RX,0x123,8,E9 EA EB EC 00 08 A7 E9,........,False,False,False
2026-01-21T16:52:03.844565,41.603432,RX,0x123,8,EA EB EC ED 00 08 A7 EA,........,False,False,False
2026-01-21T16:52:03.846353,41.605221,RX,0x123,8,EB EC ED EE 00 08 A7 EB,........,False,False,False
2026-01-21T16:52:03.847366,41.606233,RX,0x123,8,EC ED EE EF 00 08 A7 EC,........,False,False,False
2026-01-21T16:52:03.849161,41.608028,RX,0x123,8,ED EE EF F0 00 08 A7 ED,........,False,False,False
2026-01-21T16:52:03.850965,41.609832,RX,0x123,8,EE EF F0 F1 00 08 A7 EE,........,False,False,False
2026-01-21T16:52:03.853309,41.612176,RX,0x123,8,EF F0 F1 F2 00 08 A7 EF,........,False,False,False
2026-01-21T16:52:03.854734,41.613601,RX,0x123,8,F0 F1 F2 F3 00 08 A7 F0,........,False,False,False
2026-01-21T16:52:03.856058,41.614925,RX,0x123,8,F1 F2 F3 F4 00 08 A7 F1,........,False,False,False
2026-01-21T16:52:03.857434,41.616301,RX,0x123,8,F2 F3 F4 F5 00 08 A7 F2,........,False,False,False
2026-01-21T16:52:03.858756,41.617623,RX,0x123,8,F3 F4 F5 F6 00 08 A7 F3,........,False,False,False
2026-01-21T16:52:03.860085,41.618952,RX,0x123,8,F4 F5 F6 F7 00 08 A7 F4,........,False,False,False
2026-01-21T16:52:03.861593,41.620460,RX,0x123,8,F5 F6 F7 F8 00 08 A7 F5,........,False,False,False
2026-01-21T16:52:03.862924,41.621791,RX,0x123,8,F6 F7 F8 F9 00 08 A7 F6,........,False,False,False
2026-01-21T16:52:03.864408,41.623275,RX,0x123,8,F7 F8 F9 FA 00 08 A7 F7,........,False,False,False
2026-01-21T16:52:03.865916,41.624783,RX,0x123,8,F8 F9 FA FB 00 08 A7 F8,........,False,False,False
2026-01-21T16:52:03.867488,41.626355,RX,0x123,8,F9 FA FB FC 00 08 A7 F9,........,False,False,False
2026-01-21T16:52:03.869271,41.628138,RX,0x123,8,FA FB FC FD 00 08 A7 FA,........,False,False,False
2026-01-21T16:52:03.871153,41.630020,RX,0x123,8,FB FC FD FE 00 08 A7 FB,........,False,False,False
2026-01-21T16:52:03.872804,41.631671,RX,0x123,8,FC FD FE FF 00 08 A7 FC,........,False,False,False
2026-01-21T16:52:03.874337,41.633204,RX,0x123,8,FD FE FF 00 00 08 A7 FD,........,False,False,False
2026-01-21T16:52:03.876153,41.634227,RX,0x123,8,FE FF 00 01 00 08 A7 FE,........,False,False,False
2026-01-21T16:52:03.877899,41.636766,RX,0x123,8,FF 00 01 02 00 08 A7 FF,........,False,False,False
2026-01-21T16:52:03.880401,41.639267,RX,0x123,8,00 01 02 03 00 08 A8 00,........,False,False,False
2026-01-21T16:52:03.882219,41.641086,RX,0x123,8,01 02 03 04 00 08 A8 01,........,False,False,False
2026-01-21T16:52:03.884240,41.643107,RX,0x123,8,02 03 04 05 00 08 A8 02,........,False,False,False
2026-01-21T16:52:03.885246,41.644113,RX,0x123,8,03 04 05 06 00 08 A8 03,........,False,False,False
2026-01-21T16:52:03.887781,41.646648,RX,0x123,8,04 05 06 07 00 08 A8 04,........,False,False,False
2026-01-21T16:52:03.890271,41.649138,RX,0x123,8,05 06 07 08 00 08 A8 05,........,False,False,False
2026-01-21T16:52:03.892027,41.650894,RX,0x123,8,06 07 08 09 00 08 A8 06,........,False,False,False
2026-01-21T16:52:03.893720,41.652587,RX,0x123,8,07 08 09 0A 00 08 A8 07,........,False,False,False
2026-01-21T16:52:03.895769,41.654636,RX,0x123,8,08 09 0A 0B 00 08 A8 08,........,False,False,False
2026-01-21T16:52:03.897296,41.656163,RX,0x123,8,09 0A 0B 0C 00 08 A8 09,........,False,False,False
2026-01-21T16:52:03.899291,41.658159,RX,0x123,8,0A 0B 0C 0D 00 08 A8 0A,........,False,False,False
2026-01-21T16:52:03.900807,41.659674,RX,0x123,8,0B 0C 0D 0E 00 08 A8 0B,........,False,False,False
2026-01-21T16:52:03.902901,41.660741,RX,0x123,8,0C 0D 0E 0F 00 08 A8 0C,........,False,False,False
2026-01-21T16:52:03.904421,41.663288,RX,0x123,8,0D 0E 0F 10 00 08 A8 0D,........,False,False,False
2026-01-21T16:52:03.905897,41.664764,RX,0x123,8,0E 0F 10 11 00 08 A8 0E,........,False,False,False
2026-01-21T16:52:03.907534,41.666401,RX,0x123,8,0F 10 11 12 00 08 A8 0F,........,False,False,False
2026-01-21T16:52:03.909147,41.668014,RX,0x123,8,10 11 12 13 00 08 A8 10,........,False,False,False
2026-01-21T16:52:03.910971,41.669838,RX,0x123,8,11 12 13 14 00 08 A8 11,........,False,False,False
2026-01-21T16:52:03.912811,41.671678,RX,0x123,8,12 13 14 15 00 08 A8 12,........,False,False,False
2026-01-21T16:52:03.914367,41.673234,RX,0x123,8,13 14 15 16 00 08 A8 13,........,False,False,False
2026-01-21T16:52:03.915976,41.674843,RX,0x123,8,14 15 16 17 00 08 A8 14,........,False,False,False
2026-01-21T16:52:03.917716,41.676583,RX,0x123,8,15 16 17 18 00 08 A8 15,........,False,False,False
2026-01-21T16:52:03.919260,41.678127,RX,0x123,8,16 17 18 19 00 08 A8 16,........,False,False,False
2026-01-21T16:52:03.920638,41.679504,RX,0x123,8,17 18 19 1A 00 08 A8 17,........,False,False,False
2026-01-21T16:52:03.922116,41.680983,RX,0x123,8,18 19 1A 1B 00 08 A8 18,........,False,False,False
2026-01-21T16:52:03.923487,41.682354,RX,0x123,8,19 1A 1B 1C 00 08 A8 19,........,False,False,False
2026-01-21T16:52:03.925039,41.683906,RX,0x123,8,1A 1B 1C 1D 00 08 A8 1A,........,False,False,False
2026-01-21T16:52:03.926508,41.685375,RX,0x123,8,1B 1C 1D 1E 00 08 A8 1B,........,False,False,False
2026-01-21T16:52:03.928884,41.687751,RX,0x123,8,1C 1D 1E 1F 00 08 A8 1C,........,False,False,False
2026-01-21T16:52:03.930490,41.689357,RX,0x123,8,1D 1E 1F 20 00 08 A8 1D,... ....,False,False,False
2026-01-21T16:52:03.932743,41.691610,RX,0x123,8,1E 1F 20 21 00 08 A8 1E,.. !....,False,False,False
2026-01-21T16:52:03.934481,41.693348,RX,0x123,8,1F 20 21 22 00 08 A8 1F,". !""....",False,False,False
2026-01-21T16:52:03.936770,41.695637,RX,0x123,8,20 21 22 23 00 08 A8 20," !""#... ",False,False,False
2026-01-21T16:52:03.938453,41.697320,RX,0x123,8,21 22 23 24 00 08 A8 21,"!""#$...!",False,False,False
2026-01-21T16:52:03.939931,41.698798,RX,0x123,8,22 23 24 25 00 08 A8 22,"""#$%...""",False,False,False
2026-01-21T16:52:03.941262,41.700129,RX,0x123,8,23 24 25 26 00 08 A8 23,#$%&...#,False,False,False
2026-01-21T16:52:03.942738,41.701605,RX,0x123,8,24 25 26 27 00 08 A8 24,$%&'...$,False,False,False
2026-01-21T16:52:03.944127,41.702995,RX,0x123,8,25 26 27 28 00 08 A8 25,%&'(...%,False,False,False
2026-01-21T16:52:03.945703,41.704570,RX,0x123,8,26 27 28 29 00 08 A8 26,&'()...&,False,False,False
2026-01-21T16:52:03.947868,41.706734,RX,0x123,8,27 28 29 2A 00 08 A8 27,'()*...',False,False,False
2026-01-21T16:52:03.949264,41.708131,RX,0x123,8,28 29 2A 2B 00 08 A8 28,()*+...(,False,False,False
2026-01-21T16:52:03.950810,41.709677,RX,0x123,8,29 2A 2B 2C 00 08 A8 29,")*+,...)",False,False,False
2026-01-21T16:52:03.952341,41.711208,RX,0x123,8,2A 2B 2C 2D 00 08 A8 2A,"*+,-...*",False,False,False
2026-01-21T16:52:03.953888,41.712755,RX,0x123,8,2B 2C 2D 2E 00 08 A8 2B,"+,-....+",False,False,False
2026-01-21T16:52:03.955262,41.714129,RX,0x123,8,2C 2D 2E 2F 00 08 A8 2C,",-./...,",False,False,False
2026-01-21T16:52:03.956728,41.715595,RX,0x123,8,2D 2E 2F 30 00 08 A8 2D,-./0...-,False,False,False
2026-01-21T16:52:03.958187,41.717054,RX,0x123,8,2E 2F 30 31 00 08 A8 2E,./01....,False,False,False
2026-01-21T16:52:03.959743,41.718610,RX,0x123,8,2F 30 31 32 00 08 A8 2F,/012.../,False,False,False
2026-01-21T16:52:03.962323,41.721190,RX,0x123,8,30 31 32 33 00 08 A8 30,0123...0,False,False,False
2026-01-21T16:52:03.964928,41.723795,RX,0x123,8,31 32 33 34 00 08 A8 31,1234...1,False,False,False
2026-01-21T16:52:03.966613,41.725480,RX,0x123,8,32 33 34 35 00 08 A8 32,2345...2,False,False,False
2026-01-21T16:52:03.968223,41.727090,RX,0x123,8,33 34 35 36 00 08 A8 33,3456...3,False,False,False
2026-01-21T16:52:03.970217,41.729084,RX,0x123,8,34 35 36 37 00 08 A8 34,4567...4,False,False,False
2026-01-21T16:52:03.971711,41.730577,RX,0x123,8,35 36 37 38 00 08 A8 35,5678...5,False,False,False
2026-01-21T16:52:03.973157,41.732024,RX,0x123,8,36 37 38 39 00 08 A8 36,6789...6,False,False,False
2026-01-21T16:52:03.974691,41.733558,RX,0x123,8,37 38 39 3A 00 08 A8 37,789:...7,False,False,False
2026-01-21T16:52:03.976692,41.735559,RX,0x123,8,38 39 3A 3B 00 08 A8 38,89:;...8,False,False,False
2026-01-21T16:52:03.978175,41.737042,RX,0x123,8,39 3A 3B 3C 00 08 A8 39,9:;<...9,False,False,False
2026-01-21T16:52:03.979662,41.738529,RX,0x123,8,3A 3B 3C 3D 00 08 A8 3A,:;<=...:,False,False,False
2026-01-21T16:52:03.981057,41.739924,RX,0x123,8,3B 3C 3D 3E 00 08 A8 3B,;<=>...;,False,False,False
2026-01-21T16:52:03.982525,41.741392,RX,0x123,8,3C 3D 3E 3F 00 08 A8 3C,<=>?...<,False,False,False
2026-01-21T16:52:03.983864,41.742731,RX,0x123,8,3D 3E 3F 40 00 08 A8 3D,=>?@...=,False,False,False
2026-01-21T16:52:03.985424,41.744291,RX,0x123,8,3E 3F 40 41 00 08 A8 3E,>?@A...>,False,False,False
2026-01-21T16:52:03.987265,41.746132,RX,0x123,8,3F 40 41 42 00 08 A8 3F,?@AB...?,False,False,False
2026-01-21T16:52:03.988675,41.747542,RX,0x123,8,40 41 42 43 00 08 A8 40,@ABC...@,False,False,False
2026-01-21T16:52:03.990261,41.749128,RX,0x123,8,41 42 43 44 00 08 A8 41,ABCD...A,False,False,False
2026-01-21T16:52:03.992019,41.750886,RX,0x123,8,42 43 44 45 00 08 A8 42,BCDE...B,False,False,False
2026-01-21T16:52:03.993591,41.752458,RX,0x123,8,43 44 45 46 00 08 A8 43,CDEF...C,False,False,False
2026-01-21T16:52:03.995251,41.754118,RX,0x123,8,44 45 46 47 00 08 A8 44,DEFG...D,False,False,False
2026-01-21T16:52:03.997177,41.756044,RX,0x123,8,45 46 47 48 00 08 A8 45,EFGH...E,False,False,False
2026-01-21T16:52:03.999617,41.758484,RX,0x123,8,46 47 48 49 00 08 A8 46,FGHI...F,False,False,False
2026-01-21T16:52:04.001390,41.760257,RX,0x123,8,47 48 49 4A 00 08 A8 47,GHIJ...G,False,False,False
2026-01-21T16:52:04.003598,41.762465,RX,0x123,8,48 49 4A 4B 00 08 A8 48,HIJK...H,False,False,False
2026-01-21T16:52:04.005511,41.764377,RX,0x123,8,49 4A 4B 4C 00 08 A8 49,IJKL...I,False,False,False
2026-01-21T16:52:04.007948,41.766815,RX,0x123,8,4A 4B 4C 4D 00 08 A8 4A,JKLM...J,False,False,False
2026-01-21T16:52:04.009402,41.768269,RX,0x123,8,4B 4C 4D 4E 00 08 A8 4B,KLMN...K,False,False,False
2026-01-21T16:52:04.010927,41.769794,RX,0x123,8,4C 4D 4E 4F 00 08 A8 4C,LMNO...L,False,False,False
2026-01-21T16:52:04.012505,41.771372,RX,0x123,8,4D 4E 4F 50 00 08 A8 4D,MNOP...M,False,False,False
2026-01-21T16:52:04.014230,41.773097,RX,0x123,8,4E 4F 50 51 00 08 A8 4E,NOPQ...N,False,False,False
2026-01-21T16:52:04.016024,41.774891,RX,0x123,8,4F 50 51 52 00 08 A8 4F,OPQR...O,False,False,False
2026-01-21T16:52:04.017593,41.776460,RX,0x123,8,50 51 52 53 00 08 A8 50,PQRS...P,False,False,False
2026-01-21T16:52:04.019090,41.777957,RX,0x123,8,51 52 53 54 00 08 A8 51,QRST...Q,False,False,False
2026-01-21T16:52:04.020415,41.779282,RX,0x123,8,52 53 54 55 00 08 A8 52,RSTU...R,False,False,False
2026-01-21T16:52:04.021422,41.780289,RX,0x123,8,53 54 55 56 00 08 A8 53,STUV...S,False,False,False
2026-01-21T16:52:04.023640,41.782507,RX,0x123,8,54 55 56 57 00 08 A8 54,TUVW...T,False,False,False
2026-01-21T16:52:04.025061,41.783928,RX,0x123,8,55 56 57 58 00 08 A8 55,UVWX...U,False,False,False
2026-01-21T16:52:04.026410,41.785277,RX,0x123,8,56 57 58 59 00 08 A8 56,VWXY...V,False,False,False
2026-01-21T16:52:04.027421,41.786288,RX,0x123,8,57 58 59 5A 00 08 A8 57,WXYZ...W,False,False,False
2026-01-21T16:52:04.029555,41.788422,RX,0x123,8,58 59 5A 5B 00 08 A8 58,XYZ[...X,False,False,False
2026-01-21T16:52:04.031198,41.790065,RX,0x123,8,59 5A 5B 5C 00 08 A8 59,YZ[\...Y,False,False,False
2026-01-21T16:52:04.032754,41.791621,RX,0x123,8,5A 5B 5C 5D 00 08 A8 5A,Z[\]...Z,False,False,False
2026-01-21T16:52:04.034110,41.792977,RX,0x123,8,5B 5C 5D 5E 00 08 A8 5B,[\]^...[,False,False,False
2026-01-21T16:52:04.035559,41.794426,RX,0x123,8,5C 5D 5E 5F 00 08 A8 5C,\]^_...\,False,False,False
2026-01-21T16:52:04.037001,41.795868,RX,0x123,8,5D 5E 5F 60 00 08 A8 5D,]^_`...],False,False,False
2026-01-21T16:52:04.038465,41.797332,RX,0x123,8,5E 5F 60 61 00 08 A8 5E,^_`a...^,False,False,False
2026-01-21T16:52:04.040177,41.799044,RX,0x123,8,5F 60 61 62 00 08 A8 5F,_`ab..._,False,False,False
2026-01-21T16:52:04.042263,41.800352,RX,0x123,8,60 61 62 63 00 08 A8 60,`abc...`,False,False,False
2026-01-21T16:52:04.044074,41.802941,RX,0x123,8,61 62 63 64 00 08 A8 61,abcd...a,False,False,False
2026-01-21T16:52:04.046105,41.804972,RX,0x123,8,62 63 64 65 00 08 A8 62,bcde...b,False,False,False
2026-01-21T16:52:04.047763,41.806630,RX,0x123,8,63 64 65 66 00 08 A8 63,cdef...c,False,False,False
2026-01-21T16:52:04.049858,41.808725,RX,0x123,8,64 65 66 67 00 08 A8 64,defg...d,False,False,False
2026-01-21T16:52:04.052008,41.810875,RX,0x123,8,65 66 67 68 00 08 A8 65,efgh...e,False,False,False
2026-01-21T16:52:04.053048,41.811915,RX,0x123,8,66 67 68 69 00 08 A8 66,fghi...f,False,False,False
2026-01-21T16:52:04.055634,41.814501,RX,0x123,8,67 68 69 6A 00 08 A8 67,ghij...g,False,False,False
2026-01-21T16:52:04.057286,41.816154,RX,0x123,8,68 69 6A 6B 00 08 A8 68,hijk...h,False,False,False
2026-01-21T16:52:04.059014,41.817881,RX,0x123,8,69 6A 6B 6C 00 08 A8 69,ijkl...i,False,False,False
2026-01-21T16:52:04.060717,41.819584,RX,0x123,8,6A 6B 6C 6D 00 08 A8 6A,jklm...j,False,False,False
2026-01-21T16:52:04.062565,41.821432,RX,0x123,8,6B 6C 6D 6E 00 08 A8 6B,klmn...k,False,False,False
2026-01-21T16:52:04.064361,41.823228,RX,0x123,8,6C 6D 6E 6F 00 08 A8 6C,lmno...l,False,False,False
2026-01-21T16:52:04.065903,41.824770,RX,0x123,8,6D 6E 6F 70 00 08 A8 6D,mnop...m,False,False,False
2026-01-21T16:52:04.067489,41.826356,RX,0x123,8,6E 6F 70 71 00 08 A8 6E,nopq...n,False,False,False
2026-01-21T16:52:04.068960,41.827827,RX,0x123,8,6F 70 71 72 00 08 A8 6F,opqr...o,False,False,False
2026-01-21T16:52:04.070644,41.829511,RX,0x123,8,70 71 72 73 00 08 A8 70,pqrs...p,False,False,False
2026-01-21T16:52:04.072247,41.831114,RX,0x123,8,71 72 73 74 00 08 A8 71,qrst...q,False,False,False
2026-01-21T16:52:04.074214,41.833081,RX,0x123,8,72 73 74 75 00 08 A8 72,rstu...r,False,False,False
2026-01-21T16:52:04.076024,41.834891,RX,0x123,8,73 74 75 76 00 08 A8 73,stuv...s,False,False,False
2026-01-21T16:52:04.077943,41.836810,RX,0x123,8,74 75 76 77 00 08 A8 74,tuvw...t,False,False,False
2026-01-21T16:52:04.079697,41.838564,RX,0x123,8,75 76 77 78 00 08 A8 75,uvwx...u,False,False,False
2026-01-21T16:52:04.081283,41.840150,RX,0x123,8,76 77 78 79 00 08 A8 76,vwxy...v,False,False,False
2026-01-21T16:52:04.083488,41.842355,RX,0x123,8,77 78 79 7A 00 08 A8 77,wxyz...w,False,False,False
2026-01-21T16:52:04.085085,41.843952,RX,0x123,8,78 79 7A 7B 00 08 A8 78,xyz{...x,False,False,False
2026-01-21T16:52:04.086852,41.845719,RX,0x123,8,79 7A 7B 7C 00 08 A8 79,yz{|...y,False,False,False
2026-01-21T16:52:04.088432,41.847299,RX,0x123,8,7A 7B 7C 7D 00 08 A8 7A,z{|}...z,False,False,False
2026-01-21T16:52:04.090402,41.849269,RX,0x123,8,7B 7C 7D 7E 00 08 A8 7B,{|}~...{,False,False,False
2026-01-21T16:52:04.092516,41.851383,RX,0x123,8,7C 7D 7E 7F 00 08 A8 7C,|}~....|,False,False,False
2026-01-21T16:52:04.094222,41.853089,RX,0x123,8,7D 7E 7F 80 00 08 A8 7D,}~.....},False,False,False
2026-01-21T16:52:04.096168,41.855035,RX,0x123,8,7E 7F 80 81 00 08 A8 7E,~......~,False,False,False
2026-01-21T16:52:04.097384,41.856251,RX,0x123,8,7F 80 81 82 00 08 A8 7F,........,False,False,False
2026-01-21T16:52:04.099485,41.858352,RX,0x123,8,80 81 82 83 00 08 A8 80,........,False,False,False
2026-01-21T16:52:04.100821,41.859688,RX,0x123,8,81 82 83 84 00 08 A8 81,........,False,False,False
2026-01-21T16:52:04.102631,41.861498,RX,0x123,8,82 83 84 85 00 08 A8 82,........,False,False,False
2026-01-21T16:52:04.104234,41.863101,RX,0x123,8,83 84 85 86 00 08 A8 83,........,False,False,False
2026-01-21T16:52:04.105890,41.864757,RX,0x123,8,84 85 86 87 00 08 A8 84,........,False,False,False
2026-01-21T16:52:04.107618,41.866485,RX,0x123,8,85 86 87 88 00 08 A8 85,........,False,False,False
2026-01-21T16:52:04.108718,41.867585,RX,0x123,8,86 87 88 89 00 08 A8 86,........,False,False,False
2026-01-21T16:52:04.110785,41.869652,RX,0x123,8,87 88 89 8A 00 08 A8 87,........,False,False,False
2026-01-21T16:52:04.112475,41.871342,RX,0x123,8,88 89 8A 8B 00 08 A8 88,........,False,False,False
2026-01-21T16:52:04.113879,41.872746,RX,0x123,8,89 8A 8B 8C 00 08 A8 89,........,False,False,False
2026-01-21T16:52:04.115466,41.874333,RX,0x123,8,8A 8B 8C 8D 00 08 A8 8A,........,False,False,False
2026-01-21T16:52:04.116949,41.875816,RX,0x123,8,8B 8C 8D 8E 00 08 A8 8B,........,False,False,False
2026-01-21T16:52:04.118387,41.877254,RX,0x123,8,8C 8D 8E 8F 00 08 A8 8C,........,False,False,False
2026-01-21T16:52:04.120050,41.878917,RX,0x123,8,8D 8E 8F 90 00 08 A8 8D,........,False,False,False
2026-01-21T16:52:04.121996,41.880863,RX,0x123,8,8E 8F 90 91 00 08 A8 8E,........,False,False,False
2026-01-21T16:52:04.123339,41.882206,RX,0x123,8,8F 90 91 92 00 08 A8 8F,........,False,False,False
2026-01-21T16:52:04.124346,41.883213,RX,0x123,8,90 91 92 93 00 08 A8 90,........,False,False,False
2026-01-21T16:52:04.126505,41.885372,RX,0x123,8,91 92 93 94 00 08 A8 91,........,False,False,False
2026-01-21T16:52:04.127514,41.886381,RX,0x123,8,92 93 94 95 00 08 A8 92,........,False,False,False
2026-01-21T16:52:04.129435,41.888302,RX,0x123,8,93 94 95 96 00 08 A8 93,........,False,False,False
2026-01-21T16:52:04.130981,41.889848,RX,0x123,8,94 95 96 97 00 08 A8 94,........,False,False,False
2026-01-21T16:52:04.132587,41.891454,RX,0x123,8,95 96 97 98 00 08 A8 95,........,False,False,False
2026-01-21T16:52:04.134557,41.893425,RX,0x123,8,96 97 98 99 00 08 A8 96,........,False,False,False
2026-01-21T16:52:04.136425,41.895292,RX,0x123,8,97 98 99 9A 00 08 A8 97,........,False,False,False
2026-01-21T16:52:04.137872,41.896739,RX,0x123,8,98 99 9A 9B 00 08 A8 98,........,False,False,False
2026-01-21T16:52:04.139981,41.898848,RX,0x123,8,99 9A 9B 9C 00 08 A8 99,........,False,False,False
2026-01-21T16:52:04.140992,41.899858,RX,0x123,8,9A 9B 9C 9D 00 08 A8 9A,........,False,False,False
2026-01-21T16:52:04.143274,41.902141,RX,0x123,8,9B 9C 9D 9E 00 08 A8 9B,........,False,False,False
2026-01-21T16:52:04.144775,41.903642,RX,0x123,8,9C 9D 9E 9F 00 08 A8 9C,........,False,False,False
2026-01-21T16:52:04.146489,41.905356,RX,0x123,8,9D 9E 9F A0 00 08 A8 9D,........,False,False,False
2026-01-21T16:52:04.147935,41.906802,RX,0x123,8,9E 9F A0 A1 00 08 A8 9E,........,False,False,False
2026-01-21T16:52:04.149352,41.908219,RX,0x123,8,9F A0 A1 A2 00 08 A8 9F,........,False,False,False
2026-01-21T16:52:04.150920,41.909787,RX,0x123,8,A0 A1 A2 A3 00 08 A8 A0,........,False,False,False
2026-01-21T16:52:04.153197,41.912064,RX,0x123,8,A1 A2 A3 A4 00 08 A8 A1,........,False,False,False
2026-01-21T16:52:04.154969,41.913836,RX,0x123,8,A2 A3 A4 A5 00 08 A8 A2,........,False,False,False
2026-01-21T16:52:04.156391,41.915258,RX,0x123,8,A3 A4 A5 A6 00 08 A8 A3,........,False,False,False
2026-01-21T16:52:04.157751,41.916618,RX,0x123,8,A4 A5 A6 A7 00 08 A8 A4,........,False,False,False
2026-01-21T16:52:04.159424,41.918291,RX,0x123,8,A5 A6 A7 A8 00 08 A8 A5,........,False,False,False
2026-01-21T16:52:04.161371,41.920238,RX,0x123,8,A6 A7 A8 A9 00 08 A8 A6,........,False,False,False
2026-01-21T16:52:04.162909,41.921776,RX,0x123,8,A7 A8 A9 AA 00 08 A8 A7,........,False,False,False
2026-01-21T16:52:04.164489,41.923357,RX,0x123,8,A8 A9 AA AB 00 08 A8 A8,........,False,False,False
2026-01-21T16:52:04.165898,41.924765,RX,0x123,8,A9 AA AB AC 00 08 A8 A9,........,False,False,False
2026-01-21T16:52:04.167374,41.926241,RX,0x123,8,AA AB AC AD 00 08 A8 AA,........,False,False,False
2026-01-21T16:52:04.168864,41.927731,RX,0x123,8,AB AC AD AE 00 08 A8 AB,........,False,False,False
2026-01-21T16:52:04.170309,41.929176,RX,0x123,8,AC AD AE AF 00 08 A8 AC,........,False,False,False
2026-01-21T16:52:04.171317,41.930184,RX,0x123,8,AD AE AF B0 00 08 A8 AD,........,False,False,False
2026-01-21T16:52:04.173783,41.932650,RX,0x123,8,AE AF B0 B1 00 08 A8 AE,........,False,False,False
2026-01-21T16:52:04.175498,41.934365,RX,0x123,8,AF B0 B1 B2 00 08 A8 AF,........,False,False,False
2026-01-21T16:52:04.176845,41.935712,RX,0x123,8,B0 B1 B2 B3 00 08 A8 B0,........,False,False,False
2026-01-21T16:52:04.178204,41.937071,RX,0x123,8,B1 B2 B3 B4 00 08 A8 B1,........,False,False,False
2026-01-21T16:52:04.179659,41.938526,RX,0x123,8,B2 B3 B4 B5 00 08 A8 B2,........,False,False,False
2026-01-21T16:52:04.181334,41.940201,RX,0x123,8,B3 B4 B5 B6 00 08 A8 B3,........,False,False,False
2026-01-21T16:52:04.183199,41.942066,RX,0x123,8,B4 B5 B6 B7 00 08 A8 B4,........,False,False,False
2026-01-21T16:52:04.185350,41.944216,RX,0x123,8,B5 B6 B7 B8 00 08 A8 B5,........,False,False,False
2026-01-21T16:52:04.187268,41.946135,RX,0x123,8,B6 B7 B8 B9 00 08 A8 B6,........,False,False,False
2026-01-21T16:52:04.189762,41.948629,RX,0x123,8,B7 B8 B9 BA 00 08 A8 B7,........,False,False,False
2026-01-21T16:52:04.191554,41.950421,RX,0x123,8,B8 B9 BA BB 00 08 A8 B8,........,False,False,False
2026-01-21T16:52:04.192911,41.951778,RX,0x123,8,B9 BA BB BC 00 08 A8 B9,........,False,False,False
2026-01-21T16:52:04.194473,41.953341,RX,0x123,8,BA BB BC BD 00 08 A8 BA,........,False,False,False
2026-01-21T16:52:04.196447,41.955314,RX,0x123,8,BB BC BD BE 00 08 A8 BB,........,False,False,False
2026-01-21T16:52:04.197827,41.956694,RX,0x123,8,BC BD BE BF 00 08 A8 BC,........,False,False,False
2026-01-21T16:52:04.199413,41.958280,RX,0x123,8,BD BE BF C0 00 08 A8 BD,........,False,False,False
2026-01-21T16:52:04.200799,41.959666,RX,0x123,8,BE BF C0 C1 00 08 A8 BE,........,False,False,False
2026-01-21T16:52:04.201813,41.960680,RX,0x123,8,BF C0 C1 C2 00 08 A8 BF,........,False,False,False
2026-01-21T16:52:04.203560,41.962427,RX,0x123,8,C0 C1 C2 C3 00 08 A8 C0,........,False,False,False
2026-01-21T16:52:04.205682,41.964549,RX,0x123,8,C1 C2 C3 C4 00 08 A8 C1,........,False,False,False
2026-01-21T16:52:04.207052,41.965919,RX,0x123,8,C2 C3 C4 C5 00 08 A8 C2,........,False,False,False
2026-01-21T16:52:04.208506,41.967373,RX,0x123,8,C3 C4 C5 C6 00 08 A8 C3,........,False,False,False
2026-01-21T16:52:04.209835,41.968702,RX,0x123,8,C4 C5 C6 C7 00 08 A8 C4,........,False,False,False
2026-01-21T16:52:04.210842,41.969709,RX,0x123,8,C5 C6 C7 C8 00 08 A8 C5,........,False,False,False
2026-01-21T16:52:04.212962,41.971829,RX,0x123,8,C6 C7 C8 C9 00 08 A8 C6,........,False,False,False
2026-01-21T16:52:04.214528,41.973395,RX,0x123,8,C7 C8 C9 CA 00 08 A8 C7,........,False,False,False
2026-01-21T16:52:04.215883,41.974750,RX,0x123,8,C8 C9 CA CB 00 08 A8 C8,........,False,False,False
2026-01-21T16:52:04.217393,41.976260,RX,0x123,8,C9 CA CB CC 00 08 A8 C9,........,False,False,False
2026-01-21T16:52:04.218809,41.977676,RX,0x123,8,CA CB CC CD 00 08 A8 CA,........,False,False,False
2026-01-21T16:52:04.220171,41.979038,RX,0x123,8,CB CC CD CE 00 08 A8 CB,........,False,False,False
2026-01-21T16:52:04.221551,41.980418,RX,0x123,8,CC CD CE CF 00 08 A8 CC,........,False,False,False
2026-01-21T16:52:04.223058,41.981925,RX,0x123,8,CD CE CF D0 00 08 A8 CD,........,False,False,False
2026-01-21T16:52:04.224492,41.983359,RX,0x123,8,CE CF D0 D1 00 08 A8 CE,........,False,False,False
2026-01-21T16:52:04.226319,41.985186,RX,0x123,8,CF D0 D1 D2 00 08 A8 CF,........,False,False,False
2026-01-21T16:52:04.228238,41.987105,RX,0x123,8,D0 D1 D2 D3 00 08 A8 D0,........,False,False,False
2026-01-21T16:52:04.230279,41.989146,RX,0x123,8,D1 D2 D3 D4 00 08 A8 D1,........,False,False,False
2026-01-21T16:52:04.232732,41.991599,RX,0x123,8,D2 D3 D4 D5 00 08 A8 D2,........,False,False,False
2026-01-21T16:52:04.234892,41.993759,RX,0x123,8,D3 D4 D5 D6 00 08 A8 D3,........,False,False,False
2026-01-21T16:52:04.236702,41.995569,RX,0x123,8,D4 D5 D6 D7 00 08 A8 D4,........,False,False,False
2026-01-21T16:52:04.238448,41.997315,RX,0x123,8,D5 D6 D7 D8 00 08 A8 D5,........,False,False,False
2026-01-21T16:52:04.240137,41.999004,RX,0x123,8,D6 D7 D8 D9 00 08 A8 D6,........,False,False,False
2026-01-21T16:52:04.242201,42.001068,RX,0x123,8,D7 D8 D9 DA 00 08 A8 D7,........,False,False,False
2026-01-21T16:52:04.244107,42.002974,RX,0x123,8,D8 D9 DA DB 00 08 A8 D8,........,False,False,False
2026-01-21T16:52:04.245695,42.004562,RX,0x123,8,D9 DA DB DC 00 08 A8 D9,........,False,False,False
2026-01-21T16:52:04.247163,42.006030,RX,0x123,8,DA DB DC DD 00 08 A8 DA,........,False,False,False
2026-01-21T16:52:04.248617,42.007484,RX,0x123,8,DB DC DD DE 00 08 A8 DB,........,False,False,False
2026-01-21T16:52:04.250260,42.009127,RX,0x123,8,DC DD DE DF 00 08 A8 DC,........,False,False,False
2026-01-21T16:52:04.251947,42.010813,RX,0x123,8,DD DE DF E0 00 08 A8 DD,........,False,False,False
2026-01-21T16:52:04.253513,42.012380,RX,0x123,8,DE DF E0 E1 00 08 A8 DE,........,False,False,False
2026-01-21T16:52:04.255105,42.013972,RX,0x123,8,DF E0 E1 E2 00 08 A8 DF,........,False,False,False
2026-01-21T16:52:04.256666,42.015533,RX,0x123,8,E0 E1 E2 E3 00 08 A8 E0,........,False,False,False
2026-01-21T16:52:04.258103,42.016970,RX,0x123,8,E1 E2 E3 E4 00 08 A8 E1,........,False,False,False
2026-01-21T16:52:04.259798,42.018665,RX,0x123,8,E2 E3 E4 E5 00 08 A8 E2,........,False,False,False
2026-01-21T16:52:04.261269,42.020136,RX,0x123,8,E3 E4 E5 E6 00 08 A8 E3,........,False,False,False
2026-01-21T16:52:04.262752,42.021620,RX,0x123,8,E4 E5 E6 E7 00 08 A8 E4,........,False,False,False
2026-01-21T16:52:04.264396,42.023263,RX,0x123,8,E5 E6 E7 E8 00 08 A8 E5,........,False,False,False
2026-01-21T16:52:04.265796,42.024663,RX,0x123,8,E6 E7 E8 E9 00 08 A8 E6,........,False,False,False
2026-01-21T16:52:04.268104,42.026972,RX,0x123,8,E7 E8 E9 EA 00 08 A8 E7,........,False,False,False
2026-01-21T16:52:04.269686,42.028553,RX,0x123,8,E8 E9 EA EB 00 08 A8 E8,........,False,False,False
2026-01-21T16:52:04.271242,42.030108,RX,0x123,8,E9 EA EB EC 00 08 A8 E9,........,False,False,False
2026-01-21T16:52:04.272250,42.031117,RX,0x123,8,EA EB EC ED 00 08 A8 EA,........,False,False,False
2026-01-21T16:52:04.274784,42.033651,RX,0x123,8,EB EC ED EE 00 08 A8 EB,........,False,False,False
2026-01-21T16:52:04.276810,42.035677,RX,0x123,8,EC ED EE EF 00 08 A8 EC,........,False,False,False
2026-01-21T16:52:04.278285,42.037152,RX,0x123,8,ED EE EF F0 00 08 A8 ED,........,False,False,False
2026-01-21T16:52:04.280904,42.039772,RX,0x123,8,EE EF F0 F1 00 08 A8 EE,........,False,False,False
2026-01-21T16:52:04.282486,42.041353,RX,0x123,8,EF F0 F1 F2 00 08 A8 EF,........,False,False,False
2026-01-21T16:52:04.284102,42.042969,RX,0x123,8,F0 F1 F2 F3 00 08 A8 F0,........,False,False,False
2026-01-21T16:52:04.286020,42.044887,RX,0x123,8,F1 F2 F3 F4 00 08 A8 F1,........,False,False,False
2026-01-21T16:52:04.287494,42.046360,RX,0x123,8,F2 F3 F4 F5 00 08 A8 F2,........,False,False,False
2026-01-21T16:52:04.289023,42.047890,RX,0x123,8,F3 F4 F5 F6 00 08 A8 F3,........,False,False,False
2026-01-21T16:52:04.290494,42.049361,RX,0x123,8,F4 F5 F6 F7 00 08 A8 F4,........,False,False,False
2026-01-21T16:52:04.292124,42.050991,RX,0x123,8,F5 F6 F7 F8 00 08 A8 F5,........,False,False,False
2026-01-21T16:52:04.294050,42.052917,RX,0x123,8,F6 F7 F8 F9 00 08 A8 F6,........,False,False,False
2026-01-21T16:52:04.296417,42.055284,RX,0x123,8,F7 F8 F9 FA 00 08 A8 F7,........,False,False,False
2026-01-21T16:52:04.298504,42.057371,RX,0x123,8,F8 F9 FA FB 00 08 A8 F8,........,False,False,False
2026-01-21T16:52:04.299968,42.058835,RX,0x123,8,F9 FA FB FC 00 08 A8 F9,........,False,False,False
2026-01-21T16:52:04.301357,42.060224,RX,0x123,8,FA FB FC FD 00 08 A8 FA,........,False,False,False
2026-01-21T16:52:04.302984,42.061851,RX,0x123,8,FB FC FD FE 00 08 A8 FB,........,False,False,False
2026-01-21T16:52:04.304903,42.063770,RX,0x123,8,FC FD FE FF 00 08 A8 FC,........,False,False,False
2026-01-21T16:52:04.307145,42.066012,RX,0x123,8,FD FE FF 00 00 08 A8 FD,........,False,False,False
2026-01-21T16:52:04.308995,42.067862,RX,0x123,8,FE FF 00 01 00 08 A8 FE,........,False,False,False
2026-01-21T16:52:04.311242,42.070109,RX,0x123,8,FF 00 01 02 00 08 A8 FF,........,False,False,False
2026-01-21T16:52:04.312804,42.071671,RX,0x123,8,00 01 02 03 00 08 A9 00,........,False,False,False
2026-01-21T16:52:04.314772,42.073638,RX,0x123,8,01 02 03 04 00 08 A9 01,........,False,False,False
2026-01-21T16:52:04.317111,42.075978,RX,0x123,8,02 03 04 05 00 08 A9 02,........,False,False,False
2026-01-21T16:52:04.318692,42.077559,RX,0x123,8,03 04 05 06 00 08 A9 03,........,False,False,False
2026-01-21T16:52:04.320510,42.079377,RX,0x123,8,04 05 06 07 00 08 A9 04,........,False,False,False
2026-01-21T16:52:04.322313,42.081180,RX,0x123,8,05 06 07 08 00 08 A9 05,........,False,False,False
2026-01-21T16:52:04.324156,42.083022,RX,0x123,8,06 07 08 09 00 08 A9 06,........,False,False,False
2026-01-21T16:52:04.325871,42.084738,RX,0x123,8,07 08 09 0A 00 08 A9 07,........,False,False,False
2026-01-21T16:52:04.327513,42.086380,RX,0x123,8,08 09 0A 0B 00 08 A9 08,........,False,False,False
2026-01-21T16:52:04.330591,42.089458,RX,0x123,8,09 0A 0B 0C 00 08 A9 09,........,False,False,False
2026-01-21T16:52:04.332104,42.090971,RX,0x123,8,0A 0B 0C 0D 00 08 A9 0A,........,False,False,False
2026-01-21T16:52:04.334195,42.093062,RX,0x123,8,0B 0C 0D 0E 00 08 A9 0B,........,False,False,False
2026-01-21T16:52:04.335568,42.094435,RX,0x123,8,0C 0D 0E 0F 00 08 A9 0C,........,False,False,False
2026-01-21T16:52:04.337033,42.095900,RX,0x123,8,0D 0E 0F 10 00 08 A9 0D,........,False,False,False
2026-01-21T16:52:04.338424,42.097291,RX,0x123,8,0E 0F 10 11 00 08 A9 0E,........,False,False,False
2026-01-21T16:52:04.339790,42.098657,RX,0x123,8,0F 10 11 12 00 08 A9 0F,........,False,False,False
2026-01-21T16:52:04.340800,42.099668,RX,0x123,8,10 11 12 13 00 08 A9 10,........,False,False,False
2026-01-21T16:52:04.342589,42.101455,RX,0x123,8,11 12 13 14 00 08 A9 11,........,False,False,False
2026-01-21T16:52:04.344594,42.103461,RX,0x123,8,12 13 14 15 00 08 A9 12,........,False,False,False
2026-01-21T16:52:04.345606,42.104473,RX,0x123,8,13 14 15 16 00 08 A9 13,........,False,False,False
2026-01-21T16:52:04.347792,42.106659,RX,0x123,8,14 15 16 17 00 08 A9 14,........,False,False,False
2026-01-21T16:52:04.349146,42.108013,RX,0x123,8,15 16 17 18 00 08 A9 15,........,False,False,False
2026-01-21T16:52:04.350739,42.109606,RX,0x123,8,16 17 18 19 00 08 A9 16,........,False,False,False
2026-01-21T16:52:04.352220,42.111088,RX,0x123,8,17 18 19 1A 00 08 A9 17,........,False,False,False
2026-01-21T16:52:04.353683,42.112550,RX,0x123,8,18 19 1A 1B 00 08 A9 18,........,False,False,False
2026-01-21T16:52:04.355367,42.114234,RX,0x123,8,19 1A 1B 1C 00 08 A9 19,........,False,False,False
2026-01-21T16:52:04.357007,42.115875,RX,0x123,8,1A 1B 1C 1D 00 08 A9 1A,........,False,False,False
2026-01-21T16:52:04.358740,42.117607,RX,0x123,8,1B 1C 1D 1E 00 08 A9 1B,........,False,False,False
2026-01-21T16:52:04.360563,42.119431,RX,0x123,8,1C 1D 1E 1F 00 08 A9 1C,........,False,False,False
2026-01-21T16:52:04.362058,42.120925,RX,0x123,8,1D 1E 1F 20 00 08 A9 1D,... ....,False,False,False
2026-01-21T16:52:04.363575,42.122442,RX,0x123,8,1E 1F 20 21 00 08 A9 1E,.. !....,False,False,False
2026-01-21T16:52:04.365212,42.124079,RX,0x123,8,1F 20 21 22 00 08 A9 1F,". !""....",False,False,False
2026-01-21T16:52:04.367013,42.125880,RX,0x123,8,20 21 22 23 00 08 A9 20," !""#... ",False,False,False
2026-01-21T16:52:04.368610,42.127477,RX,0x123,8,21 22 23 24 00 08 A9 21,"!""#$...!",False,False,False
2026-01-21T16:52:04.370505,42.129372,RX,0x123,8,22 23 24 25 00 08 A9 22,"""#$%...""",False,False,False
2026-01-21T16:52:04.372396,42.131263,RX,0x123,8,23 24 25 26 00 08 A9 23,#$%&...#,False,False,False
2026-01-21T16:52:04.374724,42.133591,RX,0x123,8,24 25 26 27 00 08 A9 24,$%&'...$,False,False,False
2026-01-21T16:52:04.376589,42.135456,RX,0x123,8,25 26 27 28 00 08 A9 25,%&'(...%,False,False,False
2026-01-21T16:52:04.378510,42.137378,RX,0x123,8,26 27 28 29 00 08 A9 26,&'()...&,False,False,False
2026-01-21T16:52:04.380168,42.139035,RX,0x123,8,27 28 29 2A 00 08 A9 27,'()*...',False,False,False
2026-01-21T16:52:04.381782,42.140649,RX,0x123,8,28 29 2A 2B 00 08 A9 28,()*+...(,False,False,False
2026-01-21T16:52:04.383591,42.142458,RX,0x123,8,29 2A 2B 2C 00 08 A9 29,")*+,...)",False,False,False
2026-01-21T16:52:04.385449,42.144316,RX,0x123,8,2A 2B 2C 2D 00 08 A9 2A,"*+,-...*",False,False,False
2026-01-21T16:52:04.387131,42.145998,RX,0x123,8,2B 2C 2D 2E 00 08 A9 2B,"+,-....+",False,False,False
2026-01-21T16:52:04.388608,42.147475,RX,0x123,8,2C 2D 2E 2F 00 08 A9 2C,",-./...,",False,False,False
2026-01-21T16:52:04.390100,42.148967,RX,0x123,8,2D 2E 2F 30 00 08 A9 2D,-./0...-,False,False,False
2026-01-21T16:52:04.391682,42.150549,RX,0x123,8,2E 2F 30 31 00 08 A9 2E,./01....,False,False,False
2026-01-21T16:52:04.393345,42.152212,RX,0x123,8,2F 30 31 32 00 08 A9 2F,/012.../,False,False,False
2026-01-21T16:52:04.395133,42.154000,RX,0x123,8,30 31 32 33 00 08 A9 30,0123...0,False,False,False
2026-01-21T16:52:04.397323,42.156190,RX,0x123,8,31 32 33 34 00 08 A9 31,1234...1,False,False,False
2026-01-21T16:52:04.399252,42.158119,RX,0x123,8,32 33 34 35 00 08 A9 32,2345...2,False,False,False
2026-01-21T16:52:04.401102,42.159969,RX,0x123,8,33 34 35 36 00 08 A9 33,3456...3,False,False,False
2026-01-21T16:52:04.402456,42.161323,RX,0x123,8,34 35 36 37 00 08 A9 34,4567...4,False,False,False
2026-01-21T16:52:04.404918,42.163785,RX,0x123,8,35 36 37 38 00 08 A9 35,5678...5,False,False,False
2026-01-21T16:52:04.406347,42.165214,RX,0x123,8,36 37 38 39 00 08 A9 36,6789...6,False,False,False
2026-01-21T16:52:04.407774,42.166641,RX,0x123,8,37 38 39 3A 00 08 A9 37,789:...7,False,False,False
2026-01-21T16:52:04.409515,42.168382,RX,0x123,8,38 39 3A 3B 00 08 A9 38,89:;...8,False,False,False
2026-01-21T16:52:04.411063,42.169930,RX,0x123,8,39 3A 3B 3C 00 08 A9 39,9:;<...9,False,False,False
2026-01-21T16:52:04.413868,42.172735,RX,0x123,8,3A 3B 3C 3D 00 08 A9 3A,:;<=...:,False,False,False
2026-01-21T16:52:04.415715,42.174582,RX,0x123,8,3B 3C 3D 3E 00 08 A9 3B,;<=>...;,False,False,False
2026-01-21T16:52:04.417322,42.176188,RX,0x123,8,3C 3D 3E 3F 00 08 A9 3C,<=>?...<,False,False,False
2026-01-21T16:52:04.418772,42.177639,RX,0x123,8,3D 3E 3F 40 00 08 A9 3D,=>?@...=,False,False,False
2026-01-21T16:52:04.420367,42.179234,RX,0x123,8,3E 3F 40 41 00 08 A9 3E,>?@A...>,False,False,False
2026-01-21T16:52:04.422544,42.181411,RX,0x123,8,3F 40 41 42 00 08 A9 3F,?@AB...?,False,False,False
2026-01-21T16:52:04.424091,42.182958,RX,0x123,8,40 41 42 43 00 08 A9 40,@ABC...@,False,False,False
2026-01-21T16:52:04.425561,42.184428,RX,0x123,8,41 42 43 44 00 08 A9 41,ABCD...A,False,False,False
2026-01-21T16:52:04.427021,42.185888,RX,0x123,8,42 43 44 45 00 08 A9 42,BCDE...B,False,False,False
2026-01-21T16:52:04.429039,42.187906,RX,0x123,8,43 44 45 46 00 08 A9 43,CDEF...C,False,False,False
2026-01-21T16:52:04.430964,42.189831,RX,0x123,8,44 45 46 47 00 08 A9 44,DEFG...D,False,False,False
2026-01-21T16:52:04.432835,42.191702,RX,0x123,8,45 46 47 48 00 08 A9 45,EFGH...E,False,False,False
2026-01-21T16:52:04.435135,42.194002,RX,0x123,8,46 47 48 49 00 08 A9 46,FGHI...F,False,False,False
2026-01-21T16:52:04.436986,42.195853,RX,0x123,8,47 48 49 4A 00 08 A9 47,GHIJ...G,False,False,False
2026-01-21T16:52:04.439184,42.198051,RX,0x123,8,48 49 4A 4B 00 08 A9 48,HIJK...H,False,False,False
2026-01-21T16:52:04.441004,42.199871,RX,0x123,8,49 4A 4B 4C 00 08 A9 49,IJKL...I,False,False,False
2026-01-21T16:52:04.442738,42.201604,RX,0x123,8,4A 4B 4C 4D 00 08 A9 4A,JKLM...J,False,False,False
2026-01-21T16:52:04.445090,42.203957,RX,0x123,8,4B 4C 4D 4E 00 08 A9 4B,KLMN...K,False,False,False
2026-01-21T16:52:04.446694,42.205561,RX,0x123,8,4C 4D 4E 4F 00 08 A9 4C,LMNO...L,False,False,False
2026-01-21T16:52:04.448575,42.207442,RX,0x123,8,4D 4E 4F 50 00 08 A9 4D,MNOP...M,False,False,False
2026-01-21T16:52:04.450530,42.209397,RX,0x123,8,4E 4F 50 51 00 08 A9 4E,NOPQ...N,False,False,False
2026-01-21T16:52:04.452134,42.211001,RX,0x123,8,4F 50 51 52 00 08 A9 4F,OPQR...O,False,False,False
2026-01-21T16:52:04.454173,42.213041,RX,0x123,8,50 51 52 53 00 08 A9 50,PQRS...P,False,False,False
2026-01-21T16:52:04.455687,42.214554,RX,0x123,8,51 52 53 54 00 08 A9 51,QRST...Q,False,False,False
2026-01-21T16:52:04.457913,42.216780,RX,0x123,8,52 53 54 55 00 08 A9 52,RSTU...R,False,False,False
2026-01-21T16:52:04.459545,42.218412,RX,0x123,8,53 54 55 56 00 08 A9 53,STUV...S,False,False,False
2026-01-21T16:52:04.462112,42.220979,RX,0x123,8,54 55 56 57 00 08 A9 54,TUVW...T,False,False,False
2026-01-21T16:52:04.463561,42.222428,RX,0x123,8,55 56 57 58 00 08 A9 55,UVWX...U,False,False,False
2026-01-21T16:52:04.464929,42.223796,RX,0x123,8,56 57 58 59 00 08 A9 56,VWXY...V,False,False,False
2026-01-21T16:52:04.466588,42.225455,RX,0x123,8,57 58 59 5A 00 08 A9 57,WXYZ...W,False,False,False
2026-01-21T16:52:04.468236,42.227103,RX,0x123,8,58 59 5A 5B 00 08 A9 58,XYZ[...X,False,False,False
2026-01-21T16:52:04.469747,42.228614,RX,0x123,8,59 5A 5B 5C 00 08 A9 59,YZ[\...Y,False,False,False
2026-01-21T16:52:04.471170,42.230037,RX,0x123,8,5A 5B 5C 5D 00 08 A9 5A,Z[\]...Z,False,False,False
2026-01-21T16:52:04.472549,42.231416,RX,0x123,8,5B 5C 5D 5E 00 08 A9 5B,[\]^...[,False,False,False
2026-01-21T16:52:04.474026,42.232893,RX,0x123,8,5C 5D 5E 5F 00 08 A9 5C,\]^_...\,False,False,False
2026-01-21T16:52:04.475923,42.234790,RX,0x123,8,5D 5E 5F 60 00 08 A9 5D,]^_`...],False,False,False
2026-01-21T16:52:04.477649,42.236516,RX,0x123,8,5E 5F 60 61 00 08 A9 5E,^_`a...^,False,False,False
2026-01-21T16:52:04.479600,42.238467,RX,0x123,8,5F 60 61 62 00 08 A9 5F,_`ab..._,False,False,False
2026-01-21T16:52:04.482173,42.241040,RX,0x123,8,60 61 62 63 00 08 A9 60,`abc...`,False,False,False
2026-01-21T16:52:04.483943,42.242810,RX,0x123,8,61 62 63 64 00 08 A9 61,abcd...a,False,False,False
2026-01-21T16:52:04.485671,42.244538,RX,0x123,8,62 63 64 65 00 08 A9 62,bcde...b,False,False,False
2026-01-21T16:52:04.487440,42.246307,RX,0x123,8,63 64 65 66 00 08 A9 63,cdef...c,False,False,False
2026-01-21T16:52:04.489179,42.248046,RX,0x123,8,64 65 66 67 00 08 A9 64,defg...d,False,False,False
2026-01-21T16:52:04.491093,42.249959,RX,0x123,8,65 66 67 68 00 08 A9 65,efgh...e,False,False,False
2026-01-21T16:52:04.492907,42.251774,RX,0x123,8,66 67 68 69 00 08 A9 66,fghi...f,False,False,False
2026-01-21T16:52:04.494798,42.253665,RX,0x123,8,67 68 69 6A 00 08 A9 67,ghij...g,False,False,False
2026-01-21T16:52:04.496458,42.255325,RX,0x123,8,68 69 6A 6B 00 08 A9 68,hijk...h,False,False,False
2026-01-21T16:52:04.498287,42.257154,RX,0x123,8,69 6A 6B 6C 00 08 A9 69,ijkl...i,False,False,False
2026-01-21T16:52:04.500326,42.259193,RX,0x123,8,6A 6B 6C 6D 00 08 A9 6A,jklm...j,False,False,False
2026-01-21T16:52:04.502431,42.261298,RX,0x123,8,6B 6C 6D 6E 00 08 A9 6B,klmn...k,False,False,False
2026-01-21T16:52:04.504326,42.263193,RX,0x123,8,6C 6D 6E 6F 00 08 A9 6C,lmno...l,False,False,False
2026-01-21T16:52:04.505784,42.264651,RX,0x123,8,6D 6E 6F 70 00 08 A9 6D,mnop...m,False,False,False
2026-01-21T16:52:04.507467,42.266334,RX,0x123,8,6E 6F 70 71 00 08 A9 6E,nopq...n,False,False,False
2026-01-21T16:52:04.509102,42.267969,RX,0x123,8,6F 70 71 72 00 08 A9 6F,opqr...o,False,False,False
2026-01-21T16:52:04.510701,42.269568,RX,0x123,8,70 71 72 73 00 08 A9 70,pqrs...p,False,False,False
2026-01-21T16:52:04.512859,42.271726,RX,0x123,8,71 72 73 74 00 08 A9 71,qrst...q,False,False,False
2026-01-21T16:52:04.515001,42.273868,RX,0x123,8,72 73 74 75 00 08 A9 72,rstu...r,False,False,False
2026-01-21T16:52:04.516771,42.275638,RX,0x123,8,73 74 75 76 00 08 A9 73,stuv...s,False,False,False
2026-01-21T16:52:04.518705,42.277572,RX,0x123,8,74 75 76 77 00 08 A9 74,tuvw...t,False,False,False
2026-01-21T16:52:04.521234,42.280101,RX,0x123,8,75 76 77 78 00 08 A9 75,uvwx...u,False,False,False
2026-01-21T16:52:04.522834,42.281701,RX,0x123,8,76 77 78 79 00 08 A9 76,vwxy...v,False,False,False
2026-01-21T16:52:04.524531,42.283397,RX,0x123,8,77 78 79 7A 00 08 A9 77,wxyz...w,False,False,False
2026-01-21T16:52:04.526441,42.285308,RX,0x123,8,78 79 7A 7B 00 08 A9 78,xyz{...x,False,False,False
2026-01-21T16:52:04.527394,42.286261,RX,0x123,8,79 7A 7B 7C 00 08 A9 79,yz{|...y,False,False,False
2026-01-21T16:52:04.529954,42.288821,RX,0x123,8,7A 7B 7C 7D 00 08 A9 7A,z{|}...z,False,False,False
2026-01-21T16:52:04.531886,42.290753,RX,0x123,8,7B 7C 7D 7E 00 08 A9 7B,{|}~...{,False,False,False
2026-01-21T16:52:04.533424,42.292291,RX,0x123,8,7C 7D 7E 7F 00 08 A9 7C,|}~....|,False,False,False
2026-01-21T16:52:04.535116,42.293983,RX,0x123,8,7D 7E 7F 80 00 08 A9 7D,}~.....},False,False,False
2026-01-21T16:52:04.536982,42.295849,RX,0x123,8,7E 7F 80 81 00 08 A9 7E,~......~,False,False,False
2026-01-21T16:52:04.538429,42.297296,RX,0x123,8,7F 80 81 82 00 08 A9 7F,........,False,False,False
2026-01-21T16:52:04.539898,42.298765,RX,0x123,8,80 81 82 83 00 08 A9 80,........,False,False,False
2026-01-21T16:52:04.541708,42.300575,RX,0x123,8,81 82 83 84 00 08 A9 81,........,False,False,False
2026-01-21T16:52:04.543614,42.302481,RX,0x123,8,82 83 84 85 00 08 A9 82,........,False,False,False
2026-01-21T16:52:04.545595,42.304462,RX,0x123,8,83 84 85 86 00 08 A9 83,........,False,False,False
2026-01-21T16:52:04.547207,42.306074,RX,0x123,8,84 85 86 87 00 08 A9 84,........,False,False,False
2026-01-21T16:52:04.548821,42.307688,RX,0x123,8,85 86 87 88 00 08 A9 85,........,False,False,False
2026-01-21T16:52:04.550307,42.309174,RX,0x123,8,86 87 88 89 00 08 A9 86,........,False,False,False
2026-01-21T16:52:04.551700,42.310567,RX,0x123,8,87 88 89 8A 00 08 A9 87,........,False,False,False
2026-01-21T16:52:04.553487,42.311679,RX,0x123,8,88 89 8A 8B 00 08 A9 88,........,False,False,False
2026-01-21T16:52:04.555073,42.313940,RX,0x123,8,89 8A 8B 8C 00 08 A9 89,........,False,False,False
2026-01-21T16:52:04.556885,42.315752,RX,0x123,8,8A 8B 8C 8D 00 08 A9 8A,........,False,False,False
2026-01-21T16:52:04.558735,42.317602,RX,0x123,8,8B 8C 8D 8E 00 08 A9 8B,........,False,False,False
2026-01-21T16:52:04.560300,42.319167,RX,0x123,8,8C 8D 8E 8F 00 08 A9 8C,........,False,False,False
2026-01-21T16:52:04.562502,42.321369,RX,0x123,8,8D 8E 8F 90 00 08 A9 8D,........,False,False,False
2026-01-21T16:52:04.564081,42.322948,RX,0x123,8,8E 8F 90 91 00 08 A9 8E,........,False,False,False
2026-01-21T16:52:04.566420,42.325287,RX,0x123,8,8F 90 91 92 00 08 A9 8F,........,False,False,False
2026-01-21T16:52:04.567990,42.326857,RX,0x123,8,90 91 92 93 00 08 A9 90,........,False,False,False
2026-01-21T16:52:04.569457,42.328324,RX,0x123,8,91 92 93 94 00 08 A9 91,........,False,False,False
2026-01-21T16:52:04.571877,42.330744,RX,0x123,8,92 93 94 95 00 08 A9 92,........,False,False,False
2026-01-21T16:52:04.573567,42.332434,RX,0x123,8,93 94 95 96 00 08 A9 93,........,False,False,False
2026-01-21T16:52:04.574581,42.333447,RX,0x123,8,94 95 96 97 00 08 A9 94,........,False,False,False
2026-01-21T16:52:04.576909,42.335776,RX,0x123,8,95 96 97 98 00 08 A9 95,........,False,False,False
2026-01-21T16:52:04.578482,42.337349,RX,0x123,8,96 97 98 99 00 08 A9 96,........,False,False,False
2026-01-21T16:52:04.580081,42.338948,RX,0x123,8,97 98 99 9A 00 08 A9 97,........,False,False,False
2026-01-21T16:52:04.581684,42.340551,RX,0x123,8,98 99 9A 9B 00 08 A9 98,........,False,False,False
2026-01-21T16:52:04.583367,42.342234,RX,0x123,8,99 9A 9B 9C 00 08 A9 99,........,False,False,False
2026-01-21T16:52:04.585091,42.343958,RX,0x123,8,9A 9B 9C 9D 00 08 A9 9A,........,False,False,False
2026-01-21T16:52:04.587079,42.345946,RX,0x123,8,9B 9C 9D 9E 00 08 A9 9B,........,False,False,False
2026-01-21T16:52:04.588092,42.346959,RX,0x123,8,9C 9D 9E 9F 00 08 A9 9C,........,False,False,False
2026-01-21T16:52:04.590253,42.349120,RX,0x123,8,9D 9E 9F A0 00 08 A9 9D,........,False,False,False
2026-01-21T16:52:04.591975,42.350842,RX,0x123,8,9E 9F A0 A1 00 08 A9 9E,........,False,False,False
2026-01-21T16:52:04.594057,42.352924,RX,0x123,8,9F A0 A1 A2 00 08 A9 9F,........,False,False,False
2026-01-21T16:52:04.595922,42.353960,RX,0x123,8,A0 A1 A2 A3 00 08 A9 A0,........,False,False,False
2026-01-21T16:52:04.597580,42.356447,RX,0x123,8,A1 A2 A3 A4 00 08 A9 A1,........,False,False,False
2026-01-21T16:52:04.598971,42.357838,RX,0x123,8,A2 A3 A4 A5 00 08 A9 A2,........,False,False,False
2026-01-21T16:52:04.600635,42.359503,RX,0x123,8,A3 A4 A5 A6 00 08 A9 A3,........,False,False,False
2026-01-21T16:52:04.602285,42.361152,RX,0x123,8,A4 A5 A6 A7 00 08 A9 A4,........,False,False,False
2026-01-21T16:52:04.604188,42.363055,RX,0x123,8,A5 A6 A7 A8 00 08 A9 A5,........,False,False,False
2026-01-21T16:52:04.605557,42.364424,RX,0x123,8,A6 A7 A8 A9 00 08 A9 A6,........,False,False,False
2026-01-21T16:52:04.607115,42.365982,RX,0x123,8,A7 A8 A9 AA 00 08 A9 A7,........,False,False,False
2026-01-21T16:52:04.609367,42.368234,RX,0x123,8,A8 A9 AA AB 00 08 A9 A8,........,False,False,False
2026-01-21T16:52:04.610952,42.369819,RX,0x123,8,A9 AA AB AC 00 08 A9 A9,........,False,False,False
2026-01-21T16:52:04.613354,42.372221,RX,0x123,8,AA AB AC AD 00 08 A9 AA,........,False,False,False
2026-01-21T16:52:04.614846,42.373713,RX,0x123,8,AB AC AD AE 00 08 A9 AB,........,False,False,False
2026-01-21T16:52:04.616254,42.375122,RX,0x123,8,AC AD AE AF 00 08 A9 AC,........,False,False,False
2026-01-21T16:52:04.617946,42.376813,RX,0x123,8,AD AE AF B0 00 08 A9 AD,........,False,False,False
2026-01-21T16:52:04.620220,42.379087,RX,0x123,8,AE AF B0 B1 00 08 A9 AE,........,False,False,False
2026-01-21T16:52:04.621762,42.380629,RX,0x123,8,AF B0 B1 B2 00 08 A9 AF,........,False,False,False
2026-01-21T16:52:04.623254,42.382121,RX,0x123,8,B0 B1 B2 B3 00 08 A9 B0,........,False,False,False
2026-01-21T16:52:04.624922,42.383789,RX,0x123,8,B1 B2 B3 B4 00 08 A9 B1,........,False,False,False
2026-01-21T16:52:04.626803,42.385669,RX,0x123,8,B2 B3 B4 B5 00 08 A9 B2,........,False,False,False
2026-01-21T16:52:04.627814,42.386681,RX,0x123,8,B3 B4 B5 B6 00 08 A9 B3,........,False,False,False
2026-01-21T16:52:04.630434,42.389301,RX,0x123,8,B4 B5 B6 B7 00 08 A9 B4,........,False,False,False
2026-01-21T16:52:04.632514,42.391381,RX,0x123,8,B5 B6 B7 B8 00 08 A9 B5,........,False,False,False
2026-01-21T16:52:04.633899,42.392766,RX,0x123,8,B6 B7 B8 B9 00 08 A9 B6,........,False,False,False
2026-01-21T16:52:04.635360,42.394227,RX,0x123,8,B7 B8 B9 BA 00 08 A9 B7,........,False,False,False
2026-01-21T16:52:04.637064,42.395931,RX,0x123,8,B8 B9 BA BB 00 08 A9 B8,........,False,False,False
2026-01-21T16:52:04.638423,42.397290,RX,0x123,8,B9 BA BB BC 00 08 A9 B9,........,False,False,False
2026-01-21T16:52:04.639759,42.398626,RX,0x123,8,BA BB BC BD 00 08 A9 BA,........,False,False,False
2026-01-21T16:52:04.641177,42.400044,RX,0x123,8,BB BC BD BE 00 08 A9 BB,........,False,False,False
2026-01-21T16:52:04.642691,42.401558,RX,0x123,8,BC BD BE BF 00 08 A9 BC,........,False,False,False
2026-01-21T16:52:04.644239,42.403106,RX,0x123,8,BD BE BF C0 00 08 A9 BD,........,False,False,False
2026-01-21T16:52:04.645889,42.404756,RX,0x123,8,BE BF C0 C1 00 08 A9 BE,........,False,False,False
2026-01-21T16:52:04.648326,42.407193,RX,0x123,8,BF C0 C1 C2 00 08 A9 BF,........,False,False,False
2026-01-21T16:52:04.649758,42.408625,RX,0x123,8,C0 C1 C2 C3 00 08 A9 C0,........,False,False,False
2026-01-21T16:52:04.651159,42.410026,RX,0x123,8,C1 C2 C3 C4 00 08 A9 C1,........,False,False,False
2026-01-21T16:52:04.652587,42.411454,RX,0x123,8,C2 C3 C4 C5 00 08 A9 C2,........,False,False,False
2026-01-21T16:52:04.654251,42.413118,RX,0x123,8,C3 C4 C5 C6 00 08 A9 C3,........,False,False,False
2026-01-21T16:52:04.656141,42.415008,RX,0x123,8,C4 C5 C6 C7 00 08 A9 C4,........,False,False,False
2026-01-21T16:52:04.658273,42.417140,RX,0x123,8,C5 C6 C7 C8 00 08 A9 C5,........,False,False,False
2026-01-21T16:52:04.659797,42.418664,RX,0x123,8,C6 C7 C8 C9 00 08 A9 C6,........,False,False,False
2026-01-21T16:52:04.661194,42.420061,RX,0x123,8,C7 C8 C9 CA 00 08 A9 C7,........,False,False,False
2026-01-21T16:52:04.662830,42.421697,RX,0x123,8,C8 C9 CA CB 00 08 A9 C8,........,False,False,False
2026-01-21T16:52:04.664757,42.423624,RX,0x123,8,C9 CA CB CC 00 08 A9 C9,........,False,False,False
2026-01-21T16:52:04.666819,42.425686,RX,0x123,8,CA CB CC CD 00 08 A9 CA,........,False,False,False
2026-01-21T16:52:04.668403,42.427270,RX,0x123,8,CB CC CD CE 00 08 A9 CB,........,False,False,False
2026-01-21T16:52:04.669913,42.428780,RX,0x123,8,CC CD CE CF 00 08 A9 CC,........,False,False,False
2026-01-21T16:52:04.671388,42.430255,RX,0x123,8,CD CE CF D0 00 08 A9 CD,........,False,False,False
2026-01-21T16:52:04.673026,42.431893,RX,0x123,8,CE CF D0 D1 00 08 A9 CE,........,False,False,False
2026-01-21T16:52:04.674366,42.433233,RX,0x123,8,CF D0 D1 D2 00 08 A9 CF,........,False,False,False
2026-01-21T16:52:04.675883,42.434750,RX,0x123,8,D0 D1 D2 D3 00 08 A9 D0,........,False,False,False
2026-01-21T16:52:04.676890,42.435757,RX,0x123,8,D1 D2 D3 D4 00 08 A9 D1,........,False,False,False
2026-01-21T16:52:04.679393,42.438260,RX,0x123,8,D2 D3 D4 D5 00 08 A9 D2,........,False,False,False
2026-01-21T16:52:04.681360,42.440227,RX,0x123,8,D3 D4 D5 D6 00 08 A9 D3,........,False,False,False
2026-01-21T16:52:04.683826,42.442005,RX,0x123,8,D4 D5 D6 D7 00 08 A9 D4,........,False,False,False
2026-01-21T16:52:04.685686,42.444553,RX,0x123,8,D5 D6 D7 D8 00 08 A9 D5,........,False,False,False
2026-01-21T16:52:04.688275,42.447142,RX,0x123,8,D6 D7 D8 D9 00 08 A9 D6,........,False,False,False
2026-01-21T16:52:04.689784,42.448651,RX,0x123,8,D7 D8 D9 DA 00 08 A9 D7,........,False,False,False
2026-01-21T16:52:04.691298,42.450165,RX,0x123,8,D8 D9 DA DB 00 08 A9 D8,........,False,False,False
2026-01-21T16:52:04.692678,42.451545,RX,0x123,8,D9 DA DB DC 00 08 A9 D9,........,False,False,False
2026-01-21T16:52:04.694430,42.453297,RX,0x123,8,DA DB DC DD 00 08 A9 DA,........,False,False,False
2026-01-21T16:52:04.696212,42.455079,RX,0x123,8,DB DC DD DE 00 08 A9 DB,........,False,False,False
2026-01-21T16:52:04.698953,42.457820,RX,0x123,8,DC DD DE DF 00 08 A9 DC,........,False,False,False
2026-01-21T16:52:04.700734,42.459601,RX,0x123,8,DD DE DF E0 00 08 A9 DD,........,False,False,False
2026-01-21T16:52:04.702493,42.461360,RX,0x123,8,DE DF E0 E1 00 08 A9 DE,........,False,False,False
2026-01-21T16:52:04.704186,42.463053,RX,0x123,8,DF E0 E1 E2 00 08 A9 DF,........,False,False,False
2026-01-21T16:52:04.705742,42.464609,RX,0x123,8,E0 E1 E2 E3 00 08 A9 E0,........,False,False,False
2026-01-21T16:52:04.707220,42.466087,RX,0x123,8,E1 E2 E3 E4 00 08 A9 E1,........,False,False,False
2026-01-21T16:52:04.708883,42.467750,RX,0x123,8,E2 E3 E4 E5 00 08 A9 E2,........,False,False,False
2026-01-21T16:52:04.710791,42.469658,RX,0x123,8,E3 E4 E5 E6 00 08 A9 E3,........,False,False,False
2026-01-21T16:52:04.712574,42.471441,RX,0x123,8,E4 E5 E6 E7 00 08 A9 E4,........,False,False,False
2026-01-21T16:52:04.714458,42.473325,RX,0x123,8,E5 E6 E7 E8 00 08 A9 E5,........,False,False,False
2026-01-21T16:52:04.716578,42.475445,RX,0x123,8,E6 E7 E8 E9 00 08 A9 E6,........,False,False,False
2026-01-21T16:52:04.718070,42.476937,RX,0x123,8,E7 E8 E9 EA 00 08 A9 E7,........,False,False,False
2026-01-21T16:52:04.719652,42.478519,RX,0x123,8,E8 E9 EA EB 00 08 A9 E8,........,False,False,False
2026-01-21T16:52:04.721243,42.480110,RX,0x123,8,E9 EA EB EC 00 08 A9 E9,........,False,False,False
2026-01-21T16:52:04.722824,42.481691,RX,0x123,8,EA EB EC ED 00 08 A9 EA,........,False,False,False
2026-01-21T16:52:04.724380,42.483247,RX,0x123,8,EB EC ED EE 00 08 A9 EB,........,False,False,False
2026-01-21T16:52:04.725849,42.484716,RX,0x123,8,EC ED EE EF 00 08 A9 EC,........,False,False,False
2026-01-21T16:52:04.727317,42.486184,RX,0x123,8,ED EE EF F0 00 08 A9 ED,........,False,False,False
2026-01-21T16:52:04.728415,42.487282,RX,0x123,8,EE EF F0 F1 00 08 A9 EE,........,False,False,False
2026-01-21T16:52:04.730793,42.489660,RX,0x123,8,EF F0 F1 F2 00 08 A9 EF,........,False,False,False
2026-01-21T16:52:04.732564,42.491431,RX,0x123,8,F0 F1 F2 F3 00 08 A9 F0,........,False,False,False
2026-01-21T16:52:04.734200,42.493067,RX,0x123,8,F1 F2 F3 F4 00 08 A9 F1,........,False,False,False
2026-01-21T16:52:04.736114,42.494981,RX,0x123,8,F2 F3 F4 F5 00 08 A9 F2,........,False,False,False
2026-01-21T16:52:04.737555,42.496422,RX,0x123,8,F3 F4 F5 F6 00 08 A9 F3,........,False,False,False
2026-01-21T16:52:04.739202,42.498069,RX,0x123,8,F4 F5 F6 F7 00 08 A9 F4,........,False,False,False
2026-01-21T16:52:04.740633,42.499500,RX,0x123,8,F5 F6 F7 F8 00 08 A9 F5,........,False,False,False
2026-01-21T16:52:04.742308,42.501175,RX,0x123,8,F6 F7 F8 F9 00 08 A9 F6,........,False,False,False
2026-01-21T16:52:04.744159,42.503026,RX,0x123,8,F7 F8 F9 FA 00 08 A9 F7,........,False,False,False
2026-01-21T16:52:04.746361,42.505229,RX,0x123,8,F8 F9 FA FB 00 08 A9 F8,........,False,False,False
2026-01-21T16:52:04.748212,42.507079,RX,0x123,8,F9 FA FB FC 00 08 A9 F9,........,False,False,False
2026-01-21T16:52:04.750844,42.509711,RX,0x123,8,FA FB FC FD 00 08 A9 FA,........,False,False,False
2026-01-21T16:52:04.752351,42.511218,RX,0x123,8,FB FC FD FE 00 08 A9 FB,........,False,False,False
2026-01-21T16:52:04.753838,42.512705,RX,0x123,8,FC FD FE FF 00 08 A9 FC,........,False,False,False
2026-01-21T16:52:04.755238,42.514105,RX,0x123,8,FD FE FF 00 00 08 A9 FD,........,False,False,False
2026-01-21T16:52:04.756245,42.515112,RX,0x123,8,FE FF 00 01 00 08 A9 FE,........,False,False,False
2026-01-21T16:52:04.758967,42.517834,RX,0x123,8,FF 00 01 02 00 08 A9 FF,........,False,False,False
2026-01-21T16:52:04.760559,42.519426,RX,0x123,8,00 01 02 03 00 08 AA 00,........,False,False,False
2026-01-21T16:52:04.761968,42.520835,RX,0x123,8,01 02 03 04 00 08 AA 01,........,False,False,False
2026-01-21T16:52:04.763447,42.522314,RX,0x123,8,02 03 04 05 00 08 AA 02,........,False,False,False
2026-01-21T16:52:04.764459,42.523326,RX,0x123,8,03 04 05 06 00 08 AA 03,........,False,False,False
2026-01-21T16:52:04.766688,42.525555,RX,0x123,8,04 05 06 07 00 08 AA 04,........,False,False,False
2026-01-21T16:52:04.767701,42.526568,RX,0x123,8,05 06 07 08 00 08 AA 05,........,False,False,False
2026-01-21T16:52:04.770220,42.529087,RX,0x123,8,06 07 08 09 00 08 AA 06,........,False,False,False
2026-01-21T16:52:04.771550,42.530416,RX,0x123,8,07 08 09 0A 00 08 AA 07,........,False,False,False
2026-01-21T16:52:04.773148,42.532015,RX,0x123,8,08 09 0A 0B 00 08 AA 08,........,False,False,False
2026-01-21T16:52:04.774585,42.533452,RX,0x123,8,09 0A 0B 0C 00 08 AA 09,........,False,False,False
2026-01-21T16:52:04.776044,42.534911,RX,0x123,8,0A 0B 0C 0D 00 08 AA 0A,........,False,False,False
2026-01-21T16:52:04.777436,42.536303,RX,0x123,8,0B 0C 0D 0E 00 08 AA 0B,........,False,False,False
2026-01-21T16:52:04.779043,42.537910,RX,0x123,8,0C 0D 0E 0F 00 08 AA 0C,........,False,False,False
2026-01-21T16:52:04.780711,42.539578,RX,0x123,8,0D 0E 0F 10 00 08 AA 0D,........,False,False,False
2026-01-21T16:52:04.782110,42.540977,RX,0x123,8,0E 0F 10 11 00 08 AA 0E,........,False,False,False
2026-01-21T16:52:04.783122,42.541989,RX,0x123,8,0F 10 11 12 00 08 AA 0F,........,False,False,False
2026-01-21T16:52:04.784883,42.543750,RX,0x123,8,10 11 12 13 00 08 AA 10,........,False,False,False
2026-01-21T16:52:04.787185,42.546052,RX,0x123,8,11 12 13 14 00 08 AA 11,........,False,False,False
2026-01-21T16:52:04.788552,42.547419,RX,0x123,8,12 13 14 15 00 08 AA 12,........,False,False,False
2026-01-21T16:52:04.789568,42.548435,RX,0x123,8,13 14 15 16 00 08 AA 13,........,False,False,False
2026-01-21T16:52:04.791681,42.550548,RX,0x123,8,14 15 16 17 00 08 AA 14,........,False,False,False
2026-01-21T16:52:04.793193,42.552059,RX,0x123,8,15 16 17 18 00 08 AA 15,........,False,False,False
2026-01-21T16:52:04.794547,42.553414,RX,0x123,8,16 17 18 19 00 08 AA 16,........,False,False,False
2026-01-21T16:52:04.796073,42.554940,RX,0x123,8,17 18 19 1A 00 08 AA 17,........,False,False,False
2026-01-21T16:52:04.797102,42.555969,RX,0x123,8,18 19 1A 1B 00 08 AA 18,........,False,False,False
2026-01-21T16:52:04.798875,42.557742,RX,0x123,8,19 1A 1B 1C 00 08 AA 19,........,False,False,False
2026-01-21T16:52:04.800612,42.559479,RX,0x123,8,1A 1B 1C 1D 00 08 AA 1A,........,False,False,False
2026-01-21T16:52:04.802685,42.561552,RX,0x123,8,1B 1C 1D 1E 00 08 AA 1B,........,False,False,False
2026-01-21T16:52:04.804260,42.563128,RX,0x123,8,1C 1D 1E 1F 00 08 AA 1C,........,False,False,False
2026-01-21T16:52:04.805834,42.564701,RX,0x123,8,1D 1E 1F 20 00 08 AA 1D,... ....,False,False,False
2026-01-21T16:52:04.807327,42.566194,RX,0x123,8,1E 1F 20 21 00 08 AA 1E,.. !....,False,False,False
2026-01-21T16:52:04.808735,42.567601,RX,0x123,8,1F 20 21 22 00 08 AA 1F,". !""....",False,False,False
2026-01-21T16:52:04.810125,42.568992,RX,0x123,8,20 21 22 23 00 08 AA 20," !""#... ",False,False,False
2026-01-21T16:52:04.811496,42.570363,RX,0x123,8,21 22 23 24 00 08 AA 21,"!""#$...!",False,False,False
2026-01-21T16:52:04.812858,42.571725,RX,0x123,8,22 23 24 25 00 08 AA 22,"""#$%...""",False,False,False
2026-01-21T16:52:04.814531,42.573398,RX,0x123,8,23 24 25 26 00 08 AA 23,#$%&...#,False,False,False
2026-01-21T16:52:04.815883,42.574750,RX,0x123,8,24 25 26 27 00 08 AA 24,$%&'...$,False,False,False
2026-01-21T16:52:04.817314,42.576181,RX,0x123,8,25 26 27 28 00 08 AA 25,%&'(...%,False,False,False
2026-01-21T16:52:04.818325,42.577192,RX,0x123,8,26 27 28 29 00 08 AA 26,&'()...&,False,False,False
2026-01-21T16:52:04.820883,42.579750,RX,0x123,8,27 28 29 2A 00 08 AA 27,'()*...',False,False,False
2026-01-21T16:52:04.822791,42.581658,RX,0x123,8,28 29 2A 2B 00 08 AA 28,()*+...(,False,False,False
2026-01-21T16:52:04.824948,42.583815,RX,0x123,8,29 2A 2B 2C 00 08 AA 29,")*+,...)",False,False,False
2026-01-21T16:52:04.826408,42.585275,RX,0x123,8,2A 2B 2C 2D 00 08 AA 2A,"*+,-...*",False,False,False
2026-01-21T16:52:04.827421,42.586288,RX,0x123,8,2B 2C 2D 2E 00 08 AA 2B,"+,-....+",False,False,False
2026-01-21T16:52:04.829961,42.588828,RX,0x123,8,2C 2D 2E 2F 00 08 AA 2C,",-./...,",False,False,False
2026-01-21T16:52:04.831394,42.590261,RX,0x123,8,2D 2E 2F 30 00 08 AA 2D,-./0...-,False,False,False
2026-01-21T16:52:04.832751,42.591618,RX,0x123,8,2E 2F 30 31 00 08 AA 2E,./01....,False,False,False
2026-01-21T16:52:04.834446,42.593313,RX,0x123,8,2F 30 31 32 00 08 AA 2F,/012.../,False,False,False
2026-01-21T16:52:04.836379,42.595245,RX,0x123,8,30 31 32 33 00 08 AA 30,0123...0,False,False,False
2026-01-21T16:52:04.838130,42.596997,RX,0x123,8,31 32 33 34 00 08 AA 31,1234...1,False,False,False
2026-01-21T16:52:04.840213,42.599080,RX,0x123,8,32 33 34 35 00 08 AA 32,2345...2,False,False,False
2026-01-21T16:52:04.841667,42.600534,RX,0x123,8,33 34 35 36 00 08 AA 33,3456...3,False,False,False
2026-01-21T16:52:04.843514,42.602381,RX,0x123,8,34 35 36 37 00 08 AA 34,4567...4,False,False,False
2026-01-21T16:52:04.845411,42.604278,RX,0x123,8,35 36 37 38 00 08 AA 35,5678...5,False,False,False
2026-01-21T16:52:04.847239,42.606106,RX,0x123,8,36 37 38 39 00 08 AA 36,6789...6,False,False,False
2026-01-21T16:52:04.849360,42.608227,RX,0x123,8,37 38 39 3A 00 08 AA 37,789:...7,False,False,False
2026-01-21T16:52:04.850985,42.609852,RX,0x123,8,38 39 3A 3B 00 08 AA 38,89:;...8,False,False,False
2026-01-21T16:52:04.852541,42.611408,RX,0x123,8,39 3A 3B 3C 00 08 AA 39,9:;<...9,False,False,False
2026-01-21T16:52:04.854158,42.613025,RX,0x123,8,3A 3B 3C 3D 00 08 AA 3A,:;<=...:,False,False,False
2026-01-21T16:52:04.855624,42.614491,RX,0x123,8,3B 3C 3D 3E 00 08 AA 3B,;<=>...;,False,False,False
2026-01-21T16:52:04.856631,42.615498,RX,0x123,8,3C 3D 3E 3F 00 08 AA 3C,<=>?...<,False,False,False
2026-01-21T16:52:04.858994,42.617862,RX,0x123,8,3D 3E 3F 40 00 08 AA 3D,=>?@...=,False,False,False
2026-01-21T16:52:04.860512,42.619379,RX,0x123,8,3E 3F 40 41 00 08 AA 3E,>?@A...>,False,False,False
2026-01-21T16:52:04.861524,42.620391,RX,0x123,8,3F 40 41 42 00 08 AA 3F,?@AB...?,False,False,False
2026-01-21T16:52:04.863623,42.622490,RX,0x123,8,40 41 42 43 00 08 AA 40,@ABC...@,False,False,False
2026-01-21T16:52:04.865385,42.624252,RX,0x123,8,41 42 43 44 00 08 AA 41,ABCD...A,False,False,False
2026-01-21T16:52:04.867103,42.625969,RX,0x123,8,42 43 44 45 00 08 AA 42,BCDE...B,False,False,False
2026-01-21T16:52:04.868731,42.627598,RX,0x123,8,43 44 45 46 00 08 AA 43,CDEF...C,False,False,False
2026-01-21T16:52:04.870403,42.629270,RX,0x123,8,44 45 46 47 00 08 AA 44,DEFG...D,False,False,False
2026-01-21T16:52:04.871960,42.630827,RX,0x123,8,45 46 47 48 00 08 AA 45,EFGH...E,False,False,False
2026-01-21T16:52:04.873327,42.632194,RX,0x123,8,46 47 48 49 00 08 AA 46,FGHI...F,False,False,False
2026-01-21T16:52:04.874893,42.633760,RX,0x123,8,47 48 49 4A 00 08 AA 47,GHIJ...G,False,False,False
2026-01-21T16:52:04.876861,42.635728,RX,0x123,8,48 49 4A 4B 00 08 AA 48,HIJK...H,False,False,False
2026-01-21T16:52:04.879097,42.637964,RX,0x123,8,49 4A 4B 4C 00 08 AA 49,IJKL...I,False,False,False
2026-01-21T16:52:04.881181,42.640049,RX,0x123,8,4A 4B 4C 4D 00 08 AA 4A,JKLM...J,False,False,False
2026-01-21T16:52:04.882777,42.641644,RX,0x123,8,4B 4C 4D 4E 00 08 AA 4B,KLMN...K,False,False,False
2026-01-21T16:52:04.884222,42.643089,RX,0x123,8,4C 4D 4E 4F 00 08 AA 4C,LMNO...L,False,False,False
2026-01-21T16:52:04.885807,42.644674,RX,0x123,8,4D 4E 4F 50 00 08 AA 4D,MNOP...M,False,False,False
2026-01-21T16:52:04.887300,42.646167,RX,0x123,8,4E 4F 50 51 00 08 AA 4E,NOPQ...N,False,False,False
2026-01-21T16:52:04.888312,42.647179,RX,0x123,8,4F 50 51 52 00 08 AA 4F,OPQR...O,False,False,False
2026-01-21T16:52:04.890543,42.649410,RX,0x123,8,50 51 52 53 00 08 AA 50,PQRS...P,False,False,False
2026-01-21T16:52:04.891911,42.650778,RX,0x123,8,51 52 53 54 00 08 AA 51,QRST...Q,False,False,False
2026-01-21T16:52:04.893245,42.652112,RX,0x123,8,52 53 54 55 00 08 AA 52,RSTU...R,False,False,False
2026-01-21T16:52:04.894745,42.653612,RX,0x123,8,53 54 55 56 00 08 AA 53,STUV...S,False,False,False
2026-01-21T16:52:04.896362,42.655229,RX,0x123,8,54 55 56 57 00 08 AA 54,TUVW...T,False,False,False
2026-01-21T16:52:04.898066,42.656933,RX,0x123,8,55 56 57 58 00 08 AA 55,UVWX...U,False,False,False
2026-01-21T16:52:04.899974,42.658841,RX,0x123,8,56 57 58 59 00 08 AA 56,VWXY...V,False,False,False
2026-01-21T16:52:04.901549,42.660416,RX,0x123,8,57 58 59 5A 00 08 AA 57,WXYZ...W,False,False,False
2026-01-21T16:52:04.903338,42.662205,RX,0x123,8,58 59 5A 5B 00 08 AA 58,XYZ[...X,False,False,False
2026-01-21T16:52:04.904911,42.663778,RX,0x123,8,59 5A 5B 5C 00 08 AA 59,YZ[\...Y,False,False,False
2026-01-21T16:52:04.906414,42.665281,RX,0x123,8,5A 5B 5C 5D 00 08 AA 5A,Z[\]...Z,False,False,False
2026-01-21T16:52:04.907809,42.666676,RX,0x123,8,5B 5C 5D 5E 00 08 AA 5B,[\]^...[,False,False,False
2026-01-21T16:52:04.909201,42.668068,RX,0x123,8,5C 5D 5E 5F 00 08 AA 5C,\]^_...\,False,False,False
2026-01-21T16:52:04.910599,42.669466,RX,0x123,8,5D 5E 5F 60 00 08 AA 5D,]^_`...],False,False,False
2026-01-21T16:52:04.912092,42.670959,RX,0x123,8,5E 5F 60 61 00 08 AA 5E,^_`a...^,False,False,False
2026-01-21T16:52:04.913731,42.672598,RX,0x123,8,5F 60 61 62 00 08 AA 5F,_`ab..._,False,False,False
2026-01-21T16:52:04.915598,42.674465,RX,0x123,8,60 61 62 63 00 08 AA 60,`abc...`,False,False,False
2026-01-21T16:52:04.917148,42.676015,RX,0x123,8,61 62 63 64 00 08 AA 61,abcd...a,False,False,False
2026-01-21T16:52:04.919139,42.678006,RX,0x123,8,62 63 64 65 00 08 AA 62,bcde...b,False,False,False
2026-01-21T16:52:04.920578,42.679445,RX,0x123,8,63 64 65 66 00 08 AA 63,cdef...c,False,False,False
2026-01-21T16:52:04.922243,42.681110,RX,0x123,8,64 65 66 67 00 08 AA 64,defg...d,False,False,False
2026-01-21T16:52:04.923573,42.682441,RX,0x123,8,65 66 67 68 00 08 AA 65,efgh...e,False,False,False
2026-01-21T16:52:04.925020,42.683887,RX,0x123,8,66 67 68 69 00 08 AA 66,fghi...f,False,False,False
2026-01-21T16:52:04.926355,42.685222,RX,0x123,8,67 68 69 6A 00 08 AA 67,ghij...g,False,False,False
2026-01-21T16:52:04.927365,42.686232,RX,0x123,8,68 69 6A 6B 00 08 AA 68,hijk...h,False,False,False
2026-01-21T16:52:04.930044,42.688911,RX,0x123,8,69 6A 6B 6C 00 08 AA 69,ijkl...i,False,False,False
2026-01-21T16:52:04.931402,42.690269,RX,0x123,8,6A 6B 6C 6D 00 08 AA 6A,jklm...j,False,False,False
2026-01-21T16:52:04.933059,42.691926,RX,0x123,8,6B 6C 6D 6E 00 08 AA 6B,klmn...k,False,False,False
2026-01-21T16:52:04.934475,42.693342,RX,0x123,8,6C 6D 6E 6F 00 08 AA 6C,lmno...l,False,False,False
2026-01-21T16:52:04.936112,42.694979,RX,0x123,8,6D 6E 6F 70 00 08 AA 6D,mnop...m,False,False,False
2026-01-21T16:52:04.938004,42.696871,RX,0x123,8,6E 6F 70 71 00 08 AA 6E,nopq...n,False,False,False
2026-01-21T16:52:04.939451,42.698318,RX,0x123,8,6F 70 71 72 00 08 AA 6F,opqr...o,False,False,False
2026-01-21T16:52:04.940457,42.699324,RX,0x123,8,70 71 72 73 00 08 AA 70,pqrs...p,False,False,False
2026-01-21T16:52:04.942639,42.701506,RX,0x123,8,71 72 73 74 00 08 AA 71,qrst...q,False,False,False
2026-01-21T16:52:04.944065,42.702932,RX,0x123,8,72 73 74 75 00 08 AA 72,rstu...r,False,False,False
2026-01-21T16:52:04.945386,42.704253,RX,0x123,8,73 74 75 76 00 08 AA 73,stuv...s,False,False,False
2026-01-21T16:52:04.946847,42.705714,RX,0x123,8,74 75 76 77 00 08 AA 74,tuvw...t,False,False,False
2026-01-21T16:52:04.948218,42.707085,RX,0x123,8,75 76 77 78 00 08 AA 75,uvwx...u,False,False,False
2026-01-21T16:52:04.949621,42.708488,RX,0x123,8,76 77 78 79 00 08 AA 76,vwxy...v,False,False,False
2026-01-21T16:52:04.950632,42.709499,RX,0x123,8,77 78 79 7A 00 08 AA 77,wxyz...w,False,False,False
2026-01-21T16:52:04.952414,42.711281,RX,0x123,8,78 79 7A 7B 00 08 AA 78,xyz{...x,False,False,False
2026-01-21T16:52:04.954443,42.713310,RX,0x123,8,79 7A 7B 7C 00 08 AA 79,yz{|...y,False,False,False
2026-01-21T16:52:04.955851,42.714718,RX,0x123,8,7A 7B 7C 7D 00 08 AA 7A,z{|}...z,False,False,False
2026-01-21T16:52:04.957296,42.716163,RX,0x123,8,7B 7C 7D 7E 00 08 AA 7B,{|}~...{,False,False,False
2026-01-21T16:52:04.958672,42.717539,RX,0x123,8,7C 7D 7E 7F 00 08 AA 7C,|}~....|,False,False,False
2026-01-21T16:52:04.960227,42.719094,RX,0x123,8,7D 7E 7F 80 00 08 AA 7D,}~.....},False,False,False
2026-01-21T16:52:04.961665,42.720532,RX,0x123,8,7E 7F 80 81 00 08 AA 7E,~......~,False,False,False
2026-01-21T16:52:04.963299,42.722166,RX,0x123,8,7F 80 81 82 00 08 AA 7F,........,False,False,False
2026-01-21T16:52:04.964714,42.723582,RX,0x123,8,80 81 82 83 00 08 AA 80,........,False,False,False
2026-01-21T16:52:04.965726,42.724593,RX,0x123,8,81 82 83 84 00 08 AA 81,........,False,False,False
2026-01-21T16:52:04.967456,42.726324,RX,0x123,8,82 83 84 85 00 08 AA 82,........,False,False,False
2026-01-21T16:52:04.969522,42.728389,RX,0x123,8,83 84 85 86 00 08 AA 83,........,False,False,False
2026-01-21T16:52:04.970896,42.729763,RX,0x123,8,84 85 86 87 00 08 AA 84,........,False,False,False
2026-01-21T16:52:04.972275,42.731143,RX,0x123,8,85 86 87 88 00 08 AA 85,........,False,False,False
2026-01-21T16:52:04.973632,42.732499,RX,0x123,8,86 87 88 89 00 08 AA 86,........,False,False,False
2026-01-21T16:52:04.975066,42.733933,RX,0x123,8,87 88 89 8A 00 08 AA 87,........,False,False,False
2026-01-21T16:52:04.976580,42.735447,RX,0x123,8,88 89 8A 8B 00 08 AA 88,........,False,False,False
2026-01-21T16:52:04.977917,42.736784,RX,0x123,8,89 8A 8B 8C 00 08 AA 89,........,False,False,False
2026-01-21T16:52:04.979512,42.738379,RX,0x123,8,8A 8B 8C 8D 00 08 AA 8A,........,False,False,False
2026-01-21T16:52:04.981363,42.740230,RX,0x123,8,8B 8C 8D 8E 00 08 AA 8B,........,False,False,False
2026-01-21T16:52:04.982689,42.741556,RX,0x123,8,8C 8D 8E 8F 00 08 AA 8C,........,False,False,False
2026-01-21T16:52:04.984180,42.743047,RX,0x123,8,8D 8E 8F 90 00 08 AA 8D,........,False,False,False
2026-01-21T16:52:04.985633,42.744500,RX,0x123,8,8E 8F 90 91 00 08 AA 8E,........,False,False,False
2026-01-21T16:52:04.987223,42.746090,RX,0x123,8,8F 90 91 92 00 08 AA 8F,........,False,False,False
2026-01-21T16:52:04.988234,42.747101,RX,0x123,8,90 91 92 93 00 08 AA 90,........,False,False,False
2026-01-21T16:52:04.990500,42.749367,RX,0x123,8,91 92 93 94 00 08 AA 91,........,False,False,False
2026-01-21T16:52:04.992068,42.750935,RX,0x123,8,92 93 94 95 00 08 AA 92,........,False,False,False
2026-01-21T16:52:04.993754,42.752621,RX,0x123,8,93 94 95 96 00 08 AA 93,........,False,False,False
2026-01-21T16:52:04.995774,42.754641,RX,0x123,8,94 95 96 97 00 08 AA 94,........,False,False,False
2026-01-21T16:52:04.998419,42.757286,RX,0x123,8,95 96 97 98 00 08 AA 95,........,False,False,False
2026-01-21T16:52:05.000031,42.758898,RX,0x123,8,96 97 98 99 00 08 AA 96,........,False,False,False
2026-01-21T16:52:05.001516,42.760383,RX,0x123,8,97 98 99 9A 00 08 AA 97,........,False,False,False
2026-01-21T16:52:05.002901,42.761768,RX,0x123,8,98 99 9A 9B 00 08 AA 98,........,False,False,False
2026-01-21T16:52:05.004532,42.763399,RX,0x123,8,99 9A 9B 9C 00 08 AA 99,........,False,False,False
2026-01-21T16:52:05.006005,42.764872,RX,0x123,8,9A 9B 9C 9D 00 08 AA 9A,........,False,False,False
2026-01-21T16:52:05.007430,42.766297,RX,0x123,8,9B 9C 9D 9E 00 08 AA 9B,........,False,False,False
2026-01-21T16:52:05.008792,42.767659,RX,0x123,8,9C 9D 9E 9F 00 08 AA 9C,........,False,False,False
2026-01-21T16:52:05.010200,42.769067,RX,0x123,8,9D 9E 9F A0 00 08 AA 9D,........,False,False,False
2026-01-21T16:52:05.011644,42.770511,RX,0x123,8,9E 9F A0 A1 00 08 AA 9E,........,False,False,False
2026-01-21T16:52:05.013069,42.771936,RX,0x123,8,9F A0 A1 A2 00 08 AA 9F,........,False,False,False
2026-01-21T16:52:05.014645,42.773512,RX,0x123,8,A0 A1 A2 A3 00 08 AA A0,........,False,False,False
2026-01-21T16:52:05.016119,42.774986,RX,0x123,8,A1 A2 A3 A4 00 08 AA A1,........,False,False,False
2026-01-21T16:52:05.017806,42.776673,RX,0x123,8,A2 A3 A4 A5 00 08 AA A2,........,False,False,False
2026-01-21T16:52:05.019642,42.778509,RX,0x123,8,A3 A4 A5 A6 00 08 AA A3,........,False,False,False
2026-01-21T16:52:05.021567,42.780434,RX,0x123,8,A4 A5 A6 A7 00 08 AA A4,........,False,False,False
2026-01-21T16:52:05.023349,42.782216,RX,0x123,8,A5 A6 A7 A8 00 08 AA A5,........,False,False,False
2026-01-21T16:52:05.025401,42.784268,RX,0x123,8,A6 A7 A8 A9 00 08 AA A6,........,False,False,False
2026-01-21T16:52:05.026890,42.785757,RX,0x123,8,A7 A8 A9 AA 00 08 AA A7,........,False,False,False
2026-01-21T16:52:05.027901,42.786768,RX,0x123,8,A8 A9 AA AB 00 08 AA A8,........,False,False,False
2026-01-21T16:52:05.030456,42.789323,RX,0x123,8,A9 AA AB AC 00 08 AA A9,........,False,False,False
2026-01-21T16:52:05.031838,42.790705,RX,0x123,8,AA AB AC AD 00 08 AA AA,........,False,False,False
2026-01-21T16:52:05.033188,42.792055,RX,0x123,8,AB AC AD AE 00 08 AA AB,........,False,False,False
2026-01-21T16:52:05.034644,42.793511,RX,0x123,8,AC AD AE AF 00 08 AA AC,........,False,False,False
2026-01-21T16:52:05.036027,42.794894,RX,0x123,8,AD AE AF B0 00 08 AA AD,........,False,False,False
2026-01-21T16:52:05.037769,42.796636,RX,0x123,8,AE AF B0 B1 00 08 AA AE,........,False,False,False
2026-01-21T16:52:05.039590,42.798457,RX,0x123,8,AF B0 B1 B2 00 08 AA AF,........,False,False,False
2026-01-21T16:52:05.042253,42.801120,RX,0x123,8,B0 B1 B2 B3 00 08 AA B0,........,False,False,False
2026-01-21T16:52:05.043831,42.802698,RX,0x123,8,B1 B2 B3 B4 00 08 AA B1,........,False,False,False
2026-01-21T16:52:05.046559,42.805426,RX,0x123,8,B2 B3 B4 B5 00 08 AA B2,........,False,False,False
2026-01-21T16:52:05.048523,42.806488,RX,0x123,8,B3 B4 B5 B6 00 08 AA B3,........,False,False,False
2026-01-21T16:52:05.050286,42.809153,RX,0x123,8,B4 B5 B6 B7 00 08 AA B4,........,False,False,False
2026-01-21T16:52:05.052069,42.810936,RX,0x123,8,B5 B6 B7 B8 00 08 AA B5,........,False,False,False
2026-01-21T16:52:05.053917,42.812783,RX,0x123,8,B6 B7 B8 B9 00 08 AA B6,........,False,False,False
2026-01-21T16:52:05.056083,42.814950,RX,0x123,8,B7 B8 B9 BA 00 08 AA B7,........,False,False,False
2026-01-21T16:52:05.058085,42.816952,RX,0x123,8,B8 B9 BA BB 00 08 AA B8,........,False,False,False
2026-01-21T16:52:05.059553,42.818419,RX,0x123,8,B9 BA BB BC 00 08 AA B9,........,False,False,False
2026-01-21T16:52:05.060976,42.819843,RX,0x123,8,BA BB BC BD 00 08 AA BA,........,False,False,False
2026-01-21T16:52:05.062421,42.821288,RX,0x123,8,BB BC BD BE 00 08 AA BB,........,False,False,False
2026-01-21T16:52:05.064186,42.823053,RX,0x123,8,BC BD BE BF 00 08 AA BC,........,False,False,False
2026-01-21T16:52:05.065967,42.824834,RX,0x123,8,BD BE BF C0 00 08 AA BD,........,False,False,False
2026-01-21T16:52:05.067464,42.826332,RX,0x123,8,BE BF C0 C1 00 08 AA BE,........,False,False,False
2026-01-21T16:52:05.069069,42.827936,RX,0x123,8,BF C0 C1 C2 00 08 AA BF,........,False,False,False
2026-01-21T16:52:05.071025,42.829892,RX,0x123,8,C0 C1 C2 C3 00 08 AA C0,........,False,False,False
2026-01-21T16:52:05.073534,42.832401,RX,0x123,8,C1 C2 C3 C4 00 08 AA C1,........,False,False,False
2026-01-21T16:52:05.075527,42.834394,RX,0x123,8,C2 C3 C4 C5 00 08 AA C2,........,False,False,False
2026-01-21T16:52:05.077352,42.836219,RX,0x123,8,C3 C4 C5 C6 00 08 AA C3,........,False,False,False
2026-01-21T16:52:05.078815,42.837682,RX,0x123,8,C4 C5 C6 C7 00 08 AA C4,........,False,False,False
2026-01-21T16:52:05.081356,42.840223,RX,0x123,8,C5 C6 C7 C8 00 08 AA C5,........,False,False,False
2026-01-21T16:52:05.083102,42.841969,RX,0x123,8,C6 C7 C8 C9 00 08 AA C6,........,False,False,False
2026-01-21T16:52:05.085087,42.843954,RX,0x123,8,C7 C8 C9 CA 00 08 AA C7,........,False,False,False
2026-01-21T16:52:05.087198,42.845181,RX,0x123,8,C8 C9 CA CB 00 08 AA C8,........,False,False,False
2026-01-21T16:52:05.088991,42.847859,RX,0x123,8,C9 CA CB CC 00 08 AA C9,........,False,False,False
2026-01-21T16:52:05.090594,42.849461,RX,0x123,8,CA CB CC CD 00 08 AA CA,........,False,False,False
2026-01-21T16:52:05.092280,42.851147,RX,0x123,8,CB CC CD CE 00 08 AA CB,........,False,False,False
2026-01-21T16:52:05.094211,42.853078,RX,0x123,8,CC CD CE CF 00 08 AA CC,........,False,False,False
2026-01-21T16:52:05.096718,42.855585,RX,0x123,8,CD CE CF D0 00 08 AA CD,........,False,False,False
2026-01-21T16:52:05.098560,42.857428,RX,0x123,8,CE CF D0 D1 00 08 AA CE,........,False,False,False
2026-01-21T16:52:05.100949,42.859816,RX,0x123,8,CF D0 D1 D2 00 08 AA CF,........,False,False,False
2026-01-21T16:52:05.102832,42.861699,RX,0x123,8,D0 D1 D2 D3 00 08 AA D0,........,False,False,False
2026-01-21T16:52:05.104489,42.863356,RX,0x123,8,D1 D2 D3 D4 00 08 AA D1,........,False,False,False
2026-01-21T16:52:05.106127,42.864994,RX,0x123,8,D2 D3 D4 D5 00 08 AA D2,........,False,False,False
2026-01-21T16:52:05.107899,42.866766,RX,0x123,8,D3 D4 D5 D6 00 08 AA D3,........,False,False,False
2026-01-21T16:52:05.109890,42.868757,RX,0x123,8,D4 D5 D6 D7 00 08 AA D4,........,False,False,False
2026-01-21T16:52:05.111386,42.870253,RX,0x123,8,D5 D6 D7 D8 00 08 AA D5,........,False,False,False
2026-01-21T16:52:05.113696,42.872564,RX,0x123,8,D6 D7 D8 D9 00 08 AA D6,........,False,False,False
2026-01-21T16:52:05.115725,42.874592,RX,0x123,8,D7 D8 D9 DA 00 08 AA D7,........,False,False,False
2026-01-21T16:52:05.117555,42.876421,RX,0x123,8,D8 D9 DA DB 00 08 AA D8,........,False,False,False
2026-01-21T16:52:05.119738,42.878605,RX,0x123,8,D9 DA DB DC 00 08 AA D9,........,False,False,False
2026-01-21T16:52:05.121571,42.880438,RX,0x123,8,DA DB DC DD 00 08 AA DA,........,False,False,False
2026-01-21T16:52:05.123451,42.882318,RX,0x123,8,DB DC DD DE 00 08 AA DB,........,False,False,False
2026-01-21T16:52:05.125323,42.884190,RX,0x123,8,DC DD DE DF 00 08 AA DC,........,False,False,False
2026-01-21T16:52:05.127504,42.886371,RX,0x123,8,DD DE DF E0 00 08 AA DD,........,False,False,False
2026-01-21T16:52:05.128587,42.887454,RX,0x123,8,DE DF E0 E1 00 08 AA DE,........,False,False,False
2026-01-21T16:52:05.131417,42.890284,RX,0x123,8,DF E0 E1 E2 00 08 AA DF,........,False,False,False
2026-01-21T16:52:05.133321,42.892188,RX,0x123,8,E0 E1 E2 E3 00 08 AA E0,........,False,False,False
2026-01-21T16:52:05.134999,42.893866,RX,0x123,8,E1 E2 E3 E4 00 08 AA E1,........,False,False,False
2026-01-21T16:52:05.137218,42.896085,RX,0x123,8,E2 E3 E4 E5 00 08 AA E2,........,False,False,False
2026-01-21T16:52:05.138914,42.897781,RX,0x123,8,E3 E4 E5 E6 00 08 AA E3,........,False,False,False
2026-01-21T16:52:05.140268,42.899135,RX,0x123,8,E4 E5 E6 E7 00 08 AA E4,........,False,False,False
2026-01-21T16:52:05.141954,42.900820,RX,0x123,8,E5 E6 E7 E8 00 08 AA E5,........,False,False,False
2026-01-21T16:52:05.143885,42.902752,RX,0x123,8,E6 E7 E8 E9 00 08 AA E6,........,False,False,False
2026-01-21T16:52:05.145634,42.904501,RX,0x123,8,E7 E8 E9 EA 00 08 AA E7,........,False,False,False
2026-01-21T16:52:05.147091,42.905958,RX,0x123,8,E8 E9 EA EB 00 08 AA E8,........,False,False,False
2026-01-21T16:52:05.148890,42.907757,RX,0x123,8,E9 EA EB EC 00 08 AA E9,........,False,False,False
2026-01-21T16:52:05.150959,42.909826,RX,0x123,8,EA EB EC ED 00 08 AA EA,........,False,False,False
2026-01-21T16:52:05.153037,42.911904,RX,0x123,8,EB EC ED EE 00 08 AA EB,........,False,False,False
2026-01-21T16:52:05.154988,42.913855,RX,0x123,8,EC ED EE EF 00 08 AA EC,........,False,False,False
2026-01-21T16:52:05.155998,42.914865,RX,0x123,8,ED EE EF F0 00 08 AA ED,........,False,False,False
2026-01-21T16:52:05.158034,42.916900,RX,0x123,8,EE EF F0 F1 00 08 AA EE,........,False,False,False
2026-01-21T16:52:05.160001,42.918868,RX,0x123,8,EF F0 F1 F2 00 08 AA EF,........,False,False,False
2026-01-21T16:52:05.161474,42.920341,RX,0x123,8,F0 F1 F2 F3 00 08 AA F0,........,False,False,False
2026-01-21T16:52:05.163172,42.922039,RX,0x123,8,F1 F2 F3 F4 00 08 AA F1,........,False,False,False
2026-01-21T16:52:05.164596,42.923463,RX,0x123,8,F2 F3 F4 F5 00 08 AA F2,........,False,False,False
2026-01-21T16:52:05.166199,42.925066,RX,0x123,8,F3 F4 F5 F6 00 08 AA F3,........,False,False,False
2026-01-21T16:52:05.167276,42.926143,RX,0x123,8,F4 F5 F6 F7 00 08 AA F4,........,False,False,False
2026-01-21T16:52:05.169196,42.928063,RX,0x123,8,F5 F6 F7 F8 00 08 AA F5,........,False,False,False
2026-01-21T16:52:05.170980,42.929847,RX,0x123,8,F6 F7 F8 F9 00 08 AA F6,........,False,False,False
2026-01-21T16:52:05.172388,42.931255,RX,0x123,8,F7 F8 F9 FA 00 08 AA F7,........,False,False,False
2026-01-21T16:52:05.173709,42.932576,RX,0x123,8,F8 F9 FA FB 00 08 AA F8,........,False,False,False
2026-01-21T16:52:05.175173,42.934041,RX,0x123,8,F9 FA FB FC 00 08 AA F9,........,False,False,False
2026-01-21T16:52:05.176183,42.935050,RX,0x123,8,FA FB FC FD 00 08 AA FA,........,False,False,False
2026-01-21T16:52:05.178585,42.937452,RX,0x123,8,FB FC FD FE 00 08 AA FB,........,False,False,False
2026-01-21T16:52:05.180529,42.939396,RX,0x123,8,FC FD FE FF 00 08 AA FC,........,False,False,False
2026-01-21T16:52:05.182575,42.941442,RX,0x123,8,FD FE FF 00 00 08 AA FD,........,False,False,False
2026-01-21T16:52:05.183590,42.942456,RX,0x123,8,FE FF 00 01 00 08 AA FE,........,False,False,False
2026-01-21T16:52:05.185989,42.944856,RX,0x123,8,FF 00 01 02 00 08 AA FF,........,False,False,False
2026-01-21T16:52:05.187747,42.946614,RX,0x123,8,00 01 02 03 00 08 AB 00,........,False,False,False
2026-01-21T16:52:05.189138,42.948005,RX,0x123,8,01 02 03 04 00 08 AB 01,........,False,False,False
2026-01-21T16:52:05.190526,42.949393,RX,0x123,8,02 03 04 05 00 08 AB 02,........,False,False,False
2026-01-21T16:52:05.191912,42.950779,RX,0x123,8,03 04 05 06 00 08 AB 03,........,False,False,False
2026-01-21T16:52:05.193513,42.952380,RX,0x123,8,04 05 06 07 00 08 AB 04,........,False,False,False
2026-01-21T16:52:05.195409,42.954276,RX,0x123,8,05 06 07 08 00 08 AB 05,........,False,False,False
2026-01-21T16:52:05.196783,42.955650,RX,0x123,8,06 07 08 09 00 08 AB 06,........,False,False,False
2026-01-21T16:52:05.197794,42.956661,RX,0x123,8,07 08 09 0A 00 08 AB 07,........,False,False,False
2026-01-21T16:52:05.199919,42.958786,RX,0x123,8,08 09 0A 0B 00 08 AB 08,........,False,False,False
2026-01-21T16:52:05.201475,42.960342,RX,0x123,8,09 0A 0B 0C 00 08 AB 09,........,False,False,False
2026-01-21T16:52:05.203258,42.962125,RX,0x123,8,0A 0B 0C 0D 00 08 AB 0A,........,False,False,False
2026-01-21T16:52:05.204802,42.963669,RX,0x123,8,0B 0C 0D 0E 00 08 AB 0B,........,False,False,False
2026-01-21T16:52:05.206255,42.965122,RX,0x123,8,0C 0D 0E 0F 00 08 AB 0C,........,False,False,False
2026-01-21T16:52:05.207702,42.966569,RX,0x123,8,0D 0E 0F 10 00 08 AB 0D,........,False,False,False
2026-01-21T16:52:05.209219,42.968086,RX,0x123,8,0E 0F 10 11 00 08 AB 0E,........,False,False,False
2026-01-21T16:52:05.210229,42.969095,RX,0x123,8,0F 10 11 12 00 08 AB 0F,........,False,False,False
2026-01-21T16:52:05.212506,42.971373,RX,0x123,8,10 11 12 13 00 08 AB 10,........,False,False,False
2026-01-21T16:52:05.214108,42.972975,RX,0x123,8,11 12 13 14 00 08 AB 11,........,False,False,False
2026-01-21T16:52:05.215570,42.974437,RX,0x123,8,12 13 14 15 00 08 AB 12,........,False,False,False
2026-01-21T16:52:05.216581,42.975448,RX,0x123,8,13 14 15 16 00 08 AB 13,........,False,False,False
2026-01-21T16:52:05.218390,42.977257,RX,0x123,8,14 15 16 17 00 08 AB 14,........,False,False,False
2026-01-21T16:52:05.220737,42.979604,RX,0x123,8,15 16 17 18 00 08 AB 15,........,False,False,False
2026-01-21T16:52:05.222666,42.981533,RX,0x123,8,16 17 18 19 00 08 AB 16,........,False,False,False
2026-01-21T16:52:05.223671,42.982538,RX,0x123,8,17 18 19 1A 00 08 AB 17,........,False,False,False
2026-01-21T16:52:05.225822,42.984689,RX,0x123,8,18 19 1A 1B 00 08 AB 18,........,False,False,False
2026-01-21T16:52:05.226835,42.985702,RX,0x123,8,19 1A 1B 1C 00 08 AB 19,........,False,False,False
2026-01-21T16:52:05.228629,42.987495,RX,0x123,8,1A 1B 1C 1D 00 08 AB 1A,........,False,False,False
2026-01-21T16:52:05.230474,42.989341,RX,0x123,8,1B 1C 1D 1E 00 08 AB 1B,........,False,False,False
2026-01-21T16:52:05.231850,42.990717,RX,0x123,8,1C 1D 1E 1F 00 08 AB 1C,........,False,False,False
2026-01-21T16:52:05.233303,42.992170,RX,0x123,8,1D 1E 1F 20 00 08 AB 1D,... ....,False,False,False
2026-01-21T16:52:05.234717,42.993584,RX,0x123,8,1E 1F 20 21 00 08 AB 1E,.. !....,False,False,False
2026-01-21T16:52:05.235734,42.994601,RX,0x123,8,1F 20 21 22 00 08 AB 1F,". !""....",False,False,False
2026-01-21T16:52:05.238104,42.996971,RX,0x123,8,20 21 22 23 00 08 AB 20," !""#... ",False,False,False
2026-01-21T16:52:05.240038,42.998905,RX,0x123,8,21 22 23 24 00 08 AB 21,"!""#$...!",False,False,False
2026-01-21T16:52:05.241393,43.000260,RX,0x123,8,22 23 24 25 00 08 AB 22,"""#$%...""",False,False,False
2026-01-21T16:52:05.242918,43.001785,RX,0x123,8,23 24 25 26 00 08 AB 23,#$%&...#,False,False,False
2026-01-21T16:52:05.244574,43.003441,RX,0x123,8,24 25 26 27 00 08 AB 24,$%&'...$,False,False,False
2026-01-21T16:52:05.246458,43.005325,RX,0x123,8,25 26 27 28 00 08 AB 25,%&'(...%,False,False,False
2026-01-21T16:52:05.247856,43.006723,RX,0x123,8,26 27 28 29 00 08 AB 26,&'()...&,False,False,False
2026-01-21T16:52:05.249252,43.008119,RX,0x123,8,27 28 29 2A 00 08 AB 27,'()*...',False,False,False
2026-01-21T16:52:05.250688,43.009555,RX,0x123,8,28 29 2A 2B 00 08 AB 28,()*+...(,False,False,False
2026-01-21T16:52:05.252358,43.011225,RX,0x123,8,29 2A 2B 2C 00 08 AB 29,")*+,...)",False,False,False
2026-01-21T16:52:05.253978,43.012845,RX,0x123,8,2A 2B 2C 2D 00 08 AB 2A,"*+,-...*",False,False,False
2026-01-21T16:52:05.255337,43.014204,RX,0x123,8,2B 2C 2D 2E 00 08 AB 2B,"+,-....+",False,False,False
2026-01-21T16:52:05.256743,43.015610,RX,0x123,8,2C 2D 2E 2F 00 08 AB 2C,",-./...,",False,False,False
2026-01-21T16:52:05.258202,43.017069,RX,0x123,8,2D 2E 2F 30 00 08 AB 2D,-./0...-,False,False,False
2026-01-21T16:52:05.259750,43.018617,RX,0x123,8,2E 2F 30 31 00 08 AB 2E,./01....,False,False,False
2026-01-21T16:52:05.260767,43.019634,RX,0x123,8,2F 30 31 32 00 08 AB 2F,/012.../,False,False,False
2026-01-21T16:52:05.263125,43.021991,RX,0x123,8,30 31 32 33 00 08 AB 30,0123...0,False,False,False
2026-01-21T16:52:05.264967,43.023834,RX,0x123,8,31 32 33 34 00 08 AB 31,1234...1,False,False,False
2026-01-21T16:52:05.266382,43.025249,RX,0x123,8,32 33 34 35 00 08 AB 32,2345...2,False,False,False
2026-01-21T16:52:05.267916,43.026783,RX,0x123,8,33 34 35 36 00 08 AB 33,3456...3,False,False,False
2026-01-21T16:52:05.268930,43.027797,RX,0x123,8,34 35 36 37 00 08 AB 34,4567...4,False,False,False
2026-01-21T16:52:05.271170,43.030037,RX,0x123,8,35 36 37 38 00 08 AB 35,5678...5,False,False,False
2026-01-21T16:52:05.272578,43.031445,RX,0x123,8,36 37 38 39 00 08 AB 36,6789...6,False,False,False
2026-01-21T16:52:05.274062,43.032929,RX,0x123,8,37 38 39 3A 00 08 AB 37,789:...7,False,False,False
2026-01-21T16:52:05.275763,43.034631,RX,0x123,8,38 39 3A 3B 00 08 AB 38,89:;...8,False,False,False
2026-01-21T16:52:05.277620,43.036488,RX,0x123,8,39 3A 3B 3C 00 08 AB 39,9:;<...9,False,False,False
2026-01-21T16:52:05.279056,43.037923,RX,0x123,8,3A 3B 3C 3D 00 08 AB 3A,:;<=...:,False,False,False
2026-01-21T16:52:05.280435,43.039302,RX,0x123,8,3B 3C 3D 3E 00 08 AB 3B,;<=>...;,False,False,False
2026-01-21T16:52:05.281442,43.040309,RX,0x123,8,3C 3D 3E 3F 00 08 AB 3C,<=>?...<,False,False,False
2026-01-21T16:52:05.283243,43.042110,RX,0x123,8,3D 3E 3F 40 00 08 AB 3D,=>?@...=,False,False,False
2026-01-21T16:52:05.285440,43.044307,RX,0x123,8,3E 3F 40 41 00 08 AB 3E,>?@A...>,False,False,False
2026-01-21T16:52:05.286959,43.045826,RX,0x123,8,3F 40 41 42 00 08 AB 3F,?@AB...?,False,False,False
2026-01-21T16:52:05.288345,43.047212,RX,0x123,8,40 41 42 43 00 08 AB 40,@ABC...@,False,False,False
2026-01-21T16:52:05.290067,43.048934,RX,0x123,8,41 42 43 44 00 08 AB 41,ABCD...A,False,False,False
2026-01-21T16:52:05.291898,43.050765,RX,0x123,8,42 43 44 45 00 08 AB 42,BCDE...B,False,False,False
2026-01-21T16:52:05.294234,43.053101,RX,0x123,8,43 44 45 46 00 08 AB 43,CDEF...C,False,False,False
2026-01-21T16:52:05.295986,43.054853,RX,0x123,8,44 45 46 47 00 08 AB 44,DEFG...D,False,False,False
2026-01-21T16:52:05.298324,43.057191,RX,0x123,8,45 46 47 48 00 08 AB 45,EFGH...E,False,False,False
2026-01-21T16:52:05.300163,43.059030,RX,0x123,8,46 47 48 49 00 08 AB 46,FGHI...F,False,False,False
2026-01-21T16:52:05.301670,43.060536,RX,0x123,8,47 48 49 4A 00 08 AB 47,GHIJ...G,False,False,False
2026-01-21T16:52:05.303356,43.062222,RX,0x123,8,48 49 4A 4B 00 08 AB 48,HIJK...H,False,False,False
2026-01-21T16:52:05.305197,43.064064,RX,0x123,8,49 4A 4B 4C 00 08 AB 49,IJKL...I,False,False,False
2026-01-21T16:52:05.306695,43.065562,RX,0x123,8,4A 4B 4C 4D 00 08 AB 4A,JKLM...J,False,False,False
2026-01-21T16:52:05.308350,43.067218,RX,0x123,8,4B 4C 4D 4E 00 08 AB 4B,KLMN...K,False,False,False
2026-01-21T16:52:05.310224,43.069091,RX,0x123,8,4C 4D 4E 4F 00 08 AB 4C,LMNO...L,False,False,False
2026-01-21T16:52:05.312447,43.071314,RX,0x123,8,4D 4E 4F 50 00 08 AB 4D,MNOP...M,False,False,False
2026-01-21T16:52:05.314417,43.073284,RX,0x123,8,4E 4F 50 51 00 08 AB 4E,NOPQ...N,False,False,False
2026-01-21T16:52:05.316626,43.075494,RX,0x123,8,4F 50 51 52 00 08 AB 4F,OPQR...O,False,False,False
2026-01-21T16:52:05.318132,43.076999,RX,0x123,8,50 51 52 53 00 08 AB 50,PQRS...P,False,False,False
2026-01-21T16:52:05.319639,43.078506,RX,0x123,8,51 52 53 54 00 08 AB 51,QRST...Q,False,False,False
2026-01-21T16:52:05.321219,43.080086,RX,0x123,8,52 53 54 55 00 08 AB 52,RSTU...R,False,False,False
2026-01-21T16:52:05.323225,43.082092,RX,0x123,8,53 54 55 56 00 08 AB 53,STUV...S,False,False,False
2026-01-21T16:52:05.324774,43.083641,RX,0x123,8,54 55 56 57 00 08 AB 54,TUVW...T,False,False,False
2026-01-21T16:52:05.326202,43.085069,RX,0x123,8,55 56 57 58 00 08 AB 55,UVWX...U,False,False,False
2026-01-21T16:52:05.327650,43.086517,RX,0x123,8,56 57 58 59 00 08 AB 56,VWXY...V,False,False,False
2026-01-21T16:52:05.328668,43.087535,RX,0x123,8,57 58 59 5A 00 08 AB 57,WXYZ...W,False,False,False
2026-01-21T16:52:05.330178,43.089045,RX,0x123,8,58 59 5A 5B 00 08 AB 58,XYZ[...X,False,False,False
2026-01-21T16:52:05.332728,43.091595,RX,0x123,8,59 5A 5B 5C 00 08 AB 59,YZ[\...Y,False,False,False
2026-01-21T16:52:05.334393,43.093260,RX,0x123,8,5A 5B 5C 5D 00 08 AB 5A,Z[\]...Z,False,False,False
2026-01-21T16:52:05.335804,43.094671,RX,0x123,8,5B 5C 5D 5E 00 08 AB 5B,[\]^...[,False,False,False
2026-01-21T16:52:05.337366,43.096233,RX,0x123,8,5C 5D 5E 5F 00 08 AB 5C,\]^_...\,False,False,False
2026-01-21T16:52:05.339443,43.098310,RX,0x123,8,5D 5E 5F 60 00 08 AB 5D,]^_`...],False,False,False
2026-01-21T16:52:05.341227,43.100094,RX,0x123,8,5E 5F 60 61 00 08 AB 5E,^_`a...^,False,False,False
2026-01-21T16:52:05.342782,43.101649,RX,0x123,8,5F 60 61 62 00 08 AB 5F,_`ab..._,False,False,False
2026-01-21T16:52:05.344780,43.103647,RX,0x123,8,60 61 62 63 00 08 AB 60,`abc...`,False,False,False
2026-01-21T16:52:05.346149,43.105016,RX,0x123,8,61 62 63 64 00 08 AB 61,abcd...a,False,False,False
2026-01-21T16:52:05.347648,43.106515,RX,0x123,8,62 63 64 65 00 08 AB 62,bcde...b,False,False,False
2026-01-21T16:52:05.349312,43.108179,RX,0x123,8,63 64 65 66 00 08 AB 63,cdef...c,False,False,False
2026-01-21T16:52:05.350774,43.109641,RX,0x123,8,64 65 66 67 00 08 AB 64,defg...d,False,False,False
2026-01-21T16:52:05.352284,43.111151,RX,0x123,8,65 66 67 68 00 08 AB 65,efgh...e,False,False,False
2026-01-21T16:52:05.353850,43.112717,RX,0x123,8,66 67 68 69 00 08 AB 66,fghi...f,False,False,False
2026-01-21T16:52:05.355258,43.114125,RX,0x123,8,67 68 69 6A 00 08 AB 67,ghij...g,False,False,False
2026-01-21T16:52:05.356709,43.115577,RX,0x123,8,68 69 6A 6B 00 08 AB 68,hijk...h,False,False,False
2026-01-21T16:52:05.358247,43.117114,RX,0x123,8,69 6A 6B 6C 00 08 AB 69,ijkl...i,False,False,False
2026-01-21T16:52:05.359690,43.118557,RX,0x123,8,6A 6B 6C 6D 00 08 AB 6A,jklm...j,False,False,False
2026-01-21T16:52:05.361144,43.120011,RX,0x123,8,6B 6C 6D 6E 00 08 AB 6B,klmn...k,False,False,False
2026-01-21T16:52:05.362600,43.121467,RX,0x123,8,6C 6D 6E 6F 00 08 AB 6C,lmno...l,False,False,False
2026-01-21T16:52:05.364609,43.123476,RX,0x123,8,6D 6E 6F 70 00 08 AB 6D,mnop...m,False,False,False
2026-01-21T16:52:05.366115,43.124982,RX,0x123,8,6E 6F 70 71 00 08 AB 6E,nopq...n,False,False,False
2026-01-21T16:52:05.367837,43.126704,RX,0x123,8,6F 70 71 72 00 08 AB 6F,opqr...o,False,False,False
2026-01-21T16:52:05.369514,43.128381,RX,0x123,8,70 71 72 73 00 08 AB 70,pqrs...p,False,False,False
2026-01-21T16:52:05.371597,43.130464,RX,0x123,8,71 72 73 74 00 08 AB 71,qrst...q,False,False,False
2026-01-21T16:52:05.372990,43.131857,RX,0x123,8,72 73 74 75 00 08 AB 72,rstu...r,False,False,False
2026-01-21T16:52:05.374551,43.133418,RX,0x123,8,73 74 75 76 00 08 AB 73,stuv...s,False,False,False
2026-01-21T16:52:05.375973,43.134840,RX,0x123,8,74 75 76 77 00 08 AB 74,tuvw...t,False,False,False
2026-01-21T16:52:05.377541,43.136408,RX,0x123,8,75 76 77 78 00 08 AB 75,uvwx...u,False,False,False
2026-01-21T16:52:05.379899,43.138767,RX,0x123,8,76 77 78 79 00 08 AB 76,vwxy...v,False,False,False
2026-01-21T16:52:05.381536,43.140403,RX,0x123,8,77 78 79 7A 00 08 AB 77,wxyz...w,False,False,False
2026-01-21T16:52:05.383448,43.142315,RX,0x123,8,78 79 7A 7B 00 08 AB 78,xyz{...x,False,False,False
2026-01-21T16:52:05.385049,43.143916,RX,0x123,8,79 7A 7B 7C 00 08 AB 79,yz{|...y,False,False,False
2026-01-21T16:52:05.386801,43.145668,RX,0x123,8,7A 7B 7C 7D 00 08 AB 7A,z{|}...z,False,False,False
2026-01-21T16:52:05.388953,43.147820,RX,0x123,8,7B 7C 7D 7E 00 08 AB 7B,{|}~...{,False,False,False
2026-01-21T16:52:05.390415,43.149282,RX,0x123,8,7C 7D 7E 7F 00 08 AB 7C,|}~....|,False,False,False
2026-01-21T16:52:05.391777,43.150644,RX,0x123,8,7D 7E 7F 80 00 08 AB 7D,}~.....},False,False,False
2026-01-21T16:52:05.393101,43.151968,RX,0x123,8,7E 7F 80 81 00 08 AB 7E,~......~,False,False,False
2026-01-21T16:52:05.394469,43.153337,RX,0x123,8,7F 80 81 82 00 08 AB 7F,........,False,False,False
2026-01-21T16:52:05.395480,43.154347,RX,0x123,8,80 81 82 83 00 08 AB 80,........,False,False,False
2026-01-21T16:52:05.397804,43.156671,RX,0x123,8,81 82 83 84 00 08 AB 81,........,False,False,False
2026-01-21T16:52:05.399411,43.158278,RX,0x123,8,82 83 84 85 00 08 AB 82,........,False,False,False
2026-01-21T16:52:05.400891,43.159757,RX,0x123,8,83 84 85 86 00 08 AB 83,........,False,False,False
2026-01-21T16:52:05.402477,43.161344,RX,0x123,8,84 85 86 87 00 08 AB 84,........,False,False,False
2026-01-21T16:52:05.403969,43.162836,RX,0x123,8,85 86 87 88 00 08 AB 85,........,False,False,False
2026-01-21T16:52:05.405398,43.164265,RX,0x123,8,86 87 88 89 00 08 AB 86,........,False,False,False
2026-01-21T16:52:05.406995,43.165862,RX,0x123,8,87 88 89 8A 00 08 AB 87,........,False,False,False
2026-01-21T16:52:05.408951,43.167818,RX,0x123,8,88 89 8A 8B 00 08 AB 88,........,False,False,False
2026-01-21T16:52:05.411022,43.169889,RX,0x123,8,89 8A 8B 8C 00 08 AB 89,........,False,False,False
2026-01-21T16:52:05.412435,43.171302,RX,0x123,8,8A 8B 8C 8D 00 08 AB 8A,........,False,False,False
2026-01-21T16:52:05.413890,43.172757,RX,0x123,8,8B 8C 8D 8E 00 08 AB 8B,........,False,False,False
2026-01-21T16:52:05.415350,43.174217,RX,0x123,8,8C 8D 8E 8F 00 08 AB 8C,........,False,False,False
2026-01-21T16:52:05.416794,43.175661,RX,0x123,8,8D 8E 8F 90 00 08 AB 8D,........,False,False,False
2026-01-21T16:52:05.418211,43.177078,RX,0x123,8,8E 8F 90 91 00 08 AB 8E,........,False,False,False
2026-01-21T16:52:05.419576,43.178443,RX,0x123,8,8F 90 91 92 00 08 AB 8F,........,False,False,False
2026-01-21T16:52:05.421099,43.179965,RX,0x123,8,90 91 92 93 00 08 AB 90,........,False,False,False
2026-01-21T16:52:05.422738,43.181606,RX,0x123,8,91 92 93 94 00 08 AB 91,........,False,False,False
2026-01-21T16:52:05.424609,43.183476,RX,0x123,8,92 93 94 95 00 08 AB 92,........,False,False,False
2026-01-21T16:52:05.426074,43.184941,RX,0x123,8,93 94 95 96 00 08 AB 93,........,False,False,False
2026-01-21T16:52:05.427550,43.186417,RX,0x123,8,94 95 96 97 00 08 AB 94,........,False,False,False
2026-01-21T16:52:05.428562,43.187429,RX,0x123,8,95 96 97 98 00 08 AB 95,........,False,False,False
2026-01-21T16:52:05.431219,43.190086,RX,0x123,8,96 97 98 99 00 08 AB 96,........,False,False,False
2026-01-21T16:52:05.432662,43.191529,RX,0x123,8,97 98 99 9A 00 08 AB 97,........,False,False,False
2026-01-21T16:52:05.434909,43.193777,RX,0x123,8,98 99 9A 9B 00 08 AB 98,........,False,False,False
2026-01-21T16:52:05.436402,43.195269,RX,0x123,8,99 9A 9B 9C 00 08 AB 99,........,False,False,False
2026-01-21T16:52:05.437876,43.196743,RX,0x123,8,9A 9B 9C 9D 00 08 AB 9A,........,False,False,False
2026-01-21T16:52:05.439185,43.198052,RX,0x123,8,9B 9C 9D 9E 00 08 AB 9B,........,False,False,False
2026-01-21T16:52:05.440871,43.199738,RX,0x123,8,9C 9D 9E 9F 00 08 AB 9C,........,False,False,False
2026-01-21T16:52:05.442657,43.201524,RX,0x123,8,9D 9E 9F A0 00 08 AB 9D,........,False,False,False
2026-01-21T16:52:05.444382,43.203249,RX,0x123,8,9E 9F A0 A1 00 08 AB 9E,........,False,False,False
2026-01-21T16:52:05.446702,43.205569,RX,0x123,8,9F A0 A1 A2 00 08 AB 9F,........,False,False,False
2026-01-21T16:52:05.448801,43.207668,RX,0x123,8,A0 A1 A2 A3 00 08 AB A0,........,False,False,False
2026-01-21T16:52:05.450399,43.209266,RX,0x123,8,A1 A2 A3 A4 00 08 AB A1,........,False,False,False
2026-01-21T16:52:05.452496,43.211363,RX,0x123,8,A2 A3 A4 A5 00 08 AB A2,........,False,False,False
2026-01-21T16:52:05.453989,43.212856,RX,0x123,8,A3 A4 A5 A6 00 08 AB A3,........,False,False,False
2026-01-21T16:52:05.455614,43.214481,RX,0x123,8,A4 A5 A6 A7 00 08 AB A4,........,False,False,False
2026-01-21T16:52:05.457534,43.216401,RX,0x123,8,A5 A6 A7 A8 00 08 AB A5,........,False,False,False
2026-01-21T16:52:05.459783,43.218650,RX,0x123,8,A6 A7 A8 A9 00 08 AB A6,........,False,False,False
2026-01-21T16:52:05.461496,43.220363,RX,0x123,8,A7 A8 A9 AA 00 08 AB A7,........,False,False,False
2026-01-21T16:52:05.462962,43.221828,RX,0x123,8,A8 A9 AA AB 00 08 AB A8,........,False,False,False
2026-01-21T16:52:05.464572,43.223439,RX,0x123,8,A9 AA AB AC 00 08 AB A9,........,False,False,False
2026-01-21T16:52:05.466348,43.225215,RX,0x123,8,AA AB AC AD 00 08 AB AA,........,False,False,False
2026-01-21T16:52:05.467874,43.226741,RX,0x123,8,AB AC AD AE 00 08 AB AB,........,False,False,False
2026-01-21T16:52:05.469446,43.228313,RX,0x123,8,AC AD AE AF 00 08 AB AC,........,False,False,False
2026-01-21T16:52:05.470812,43.229679,RX,0x123,8,AD AE AF B0 00 08 AB AD,........,False,False,False
2026-01-21T16:52:05.472794,43.231661,RX,0x123,8,AE AF B0 B1 00 08 AB AE,........,False,False,False
2026-01-21T16:52:05.474340,43.233207,RX,0x123,8,AF B0 B1 B2 00 08 AB AF,........,False,False,False
2026-01-21T16:52:05.476761,43.235628,RX,0x123,8,B0 B1 B2 B3 00 08 AB B0,........,False,False,False
2026-01-21T16:52:05.478372,43.237239,RX,0x123,8,B1 B2 B3 B4 00 08 AB B1,........,False,False,False
2026-01-21T16:52:05.479709,43.238576,RX,0x123,8,B2 B3 B4 B5 00 08 AB B2,........,False,False,False
2026-01-21T16:52:05.481397,43.240264,RX,0x123,8,B3 B4 B5 B6 00 08 AB B3,........,False,False,False
2026-01-21T16:52:05.483175,43.242042,RX,0x123,8,B4 B5 B6 B7 00 08 AB B4,........,False,False,False
2026-01-21T16:52:05.484745,43.243612,RX,0x123,8,B5 B6 B7 B8 00 08 AB B5,........,False,False,False
2026-01-21T16:52:05.486340,43.245207,RX,0x123,8,B6 B7 B8 B9 00 08 AB B6,........,False,False,False
2026-01-21T16:52:05.488130,43.246997,RX,0x123,8,B7 B8 B9 BA 00 08 AB B7,........,False,False,False
2026-01-21T16:52:05.489992,43.248859,RX,0x123,8,B8 B9 BA BB 00 08 AB B8,........,False,False,False
2026-01-21T16:52:05.491431,43.250298,RX,0x123,8,B9 BA BB BC 00 08 AB B9,........,False,False,False
2026-01-21T16:52:05.492875,43.251742,RX,0x123,8,BA BB BC BD 00 08 AB BA,........,False,False,False
2026-01-21T16:52:05.494473,43.253340,RX,0x123,8,BB BC BD BE 00 08 AB BB,........,False,False,False
2026-01-21T16:52:05.495479,43.254346,RX,0x123,8,BC BD BE BF 00 08 AB BC,........,False,False,False
2026-01-21T16:52:05.499827,43.257690,RX,0x123,8,BD BE BF C0 00 08 AB BD,........,False,False,False
2026-01-21T16:52:05.503751,43.261615,RX,0x123,8,BE BF C0 C1 00 08 AB BE,........,False,False,False
2026-01-21T16:52:05.509667,43.268534,RX,0x123,8,BF C0 C1 C2 00 08 AB BF,........,False,False,False
2026-01-21T16:52:05.511198,43.270065,RX,0x123,8,C0 C1 C2 C3 00 08 AB C0,........,False,False,False
2026-01-21T16:52:05.512848,43.271714,RX,0x123,8,C1 C2 C3 C4 00 08 AB C1,........,False,False,False
2026-01-21T16:52:05.514612,43.273479,RX,0x123,8,C2 C3 C4 C5 00 08 AB C2,........,False,False,False
2026-01-21T16:52:05.516354,43.275221,RX,0x123,8,C3 C4 C5 C6 00 08 AB C3,........,False,False,False
2026-01-21T16:52:05.518019,43.276886,RX,0x123,8,C4 C5 C6 C7 00 08 AB C4,........,False,False,False
2026-01-21T16:52:05.520060,43.278927,RX,0x123,8,C5 C6 C7 C8 00 08 AB C5,........,False,False,False
2026-01-21T16:52:05.522035,43.280902,RX,0x123,8,C6 C7 C8 C9 00 08 AB C6,........,False,False,False
2026-01-21T16:52:05.523682,43.282549,RX,0x123,8,C7 C8 C9 CA 00 08 AB C7,........,False,False,False
2026-01-21T16:52:05.525130,43.283997,RX,0x123,8,C8 C9 CA CB 00 08 AB C8,........,False,False,False
2026-01-21T16:52:05.526464,43.285331,RX,0x123,8,C9 CA CB CC 00 08 AB C9,........,False,False,False
2026-01-21T16:52:05.527926,43.286793,RX,0x123,8,CA CB CC CD 00 08 AB CA,........,False,False,False
2026-01-21T16:52:05.528939,43.287806,RX,0x123,8,CB CC CD CE 00 08 AB CB,........,False,False,False
2026-01-21T16:52:05.531630,43.290497,RX,0x123,8,CC CD CE CF 00 08 AB CC,........,False,False,False
2026-01-21T16:52:05.532997,43.291864,RX,0x123,8,CD CE CF D0 00 08 AB CD,........,False,False,False
2026-01-21T16:52:05.534516,43.293383,RX,0x123,8,CE CF D0 D1 00 08 AB CE,........,False,False,False
2026-01-21T16:52:05.535841,43.294708,RX,0x123,8,CF D0 D1 D2 00 08 AB CF,........,False,False,False
2026-01-21T16:52:05.536847,43.295714,RX,0x123,8,D0 D1 D2 D3 00 08 AB D0,........,False,False,False
2026-01-21T16:52:05.539221,43.298088,RX,0x123,8,D1 D2 D3 D4 00 08 AB D1,........,False,False,False
2026-01-21T16:52:05.540704,43.299571,RX,0x123,8,D2 D3 D4 D5 00 08 AB D2,........,False,False,False
2026-01-21T16:52:05.542092,43.300959,RX,0x123,8,D3 D4 D5 D6 00 08 AB D3,........,False,False,False
2026-01-21T16:52:05.543510,43.302377,RX,0x123,8,D4 D5 D6 D7 00 08 AB D4,........,False,False,False
2026-01-21T16:52:05.545150,43.304017,RX,0x123,8,D5 D6 D7 D8 00 08 AB D5,........,False,False,False
2026-01-21T16:52:05.546878,43.305745,RX,0x123,8,D6 D7 D8 D9 00 08 AB D6,........,False,False,False
2026-01-21T16:52:05.548638,43.307505,RX,0x123,8,D7 D8 D9 DA 00 08 AB D7,........,False,False,False
2026-01-21T16:52:05.550058,43.308925,RX,0x123,8,D8 D9 DA DB 00 08 AB D8,........,False,False,False
2026-01-21T16:52:05.551418,43.310285,RX,0x123,8,D9 DA DB DC 00 08 AB D9,........,False,False,False
2026-01-21T16:52:05.552735,43.311602,RX,0x123,8,DA DB DC DD 00 08 AB DA,........,False,False,False
2026-01-21T16:52:05.554249,43.313116,RX,0x123,8,DB DC DD DE 00 08 AB DB,........,False,False,False
2026-01-21T16:52:05.555736,43.314603,RX,0x123,8,DC DD DE DF 00 08 AB DC,........,False,False,False
2026-01-21T16:52:05.557306,43.316173,RX,0x123,8,DD DE DF E0 00 08 AB DD,........,False,False,False
2026-01-21T16:52:05.558860,43.317727,RX,0x123,8,DE DF E0 E1 00 08 AB DE,........,False,False,False
2026-01-21T16:52:05.560342,43.319209,RX,0x123,8,DF E0 E1 E2 00 08 AB DF,........,False,False,False
2026-01-21T16:52:05.562122,43.320989,RX,0x123,8,E0 E1 E2 E3 00 08 AB E0,........,False,False,False
2026-01-21T16:52:05.563829,43.322696,RX,0x123,8,E1 E2 E3 E4 00 08 AB E1,........,False,False,False
2026-01-21T16:52:05.565342,43.324209,RX,0x123,8,E2 E3 E4 E5 00 08 AB E2,........,False,False,False
2026-01-21T16:52:05.566667,43.325534,RX,0x123,8,E3 E4 E5 E6 00 08 AB E3,........,False,False,False
2026-01-21T16:52:05.568236,43.327103,RX,0x123,8,E4 E5 E6 E7 00 08 AB E4,........,False,False,False
2026-01-21T16:52:05.570220,43.329087,RX,0x123,8,E5 E6 E7 E8 00 08 AB E5,........,False,False,False
2026-01-21T16:52:05.571735,43.330602,RX,0x123,8,E6 E7 E8 E9 00 08 AB E6,........,False,False,False
2026-01-21T16:52:05.573301,43.332168,RX,0x123,8,E7 E8 E9 EA 00 08 AB E7,........,False,False,False
2026-01-21T16:52:05.574667,43.333534,RX,0x123,8,E8 E9 EA EB 00 08 AB E8,........,False,False,False
2026-01-21T16:52:05.575988,43.334856,RX,0x123,8,E9 EA EB EC 00 08 AB E9,........,False,False,False
2026-01-21T16:52:05.577363,43.336230,RX,0x123,8,EA EB EC ED 00 08 AB EA,........,False,False,False
2026-01-21T16:52:05.578879,43.337746,RX,0x123,8,EB EC ED EE 00 08 AB EB,........,False,False,False
2026-01-21T16:52:05.579893,43.338760,RX,0x123,8,EC ED EE EF 00 08 AB EC,........,False,False,False
2026-01-21T16:52:05.582081,43.340948,RX,0x123,8,ED EE EF F0 00 08 AB ED,........,False,False,False
2026-01-21T16:52:05.583674,43.342541,RX,0x123,8,EE EF F0 F1 00 08 AB EE,........,False,False,False
2026-01-21T16:52:05.585631,43.344497,RX,0x123,8,EF F0 F1 F2 00 08 AB EF,........,False,False,False
2026-01-21T16:52:05.587000,43.345867,RX,0x123,8,F0 F1 F2 F3 00 08 AB F0,........,False,False,False
2026-01-21T16:52:05.588332,43.347199,RX,0x123,8,F1 F2 F3 F4 00 08 AB F1,........,False,False,False
2026-01-21T16:52:05.589661,43.348528,RX,0x123,8,F2 F3 F4 F5 00 08 AB F2,........,False,False,False
2026-01-21T16:52:05.590670,43.349537,RX,0x123,8,F3 F4 F5 F6 00 08 AB F3,........,False,False,False
2026-01-21T16:52:05.592873,43.351740,RX,0x123,8,F4 F5 F6 F7 00 08 AB F4,........,False,False,False
2026-01-21T16:52:05.594424,43.353291,RX,0x123,8,F5 F6 F7 F8 00 08 AB F5,........,False,False,False
2026-01-21T16:52:05.596172,43.355039,RX,0x123,8,F6 F7 F8 F9 00 08 AB F6,........,False,False,False
2026-01-21T16:52:05.597582,43.356449,RX,0x123,8,F7 F8 F9 FA 00 08 AB F7,........,False,False,False
2026-01-21T16:52:05.599007,43.357874,RX,0x123,8,F8 F9 FA FB 00 08 AB F8,........,False,False,False
2026-01-21T16:52:05.600356,43.359223,RX,0x123,8,F9 FA FB FC 00 08 AB F9,........,False,False,False
2026-01-21T16:52:05.601700,43.360567,RX,0x123,8,FA FB FC FD 00 08 AB FA,........,False,False,False
2026-01-21T16:52:05.602714,43.361581,RX,0x123,8,FB FC FD FE 00 08 AB FB,........,False,False,False
2026-01-21T16:52:05.604988,43.363854,RX,0x123,8,FC FD FE FF 00 08 AB FC,........,False,False,False
2026-01-21T16:52:05.606384,43.365251,RX,0x123,8,FD FE FF 00 00 08 AB FD,........,False,False,False
2026-01-21T16:52:05.607834,43.366701,RX,0x123,8,FE FF 00 01 00 08 AB FE,........,False,False,False
2026-01-21T16:52:05.608838,43.367705,RX,0x123,8,FF 00 01 02 00 08 AB FF,........,False,False,False
2026-01-21T16:52:05.611066,43.369933,RX,0x123,8,00 01 02 03 00 08 AC 00,........,False,False,False
2026-01-21T16:52:05.612436,43.371304,RX,0x123,8,01 02 03 04 00 08 AC 01,........,False,False,False
2026-01-21T16:52:05.614188,43.373055,RX,0x123,8,02 03 04 05 00 08 AC 02,........,False,False,False
2026-01-21T16:52:05.615986,43.374852,RX,0x123,8,03 04 05 06 00 08 AC 03,........,False,False,False
2026-01-21T16:52:05.617425,43.376292,RX,0x123,8,04 05 06 07 00 08 AC 04,........,False,False,False
2026-01-21T16:52:05.618761,43.377628,RX,0x123,8,05 06 07 08 00 08 AC 05,........,False,False,False
2026-01-21T16:52:05.620377,43.379244,RX,0x123,8,06 07 08 09 00 08 AC 06,........,False,False,False
2026-01-21T16:52:05.621773,43.380640,RX,0x123,8,07 08 09 0A 00 08 AC 07,........,False,False,False
2026-01-21T16:52:05.623098,43.381965,RX,0x123,8,08 09 0A 0B 00 08 AC 08,........,False,False,False
2026-01-21T16:52:05.624459,43.383326,RX,0x123,8,09 0A 0B 0C 00 08 AC 09,........,False,False,False
2026-01-21T16:52:05.625956,43.384823,RX,0x123,8,0A 0B 0C 0D 00 08 AC 0A,........,False,False,False
2026-01-21T16:52:05.627731,43.386598,RX,0x123,8,0B 0C 0D 0E 00 08 AC 0B,........,False,False,False
2026-01-21T16:52:05.628741,43.387608,RX,0x123,8,0C 0D 0E 0F 00 08 AC 0C,........,False,False,False
2026-01-21T16:52:05.631511,43.390378,RX,0x123,8,0D 0E 0F 10 00 08 AC 0D,........,False,False,False
2026-01-21T16:52:05.633589,43.392456,RX,0x123,8,0E 0F 10 11 00 08 AC 0E,........,False,False,False
2026-01-21T16:52:05.635271,43.394138,RX,0x123,8,0F 10 11 12 00 08 AC 0F,........,False,False,False
2026-01-21T16:52:05.636656,43.395523,RX,0x123,8,10 11 12 13 00 08 AC 10,........,False,False,False
2026-01-21T16:52:05.638104,43.396971,RX,0x123,8,11 12 13 14 00 08 AC 11,........,False,False,False
2026-01-21T16:52:05.639503,43.398370,RX,0x123,8,12 13 14 15 00 08 AC 12,........,False,False,False
2026-01-21T16:52:05.640837,43.399704,RX,0x123,8,13 14 15 16 00 08 AC 13,........,False,False,False
2026-01-21T16:52:05.642225,43.401092,RX,0x123,8,14 15 16 17 00 08 AC 14,........,False,False,False
2026-01-21T16:52:05.643627,43.402493,RX,0x123,8,15 16 17 18 00 08 AC 15,........,False,False,False
2026-01-21T16:52:05.645049,43.403916,RX,0x123,8,16 17 18 19 00 08 AC 16,........,False,False,False
2026-01-21T16:52:05.646569,43.405437,RX,0x123,8,17 18 19 1A 00 08 AC 17,........,False,False,False
2026-01-21T16:52:05.648202,43.407069,RX,0x123,8,18 19 1A 1B 00 08 AC 18,........,False,False,False
2026-01-21T16:52:05.649603,43.408470,RX,0x123,8,19 1A 1B 1C 00 08 AC 19,........,False,False,False
2026-01-21T16:52:05.651006,43.409873,RX,0x123,8,1A 1B 1C 1D 00 08 AC 1A,........,False,False,False
2026-01-21T16:52:05.652513,43.411380,RX,0x123,8,1B 1C 1D 1E 00 08 AC 1B,........,False,False,False
2026-01-21T16:52:05.654078,43.412945,RX,0x123,8,1C 1D 1E 1F 00 08 AC 1C,........,False,False,False
2026-01-21T16:52:05.655660,43.414527,RX,0x123,8,1D 1E 1F 20 00 08 AC 1D,... ....,False,False,False
2026-01-21T16:52:05.657274,43.416141,RX,0x123,8,1E 1F 20 21 00 08 AC 1E,.. !....,False,False,False
2026-01-21T16:52:05.658794,43.417661,RX,0x123,8,1F 20 21 22 00 08 AC 1F,". !""....",False,False,False
2026-01-21T16:52:05.660191,43.419059,RX,0x123,8,20 21 22 23 00 08 AC 20," !""#... ",False,False,False
2026-01-21T16:52:05.661549,43.420416,RX,0x123,8,21 22 23 24 00 08 AC 21,"!""#$...!",False,False,False
2026-01-21T16:52:05.662994,43.421861,RX,0x123,8,22 23 24 25 00 08 AC 22,"""#$%...""",False,False,False
2026-01-21T16:52:05.664676,43.423543,RX,0x123,8,23 24 25 26 00 08 AC 23,#$%&...#,False,False,False
2026-01-21T16:52:05.666027,43.424894,RX,0x123,8,24 25 26 27 00 08 AC 24,$%&'...$,False,False,False
2026-01-21T16:52:05.667350,43.426217,RX,0x123,8,25 26 27 28 00 08 AC 25,%&'(...%,False,False,False
2026-01-21T16:52:05.668707,43.427574,RX,0x123,8,26 27 28 29 00 08 AC 26,&'()...&,False,False,False
2026-01-21T16:52:05.669714,43.428581,RX,0x123,8,27 28 29 2A 00 08 AC 27,'()*...',False,False,False
2026-01-21T16:52:05.671843,43.430710,RX,0x123,8,28 29 2A 2B 00 08 AC 28,()*+...(,False,False,False
2026-01-21T16:52:05.673316,43.432184,RX,0x123,8,29 2A 2B 2C 00 08 AC 29,")*+,...)",False,False,False
2026-01-21T16:52:05.674823,43.433691,RX,0x123,8,2A 2B 2C 2D 00 08 AC 2A,"*+,-...*",False,False,False
2026-01-21T16:52:05.676316,43.435183,RX,0x123,8,2B 2C 2D 2E 00 08 AC 2B,"+,-....+",False,False,False
2026-01-21T16:52:05.677637,43.436504,RX,0x123,8,2C 2D 2E 2F 00 08 AC 2C,",-./...,",False,False,False
2026-01-21T16:52:05.679301,43.438169,RX,0x123,8,2D 2E 2F 30 00 08 AC 2D,-./0...-,False,False,False
2026-01-21T16:52:05.680784,43.439651,RX,0x123,8,2E 2F 30 31 00 08 AC 2E,./01....,False,False,False
2026-01-21T16:52:05.682277,43.441144,RX,0x123,8,2F 30 31 32 00 08 AC 2F,/012.../,False,False,False
2026-01-21T16:52:05.683633,43.442499,RX,0x123,8,30 31 32 33 00 08 AC 30,0123...0,False,False,False
2026-01-21T16:52:05.684947,43.443814,RX,0x123,8,31 32 33 34 00 08 AC 31,1234...1,False,False,False
2026-01-21T16:52:05.685957,43.444824,RX,0x123,8,32 33 34 35 00 08 AC 32,2345...2,False,False,False
2026-01-21T16:52:05.688132,43.446999,RX,0x123,8,33 34 35 36 00 08 AC 33,3456...3,False,False,False
2026-01-21T16:52:05.689554,43.448421,RX,0x123,8,34 35 36 37 00 08 AC 34,4567...4,False,False,False
2026-01-21T16:52:05.691075,43.449942,RX,0x123,8,35 36 37 38 00 08 AC 35,5678...5,False,False,False
2026-01-21T16:52:05.692646,43.451513,RX,0x123,8,36 37 38 39 00 08 AC 36,6789...6,False,False,False
2026-01-21T16:52:05.694278,43.453145,RX,0x123,8,37 38 39 3A 00 08 AC 37,789:...7,False,False,False
2026-01-21T16:52:05.695900,43.454767,RX,0x123,8,38 39 3A 3B 00 08 AC 38,89:;...8,False,False,False
2026-01-21T16:52:05.697318,43.456186,RX,0x123,8,39 3A 3B 3C 00 08 AC 39,9:;<...9,False,False,False
2026-01-21T16:52:05.699091,43.457958,RX,0x123,8,3A 3B 3C 3D 00 08 AC 3A,:;<=...:,False,False,False
2026-01-21T16:52:05.700821,43.459688,RX,0x123,8,3B 3C 3D 3E 00 08 AC 3B,;<=>...;,False,False,False
2026-01-21T16:52:05.702571,43.461437,RX,0x123,8,3C 3D 3E 3F 00 08 AC 3C,<=>?...<,False,False,False
2026-01-21T16:52:05.704327,43.463194,RX,0x123,8,3D 3E 3F 40 00 08 AC 3D,=>?@...=,False,False,False
2026-01-21T16:52:05.706686,43.465553,RX,0x123,8,3E 3F 40 41 00 08 AC 3E,>?@A...>,False,False,False
2026-01-21T16:52:05.708650,43.467517,RX,0x123,8,3F 40 41 42 00 08 AC 3F,?@AB...?,False,False,False
2026-01-21T16:52:05.710446,43.469313,RX,0x123,8,40 41 42 43 00 08 AC 40,@ABC...@,False,False,False
2026-01-21T16:52:05.712026,43.470893,RX,0x123,8,41 42 43 44 00 08 AC 41,ABCD...A,False,False,False
2026-01-21T16:52:05.714525,43.472973,RX,0x123,8,42 43 44 45 00 08 AC 42,BCDE...B,False,False,False
2026-01-21T16:52:05.715891,43.474758,RX,0x123,8,43 44 45 46 00 08 AC 43,CDEF...C,False,False,False
2026-01-21T16:52:05.717460,43.476327,RX,0x123,8,44 45 46 47 00 08 AC 44,DEFG...D,False,False,False
2026-01-21T16:52:05.719450,43.478317,RX,0x123,8,45 46 47 48 00 08 AC 45,EFGH...E,False,False,False
2026-01-21T16:52:05.721195,43.480062,RX,0x123,8,46 47 48 49 00 08 AC 46,FGHI...F,False,False,False
2026-01-21T16:52:05.722687,43.481554,RX,0x123,8,47 48 49 4A 00 08 AC 47,GHIJ...G,False,False,False
2026-01-21T16:52:05.724144,43.483011,RX,0x123,8,48 49 4A 4B 00 08 AC 48,HIJK...H,False,False,False
2026-01-21T16:52:05.725157,43.484025,RX,0x123,8,49 4A 4B 4C 00 08 AC 49,IJKL...I,False,False,False
2026-01-21T16:52:05.727518,43.486384,RX,0x123,8,4A 4B 4C 4D 00 08 AC 4A,JKLM...J,False,False,False
2026-01-21T16:52:05.729278,43.488145,RX,0x123,8,4B 4C 4D 4E 00 08 AC 4B,KLMN...K,False,False,False
2026-01-21T16:52:05.730291,43.489158,RX,0x123,8,4C 4D 4E 4F 00 08 AC 4C,LMNO...L,False,False,False
2026-01-21T16:52:05.732324,43.491191,RX,0x123,8,4D 4E 4F 50 00 08 AC 4D,MNOP...M,False,False,False
2026-01-21T16:52:05.734602,43.493469,RX,0x123,8,4E 4F 50 51 00 08 AC 4E,NOPQ...N,False,False,False
2026-01-21T16:52:05.735658,43.494525,RX,0x123,8,4F 50 51 52 00 08 AC 4F,OPQR...O,False,False,False
2026-01-21T16:52:05.738394,43.497261,RX,0x123,8,50 51 52 53 00 08 AC 50,PQRS...P,False,False,False
2026-01-21T16:52:05.740250,43.499117,RX,0x123,8,51 52 53 54 00 08 AC 51,QRST...Q,False,False,False
2026-01-21T16:52:05.742470,43.501338,RX,0x123,8,52 53 54 55 00 08 AC 52,RSTU...R,False,False,False
2026-01-21T16:52:05.744386,43.503253,RX,0x123,8,53 54 55 56 00 08 AC 53,STUV...S,False,False,False
2026-01-21T16:52:05.745868,43.504735,RX,0x123,8,54 55 56 57 00 08 AC 54,TUVW...T,False,False,False
2026-01-21T16:52:05.747491,43.506358,RX,0x123,8,55 56 57 58 00 08 AC 55,UVWX...U,False,False,False
2026-01-21T16:52:05.749420,43.508286,RX,0x123,8,56 57 58 59 00 08 AC 56,VWXY...V,False,False,False
2026-01-21T16:52:05.750431,43.509298,RX,0x123,8,57 58 59 5A 00 08 AC 57,WXYZ...W,False,False,False
2026-01-21T16:52:05.752167,43.511034,RX,0x123,8,58 59 5A 5B 00 08 AC 58,XYZ[...X,False,False,False
2026-01-21T16:52:05.754824,43.513690,RX,0x123,8,59 5A 5B 5C 00 08 AC 59,YZ[\...Y,False,False,False
2026-01-21T16:52:05.756206,43.515073,RX,0x123,8,5A 5B 5C 5D 00 08 AC 5A,Z[\]...Z,False,False,False
2026-01-21T16:52:05.757717,43.516584,RX,0x123,8,5B 5C 5D 5E 00 08 AC 5B,[\]^...[,False,False,False
2026-01-21T16:52:05.759128,43.517995,RX,0x123,8,5C 5D 5E 5F 00 08 AC 5C,\]^_...\,False,False,False
2026-01-21T16:52:05.760615,43.519482,RX,0x123,8,5D 5E 5F 60 00 08 AC 5D,]^_`...],False,False,False
2026-01-21T16:52:05.762027,43.520894,RX,0x123,8,5E 5F 60 61 00 08 AC 5E,^_`a...^,False,False,False
2026-01-21T16:52:05.763798,43.522665,RX,0x123,8,5F 60 61 62 00 08 AC 5F,_`ab..._,False,False,False
2026-01-21T16:52:05.765574,43.524441,RX,0x123,8,60 61 62 63 00 08 AC 60,`abc...`,False,False,False
2026-01-21T16:52:05.767163,43.526030,RX,0x123,8,61 62 63 64 00 08 AC 61,abcd...a,False,False,False
2026-01-21T16:52:05.769116,43.527983,RX,0x123,8,62 63 64 65 00 08 AC 62,bcde...b,False,False,False
2026-01-21T16:52:05.771475,43.530342,RX,0x123,8,63 64 65 66 00 08 AC 63,cdef...c,False,False,False
2026-01-21T16:52:05.773189,43.532056,RX,0x123,8,64 65 66 67 00 08 AC 64,defg...d,False,False,False
2026-01-21T16:52:05.774836,43.533703,RX,0x123,8,65 66 67 68 00 08 AC 65,efgh...e,False,False,False
2026-01-21T16:52:05.776737,43.535604,RX,0x123,8,66 67 68 69 00 08 AC 66,fghi...f,False,False,False
2026-01-21T16:52:05.779360,43.537311,RX,0x123,8,67 68 69 6A 00 08 AC 67,ghij...g,False,False,False
2026-01-21T16:52:05.780975,43.539842,RX,0x123,8,68 69 6A 6B 00 08 AC 68,hijk...h,False,False,False
2026-01-21T16:52:05.782482,43.541349,RX,0x123,8,69 6A 6B 6C 00 08 AC 69,ijkl...i,False,False,False
2026-01-21T16:52:05.784639,43.543506,RX,0x123,8,6A 6B 6C 6D 00 08 AC 6A,jklm...j,False,False,False
2026-01-21T16:52:05.786172,43.545039,RX,0x123,8,6B 6C 6D 6E 00 08 AC 6B,klmn...k,False,False,False
2026-01-21T16:52:05.787308,43.546175,RX,0x123,8,6C 6D 6E 6F 00 08 AC 6C,lmno...l,False,False,False
2026-01-21T16:52:05.790052,43.548919,RX,0x123,8,6D 6E 6F 70 00 08 AC 6D,mnop...m,False,False,False
2026-01-21T16:52:05.791562,43.550429,RX,0x123,8,6E 6F 70 71 00 08 AC 6E,nopq...n,False,False,False
2026-01-21T16:52:05.793148,43.552016,RX,0x123,8,6F 70 71 72 00 08 AC 6F,opqr...o,False,False,False
2026-01-21T16:52:05.795034,43.553901,RX,0x123,8,70 71 72 73 00 08 AC 70,pqrs...p,False,False,False
2026-01-21T16:52:05.796585,43.555452,RX,0x123,8,71 72 73 74 00 08 AC 71,qrst...q,False,False,False
2026-01-21T16:52:05.797956,43.556823,RX,0x123,8,72 73 74 75 00 08 AC 72,rstu...r,False,False,False
2026-01-21T16:52:05.798973,43.557840,RX,0x123,8,73 74 75 76 00 08 AC 73,stuv...s,False,False,False
2026-01-21T16:52:05.801316,43.560184,RX,0x123,8,74 75 76 77 00 08 AC 74,tuvw...t,False,False,False
2026-01-21T16:52:05.803130,43.561997,RX,0x123,8,75 76 77 78 00 08 AC 75,uvwx...u,False,False,False
2026-01-21T16:52:05.804860,43.563727,RX,0x123,8,76 77 78 79 00 08 AC 76,vwxy...v,False,False,False
2026-01-21T16:52:05.806264,43.565131,RX,0x123,8,77 78 79 7A 00 08 AC 77,wxyz...w,False,False,False
2026-01-21T16:52:05.807272,43.566139,RX,0x123,8,78 79 7A 7B 00 08 AC 78,xyz{...x,False,False,False
2026-01-21T16:52:05.809507,43.568374,RX,0x123,8,79 7A 7B 7C 00 08 AC 79,yz{|...y,False,False,False
2026-01-21T16:52:05.810951,43.569818,RX,0x123,8,7A 7B 7C 7D 00 08 AC 7A,z{|}...z,False,False,False
2026-01-21T16:52:05.812388,43.571255,RX,0x123,8,7B 7C 7D 7E 00 08 AC 7B,{|}~...{,False,False,False
2026-01-21T16:52:05.814181,43.573048,RX,0x123,8,7C 7D 7E 7F 00 08 AC 7C,|}~....|,False,False,False
2026-01-21T16:52:05.815612,43.574479,RX,0x123,8,7D 7E 7F 80 00 08 AC 7D,}~.....},False,False,False
2026-01-21T16:52:05.817899,43.576766,RX,0x123,8,7E 7F 80 81 00 08 AC 7E,~......~,False,False,False
2026-01-21T16:52:05.819551,43.578418,RX,0x123,8,7F 80 81 82 00 08 AC 7F,........,False,False,False
2026-01-21T16:52:05.821718,43.580585,RX,0x123,8,80 81 82 83 00 08 AC 80,........,False,False,False
2026-01-21T16:52:05.823610,43.582477,RX,0x123,8,81 82 83 84 00 08 AC 81,........,False,False,False
2026-01-21T16:52:05.825670,43.584538,RX,0x123,8,82 83 84 85 00 08 AC 82,........,False,False,False
2026-01-21T16:52:05.826682,43.585549,RX,0x123,8,83 84 85 86 00 08 AC 83,........,False,False,False
2026-01-21T16:52:05.829450,43.588317,RX,0x123,8,84 85 86 87 00 08 AC 84,........,False,False,False
2026-01-21T16:52:05.830475,43.589342,RX,0x123,8,85 86 87 88 00 08 AC 85,........,False,False,False
2026-01-21T16:52:05.833436,43.591374,RX,0x123,8,86 87 88 89 00 08 AC 86,........,False,False,False
2026-01-21T16:52:05.835222,43.594089,RX,0x123,8,87 88 89 8A 00 08 AC 87,........,False,False,False
2026-01-21T16:52:05.836741,43.595608,RX,0x123,8,88 89 8A 8B 00 08 AC 88,........,False,False,False
2026-01-21T16:52:05.838349,43.597216,RX,0x123,8,89 8A 8B 8C 00 08 AC 89,........,False,False,False
2026-01-21T16:52:05.840447,43.599314,RX,0x123,8,8A 8B 8C 8D 00 08 AC 8A,........,False,False,False
2026-01-21T16:52:05.841881,43.600748,RX,0x123,8,8B 8C 8D 8E 00 08 AC 8B,........,False,False,False
2026-01-21T16:52:05.843440,43.602307,RX,0x123,8,8C 8D 8E 8F 00 08 AC 8C,........,False,False,False
2026-01-21T16:52:05.845375,43.604242,RX,0x123,8,8D 8E 8F 90 00 08 AC 8D,........,False,False,False
2026-01-21T16:52:05.847644,43.606511,RX,0x123,8,8E 8F 90 91 00 08 AC 8E,........,False,False,False
2026-01-21T16:52:05.849239,43.608106,RX,0x123,8,8F 90 91 92 00 08 AC 8F,........,False,False,False
2026-01-21T16:52:05.851421,43.610288,RX,0x123,8,90 91 92 93 00 08 AC 90,........,False,False,False
2026-01-21T16:52:05.852792,43.611659,RX,0x123,8,91 92 93 94 00 08 AC 91,........,False,False,False
2026-01-21T16:52:05.854616,43.613483,RX,0x123,8,92 93 94 95 00 08 AC 92,........,False,False,False
2026-01-21T16:52:05.856095,43.614962,RX,0x123,8,93 94 95 96 00 08 AC 93,........,False,False,False
2026-01-21T16:52:05.857545,43.616412,RX,0x123,8,94 95 96 97 00 08 AC 94,........,False,False,False
2026-01-21T16:52:05.858915,43.617782,RX,0x123,8,95 96 97 98 00 08 AC 95,........,False,False,False
2026-01-21T16:52:05.860348,43.619215,RX,0x123,8,96 97 98 99 00 08 AC 96,........,False,False,False
2026-01-21T16:52:05.861781,43.620649,RX,0x123,8,97 98 99 9A 00 08 AC 97,........,False,False,False
2026-01-21T16:52:05.863731,43.622598,RX,0x123,8,98 99 9A 9B 00 08 AC 98,........,False,False,False
2026-01-21T16:52:05.865685,43.624552,RX,0x123,8,99 9A 9B 9C 00 08 AC 99,........,False,False,False
2026-01-21T16:52:05.867737,43.626604,RX,0x123,8,9A 9B 9C 9D 00 08 AC 9A,........,False,False,False
2026-01-21T16:52:05.869244,43.628111,RX,0x123,8,9B 9C 9D 9E 00 08 AC 9B,........,False,False,False
2026-01-21T16:52:05.870780,43.629647,RX,0x123,8,9C 9D 9E 9F 00 08 AC 9C,........,False,False,False
2026-01-21T16:52:05.872214,43.631081,RX,0x123,8,9D 9E 9F A0 00 08 AC 9D,........,False,False,False
2026-01-21T16:52:05.873884,43.632751,RX,0x123,8,9E 9F A0 A1 00 08 AC 9E,........,False,False,False
2026-01-21T16:52:05.875881,43.634748,RX,0x123,8,9F A0 A1 A2 00 08 AC 9F,........,False,False,False
2026-01-21T16:52:05.877935,43.636802,RX,0x123,8,A0 A1 A2 A3 00 08 AC A0,........,False,False,False
2026-01-21T16:52:05.879815,43.638682,RX,0x123,8,A1 A2 A3 A4 00 08 AC A1,........,False,False,False
2026-01-21T16:52:05.881487,43.640354,RX,0x123,8,A2 A3 A4 A5 00 08 AC A2,........,False,False,False
2026-01-21T16:52:05.883865,43.642732,RX,0x123,8,A3 A4 A5 A6 00 08 AC A3,........,False,False,False
2026-01-21T16:52:05.885727,43.644594,RX,0x123,8,A4 A5 A6 A7 00 08 AC A4,........,False,False,False
2026-01-21T16:52:05.888054,43.646921,RX,0x123,8,A5 A6 A7 A8 00 08 AC A5,........,False,False,False
2026-01-21T16:52:05.889792,43.648659,RX,0x123,8,A6 A7 A8 A9 00 08 AC A6,........,False,False,False
2026-01-21T16:52:05.891381,43.650248,RX,0x123,8,A7 A8 A9 AA 00 08 AC A7,........,False,False,False
2026-01-21T16:52:05.893331,43.652198,RX,0x123,8,A8 A9 AA AB 00 08 AC A8,........,False,False,False
2026-01-21T16:52:05.895448,43.654315,RX,0x123,8,A9 AA AB AC 00 08 AC A9,........,False,False,False
2026-01-21T16:52:05.897130,43.655998,RX,0x123,8,AA AB AC AD 00 08 AC AA,........,False,False,False
2026-01-21T16:52:05.898998,43.657865,RX,0x123,8,AB AC AD AE 00 08 AC AB,........,False,False,False
2026-01-21T16:52:05.901079,43.659946,RX,0x123,8,AC AD AE AF 00 08 AC AC,........,False,False,False
2026-01-21T16:52:05.902532,43.661399,RX,0x123,8,AD AE AF B0 00 08 AC AD,........,False,False,False
2026-01-21T16:52:05.904261,43.663128,RX,0x123,8,AE AF B0 B1 00 08 AC AE,........,False,False,False
2026-01-21T16:52:05.906085,43.664952,RX,0x123,8,AF B0 B1 B2 00 08 AC AF,........,False,False,False
2026-01-21T16:52:05.907547,43.666414,RX,0x123,8,B0 B1 B2 B3 00 08 AC B0,........,False,False,False
2026-01-21T16:52:05.909083,43.667950,RX,0x123,8,B1 B2 B3 B4 00 08 AC B1,........,False,False,False
2026-01-21T16:52:05.910090,43.668957,RX,0x123,8,B2 B3 B4 B5 00 08 AC B2,........,False,False,False
